id_pelanggan,usia,status_pekerjaan,pendapatan_tahunan,skor_kredit,lama_riwayat_kredit_tahun,aset_tabungan,gagal_bayar_tercatat,tunggakan_2thn_terakhir,catatan_negatif,tipe_produk,tujuan_pinjaman,suku_bunga,rasio_hutang_terhadap_pendapatan,rasio_pinjaman_terhadap_pendapatan,rasio_pembayaran_terhadap_pendapatan,status_pinjaman
CUST100000,23,Bekerja,38688,626,3.5,354,0,0,0,Pinjaman Pribadi,Pribadi,14.66,189.0,1.577,526.0,0
CUST100001,33,Bekerja,15000,674,14.6,131,0,0,0,Kartu Kredit,Pendidikan,17.32,325.0,1.28,427.0,1
CUST100002,53,Bekerja,66688,774,4.5,129,0,0,0,Pinjaman Pribadi,Pendidikan,8.63,118.0,603.0,201.0,1
CUST100003,19,Bekerja,41693,611,0.1,3,0,0,0,Kartu Kredit,Bisnis,20.76,358.0,482.0,161.0,0
CUST100004,22,Wiraswasta,70441,564,1.7,42,0,0,0,Kartu Kredit,Pendidikan,21.8,139.0,994.0,331.0,1
CUST100005,18,Bekerja,32071,628,0.0,0,0,2,0,Kartu Kredit,Medis,19.81,331.0,41.0,14.0,1
CUST100006,18,Bekerja,17026,625,1.6,24,1,2,0,Kartu Kredit,Bisnis,20.88,265.0,1.022,341.0,0
CUST100007,47,Mahasiswa,49055,546,18.8,1628,0,2,0,Pinjaman Pribadi,Pribadi,16.97,54.0,852.0,284.0,0
CUST100008,23,Bekerja,27014,627,3.7,254,0,0,0,Kartu Kredit,Medis,20.64,23.0,1.218,406.0,0
CUST100009,47,Bekerja,53158,724,8.4,3395,0,0,0,Kartu Kredit,Bisnis,16.43,103.0,613.0,204.0,1
CUST100010,38,Mahasiswa,19382,744,0.7,32,0,0,0,Pinjaman Pribadi,Pribadi,10.24,416.0,557.0,186.0,1
CUST100011,18,Bekerja,52673,670,1.2,57,0,0,0,Kredit Berjalan,Medis,10.47,121.0,0.27,0.09,1
CUST100012,44,Wiraswasta,160352,670,12.9,8317,0,0,0,Kartu Kredit,Pendidikan,17.21,378.0,126.0,42.0,1
CUST100013,46,Wiraswasta,48125,621,1.7,212,0,1,0,Kartu Kredit,Pribadi,20.93,0.62,1.367,456.0,0
CUST100014,46,Wiraswasta,33180,708,24.0,1129,0,0,0,Kartu Kredit,Renovasi Rumah,17.19,469.0,1.034,345.0,1
CUST100015,31,Wiraswasta,55001,550,5.0,1458,0,1,0,Kartu Kredit,Konsolidasi Hutang,22.61,259.0,0.48,0.16,0
CUST100016,29,Bekerja,60545,672,0.6,356,0,0,0,Pinjaman Pribadi,Pribadi,12.94,0.42,0.4,133.0,1
CUST100017,36,Mahasiswa,15443,622,4.4,1805,0,0,0,Pinjaman Pribadi,Pribadi,13.56,459.0,1.055,352.0,0
CUST100018,47,Bekerja,72768,700,21.4,1498,0,0,0,Kredit Berjalan,Bisnis,9.41,606.0,558.0,186.0,0
CUST100019,50,Wiraswasta,41034,675,11.3,480,0,0,0,Pinjaman Pribadi,Medis,12.72,462.0,207.0,69.0,0
CUST100020,21,Wiraswasta,44860,637,2.1,500,0,0,0,Kartu Kredit,Renovasi Rumah,19.83,129.0,557.0,186.0,1
CUST100021,35,Bekerja,38567,563,14.9,5242,0,1,0,Kredit Berjalan,Pribadi,13.15,148.0,213.0,71.0,1
CUST100022,20,Mahasiswa,26215,700,0.8,3992,0,0,1,Pinjaman Pribadi,Pendidikan,9.83,467.0,938.0,313.0,1
CUST100023,58,Bekerja,140625,788,26.6,62717,0,2,0,Pinjaman Pribadi,Renovasi Rumah,8.65,227.0,296.0,99.0,1
CUST100024,31,Bekerja,28660,646,0.1,4,0,0,1,Pinjaman Pribadi,Pribadi,14.17,153.0,84.0,28.0,0
CUST100025,41,Bekerja,57659,740,14.7,44911,0,1,0,Kartu Kredit,Bisnis,15.53,111.0,1.214,405.0,1
CUST100026,18,Wiraswasta,81178,573,2.0,1320,0,0,0,Pinjaman Pribadi,Pribadi,15.6,313.0,1.232,411.0,0
CUST100027,26,Bekerja,19544,547,6.7,825,0,0,0,Kartu Kredit,Pribadi,22.35,359.0,1.018,339.0,0
CUST100028,38,Bekerja,53358,622,11.7,306,0,0,0,Kartu Kredit,Renovasi Rumah,20.43,0.43,937.0,312.0,1
CUST100029,43,Bekerja,119319,644,3.9,2843,0,0,1,Kredit Berjalan,Pribadi,12.99,313.0,207.0,69.0,1
CUST100030,34,Bekerja,69686,772,8.8,429,0,0,0,Pinjaman Pribadi,Konsolidasi Hutang,8.74,266.0,877.0,292.0,1
CUST100031,24,Bekerja,32410,550,0.2,4,0,1,0,Kartu Kredit,Pribadi,22.35,314.0,333.0,111.0,0
CUST100032,48,Bekerja,75096,723,13.8,6036,0,0,0,Pinjaman Pribadi,Pendidikan,10.53,0.09,1.332,444.0,1
CUST100033,29,Bekerja,109396,585,3.1,1818,0,4,0,Kartu Kredit,Pribadi,21.92,422.0,305.0,102.0,0
CUST100034,18,Wiraswasta,151266,580,0.2,34,1,0,0,Pinjaman Pribadi,Konsolidasi Hutang,16.15,0.31,661.0,0.22,0
CUST100035,52,Bekerja,75571,738,14.4,2895,0,0,0,Kartu Kredit,Pendidikan,16.54,193.0,775.0,258.0,1
CUST100036,40,Bekerja,25890,732,18.1,1858,0,0,0,Pinjaman Pribadi,Renovasi Rumah,10.3,347.0,954.0,318.0,1
CUST100037,37,Bekerja,72509,550,10.0,5955,0,0,0,Kartu Kredit,Bisnis,22.41,619.0,237.0,79.0,0
CUST100038,54,Bekerja,53789,657,26.2,95872,0,0,0,Kartu Kredit,Pendidikan,17.28,473.0,952.0,317.0,1
CUST100039,23,Bekerja,28097,647,3.3,793,0,0,0,Kartu Kredit,Pribadi,20.05,258.0,114.0,38.0,1
CUST100040,27,Bekerja,44882,551,5.7,3347,0,0,1,Pinjaman Pribadi,Bisnis,15.57,176.0,1.027,342.0,0
CUST100041,38,Mahasiswa,17861,576,0.8,628,0,0,1,Kredit Berjalan,Pribadi,13.9,478.0,386.0,129.0,0
CUST100042,25,Bekerja,21757,563,2.6,81,0,0,0,Kartu Kredit,Pribadi,21.34,53.0,1.269,423.0,0
CUST100043,34,Wiraswasta,38729,743,1.4,39,0,0,0,Kartu Kredit,Konsolidasi Hutang,16.38,224.0,1.201,0.4,1
CUST100044,25,Bekerja,41831,598,6.3,532,0,1,0,Kartu Kredit,Renovasi Rumah,21.94,145.0,134.0,45.0,1
CUST100045,26,Wiraswasta,44211,565,0.0,0,1,2,0,Kartu Kredit,Pribadi,22.58,42.0,294.0,98.0,0
CUST100046,18,Bekerja,19030,614,1.8,89,0,2,0,Kartu Kredit,Renovasi Rumah,19.48,362.0,725.0,242.0,0
CUST100047,30,Bekerja,82341,720,6.0,591,0,1,0,Pinjaman Pribadi,Renovasi Rumah,10.6,316.0,629.0,0.21,1
CUST100048,46,Bekerja,53094,710,6.1,1926,0,0,0,Kartu Kredit,Pribadi,17.1,19.0,1.303,434.0,1
CUST100049,29,Bekerja,66193,533,3.8,47,0,0,1,Pinjaman Pribadi,Pendidikan,15.85,288.0,1.511,504.0,0
CUST100050,40,Bekerja,67727,661,7.7,2178,0,0,0,Kredit Berjalan,Bisnis,10.36,152.0,343.0,114.0,1
CUST100051,38,Bekerja,33732,748,3.1,364,0,0,0,Kartu Kredit,Medis,16.23,142.0,691.0,0.23,1
CUST100052,48,Bekerja,36361,732,13.1,3220,0,0,0,Kredit Berjalan,Pribadi,7.99,111.0,468.0,156.0,1
CUST100053,18,Bekerja,21082,616,2.0,33,0,0,0,Kredit Berjalan,Pribadi,11.44,0.56,323.0,108.0,0
CUST100054,47,Wiraswasta,30561,631,1.8,188,0,0,0,Kartu Kredit,Pendidikan,19.29,25.0,151.0,0.05,1
CUST100055,38,Bekerja,59105,690,14.4,14774,0,0,0,Kartu Kredit,Bisnis,18.16,273.0,609.0,203.0,1
CUST100056,38,Bekerja,26283,710,14.2,3968,0,0,0,Kartu Kredit,Medis,16.45,215.0,536.0,179.0,1
CUST100057,24,Bekerja,63849,728,5.5,956,0,0,0,Kredit Berjalan,Pribadi,8.2,0.17,0.28,93.0,1
CUST100058,26,Bekerja,40660,557,0.9,18,0,1,1,Kartu Kredit,Medis,21.25,443.0,848.0,283.0,0
CUST100059,28,Bekerja,18795,511,3.2,56,0,2,1,Kartu Kredit,Bisnis,21.47,662.0,181.0,0.06,0
CUST100060,18,Bekerja,21473,620,0.5,105,0,0,0,Kredit Berjalan,Renovasi Rumah,12.31,133.0,629.0,0.21,0
CUST100061,59,Bekerja,210098,814,16.2,20925,0,1,0,Kartu Kredit,Renovasi Rumah,15.08,275.0,0.01,3.0,1
CUST100062,37,Bekerja,72811,664,7.9,2146,0,0,0,Kredit Berjalan,Bisnis,10.93,399.0,0.32,107.0,1
CUST100063,36,Wiraswasta,22005,660,6.1,15311,0,0,0,Pinjaman Pribadi,Medis,11.17,0.15,1.509,503.0,1
CUST100064,41,Mahasiswa,16266,662,7.6,3718,0,0,0,Kredit Berjalan,Pendidikan,9.42,255.0,307.0,102.0,1
CUST100065,43,Bekerja,38524,604,0.5,32,1,2,0,Kartu Kredit,Renovasi Rumah,19.55,31.0,849.0,283.0,0
CUST100066,27,Mahasiswa,43897,616,2.3,344,0,3,0,Kartu Kredit,Pendidikan,19.9,0.42,0.1,33.0,0
CUST100067,19,Bekerja,15000,627,1.3,187,0,2,0,Pinjaman Pribadi,Bisnis,13.66,194.0,1.867,622.0,0
CUST100068,32,Bekerja,15000,733,4.9,400,0,0,0,Pinjaman Pribadi,Konsolidasi Hutang,11.11,204.0,353.0,118.0,1
CUST100069,41,Bekerja,49325,572,1.2,3725,0,1,0,Kredit Berjalan,Konsolidasi Hutang,13.55,206.0,266.0,89.0,0
CUST100070,24,Wiraswasta,55843,701,3.9,748,0,0,1,Kartu Kredit,Pribadi,15.68,0.27,761.0,254.0,1
CUST100071,28,Bekerja,87137,614,9.2,2348,0,0,0,Kredit Berjalan,Pendidikan,12.39,359.0,0.15,0.05,1
CUST100072,23,Bekerja,127365,637,4.2,13018,0,2,0,Kartu Kredit,Medis,19.28,152.0,0.55,183.0,0
CUST100073,40,Bekerja,67227,651,18.3,12646,0,0,0,Kartu Kredit,Medis,18.73,396.0,0.51,0.17,1
CUST100074,41,Bekerja,32812,588,17.7,8833,0,0,0,Pinjaman Pribadi,Medis,15.28,524.0,329.0,0.11,0
CUST100075,38,Bekerja,24251,635,0.3,42,0,1,0,Pinjaman Pribadi,Renovasi Rumah,14.89,288.0,239.0,0.08,1
CUST100076,24,Bekerja,21554,557,1.4,62,1,1,1,Kredit Berjalan,Pribadi,14.16,188.0,659.0,0.22,0
CUST100077,18,Wiraswasta,32251,544,1.3,137,0,1,0,Pinjaman Pribadi,Pribadi,16.91,255.0,363.0,121.0,0
CUST100078,18,Wiraswasta,61184,621,0.3,457,0,0,0,Pinjaman Pribadi,Renovasi Rumah,13.97,676.0,1.383,461.0,0
CUST100079,34,Bekerja,29883,599,11.8,1130,1,0,0,Pinjaman Pribadi,Bisnis,15.29,199.0,1.345,448.0,0
CUST100080,22,Wiraswasta,98847,631,0.8,1398,0,0,0,Kartu Kredit,Konsolidasi Hutang,20.0,161.0,0.47,157.0,1
CUST100081,40,Wiraswasta,117261,689,4.5,516,0,0,0,Kredit Berjalan,Konsolidasi Hutang,9.24,0.32,154.0,51.0,1
CUST100082,19,Wiraswasta,27258,557,0.0,0,1,0,0,Kartu Kredit,Pendidikan,21.53,503.0,1.163,388.0,0
CUST100083,37,Bekerja,89020,620,13.0,1729,0,0,0,Kredit Berjalan,Bisnis,12.27,311.0,393.0,131.0,1
CUST100084,53,Wiraswasta,137442,725,27.8,7861,0,0,0,Pinjaman Pribadi,Bisnis,9.71,0.45,714.0,238.0,1
CUST100085,55,Bekerja,37299,706,27.2,269,0,2,0,Kartu Kredit,Medis,17.03,231.0,523.0,174.0,1
CUST100086,40,Bekerja,73673,653,7.3,423,0,0,0,Pinjaman Pribadi,Medis,12.75,161.0,1.238,413.0,0
CUST100087,38,Bekerja,71528,626,12.7,3141,0,0,0,Kartu Kredit,Pendidikan,19.46,186.0,979.0,326.0,1
CUST100088,18,Mahasiswa,28728,608,1.1,11,0,0,0,Pinjaman Pribadi,Medis,14.61,132.0,637.0,212.0,1
CUST100089,18,Bekerja,22252,659,1.0,36,0,0,0,Pinjaman Pribadi,Renovasi Rumah,12.53,171.0,1.685,562.0,0
CUST100090,25,Bekerja,52206,566,4.6,677,0,0,0,Kartu Kredit,Pribadi,21.07,185.0,1.149,383.0,0
CUST100091,22,Wiraswasta,58953,675,3.2,605,0,1,0,Kartu Kredit,Bisnis,17.89,475.0,1.125,375.0,0
CUST100092,34,Bekerja,15000,684,5.6,43,0,0,0,Pinjaman Pribadi,Bisnis,11.96,202.0,1.533,511.0,1
CUST100093,34,Bekerja,32709,725,2.6,170,0,0,0,Kredit Berjalan,Bisnis,7.75,0.09,229.0,76.0,1
CUST100094,18,Wiraswasta,119678,619,1.4,66,0,2,0,Kartu Kredit,Bisnis,19.06,41.0,585.0,195.0,0
CUST100095,36,Wiraswasta,55988,735,4.0,1739,0,0,0,Kredit Berjalan,Pendidikan,8.4,79.0,195.0,65.0,1
CUST100096,18,Bekerja,25487,549,0.3,104,0,1,0,Pinjaman Pribadi,Bisnis,16.64,353.0,1.738,579.0,0
CUST100097,36,Bekerja,70650,831,2.7,95,0,0,0,Kartu Kredit,Bisnis,14.75,232.0,991.0,0.33,1
CUST100098,20,Bekerja,15000,536,0.4,186,0,1,1,Kredit Berjalan,Medis,13.18,441.0,507.0,169.0,0
CUST100099,24,Bekerja,40890,744,3.6,24,0,0,0,Kredit Berjalan,Medis,7.82,25.0,567.0,189.0,1
CUST100100,48,Bekerja,61612,727,6.9,655,0,0,0,Pinjaman Pribadi,Konsolidasi Hutang,9.5,217.0,1.412,471.0,1
CUST100101,48,Bekerja,31600,651,29.7,20157,0,1,0,Kartu Kredit,Bisnis,17.09,347.0,867.0,289.0,1
CUST100102,46,Bekerja,36186,825,19.6,17474,0,0,0,Kartu Kredit,Pendidikan,15.59,155.0,1.324,441.0,1
CUST100103,26,Bekerja,40245,618,2.2,2556,0,2,0,Pinjaman Pribadi,Bisnis,13.98,148.0,919.0,306.0,0
CUST100104,27,Mahasiswa,15000,700,5.4,1291,0,0,0,Kredit Berjalan,Medis,8.06,405.0,0.4,133.0,1
CUST100105,32,Bekerja,39372,689,8.9,896,0,0,0,Kredit Berjalan,Bisnis,10.35,366.0,622.0,207.0,1
CUST100106,32,Bekerja,88384,742,7.3,4851,0,0,0,Kartu Kredit,Medis,16.26,436.0,792.0,264.0,1
CUST100107,29,Wiraswasta,56414,609,2.7,2775,0,1,1,Pinjaman Pribadi,Pendidikan,14.11,26.0,1.436,479.0,0
CUST100108,37,Mahasiswa,15000,666,6.3,597,0,0,1,Pinjaman Pribadi,Konsolidasi Hutang,12.55,133.0,907.0,302.0,0
CUST100109,32,Bekerja,25857,674,4.1,395,0,0,0,Kartu Kredit,Pribadi,18.98,314.0,955.0,318.0,1
CUST100110,44,Bekerja,48695,780,2.3,189,0,0,0,Kartu Kredit,Pendidikan,15.3,85.0,1.396,465.0,1
CUST100111,38,Wiraswasta,64588,688,4.4,1589,0,0,0,Kartu Kredit,Pribadi,18.84,199.0,769.0,256.0,1
CUST100112,24,Bekerja,46706,708,4.0,1258,0,0,0,Kartu Kredit,Pribadi,17.14,108.0,1.145,382.0,1
CUST100113,27,Bekerja,63305,643,8.5,211,0,0,0,Kartu Kredit,Pendidikan,20.15,0.13,387.0,129.0,1
CUST100114,37,Bekerja,67703,469,3.7,738,1,4,0,Kredit Berjalan,Konsolidasi Hutang,14.42,213.0,687.0,229.0,0
CUST100115,19,Bekerja,21468,649,1.2,69,0,0,0,Kartu Kredit,Pribadi,19.77,238.0,643.0,214.0,1
CUST100116,56,Bekerja,78393,710,14.5,557,0,0,0,Kredit Berjalan,Renovasi Rumah,7.66,171.0,316.0,105.0,1
CUST100117,25,Bekerja,70011,588,2.8,237,0,0,0,Pinjaman Pribadi,Pribadi,16.51,0.61,1.337,446.0,0
CUST100118,39,Bekerja,29805,669,7.4,7,0,0,0,Kartu Kredit,Medis,18.64,102.0,1.285,428.0,1
CUST100119,35,Wiraswasta,117529,736,12.3,4868,0,0,0,Kartu Kredit,Konsolidasi Hutang,16.64,78.0,596.0,199.0,1
CUST100120,46,Wiraswasta,67332,582,1.9,41,0,0,1,Pinjaman Pribadi,Pribadi,15.05,69.0,1.485,495.0,0
CUST100121,70,Bekerja,79902,720,17.0,472,1,1,0,Pinjaman Pribadi,Pendidikan,11.01,247.0,1.252,417.0,0
CUST100122,27,Bekerja,47095,741,0.4,76,0,0,1,Pinjaman Pribadi,Medis,10.75,414.0,1.55,517.0,0
CUST100123,35,Bekerja,61417,725,3.6,1300,0,0,0,Kartu Kredit,Medis,16.53,0.8,164.0,55.0,0
CUST100124,32,Bekerja,15000,696,8.4,129,0,0,0,Pinjaman Pribadi,Renovasi Rumah,11.56,381.0,133.0,44.0,1
CUST100125,27,Wiraswasta,70734,666,4.3,160,0,1,0,Kartu Kredit,Medis,17.85,0.2,871.0,0.29,1
CUST100126,24,Bekerja,19409,615,4.8,97,0,0,0,Kredit Berjalan,Pribadi,11.34,387.0,572.0,191.0,1
CUST100127,36,Bekerja,28894,580,14.5,212,0,1,0,Kartu Kredit,Renovasi Rumah,22.29,133.0,713.0,238.0,1
CUST100128,46,Bekerja,59035,652,13.9,511,0,1,0,Pinjaman Pribadi,Renovasi Rumah,11.3,253.0,1.694,565.0,1
CUST100129,48,Bekerja,78992,552,4.9,139,0,1,0,Kartu Kredit,Pendidikan,21.57,41.0,686.0,229.0,0
CUST100130,60,Bekerja,41876,850,6.4,952,0,1,0,Pinjaman Pribadi,Konsolidasi Hutang,9.71,267.0,482.0,161.0,1
CUST100131,34,Bekerja,55363,626,9.3,207,0,0,0,Pinjaman Pribadi,Pribadi,14.84,182.0,426.0,142.0,1
CUST100132,18,Wiraswasta,36022,581,1.8,199,0,3,0,Kredit Berjalan,Pribadi,14.09,158.0,328.0,109.0,0
CUST100133,48,Bekerja,39222,745,3.8,1351,0,0,1,Kartu Kredit,Pribadi,15.72,336.0,186.0,62.0,1
CUST100134,32,Wiraswasta,25174,740,0.7,19,0,0,0,Pinjaman Pribadi,Pribadi,10.41,468.0,1.148,383.0,1
CUST100135,42,Bekerja,21775,740,12.6,84,0,0,0,Pinjaman Pribadi,Medis,10.68,51.0,1.061,354.0,1
CUST100136,32,Bekerja,66809,717,0.1,169,0,0,0,Pinjaman Pribadi,Pribadi,10.16,95.0,1.497,499.0,1
CUST100137,18,Wiraswasta,40396,672,0.0,0,0,0,0,Kartu Kredit,Pendidikan,17.51,398.0,926.0,309.0,1
CUST100138,46,Bekerja,70517,658,5.1,65,0,1,1,Kartu Kredit,Pribadi,17.72,368.0,993.0,331.0,1
CUST100139,43,Bekerja,53509,579,21.2,55758,0,2,0,Kartu Kredit,Pribadi,21.16,449.0,551.0,184.0,0
CUST100140,32,Bekerja,17371,682,9.0,618,0,0,0,Pinjaman Pribadi,Pendidikan,11.53,311.0,1.583,528.0,1
CUST100141,37,Bekerja,31643,821,18.7,10754,0,1,0,Kredit Berjalan,Bisnis,7.88,126.0,563.0,188.0,1
CUST100142,41,Mahasiswa,37754,671,7.3,22936,0,0,0,Kartu Kredit,Konsolidasi Hutang,18.7,7.0,101.0,34.0,1
CUST100143,18,Bekerja,18047,569,1.4,87,0,0,1,Kartu Kredit,Medis,21.47,415.0,166.0,55.0,0
CUST100144,46,Bekerja,61172,648,17.3,932,0,0,0,Pinjaman Pribadi,Pribadi,14.98,59.0,1.032,344.0,1
CUST100145,26,Bekerja,32474,640,2.8,241,0,0,0,Pinjaman Pribadi,Pribadi,14.97,467.0,1.721,574.0,0
CUST100146,37,Bekerja,24314,721,10.6,558,0,1,0,Kartu Kredit,Pribadi,15.72,539.0,1.349,0.45,1
CUST100147,25,Wiraswasta,58278,661,5.5,366,0,0,0,Kredit Berjalan,Pendidikan,10.61,153.0,434.0,145.0,1
CUST100148,31,Bekerja,44143,632,9.2,232,0,0,0,Pinjaman Pribadi,Bisnis,13.71,249.0,793.0,264.0,0
CUST100149,25,Wiraswasta,141035,657,0.7,82,0,0,1,Kartu Kredit,Pribadi,18.01,0.29,496.0,165.0,1
CUST100150,27,Mahasiswa,33943,553,7.0,4,0,2,1,Pinjaman Pribadi,Pendidikan,15.42,12.0,1.402,467.0,0
CUST100151,44,Wiraswasta,55016,727,10.5,898,0,0,0,Pinjaman Pribadi,Renovasi Rumah,10.2,218.0,1.709,0.57,1
CUST100152,39,Bekerja,65382,712,15.7,4204,0,3,0,Pinjaman Pribadi,Pribadi,10.3,285.0,0.31,103.0,0
CUST100153,24,Bekerja,35947,638,1.6,90,0,0,0,Kartu Kredit,Bisnis,20.48,149.0,103.0,34.0,1
CUST100154,19,Bekerja,30857,578,1.6,85,1,0,0,Kredit Berjalan,Medis,13.63,113.0,402.0,134.0,0
CUST100155,29,Bekerja,60872,685,2.4,148,0,0,0,Kredit Berjalan,Medis,10.06,99.0,281.0,94.0,1
CUST100156,24,Bekerja,17550,537,3.4,442,0,0,0,Kartu Kredit,Medis,21.06,276.0,319.0,106.0,1
CUST100157,30,Bekerja,32204,672,2.4,871,0,0,1,Kartu Kredit,Bisnis,18.87,117.0,727.0,242.0,1
CUST100158,64,Bekerja,72467,740,12.9,1338,0,0,0,Kartu Kredit,Medis,17.12,222.0,598.0,199.0,1
CUST100159,28,Mahasiswa,15000,568,3.1,59,0,0,0,Kartu Kredit,Renovasi Rumah,21.12,134.0,0.1,33.0,1
CUST100160,26,Wiraswasta,23226,690,0.2,35,0,0,0,Kartu Kredit,Pribadi,18.01,313.0,189.0,63.0,1
CUST100161,38,Bekerja,45886,674,4.9,241,0,0,0,Kartu Kredit,Bisnis,18.38,137.0,1.144,381.0,1
CUST100162,41,Bekerja,39108,703,14.7,1041,0,0,0,Kredit Berjalan,Renovasi Rumah,9.18,106.0,672.0,224.0,1
CUST100163,29,Bekerja,63015,739,1.6,30,0,2,0,Kartu Kredit,Pendidikan,15.81,283.0,0.9,0.3,1
CUST100164,40,Wiraswasta,32197,597,15.5,1370,0,1,0,Pinjaman Pribadi,Bisnis,16.71,54.0,957.0,319.0,0
CUST100165,38,Bekerja,48370,635,15.8,5658,0,1,0,Kredit Berjalan,Medis,11.69,211.0,376.0,125.0,1
CUST100166,30,Wiraswasta,44037,772,9.4,1491,0,0,0,Kartu Kredit,Bisnis,14.06,0.21,336.0,112.0,1
CUST100167,26,Bekerja,66750,643,7.2,1486,0,1,0,Kartu Kredit,Renovasi Rumah,20.11,0.25,1.02,0.34,0
CUST100168,41,Bekerja,44836,650,18.8,715,0,1,0,Kartu Kredit,Medis,18.25,275.0,71.0,24.0,1
CUST100169,29,Bekerja,41091,656,2.0,163,0,0,0,Kartu Kredit,Pribadi,17.08,602.0,562.0,187.0,0
CUST100170,35,Bekerja,26428,644,9.6,311,0,1,0,Pinjaman Pribadi,Medis,13.17,159.0,1.408,469.0,1
CUST100171,38,Bekerja,68312,731,6.1,373,0,1,0,Kartu Kredit,Pribadi,15.52,119.0,1.025,342.0,1
CUST100172,31,Bekerja,78152,598,4.2,109,1,0,1,Kredit Berjalan,Pribadi,13.1,29.0,0.64,213.0,0
CUST100173,33,Wiraswasta,77345,597,1.0,274,0,0,0,Pinjaman Pribadi,Konsolidasi Hutang,16.5,438.0,451.0,0.15,0
CUST100174,52,Bekerja,66477,645,27.4,6817,0,0,0,Pinjaman Pribadi,Konsolidasi Hutang,13.49,657.0,59.0,0.02,0
CUST100175,43,Wiraswasta,41938,689,18.2,317,0,0,0,Kartu Kredit,Medis,18.3,631.0,1.288,429.0,0
CUST100176,30,Mahasiswa,15000,660,11.6,163,0,1,0,Kredit Berjalan,Bisnis,10.14,278.0,333.0,111.0,1
CUST100177,41,Wiraswasta,23250,575,15.5,593,0,0,0,Pinjaman Pribadi,Bisnis,16.09,432.0,1.677,559.0,0
CUST100178,23,Bekerja,29675,571,5.0,301,0,0,0,Pinjaman Pribadi,Pribadi,16.05,329.0,708.0,236.0,0
CUST100179,30,Bekerja,39076,673,3.1,14,0,0,1,Kredit Berjalan,Medis,10.44,405.0,276.0,92.0,0
CUST100180,55,Wiraswasta,150793,601,17.4,70744,0,1,0,Kartu Kredit,Bisnis,20.45,116.0,464.0,155.0,1
CUST100181,18,Bekerja,16405,610,0.7,15,0,1,0,Kartu Kredit,Pendidikan,19.07,277.0,494.0,165.0,1
CUST100182,32,Bekerja,44401,633,4.4,128,0,0,0,Pinjaman Pribadi,Konsolidasi Hutang,13.89,259.0,1.41,0.47,0
CUST100183,24,Wiraswasta,149698,747,1.1,1749,0,0,0,Kartu Kredit,Renovasi Rumah,17.04,142.0,385.0,128.0,1
CUST100184,49,Bekerja,45788,758,27.4,2197,0,0,0,Kredit Berjalan,Medis,7.36,104.0,284.0,95.0,1
CUST100185,23,Bekerja,22710,719,4.4,207,0,0,0,Kredit Berjalan,Bisnis,7.9,67.0,881.0,294.0,1
CUST100186,51,Bekerja,149279,626,21.4,15162,0,0,0,Pinjaman Pribadi,Pribadi,13.14,297.0,15.0,5.0,1
CUST100187,59,Bekerja,170482,613,27.1,13653,0,1,0,Pinjaman Pribadi,Bisnis,14.75,288.0,416.0,139.0,1
CUST100188,47,Bekerja,63716,685,5.7,1326,0,0,0,Kartu Kredit,Renovasi Rumah,17.23,125.0,0.46,153.0,1
CUST100189,25,Bekerja,28933,559,3.3,8453,0,0,0,Kredit Berjalan,Pendidikan,14.76,295.0,301.0,0.1,1
CUST100190,42,Bekerja,28833,607,17.4,460,0,1,0,Kredit Berjalan,Pribadi,12.57,326.0,402.0,134.0,1
CUST100191,48,Bekerja,114051,719,3.8,500,0,0,1,Kartu Kredit,Pendidikan,15.8,0.18,25.0,8.0,1
CUST100192,20,Bekerja,23153,638,1.8,289,0,2,0,Kartu Kredit,Pribadi,20.29,216.0,0.6,0.2,0
CUST100193,18,Bekerja,16960,702,0.4,318,0,2,0,Pinjaman Pribadi,Bisnis,11.39,213.0,513.0,171.0,0
CUST100194,35,Bekerja,34189,694,8.3,25,0,0,0,Kredit Berjalan,Pribadi,10.43,117.0,345.0,115.0,1
CUST100195,18,Bekerja,15000,498,1.0,18,0,0,1,Pinjaman Pribadi,Konsolidasi Hutang,15.37,388.0,0.98,327.0,0
CUST100196,33,Bekerja,17002,601,11.3,639,0,0,0,Pinjaman Pribadi,Medis,14.89,147.0,1.253,418.0,1
CUST100197,26,Bekerja,15729,596,7.5,253,0,0,0,Pinjaman Pribadi,Pendidikan,16.32,313.0,1.488,496.0,0
CUST100198,48,Bekerja,74311,758,14.5,22749,0,0,0,Pinjaman Pribadi,Bisnis,8.15,412.0,223.0,74.0,1
CUST100199,18,Mahasiswa,18035,635,2.0,406,0,0,0,Pinjaman Pribadi,Pribadi,14.46,241.0,1.02,0.34,0
CUST100200,23,Wiraswasta,73223,632,2.9,483,0,3,0,Pinjaman Pribadi,Pendidikan,13.47,555.0,0.72,0.24,0
CUST100201,18,Mahasiswa,49244,527,1.9,184,1,1,0,Kredit Berjalan,Renovasi Rumah,13.31,179.0,278.0,93.0,0
CUST100202,38,Mahasiswa,15000,648,10.1,52,0,1,0,Pinjaman Pribadi,Pendidikan,14.33,496.0,1.727,576.0,0
CUST100203,43,Mahasiswa,30293,593,11.5,7923,1,2,0,Kartu Kredit,Bisnis,21.58,198.0,99.0,33.0,0
CUST100204,31,Bekerja,48528,593,7.8,496,0,0,0,Pinjaman Pribadi,Bisnis,16.47,297.0,612.0,204.0,0
CUST100205,27,Bekerja,26845,770,1.3,239,0,0,0,Pinjaman Pribadi,Bisnis,9.08,346.0,909.0,303.0,1
CUST100206,32,Bekerja,60510,612,3.1,4890,0,0,0,Pinjaman Pribadi,Pendidikan,13.01,371.0,314.0,105.0,1
CUST100207,28,Bekerja,19247,571,2.4,83,0,2,0,Kartu Kredit,Pribadi,22.01,113.0,1.398,466.0,0
CUST100208,50,Bekerja,106055,789,3.5,9247,0,0,0,Pinjaman Pribadi,Pendidikan,9.65,256.0,435.0,145.0,1
CUST100209,38,Wiraswasta,72215,619,7.0,3346,0,3,0,Pinjaman Pribadi,Bisnis,14.61,114.0,839.0,0.28,0
CUST100210,47,Bekerja,96260,768,17.4,3294,0,1,0,Pinjaman Pribadi,Bisnis,8.09,147.0,0.77,257.0,1
CUST100211,38,Bekerja,28628,639,16.9,290,0,0,0,Kartu Kredit,Konsolidasi Hutang,19.53,51.0,206.0,69.0,1
CUST100212,18,Wiraswasta,94049,759,0.8,236,0,0,0,Pinjaman Pribadi,Pendidikan,8.67,177.0,1.063,354.0,1
CUST100213,27,Bekerja,53705,584,8.6,572,1,0,0,Kartu Kredit,Pendidikan,22.76,156.0,0.27,0.09,0
CUST100214,52,Bekerja,46892,691,24.4,4176,0,0,0,Kartu Kredit,Pribadi,17.54,512.0,529.0,176.0,0
CUST100215,31,Bekerja,65888,681,11.4,180,0,0,0,Kartu Kredit,Pendidikan,17.86,217.0,814.0,271.0,1
CUST100216,43,Wiraswasta,42403,668,6.9,784,0,0,0,Pinjaman Pribadi,Konsolidasi Hutang,11.45,328.0,1.222,407.0,0
CUST100217,45,Bekerja,54444,678,26.5,4922,0,0,0,Pinjaman Pribadi,Bisnis,11.08,186.0,604.0,201.0,1
CUST100218,41,Mahasiswa,15000,739,7.2,815,0,0,0,Kartu Kredit,Pribadi,15.87,133.0,0.1,33.0,1
CUST100219,61,Bekerja,39351,759,9.4,494,0,0,0,Kartu Kredit,Pendidikan,14.01,218.0,516.0,172.0,1
CUST100220,36,Bekerja,56761,613,6.6,652,0,0,0,Pinjaman Pribadi,Konsolidasi Hutang,14.19,164.0,456.0,152.0,1
CUST100221,18,Bekerja,15000,481,0.2,4,0,1,0,Kartu Kredit,Renovasi Rumah,21.97,318.0,1.207,402.0,0
CUST100222,22,Bekerja,38137,557,0.5,31,1,2,0,Kartu Kredit,Renovasi Rumah,21.38,188.0,1.046,349.0,0
CUST100223,18,Bekerja,64332,648,1.5,260,0,1,0,Kartu Kredit,Renovasi Rumah,20.45,0.02,713.0,238.0,0
CUST100224,45,Mahasiswa,54545,733,10.4,16966,0,0,0,Kredit Berjalan,Renovasi Rumah,9.35,384.0,0.35,117.0,1
CUST100225,41,Bekerja,58554,640,4.6,888,0,0,0,Kredit Berjalan,Bisnis,11.59,184.0,316.0,105.0,1
CUST100226,41,Bekerja,79532,641,11.7,4945,0,0,0,Kartu Kredit,Renovasi Rumah,20.6,0.19,855.0,285.0,1
CUST100227,43,Bekerja,60693,695,19.3,13872,0,0,0,Kartu Kredit,Pribadi,18.03,298.0,0.46,153.0,1
CUST100228,21,Bekerja,35312,697,1.9,7107,0,0,0,Kredit Berjalan,Renovasi Rumah,9.89,79.0,637.0,212.0,1
CUST100229,18,Bekerja,48814,675,0.8,2367,0,0,0,Kartu Kredit,Renovasi Rumah,18.92,193.0,0.58,193.0,1
CUST100230,32,Wiraswasta,50995,653,1.9,4015,0,0,0,Kartu Kredit,Pribadi,17.75,434.0,196.0,65.0,1
CUST100231,45,Mahasiswa,17900,707,13.1,1081,0,0,0,Kredit Berjalan,Medis,9.06,343.0,559.0,186.0,1
CUST100232,27,Bekerja,42880,656,4.6,545,0,1,0,Kredit Berjalan,Konsolidasi Hutang,10.59,0.41,476.0,159.0,0
CUST100233,41,Bekerja,41517,606,1.7,214,0,0,0,Kartu Kredit,Pendidikan,20.89,348.0,87.0,29.0,1
CUST100234,40,Bekerja,71007,663,3.9,1156,0,0,0,Pinjaman Pribadi,Renovasi Rumah,11.64,296.0,845.0,282.0,0
CUST100235,18,Bekerja,20493,655,1.6,21,0,2,1,Pinjaman Pribadi,Pribadi,11.1,209.0,1.142,381.0,0
CUST100236,57,Wiraswasta,47115,642,25.2,25584,0,0,0,Kartu Kredit,Renovasi Rumah,20.71,536.0,1.133,378.0,0
CUST100237,41,Mahasiswa,25821,643,22.1,3333,0,2,0,Kredit Berjalan,Pendidikan,11.03,19.0,585.0,195.0,1
CUST100238,37,Mahasiswa,40246,559,7.7,145,0,2,0,Pinjaman Pribadi,Bisnis,16.17,735.0,1.901,634.0,0
CUST100239,43,Bekerja,30814,625,19.9,1014,0,0,0,Pinjaman Pribadi,Pribadi,13.72,351.0,1.554,518.0,1
CUST100240,51,Bekerja,41859,714,21.3,1057,0,0,0,Pinjaman Pribadi,Medis,9.85,109.0,368.0,123.0,1
CUST100241,46,Bekerja,59331,766,27.1,1582,0,0,0,Kartu Kredit,Renovasi Rumah,14.28,352.0,875.0,292.0,1
CUST100242,26,Bekerja,25541,569,2.7,367,0,0,0,Kartu Kredit,Pribadi,22.33,409.0,576.0,192.0,0
CUST100243,40,Bekerja,57811,730,20.1,1081,0,0,0,Kredit Berjalan,Pendidikan,8.7,0.2,763.0,254.0,1
CUST100244,37,Bekerja,97019,704,18.1,57244,0,0,0,Kartu Kredit,Medis,16.6,464.0,464.0,155.0,1
CUST100245,40,Wiraswasta,59192,678,10.5,1562,0,0,0,Kredit Berjalan,Pribadi,10.35,311.0,544.0,181.0,1
CUST100246,37,Bekerja,47231,638,10.1,438,0,1,0,Pinjaman Pribadi,Pendidikan,14.37,95.0,965.0,322.0,1
CUST100247,39,Wiraswasta,51247,668,20.3,42863,0,0,0,Kartu Kredit,Pribadi,17.2,181.0,64.0,21.0,1
CUST100248,40,Bekerja,23087,727,18.9,2144,0,0,0,Pinjaman Pribadi,Pribadi,10.52,315.0,208.0,69.0,1
CUST100249,37,Bekerja,70603,705,18.5,463,0,0,0,Kartu Kredit,Medis,16.27,331.0,991.0,0.33,1
CUST100250,44,Bekerja,38758,726,12.3,204,0,0,1,Pinjaman Pribadi,Konsolidasi Hutang,10.65,279.0,258.0,86.0,1
CUST100251,33,Bekerja,49253,742,2.5,300,0,0,0,Pinjaman Pribadi,Medis,9.57,37.0,0.3,0.1,1
CUST100252,48,Bekerja,25041,690,9.5,544,0,0,0,Kartu Kredit,Renovasi Rumah,17.24,179.0,559.0,186.0,1
CUST100253,18,Bekerja,28215,653,0.9,232,0,0,0,Kartu Kredit,Pribadi,17.35,24.0,468.0,156.0,1
CUST100254,38,Bekerja,35038,777,8.0,690,0,0,0,Kredit Berjalan,Pribadi,6.17,217.0,294.0,98.0,1
CUST100255,38,Bekerja,35484,738,3.4,846,0,0,0,Kartu Kredit,Pendidikan,16.79,275.0,1.102,367.0,1
CUST100256,33,Bekerja,29411,574,1.1,242,0,0,0,Kartu Kredit,Pribadi,21.94,122.0,568.0,189.0,0
CUST100257,30,Wiraswasta,36304,643,3.9,3682,0,1,0,Kartu Kredit,Bisnis,19.38,267.0,1.231,0.41,0
CUST100258,29,Wiraswasta,80053,709,5.9,272,0,0,0,Pinjaman Pribadi,Renovasi Rumah,11.32,322.0,1.249,416.0,1
CUST100259,18,Bekerja,27474,646,1.8,66,0,1,0,Pinjaman Pribadi,Bisnis,13.21,178.0,1.259,0.42,0
CUST100260,48,Bekerja,73985,593,5.4,263,0,0,0,Kartu Kredit,Medis,21.37,254.0,946.0,315.0,0
CUST100261,37,Bekerja,15253,708,4.1,723,0,0,0,Pinjaman Pribadi,Pendidikan,11.13,268.0,1.036,345.0,1
CUST100262,28,Bekerja,38569,644,6.9,30,0,2,0,Kartu Kredit,Pendidikan,20.9,82.0,508.0,169.0,1
CUST100263,20,Bekerja,16383,653,0.3,6,0,0,0,Pinjaman Pribadi,Renovasi Rumah,11.26,603.0,1.367,456.0,0
CUST100264,62,Wiraswasta,30399,631,28.5,9982,0,1,0,Pinjaman Pribadi,Pribadi,13.55,221.0,1.464,488.0,1
CUST100265,34,Bekerja,43418,683,13.8,4216,0,0,0,Pinjaman Pribadi,Bisnis,12.88,167.0,55.0,18.0,1
CUST100266,46,Wiraswasta,39792,605,10.1,441,0,0,0,Kartu Kredit,Medis,19.86,217.0,216.0,72.0,1
CUST100267,43,Bekerja,59301,809,15.2,5375,0,0,0,Kartu Kredit,Pendidikan,14.91,0.06,159.0,53.0,1
CUST100268,27,Bekerja,36616,657,6.2,744,0,0,0,Kartu Kredit,Pendidikan,17.43,72.0,1.344,448.0,1
CUST100269,34,Wiraswasta,18348,588,2.8,3,1,1,0,Pinjaman Pribadi,Medis,15.75,218.0,55.0,18.0,0
CUST100270,48,Bekerja,96255,641,13.2,5368,0,1,1,Pinjaman Pribadi,Renovasi Rumah,14.72,18.0,247.0,82.0,1
CUST100271,46,Mahasiswa,22290,679,25.4,142,0,0,0,Pinjaman Pribadi,Medis,12.37,0.8,991.0,0.33,0
CUST100272,26,Bekerja,57368,576,1.6,1279,0,1,0,Kartu Kredit,Renovasi Rumah,22.87,344.0,1.22,407.0,0
CUST100273,18,Bekerja,23771,735,1.4,68,0,1,0,Pinjaman Pribadi,Medis,11.38,84.0,1.245,415.0,0
CUST100274,18,Bekerja,28054,641,0.9,10,0,2,0,Kartu Kredit,Medis,19.92,551.0,1.166,389.0,0
CUST100275,23,Bekerja,20972,688,1.8,62,0,0,0,Kartu Kredit,Pribadi,17.39,129.0,119.0,0.04,1
CUST100276,48,Mahasiswa,19811,587,8.4,1576,0,1,0,Kartu Kredit,Bisnis,22.01,381.0,101.0,34.0,0
CUST100277,28,Wiraswasta,148261,545,1.3,661,0,2,1,Kartu Kredit,Medis,22.12,236.0,472.0,157.0,0
CUST100278,42,Mahasiswa,41911,779,18.9,38245,0,0,0,Kredit Berjalan,Bisnis,7.07,307.0,169.0,56.0,1
CUST100279,48,Bekerja,53108,689,17.4,778,0,3,0,Pinjaman Pribadi,Pendidikan,11.8,181.0,1.071,357.0,0
CUST100280,32,Mahasiswa,24245,595,4.2,107,0,0,0,Pinjaman Pribadi,Bisnis,16.17,302.0,429.0,143.0,0
CUST100281,19,Bekerja,28980,628,1.3,98,0,0,0,Pinjaman Pribadi,Pribadi,14.69,144.0,835.0,278.0,0
CUST100282,36,Wiraswasta,31903,626,3.7,483,0,0,0,Kredit Berjalan,Pendidikan,11.73,263.0,574.0,191.0,0
CUST100283,39,Bekerja,38975,664,6.5,882,0,1,0,Kartu Kredit,Pendidikan,18.78,0.03,808.0,269.0,1
CUST100284,27,Bekerja,25777,534,5.4,78,0,2,1,Kredit Berjalan,Pendidikan,13.95,177.0,306.0,102.0,1
CUST100285,45,Wiraswasta,98735,624,15.1,903,0,2,0,Kartu Kredit,Bisnis,19.57,119.0,709.0,236.0,1
CUST100286,26,Bekerja,69250,577,1.9,52,0,1,0,Kredit Berjalan,Bisnis,13.73,0.42,477.0,159.0,0
CUST100287,18,Bekerja,18427,523,0.8,28,0,1,1,Kartu Kredit,Medis,21.02,272.0,271.0,0.09,0
CUST100288,31,Bekerja,25578,612,12.4,1494,0,0,0,Kredit Berjalan,Bisnis,11.09,282.0,195.0,65.0,1
CUST100289,22,Bekerja,22105,685,1.2,100,0,1,0,Pinjaman Pribadi,Bisnis,12.07,132.0,995.0,332.0,0
CUST100290,40,Bekerja,51251,557,15.3,6317,1,1,0,Pinjaman Pribadi,Pendidikan,15.19,235.0,1.668,556.0,0
CUST100291,25,Bekerja,34384,574,4.8,6,0,0,0,Kartu Kredit,Medis,22.97,589.0,692.0,231.0,0
CUST100292,56,Wiraswasta,40891,702,19.7,2485,0,0,0,Pinjaman Pribadi,Renovasi Rumah,10.18,527.0,871.0,0.29,1
CUST100293,51,Bekerja,25179,691,24.7,4201,0,0,0,Pinjaman Pribadi,Bisnis,12.74,218.0,695.0,232.0,1
CUST100294,24,Bekerja,32863,493,5.8,59,0,1,0,Pinjaman Pribadi,Pribadi,16.89,624.0,1.269,423.0,0
CUST100295,42,Wiraswasta,63024,652,16.8,687,0,1,0,Kredit Berjalan,Renovasi Rumah,9.48,39.0,427.0,142.0,1
CUST100296,33,Wiraswasta,88419,580,7.9,421,1,1,0,Kartu Kredit,Pribadi,22.59,466.0,0.75,0.25,0
CUST100297,27,Wiraswasta,20564,591,1.3,50,0,0,1,Kredit Berjalan,Pribadi,14.37,599.0,939.0,313.0,0
CUST100298,32,Bekerja,17091,655,10.8,52,0,0,0,Kartu Kredit,Konsolidasi Hutang,17.64,0.33,0.24,0.08,1
CUST100299,34,Bekerja,36833,654,12.9,4941,0,1,0,Pinjaman Pribadi,Bisnis,12.26,53.0,608.0,203.0,1
CUST100300,30,Bekerja,50433,592,3.5,1638,1,1,1,Kartu Kredit,Pribadi,22.06,424.0,307.0,102.0,0
CUST100301,48,Bekerja,51765,665,12.4,5424,0,0,0,Pinjaman Pribadi,Bisnis,11.53,0.1,466.0,155.0,1
CUST100302,18,Bekerja,21965,594,1.7,68,1,0,0,Kredit Berjalan,Pendidikan,14.62,217.0,346.0,115.0,0
CUST100303,29,Bekerja,44934,614,7.0,1621,0,1,0,Kartu Kredit,Pribadi,20.0,269.0,154.0,51.0,1
CUST100304,38,Bekerja,99332,684,5.4,459,0,0,0,Kartu Kredit,Renovasi Rumah,18.75,157.0,403.0,134.0,1
CUST100305,27,Bekerja,65214,655,4.4,679,0,0,0,Kartu Kredit,Medis,18.48,525.0,1.073,358.0,0
CUST100306,24,Bekerja,16817,619,0.3,4,0,0,1,Kredit Berjalan,Pendidikan,12.46,403.0,434.0,145.0,1
CUST100307,36,Bekerja,16109,601,1.4,182,0,2,1,Kartu Kredit,Bisnis,20.96,267.0,199.0,66.0,0
CUST100308,28,Bekerja,35144,653,5.7,73,0,1,0,Kredit Berjalan,Bisnis,10.69,354.0,896.0,299.0,1
CUST100309,43,Bekerja,105767,646,9.4,5483,0,0,0,Pinjaman Pribadi,Medis,14.65,273.0,945.0,315.0,1
CUST100310,23,Bekerja,15000,641,0.7,177,0,1,0,Kartu Kredit,Pendidikan,19.19,203.0,987.0,329.0,1
CUST100311,32,Bekerja,27554,670,13.4,1997,0,0,1,Pinjaman Pribadi,Medis,11.99,73.0,0.86,287.0,1
CUST100312,18,Bekerja,15000,547,1.3,94,0,0,0,Kartu Kredit,Bisnis,22.77,407.0,0.04,13.0,0
CUST100313,31,Bekerja,54848,603,10.6,2136,0,1,0,Pinjaman Pribadi,Bisnis,13.79,269.0,1.823,608.0,0
CUST100314,62,Bekerja,49746,659,8.3,1928,0,1,1,Pinjaman Pribadi,Pribadi,11.39,164.0,78.0,26.0,1
CUST100315,35,Bekerja,83910,533,5.6,4078,0,0,0,Kartu Kredit,Renovasi Rumah,22.43,0.34,577.0,192.0,1
CUST100316,36,Bekerja,33996,672,9.9,3026,0,0,0,Kredit Berjalan,Pribadi,10.07,87.0,732.0,244.0,1
CUST100317,18,Bekerja,30703,685,1.7,201,0,0,0,Pinjaman Pribadi,Pribadi,11.36,99.0,65.0,22.0,1
CUST100318,28,Bekerja,50285,586,7.0,468,0,1,0,Pinjaman Pribadi,Renovasi Rumah,16.56,186.0,312.0,104.0,0
CUST100319,18,Bekerja,46511,611,0.9,1638,0,0,0,Pinjaman Pribadi,Konsolidasi Hutang,13.94,274.0,836.0,279.0,0
CUST100320,19,Bekerja,47240,641,0.0,0,0,3,0,Kartu Kredit,Medis,20.64,311.0,1.164,388.0,0
CUST100321,28,Bekerja,19690,657,6.8,116,0,0,0,Kredit Berjalan,Medis,10.92,556.0,741.0,247.0,0
CUST100322,37,Wiraswasta,22032,616,0.7,30,0,0,0,Kartu Kredit,Bisnis,19.96,259.0,1.225,408.0,1
CUST100323,54,Bekerja,67824,719,28.5,3396,0,3,0,Pinjaman Pribadi,Medis,11.08,47.0,665.0,222.0,0
CUST100324,40,Bekerja,40605,624,2.6,69,0,0,0,Kartu Kredit,Medis,19.27,353.0,1.066,355.0,0
CUST100325,24,Bekerja,43364,634,0.2,3,0,1,0,Pinjaman Pribadi,Pendidikan,13.45,256.0,1.54,513.0,1
CUST100326,37,Wiraswasta,50688,563,7.1,515,1,0,0,Kartu Kredit,Bisnis,21.52,433.0,886.0,295.0,0
CUST100327,35,Bekerja,25686,636,1.9,29,0,1,0,Kredit Berjalan,Pribadi,12.3,48.0,0.23,77.0,1
CUST100328,31,Bekerja,28288,609,11.1,320,0,1,0,Pinjaman Pribadi,Bisnis,13.88,134.0,1.184,395.0,1
CUST100329,26,Wiraswasta,44680,638,0.3,83,0,1,0,Kartu Kredit,Renovasi Rumah,19.63,358.0,262.0,87.0,1
CUST100330,20,Bekerja,26761,600,0.6,32,0,2,0,Pinjaman Pribadi,Pribadi,13.02,258.0,1.555,518.0,0
CUST100331,32,Bekerja,91729,641,0.2,158,0,3,0,Kartu Kredit,Pendidikan,20.11,263.0,763.0,254.0,0
CUST100332,18,Bekerja,19515,629,1.4,546,0,1,0,Pinjaman Pribadi,Pribadi,13.85,347.0,1.563,521.0,0
CUST100333,27,Bekerja,113249,682,7.3,5622,0,0,0,Pinjaman Pribadi,Konsolidasi Hutang,12.39,141.0,883.0,294.0,1
CUST100334,70,Wiraswasta,67926,587,27.5,19869,0,2,0,Pinjaman Pribadi,Pribadi,16.52,467.0,122.0,41.0,0
CUST100335,61,Bekerja,103211,662,6.1,6411,0,0,0,Pinjaman Pribadi,Renovasi Rumah,11.09,314.0,969.0,323.0,1
CUST100336,40,Bekerja,29993,474,11.1,1917,0,0,0,Kredit Berjalan,Pendidikan,14.92,658.0,417.0,139.0,0
CUST100337,52,Wiraswasta,27381,753,28.0,2351,0,2,0,Kredit Berjalan,Medis,6.02,438.0,205.0,68.0,1
CUST100338,38,Bekerja,42462,610,12.9,546,0,0,0,Kredit Berjalan,Bisnis,12.19,693.0,553.0,184.0,0
CUST100339,42,Bekerja,99898,616,17.4,4035,0,4,0,Kredit Berjalan,Bisnis,11.84,113.0,496.0,165.0,0
CUST100340,41,Mahasiswa,21654,659,15.9,970,0,0,0,Pinjaman Pribadi,Pribadi,11.78,99.0,143.0,48.0,1
CUST100341,26,Bekerja,28780,696,2.3,96,0,0,0,Pinjaman Pribadi,Medis,12.76,248.0,949.0,316.0,1
CUST100342,29,Bekerja,60827,531,6.3,1434,0,1,1,Kartu Kredit,Pendidikan,21.01,521.0,0.76,253.0,0
CUST100343,28,Bekerja,26409,618,5.1,147,0,0,0,Kartu Kredit,Bisnis,19.75,78.0,314.0,105.0,1
CUST100344,40,Bekerja,104591,759,8.7,1220,0,0,0,Kredit Berjalan,Pribadi,7.95,356.0,108.0,36.0,1
CUST100345,25,Wiraswasta,73097,584,6.4,1063,0,1,1,Pinjaman Pribadi,Pribadi,15.45,317.0,335.0,112.0,0
CUST100346,57,Bekerja,38301,807,23.0,2598,0,0,0,Pinjaman Pribadi,Renovasi Rumah,8.41,235.0,0.58,193.0,1
CUST100347,29,Bekerja,23401,598,7.3,3027,1,2,1,Kartu Kredit,Pribadi,22.08,213.0,701.0,234.0,0
CUST100348,49,Mahasiswa,15000,778,23.7,1211,0,0,0,Kredit Berjalan,Bisnis,7.18,434.0,0.52,173.0,1
CUST100349,18,Mahasiswa,22531,484,1.1,166,0,1,0,Kartu Kredit,Pendidikan,21.16,142.0,102.0,34.0,1
CUST100350,44,Bekerja,67680,742,17.7,2030,0,1,0,Pinjaman Pribadi,Pribadi,10.0,574.0,776.0,259.0,0
CUST100351,44,Bekerja,51598,623,16.3,10890,0,0,0,Kartu Kredit,Bisnis,19.42,151.0,709.0,236.0,1
CUST100352,35,Bekerja,64152,647,10.1,967,0,0,0,Kartu Kredit,Pribadi,20.75,372.0,609.0,203.0,1
CUST100353,43,Bekerja,24665,663,18.9,112,1,1,0,Kartu Kredit,Konsolidasi Hutang,17.19,156.0,932.0,311.0,0
CUST100354,41,Wiraswasta,41918,647,15.6,1280,0,1,0,Kartu Kredit,Pribadi,20.99,442.0,952.0,317.0,1
CUST100355,23,Wiraswasta,23926,536,3.5,20,1,4,0,Kartu Kredit,Medis,22.9,171.0,159.0,53.0,0
CUST100356,26,Bekerja,25713,684,7.9,137,0,0,0,Kartu Kredit,Renovasi Rumah,18.2,133.0,844.0,281.0,1
CUST100357,31,Bekerja,46273,610,1.5,207,0,1,0,Kartu Kredit,Bisnis,20.98,333.0,1.035,345.0,0
CUST100358,20,Bekerja,30001,421,1.4,68,0,1,0,Kredit Berjalan,Pribadi,14.24,309.0,327.0,109.0,0
CUST100359,53,Bekerja,54353,664,15.7,867,0,0,0,Kartu Kredit,Pendidikan,18.8,0.13,1.288,429.0,1
CUST100360,31,Bekerja,26570,667,11.4,635,0,1,1,Pinjaman Pribadi,Bisnis,12.55,289.0,335.0,112.0,1
CUST100361,35,Bekerja,34284,541,8.4,137,0,0,0,Pinjaman Pribadi,Renovasi Rumah,15.41,536.0,0.86,287.0,0
CUST100362,27,Bekerja,22247,619,3.6,151,0,1,0,Pinjaman Pribadi,Renovasi Rumah,13.92,127.0,512.0,171.0,0
CUST100363,33,Bekerja,35700,575,4.4,302,0,2,0,Kartu Kredit,Bisnis,21.56,338.0,1.297,432.0,0
CUST100364,24,Wiraswasta,223901,560,0.1,122,0,1,0,Pinjaman Pribadi,Konsolidasi Hutang,16.54,79.0,319.0,106.0,0
CUST100365,28,Bekerja,25036,590,1.8,71,0,0,0,Kartu Kredit,Pribadi,21.4,392.0,531.0,177.0,0
CUST100366,22,Bekerja,42483,578,1.5,56,0,0,1,Pinjaman Pribadi,Pribadi,15.18,326.0,1.502,501.0,0
CUST100367,20,Wiraswasta,106392,708,1.2,22,0,1,0,Pinjaman Pribadi,Medis,10.6,471.0,0.94,313.0,0
CUST100368,41,Bekerja,19978,651,21.5,165,0,0,0,Kartu Kredit,Pendidikan,17.48,249.0,1.346,449.0,1
CUST100369,42,Mahasiswa,21832,667,3.1,97,0,0,0,Pinjaman Pribadi,Pribadi,12.74,77.0,224.0,75.0,1
CUST100370,18,Bekerja,46360,719,1.2,128,0,1,0,Kartu Kredit,Pribadi,15.55,22.0,846.0,282.0,1
CUST100371,61,Bekerja,96210,631,29.0,472,0,2,0,Kredit Berjalan,Medis,11.26,324.0,0.52,173.0,0
CUST100372,20,Bekerja,27568,656,0.4,15,0,0,0,Kartu Kredit,Medis,17.68,216.0,116.0,39.0,1
CUST100373,45,Bekerja,30433,551,11.9,252,0,1,1,Pinjaman Pribadi,Pendidikan,16.77,155.0,0.46,153.0,0
CUST100374,39,Wiraswasta,110636,688,1.2,4629,0,0,0,Pinjaman Pribadi,Bisnis,12.58,0.15,904.0,301.0,0
CUST100375,35,Bekerja,26273,565,13.1,367,0,2,0,Kredit Berjalan,Pribadi,13.56,228.0,647.0,216.0,1
CUST100376,50,Bekerja,88831,696,20.3,414,0,0,0,Pinjaman Pribadi,Pribadi,12.5,209.0,1.126,375.0,1
CUST100377,18,Bekerja,36153,690,0.4,19,0,1,1,Kartu Kredit,Renovasi Rumah,18.36,415.0,371.0,124.0,0
CUST100378,18,Bekerja,31290,655,1.0,81,0,0,0,Kredit Berjalan,Bisnis,10.81,0.38,0.38,127.0,1
CUST100379,47,Bekerja,49775,629,11.0,301,0,0,0,Pinjaman Pribadi,Pendidikan,13.05,236.0,346.0,115.0,1
CUST100380,34,Bekerja,100629,699,0.5,1194,0,0,0,Kartu Kredit,Bisnis,18.67,159.0,696.0,232.0,1
CUST100381,38,Bekerja,32727,571,14.2,1903,1,0,0,Pinjaman Pribadi,Konsolidasi Hutang,15.06,197.0,1.354,451.0,0
CUST100382,41,Bekerja,76332,799,13.0,3678,0,0,0,Kredit Berjalan,Pendidikan,7.34,72.0,354.0,118.0,1
CUST100383,48,Bekerja,34894,750,19.3,46,0,0,1,Kredit Berjalan,Konsolidasi Hutang,7.0,319.0,307.0,102.0,1
CUST100384,22,Bekerja,34007,564,2.4,357,0,1,1,Kartu Kredit,Pendidikan,22.56,104.0,767.0,256.0,0
CUST100385,37,Wiraswasta,15000,653,2.1,83,0,0,0,Kredit Berjalan,Konsolidasi Hutang,10.74,311.0,673.0,224.0,0
CUST100386,65,Wiraswasta,112168,710,3.0,101,0,0,0,Pinjaman Pribadi,Pribadi,10.25,89.0,799.0,266.0,1
CUST100387,33,Bekerja,26264,652,9.5,154,0,0,0,Kartu Kredit,Pribadi,18.44,179.0,1.382,461.0,1
CUST100388,18,Bekerja,27589,629,0.4,83,0,0,0,Kartu Kredit,Pribadi,20.37,322.0,837.0,279.0,0
CUST100389,25,Bekerja,21352,728,2.6,23,0,0,0,Kartu Kredit,Renovasi Rumah,16.58,0.37,1.307,436.0,1
CUST100390,33,Bekerja,56445,705,8.1,179,0,0,0,Kartu Kredit,Renovasi Rumah,16.84,331.0,142.0,47.0,1
CUST100391,47,Bekerja,76915,607,19.8,848,0,1,0,Kredit Berjalan,Konsolidasi Hutang,11.06,394.0,521.0,174.0,0
CUST100392,57,Wiraswasta,95884,767,6.9,314,0,1,0,Pinjaman Pribadi,Pribadi,8.81,394.0,1.043,348.0,1
CUST100393,26,Bekerja,16609,621,4.2,537,0,0,0,Pinjaman Pribadi,Konsolidasi Hutang,14.26,211.0,1.054,351.0,0
CUST100394,44,Bekerja,31050,610,20.3,48,0,0,0,Kredit Berjalan,Pribadi,11.43,46.0,773.0,258.0,1
CUST100395,49,Bekerja,79662,635,15.6,21947,0,2,0,Kartu Kredit,Renovasi Rumah,20.13,129.0,511.0,0.17,1
CUST100396,37,Bekerja,15000,656,0.3,1,0,0,0,Kartu Kredit,Medis,18.0,791.0,1.187,396.0,0
CUST100397,46,Bekerja,27898,690,27.9,717,0,0,0,Kartu Kredit,Pendidikan,17.02,58.0,864.0,288.0,1
CUST100398,29,Wiraswasta,80258,651,3.6,217,0,1,0,Pinjaman Pribadi,Medis,11.54,369.0,624.0,208.0,0
CUST100399,21,Bekerja,21627,614,0.3,19,1,3,0,Kartu Kredit,Pendidikan,20.34,312.0,735.0,245.0,0
CUST100400,20,Bekerja,15000,587,0.9,23,0,0,1,Kartu Kredit,Renovasi Rumah,21.8,113.0,873.0,291.0,0
CUST100401,35,Wiraswasta,109197,675,12.9,3770,0,0,0,Kartu Kredit,Pribadi,17.59,118.0,641.0,214.0,1
CUST100402,31,Bekerja,60511,668,11.8,1249,0,1,0,Kartu Kredit,Renovasi Rumah,17.48,284.0,354.0,118.0,1
CUST100403,39,Bekerja,35404,561,11.8,1195,0,0,0,Pinjaman Pribadi,Pendidikan,15.15,193.0,1.483,494.0,0
CUST100404,21,Wiraswasta,74998,657,1.1,454,0,0,0,Kredit Berjalan,Renovasi Rumah,9.38,179.0,417.0,139.0,1
CUST100405,28,Bekerja,36825,564,5.1,92,0,1,0,Kartu Kredit,Renovasi Rumah,21.83,239.0,975.0,325.0,0
CUST100406,28,Bekerja,41656,565,2.4,81,0,1,0,Kredit Berjalan,Pribadi,14.93,347.0,605.0,202.0,0
CUST100407,42,Bekerja,31860,653,1.5,43,0,0,1,Kredit Berjalan,Pendidikan,10.76,649.0,223.0,74.0,0
CUST100408,18,Wiraswasta,48258,602,0.7,67,0,1,0,Kartu Kredit,Renovasi Rumah,19.24,467.0,1.204,401.0,0
CUST100409,30,Wiraswasta,85218,596,3.7,14184,1,0,0,Pinjaman Pribadi,Pendidikan,15.78,314.0,1.173,391.0,0
CUST100410,45,Bekerja,79387,734,13.2,31355,0,0,0,Kartu Kredit,Bisnis,16.31,0.08,882.0,294.0,1
CUST100411,53,Bekerja,38417,786,20.0,2476,0,0,0,Kartu Kredit,Medis,14.98,303.0,895.0,298.0,1
CUST100412,35,Bekerja,22571,637,12.2,107,0,1,0,Pinjaman Pribadi,Pribadi,14.42,294.0,727.0,242.0,1
CUST100413,26,Bekerja,28425,633,4.1,480,0,1,0,Kartu Kredit,Medis,20.26,291.0,436.0,145.0,1
CUST100414,28,Bekerja,31235,728,2.9,104,0,0,0,Kartu Kredit,Konsolidasi Hutang,16.23,261.0,122.0,41.0,1
CUST100415,31,Bekerja,87579,727,2.8,437,0,1,0,Pinjaman Pribadi,Renovasi Rumah,11.3,207.0,565.0,188.0,1
CUST100416,18,Mahasiswa,15000,608,0.3,28,0,1,0,Kartu Kredit,Pendidikan,20.12,196.0,0.1,33.0,1
CUST100417,27,Bekerja,34425,799,3.0,3895,0,1,0,Kredit Berjalan,Bisnis,7.51,467.0,0.27,0.09,0
CUST100418,18,Bekerja,45375,680,1.8,51,0,4,0,Kartu Kredit,Bisnis,18.26,133.0,577.0,192.0,0
CUST100419,18,Bekerja,15734,712,1.1,83,0,0,0,Kartu Kredit,Pribadi,17.3,404.0,1.341,447.0,1
CUST100420,42,Bekerja,48146,658,12.8,4320,0,0,0,Pinjaman Pribadi,Medis,11.46,104.0,1.884,628.0,1
CUST100421,27,Bekerja,42803,730,8.7,3200,0,0,0,Kartu Kredit,Pendidikan,15.99,149.0,1.007,336.0,1
CUST100422,35,Bekerja,26181,558,14.4,2027,0,1,0,Pinjaman Pribadi,Pribadi,16.45,247.0,1.493,498.0,1
CUST100423,18,Bekerja,23620,623,0.5,172,0,0,0,Pinjaman Pribadi,Pribadi,13.25,315.0,927.0,309.0,1
CUST100424,38,Bekerja,95847,649,4.8,1320,0,0,0,Pinjaman Pribadi,Bisnis,14.44,263.0,302.0,101.0,0
CUST100425,49,Bekerja,52009,663,3.0,86,0,0,0,Pinjaman Pribadi,Pribadi,12.47,151.0,1.096,365.0,1
CUST100426,47,Bekerja,51209,563,1.8,178,0,1,1,Pinjaman Pribadi,Renovasi Rumah,15.97,0.44,1.953,651.0,0
CUST100427,20,Bekerja,15000,538,1.9,22,0,0,1,Kredit Berjalan,Bisnis,13.35,144.0,0.34,113.0,0
CUST100428,28,Mahasiswa,45963,569,8.6,183,0,2,0,Pinjaman Pribadi,Pribadi,15.36,293.0,426.0,142.0,0
CUST100429,44,Bekerja,150032,672,21.2,407,0,1,0,Kredit Berjalan,Medis,10.24,62.0,81.0,27.0,1
CUST100430,30,Wiraswasta,87504,620,8.0,152,0,0,0,Pinjaman Pribadi,Pendidikan,13.89,44.0,487.0,162.0,1
CUST100431,37,Bekerja,26049,679,11.4,448,0,0,0,Pinjaman Pribadi,Medis,11.63,552.0,1.309,436.0,0
CUST100432,37,Bekerja,82276,585,3.7,246,1,2,1,Pinjaman Pribadi,Pribadi,16.02,314.0,1.215,405.0,0
CUST100433,32,Bekerja,95513,667,2.9,122,0,0,0,Pinjaman Pribadi,Konsolidasi Hutang,12.09,0.68,998.0,333.0,0
CUST100434,56,Bekerja,95425,693,0.5,378,0,1,0,Pinjaman Pribadi,Pribadi,12.2,245.0,451.0,0.15,1
CUST100435,41,Wiraswasta,39543,664,7.1,6584,0,1,0,Pinjaman Pribadi,Renovasi Rumah,11.52,519.0,781.0,0.26,0
CUST100436,40,Bekerja,32420,690,11.0,3795,0,1,0,Pinjaman Pribadi,Bisnis,12.66,133.0,102.0,34.0,1
CUST100437,48,Wiraswasta,147956,707,24.6,9460,0,0,0,Kredit Berjalan,Medis,8.36,598.0,264.0,88.0,0
CUST100438,39,Wiraswasta,66896,658,14.4,1060,0,1,0,Pinjaman Pribadi,Renovasi Rumah,11.13,332.0,1.453,484.0,1
CUST100439,40,Bekerja,75039,778,20.5,577,0,0,0,Pinjaman Pribadi,Pribadi,9.83,259.0,942.0,314.0,1
CUST100440,24,Bekerja,116699,668,0.0,0,0,0,0,Kartu Kredit,Pribadi,18.08,397.0,0.6,0.2,1
CUST100441,48,Bekerja,53440,654,16.6,1973,0,0,0,Pinjaman Pribadi,Pribadi,12.5,219.0,196.0,65.0,1
CUST100442,29,Bekerja,33135,633,9.1,1628,0,0,0,Pinjaman Pribadi,Renovasi Rumah,14.95,196.0,1.922,641.0,0
CUST100443,37,Bekerja,102882,588,4.1,14747,1,1,0,Kartu Kredit,Pribadi,22.82,224.0,0.68,227.0,0
CUST100444,25,Bekerja,36465,638,5.8,228,0,1,0,Kartu Kredit,Pribadi,19.91,483.0,908.0,303.0,0
CUST100445,39,Bekerja,62966,654,9.4,12496,0,0,0,Pinjaman Pribadi,Pribadi,12.43,355.0,738.0,246.0,1
CUST100446,35,Bekerja,28833,709,0.2,1,0,1,0,Kredit Berjalan,Pribadi,7.54,619.0,406.0,135.0,0
CUST100447,28,Bekerja,47942,631,1.6,41,0,1,1,Kartu Kredit,Bisnis,20.03,0.19,1.254,418.0,0
CUST100448,35,Bekerja,24739,725,1.5,330,0,0,0,Kredit Berjalan,Medis,9.23,257.0,449.0,0.15,1
CUST100449,47,Wiraswasta,41024,608,18.6,11566,0,0,0,Kartu Kredit,Konsolidasi Hutang,19.68,203.0,37.0,12.0,1
CUST100450,32,Bekerja,25721,628,0.6,30,0,1,0,Kartu Kredit,Pribadi,20.35,403.0,404.0,135.0,1
CUST100451,20,Bekerja,26771,616,1.2,17,0,1,0,Pinjaman Pribadi,Pendidikan,13.85,0.2,1.528,509.0,0
CUST100452,27,Bekerja,23085,710,8.1,199,0,1,0,Pinjaman Pribadi,Medis,10.58,146.0,0.94,313.0,1
CUST100453,26,Bekerja,19235,640,1.5,5,0,1,0,Kartu Kredit,Pendidikan,20.46,0.03,759.0,253.0,1
CUST100454,22,Bekerja,37646,589,3.2,177,0,1,0,Kartu Kredit,Renovasi Rumah,22.34,197.0,61.0,0.02,0
CUST100455,41,Bekerja,60083,653,22.0,4262,0,0,0,Kartu Kredit,Pendidikan,18.38,284.0,481.0,0.16,1
CUST100456,20,Bekerja,28388,675,1.3,449,0,0,0,Kartu Kredit,Bisnis,18.43,82.0,0.24,0.08,1
CUST100457,44,Bekerja,47664,689,6.0,12210,0,1,0,Kartu Kredit,Medis,17.34,87.0,873.0,291.0,1
CUST100458,45,Wiraswasta,115725,669,1.6,222,0,1,0,Pinjaman Pribadi,Pribadi,11.65,101.0,0.32,107.0,1
CUST100459,25,Bekerja,28852,644,1.9,1106,0,1,0,Kredit Berjalan,Pendidikan,11.46,286.0,523.0,174.0,1
CUST100460,50,Bekerja,41229,579,20.2,6963,0,1,1,Pinjaman Pribadi,Medis,16.93,368.0,1.644,548.0,0
CUST100461,40,Wiraswasta,54815,655,2.3,101,0,0,0,Pinjaman Pribadi,Bisnis,11.2,67.0,1.014,338.0,1
CUST100462,35,Mahasiswa,24086,579,1.7,1072,0,0,1,Pinjaman Pribadi,Bisnis,16.38,287.0,797.0,266.0,0
CUST100463,31,Wiraswasta,34396,652,7.8,295,0,0,0,Kartu Kredit,Pribadi,18.59,96.0,837.0,279.0,1
CUST100464,27,Bekerja,31552,627,6.6,360,0,0,0,Kartu Kredit,Pribadi,19.44,127.0,542.0,181.0,1
CUST100465,41,Bekerja,55885,680,20.4,1390,0,0,0,Kartu Kredit,Pribadi,18.05,199.0,1.127,376.0,1
CUST100466,35,Bekerja,25985,739,16.7,23160,0,0,0,Kartu Kredit,Renovasi Rumah,17.43,139.0,885.0,295.0,1
CUST100467,42,Bekerja,38351,801,6.1,2322,0,0,0,Kredit Berjalan,Renovasi Rumah,6.48,411.0,495.0,165.0,1
CUST100468,20,Bekerja,15000,686,1.3,46,0,0,0,Kartu Kredit,Pendidikan,18.81,183.0,947.0,316.0,1
CUST100469,50,Bekerja,88011,673,10.2,1810,0,0,0,Kartu Kredit,Bisnis,18.03,306.0,795.0,265.0,1
CUST100470,41,Bekerja,18320,745,15.2,248,0,0,0,Pinjaman Pribadi,Pribadi,10.59,221.0,961.0,0.32,1
CUST100471,48,Mahasiswa,15000,635,5.1,62,0,0,0,Kartu Kredit,Konsolidasi Hutang,20.85,296.0,0.1,33.0,1
CUST100472,39,Mahasiswa,35624,617,12.9,2109,0,2,0,Pinjaman Pribadi,Bisnis,13.16,688.0,1.148,383.0,0
CUST100473,20,Bekerja,27982,537,0.9,51,1,1,0,Kartu Kredit,Pendidikan,21.96,269.0,68.0,23.0,0
CUST100474,43,Bekerja,59581,611,18.2,1623,0,0,0,Kartu Kredit,Renovasi Rumah,19.2,392.0,1.175,392.0,1
CUST100475,19,Wiraswasta,23918,574,0.9,228,0,1,1,Pinjaman Pribadi,Renovasi Rumah,16.01,295.0,1.564,521.0,0
CUST100476,54,Bekerja,38299,696,2.6,1555,0,0,0,Pinjaman Pribadi,Pendidikan,12.61,454.0,499.0,166.0,1
CUST100477,20,Bekerja,24794,549,1.3,187,0,0,0,Pinjaman Pribadi,Konsolidasi Hutang,16.77,455.0,932.0,311.0,0
CUST100478,31,Bekerja,25453,659,6.2,31,0,0,0,Kartu Kredit,Renovasi Rumah,18.79,389.0,0.68,227.0,1
CUST100479,18,Bekerja,15000,646,0.7,0,0,0,0,Kredit Berjalan,Renovasi Rumah,12.31,97.0,613.0,204.0,0
CUST100480,40,Bekerja,43359,597,6.9,163,0,1,1,Kredit Berjalan,Pendidikan,14.13,224.0,816.0,272.0,0
CUST100481,19,Mahasiswa,40410,658,1.1,791,0,0,0,Kartu Kredit,Renovasi Rumah,17.68,83.0,99.0,33.0,1
CUST100482,55,Mahasiswa,29134,675,20.4,2100,0,0,0,Kartu Kredit,Medis,18.85,102.0,0.1,33.0,1
CUST100483,18,Bekerja,15000,536,1.2,164,1,1,0,Kartu Kredit,Pendidikan,21.67,232.0,0.9,0.3,0
CUST100484,30,Bekerja,81392,610,2.7,36197,0,1,0,Pinjaman Pribadi,Medis,13.36,484.0,1.229,0.41,0
CUST100485,55,Wiraswasta,60684,723,6.0,9889,0,0,0,Pinjaman Pribadi,Konsolidasi Hutang,11.38,92.0,582.0,194.0,1
CUST100486,25,Bekerja,17353,594,0.1,30,0,0,0,Kartu Kredit,Pendidikan,21.31,171.0,513.0,171.0,0
CUST100487,39,Bekerja,44081,743,12.6,2713,0,0,1,Kartu Kredit,Pendidikan,16.36,327.0,962.0,321.0,1
CUST100488,32,Wiraswasta,32980,579,1.3,51,0,0,1,Kredit Berjalan,Renovasi Rumah,13.31,485.0,324.0,108.0,0
CUST100489,48,Bekerja,132134,602,2.3,42138,0,0,0,Kartu Kredit,Pendidikan,19.77,456.0,125.0,42.0,1
CUST100490,18,Bekerja,19705,469,0.5,89,0,0,0,Kartu Kredit,Renovasi Rumah,21.83,97.0,1.345,448.0,0
CUST100491,18,Bekerja,45931,686,0.7,140,0,0,0,Pinjaman Pribadi,Pribadi,12.33,102.0,1.285,428.0,0
CUST100492,47,Wiraswasta,51697,713,23.4,18817,0,0,0,Pinjaman Pribadi,Pribadi,10.09,415.0,0.95,317.0,1
CUST100493,33,Bekerja,51632,693,3.7,1069,0,0,0,Kartu Kredit,Medis,17.92,355.0,612.0,204.0,1
CUST100494,43,Bekerja,24210,670,10.3,584,0,0,0,Pinjaman Pribadi,Konsolidasi Hutang,12.06,264.0,1.111,0.37,0
CUST100495,19,Bekerja,24454,530,0.9,334,1,2,0,Kartu Kredit,Konsolidasi Hutang,22.64,128.0,0.92,307.0,0
CUST100496,30,Bekerja,56950,654,6.9,1826,0,0,0,Kartu Kredit,Pendidikan,18.77,0.24,1.182,394.0,1
CUST100497,38,Bekerja,48461,625,15.7,18775,0,1,0,Pinjaman Pribadi,Pendidikan,14.83,421.0,995.0,332.0,1
CUST100498,40,Bekerja,27458,567,16.1,49,0,1,0,Kartu Kredit,Renovasi Rumah,21.28,85.0,859.0,286.0,0
CUST100499,20,Bekerja,15000,609,0.7,12,0,2,0,Kartu Kredit,Pribadi,19.15,375.0,1.313,438.0,0
CUST100500,20,Bekerja,19633,628,1.4,23,0,1,0,Kartu Kredit,Pendidikan,20.58,177.0,504.0,168.0,1
CUST100501,22,Bekerja,34187,723,3.9,146,0,0,0,Kartu Kredit,Renovasi Rumah,16.34,349.0,199.0,66.0,1
CUST100502,20,Bekerja,42093,693,1.6,411,0,0,0,Kartu Kredit,Bisnis,17.73,258.0,0.67,223.0,0
CUST100503,32,Wiraswasta,64887,558,14.0,7658,0,1,2,Kartu Kredit,Pendidikan,22.71,488.0,165.0,55.0,0
CUST100504,41,Bekerja,52391,734,21.1,22892,0,0,0,Kredit Berjalan,Konsolidasi Hutang,8.49,64.0,445.0,148.0,1
CUST100505,25,Bekerja,32322,627,0.9,26,0,1,0,Kredit Berjalan,Pribadi,11.55,196.0,495.0,165.0,1
CUST100506,28,Bekerja,33949,590,5.2,270,0,1,0,Kartu Kredit,Medis,22.66,152.0,675.0,225.0,0
CUST100507,35,Wiraswasta,49966,597,6.0,1388,0,1,0,Kartu Kredit,Konsolidasi Hutang,22.88,0.24,1.293,431.0,0
CUST100508,35,Bekerja,64070,679,2.6,6087,0,0,1,Kartu Kredit,Pendidikan,18.52,166.0,1.093,364.0,1
CUST100509,48,Wiraswasta,53377,735,23.0,1984,0,1,0,Kartu Kredit,Renovasi Rumah,15.9,214.0,298.0,99.0,1
CUST100510,45,Bekerja,47344,583,22.7,1946,0,1,0,Pinjaman Pribadi,Medis,15.05,515.0,1.732,577.0,0
CUST100511,30,Bekerja,45427,596,11.2,488,0,1,0,Kartu Kredit,Renovasi Rumah,22.12,373.0,1.057,352.0,0
CUST100512,34,Bekerja,58922,724,10.2,7428,0,0,0,Kartu Kredit,Pribadi,16.53,64.0,1.188,396.0,1
CUST100513,30,Bekerja,28965,639,1.8,909,0,2,0,Kredit Berjalan,Pribadi,12.18,358.0,511.0,0.17,0
CUST100514,32,Bekerja,16999,581,8.8,3954,0,0,0,Kartu Kredit,Medis,21.48,466.0,329.0,0.11,0
CUST100515,37,Wiraswasta,99519,606,11.5,399,0,0,0,Pinjaman Pribadi,Medis,13.0,598.0,1.005,335.0,0
CUST100516,37,Bekerja,44579,646,17.6,5765,0,1,0,Kartu Kredit,Konsolidasi Hutang,20.37,321.0,34.0,11.0,1
CUST100517,22,Bekerja,27046,681,0.2,60,0,0,0,Pinjaman Pribadi,Renovasi Rumah,11.39,339.0,2.0,667.0,1
CUST100518,36,Bekerja,51143,572,11.3,625,0,0,0,Kartu Kredit,Pendidikan,22.94,291.0,549.0,183.0,1
CUST100519,29,Wiraswasta,24640,587,3.6,85,0,1,0,Kartu Kredit,Renovasi Rumah,22.31,51.0,442.0,147.0,0
CUST100520,18,Bekerja,63625,700,0.9,345,0,0,0,Pinjaman Pribadi,Pendidikan,10.66,215.0,1.556,519.0,1
CUST100521,46,Bekerja,96408,641,16.8,522,0,1,0,Pinjaman Pribadi,Renovasi Rumah,13.42,564.0,1.037,346.0,0
CUST100522,46,Wiraswasta,143141,690,20.6,3810,0,0,0,Pinjaman Pribadi,Pribadi,11.81,0.36,699.0,233.0,1
CUST100523,63,Wiraswasta,46731,695,28.1,7729,0,0,0,Kartu Kredit,Pribadi,17.08,124.0,1.029,343.0,1
CUST100524,18,Wiraswasta,39220,601,1.4,57,0,0,0,Kartu Kredit,Pendidikan,19.84,171.0,296.0,99.0,1
CUST100525,37,Bekerja,55070,664,18.8,11406,0,0,0,Kartu Kredit,Pribadi,17.24,186.0,49.0,16.0,1
CUST100526,22,Wiraswasta,77161,574,1.6,160,0,2,1,Pinjaman Pribadi,Pribadi,15.42,312.0,342.0,114.0,0
CUST100527,33,Bekerja,42293,632,12.3,2913,0,0,0,Kredit Berjalan,Konsolidasi Hutang,12.34,125.0,553.0,184.0,1
CUST100528,34,Bekerja,15000,598,4.3,438,0,0,0,Kartu Kredit,Renovasi Rumah,21.43,109.0,33.0,11.0,1
CUST100529,37,Bekerja,68292,645,15.1,5238,0,2,0,Kartu Kredit,Bisnis,19.31,38.0,108.0,36.0,1
CUST100530,42,Mahasiswa,24252,577,15.6,14038,0,2,0,Pinjaman Pribadi,Pendidikan,15.47,533.0,1.109,0.37,0
CUST100531,18,Bekerja,57113,548,0.4,43,1,2,2,Pinjaman Pribadi,Renovasi Rumah,15.17,92.0,259.0,86.0,0
CUST100532,43,Bekerja,71661,689,17.9,60342,0,0,0,Kartu Kredit,Medis,18.22,481.0,237.0,79.0,1
CUST100533,31,Bekerja,125999,566,4.6,18280,0,0,0,Kartu Kredit,Renovasi Rumah,21.4,358.0,32.0,11.0,0
CUST100534,20,Bekerja,15000,556,1.3,18,0,1,1,Pinjaman Pribadi,Pribadi,15.17,107.0,1.647,549.0,0
CUST100535,19,Bekerja,38696,546,0.9,36,0,0,0,Kartu Kredit,Pendidikan,21.08,281.0,62.0,21.0,1
CUST100536,35,Bekerja,41337,554,11.4,1045,0,0,1,Kredit Berjalan,Pendidikan,13.44,0.51,537.0,179.0,0
CUST100537,48,Bekerja,143785,649,10.9,57432,0,0,0,Kredit Berjalan,Bisnis,11.93,356.0,235.0,78.0,1
CUST100538,34,Bekerja,29168,650,13.0,978,0,0,0,Kartu Kredit,Pribadi,18.83,206.0,1.094,365.0,1
CUST100539,31,Bekerja,34736,601,12.1,299,0,0,0,Pinjaman Pribadi,Pendidikan,13.83,0.15,815.0,272.0,1
CUST100540,50,Bekerja,71545,786,27.3,11527,1,1,0,Kartu Kredit,Renovasi Rumah,15.79,438.0,547.0,182.0,0
CUST100541,31,Bekerja,73016,589,8.6,1371,0,1,0,Kredit Berjalan,Pribadi,14.38,519.0,685.0,228.0,0
CUST100542,48,Mahasiswa,15000,690,27.1,1269,0,0,0,Pinjaman Pribadi,Renovasi Rumah,11.64,528.0,67.0,22.0,1
CUST100543,39,Bekerja,37592,729,8.8,764,0,1,0,Pinjaman Pribadi,Pendidikan,11.42,174.0,697.0,232.0,1
CUST100544,38,Bekerja,30591,640,14.7,1981,0,0,0,Pinjaman Pribadi,Renovasi Rumah,13.76,219.0,1.04,347.0,1
CUST100545,29,Bekerja,97531,652,9.0,5528,0,0,0,Kartu Kredit,Pribadi,18.64,395.0,0.51,0.17,0
CUST100546,22,Bekerja,30546,511,1.4,221,0,0,0,Kredit Berjalan,Medis,14.85,91.0,619.0,206.0,0
CUST100547,48,Bekerja,43218,682,11.9,150,0,0,0,Kartu Kredit,Pendidikan,17.95,328.0,416.0,139.0,1
CUST100548,33,Bekerja,34694,559,10.4,6600,0,0,2,Kartu Kredit,Renovasi Rumah,22.65,518.0,1.095,365.0,0
CUST100549,32,Wiraswasta,126529,601,1.2,33,0,0,0,Kartu Kredit,Renovasi Rumah,20.97,217.0,553.0,184.0,1
CUST100550,37,Bekerja,32152,714,4.3,1166,0,0,0,Pinjaman Pribadi,Bisnis,10.42,372.0,1.054,351.0,0
CUST100551,18,Bekerja,25631,596,1.2,136,0,0,1,Kartu Kredit,Pendidikan,22.1,277.0,1.186,395.0,0
CUST100552,29,Wiraswasta,46080,605,7.8,594,0,0,0,Kredit Berjalan,Pendidikan,12.16,424.0,684.0,228.0,1
CUST100553,55,Bekerja,124733,698,5.7,201,0,0,0,Pinjaman Pribadi,Medis,12.49,183.0,802.0,267.0,1
CUST100554,19,Bekerja,20143,548,1.1,20,0,1,0,Pinjaman Pribadi,Pribadi,16.46,0.75,1.42,473.0,0
CUST100555,26,Bekerja,24611,549,4.9,2604,0,0,0,Pinjaman Pribadi,Pribadi,15.44,135.0,1.268,423.0,0
CUST100556,35,Wiraswasta,75946,602,5.4,5505,0,0,0,Pinjaman Pribadi,Medis,14.76,0.58,545.0,182.0,0
CUST100557,42,Mahasiswa,22585,637,0.3,8,0,0,0,Pinjaman Pribadi,Pendidikan,14.79,379.0,1.116,372.0,0
CUST100558,43,Bekerja,44117,668,9.6,726,0,0,0,Kredit Berjalan,Medis,9.25,561.0,868.0,289.0,0
CUST100559,28,Bekerja,32986,639,1.5,31,0,1,0,Pinjaman Pribadi,Konsolidasi Hutang,14.96,125.0,1.998,666.0,0
CUST100560,37,Wiraswasta,24494,721,9.9,219,0,0,1,Kartu Kredit,Konsolidasi Hutang,16.44,217.0,1.339,446.0,1
CUST100561,23,Bekerja,26571,616,4.8,17,0,0,0,Pinjaman Pribadi,Renovasi Rumah,13.9,383.0,651.0,217.0,0
CUST100562,33,Bekerja,79726,663,10.0,1745,0,0,0,Kartu Kredit,Konsolidasi Hutang,17.83,276.0,78.0,26.0,1
CUST100563,27,Wiraswasta,59548,608,4.8,1912,0,2,0,Pinjaman Pribadi,Renovasi Rumah,13.97,639.0,233.0,78.0,0
CUST100564,51,Wiraswasta,76679,685,20.7,300,0,0,0,Kredit Berjalan,Bisnis,10.15,173.0,273.0,91.0,1
CUST100565,55,Bekerja,122306,668,6.4,2711,0,1,0,Pinjaman Pribadi,Pendidikan,11.25,279.0,42.0,14.0,1
CUST100566,18,Bekerja,19041,597,1.0,353,0,3,0,Pinjaman Pribadi,Pribadi,16.84,131.0,1.171,0.39,0
CUST100567,27,Mahasiswa,22934,608,3.2,354,0,0,0,Pinjaman Pribadi,Medis,13.65,363.0,1.853,618.0,0
CUST100568,31,Bekerja,35811,628,3.9,202,0,0,0,Kredit Berjalan,Bisnis,11.97,456.0,757.0,252.0,0
CUST100569,40,Bekerja,60832,578,17.3,2928,0,0,0,Pinjaman Pribadi,Renovasi Rumah,16.81,427.0,1.613,538.0,0
CUST100570,31,Bekerja,43353,680,3.1,467,0,0,0,Kartu Kredit,Medis,18.24,123.0,166.0,55.0,1
CUST100571,51,Bekerja,56258,679,7.4,180,0,0,0,Pinjaman Pribadi,Renovasi Rumah,11.86,192.0,1.555,518.0,1
CUST100572,45,Bekerja,94274,577,11.1,56095,0,0,0,Pinjaman Pribadi,Renovasi Rumah,16.22,238.0,775.0,258.0,1
CUST100573,35,Bekerja,50876,572,0.9,481,0,1,1,Kredit Berjalan,Bisnis,13.91,543.0,792.0,264.0,0
CUST100574,40,Bekerja,45511,695,17.4,9242,0,0,0,Pinjaman Pribadi,Bisnis,11.76,256.0,835.0,278.0,1
CUST100575,36,Bekerja,56684,585,8.6,11444,0,2,1,Kartu Kredit,Bisnis,21.31,203.0,1.14,0.38,0
CUST100576,18,Bekerja,22143,625,0.3,10,0,4,0,Kartu Kredit,Medis,19.72,48.0,1.188,396.0,0
CUST100577,21,Bekerja,15000,633,2.7,153,0,0,0,Kartu Kredit,Medis,19.49,64.0,367.0,122.0,1
CUST100578,38,Mahasiswa,18976,617,4.5,526,0,0,0,Kartu Kredit,Pribadi,20.6,113.0,0.1,33.0,1
CUST100579,31,Bekerja,20864,536,2.0,1141,0,0,1,Kartu Kredit,Pendidikan,21.64,511.0,513.0,171.0,0
CUST100580,39,Mahasiswa,20830,584,11.3,196,0,0,0,Kartu Kredit,Konsolidasi Hutang,22.69,472.0,67.0,22.0,0
CUST100581,44,Bekerja,20481,792,21.0,1668,0,1,0,Pinjaman Pribadi,Renovasi Rumah,9.54,549.0,1.582,527.0,0
CUST100582,22,Wiraswasta,65891,700,3.5,324,0,0,0,Kredit Berjalan,Pribadi,7.58,438.0,568.0,189.0,1
CUST100583,44,Bekerja,86789,683,11.5,2476,0,0,0,Kartu Kredit,Medis,18.44,0.12,561.0,187.0,1
CUST100584,40,Bekerja,20114,632,8.9,2125,0,0,0,Kartu Kredit,Pribadi,19.26,115.0,94.0,31.0,1
CUST100585,26,Mahasiswa,16409,653,7.5,550,0,0,0,Pinjaman Pribadi,Pribadi,11.8,287.0,0.36,0.12,1
CUST100586,65,Bekerja,44803,727,17.3,514,0,0,0,Kartu Kredit,Medis,15.72,331.0,1.286,429.0,1
CUST100587,35,Bekerja,29585,704,7.5,161,0,0,0,Kartu Kredit,Bisnis,17.22,424.0,1.142,381.0,1
CUST100588,34,Bekerja,16544,604,4.8,32,0,3,0,Pinjaman Pribadi,Pendidikan,14.61,464.0,1.971,657.0,0
CUST100589,20,Bekerja,18953,668,0.2,373,0,0,0,Kartu Kredit,Konsolidasi Hutang,18.18,568.0,876.0,292.0,0
CUST100590,49,Bekerja,52780,684,21.7,518,0,0,0,Kartu Kredit,Medis,18.96,491.0,337.0,112.0,1
CUST100591,62,Bekerja,99401,712,19.9,40131,0,0,0,Kartu Kredit,Pendidikan,16.98,435.0,119.0,0.04,1
CUST100592,21,Bekerja,38904,679,0.4,266,0,0,0,Pinjaman Pribadi,Bisnis,12.85,208.0,946.0,315.0,1
CUST100593,51,Mahasiswa,21005,638,14.8,15,0,1,0,Kredit Berjalan,Renovasi Rumah,11.06,239.0,705.0,235.0,1
CUST100594,18,Wiraswasta,45451,730,0.9,78,0,0,0,Kredit Berjalan,Medis,8.3,346.0,0.53,177.0,1
CUST100595,22,Bekerja,23764,647,3.9,277,0,0,0,Kredit Berjalan,Medis,12.95,571.0,648.0,216.0,0
CUST100596,29,Wiraswasta,48189,712,9.4,2958,0,0,0,Kartu Kredit,Pendidikan,16.63,129.0,508.0,169.0,1
CUST100597,36,Mahasiswa,36011,608,2.9,5,0,1,0,Pinjaman Pribadi,Medis,14.43,375.0,1.408,469.0,0
CUST100598,26,Bekerja,24923,626,5.2,3650,0,1,0,Kredit Berjalan,Renovasi Rumah,11.36,0.49,502.0,167.0,0
CUST100599,38,Wiraswasta,51246,746,15.3,8674,0,0,0,Kartu Kredit,Renovasi Rumah,16.66,383.0,714.0,238.0,1
CUST100600,34,Mahasiswa,22447,726,15.7,671,0,0,0,Kredit Berjalan,Renovasi Rumah,9.35,304.0,423.0,141.0,1
CUST100601,23,Bekerja,23298,618,0.9,19,0,0,0,Kartu Kredit,Pribadi,19.94,0.06,1.374,458.0,1
CUST100602,36,Wiraswasta,82143,652,6.4,367,0,0,0,Kartu Kredit,Pendidikan,18.72,56.0,852.0,284.0,1
CUST100603,34,Bekerja,40830,575,13.3,2236,0,0,1,Kartu Kredit,Pendidikan,22.34,148.0,585.0,195.0,1
CUST100604,67,Wiraswasta,98056,716,9.4,6197,1,3,0,Pinjaman Pribadi,Renovasi Rumah,9.62,129.0,1.02,0.34,0
CUST100605,67,Wiraswasta,62594,802,6.5,654,0,0,0,Kartu Kredit,Pendidikan,15.46,35.0,0.19,63.0,1
CUST100606,20,Bekerja,20534,586,1.8,76,0,0,0,Pinjaman Pribadi,Bisnis,16.34,0.23,1.032,344.0,0
CUST100607,37,Mahasiswa,15000,662,17.9,68,0,0,0,Pinjaman Pribadi,Pribadi,11.73,134.0,553.0,184.0,1
CUST100608,18,Wiraswasta,69047,574,0.8,115,0,1,1,Kredit Berjalan,Pribadi,13.29,277.0,724.0,241.0,0
CUST100609,27,Bekerja,39855,525,3.8,1099,0,0,1,Kredit Berjalan,Renovasi Rumah,13.53,145.0,336.0,112.0,0
CUST100610,30,Bekerja,32884,667,7.6,621,0,0,0,Kartu Kredit,Pendidikan,17.1,337.0,182.0,61.0,1
CUST100611,33,Bekerja,49246,654,3.1,902,0,0,0,Kartu Kredit,Bisnis,18.22,57.0,1.283,428.0,0
CUST100612,25,Wiraswasta,92452,706,3.5,1953,0,0,0,Kartu Kredit,Pribadi,16.38,169.0,305.0,102.0,1
CUST100613,55,Bekerja,90731,782,9.5,26611,0,0,0,Pinjaman Pribadi,Bisnis,8.25,245.0,1.102,367.0,1
CUST100614,47,Wiraswasta,92296,785,13.2,836,0,0,0,Kartu Kredit,Pribadi,15.69,507.0,758.0,253.0,1
CUST100615,34,Bekerja,87578,581,9.0,3708,0,0,2,Pinjaman Pribadi,Pendidikan,16.43,148.0,1.142,381.0,0
CUST100616,23,Bekerja,23210,601,3.1,1075,0,0,0,Pinjaman Pribadi,Pendidikan,13.97,212.0,1.413,471.0,1
CUST100617,20,Bekerja,30772,596,1.8,80,0,0,0,Pinjaman Pribadi,Medis,16.78,757.0,1.937,646.0,0
CUST100618,20,Mahasiswa,25390,671,1.2,725,0,0,0,Kartu Kredit,Pendidikan,17.96,36.0,98.0,33.0,1
CUST100619,37,Bekerja,56397,667,15.0,11652,0,0,0,Kartu Kredit,Bisnis,17.69,194.0,1.027,342.0,1
CUST100620,34,Bekerja,29235,617,10.2,256,0,2,0,Pinjaman Pribadi,Renovasi Rumah,13.54,136.0,1.697,566.0,0
CUST100621,50,Bekerja,185512,727,16.8,2699,0,0,0,Kartu Kredit,Pribadi,17.21,297.0,211.0,0.07,1
CUST100622,31,Wiraswasta,62222,689,7.8,1431,0,0,0,Pinjaman Pribadi,Renovasi Rumah,11.95,263.0,841.0,0.28,1
CUST100623,49,Wiraswasta,161586,759,28.5,300000,0,1,0,Pinjaman Pribadi,Pribadi,9.33,142.0,619.0,206.0,1
CUST100624,39,Bekerja,25514,641,5.2,1851,1,0,0,Kartu Kredit,Konsolidasi Hutang,19.06,202.0,443.0,148.0,0
CUST100625,28,Bekerja,62187,705,4.6,69,0,0,0,Kredit Berjalan,Renovasi Rumah,7.62,191.0,614.0,205.0,1
CUST100626,24,Bekerja,51832,783,4.8,925,0,2,0,Kredit Berjalan,Renovasi Rumah,6.19,0.13,0.43,143.0,1
CUST100627,42,Bekerja,63175,667,14.4,1177,0,0,0,Kartu Kredit,Pendidikan,17.99,383.0,1.108,369.0,1
CUST100628,37,Bekerja,63075,648,12.2,764,0,0,0,Pinjaman Pribadi,Pribadi,14.09,194.0,1.134,378.0,1
CUST100629,60,Wiraswasta,37303,694,22.3,3110,0,0,0,Pinjaman Pribadi,Pribadi,12.51,389.0,726.0,242.0,1
CUST100630,43,Bekerja,112392,800,20.1,8275,0,0,0,Kartu Kredit,Pribadi,15.06,449.0,178.0,59.0,1
CUST100631,31,Bekerja,58834,585,3.6,677,1,2,0,Pinjaman Pribadi,Pribadi,16.85,235.0,299.0,0.1,0
CUST100632,23,Bekerja,31407,601,4.7,290,0,0,0,Kartu Kredit,Pendidikan,19.12,23.0,1.169,0.39,1
CUST100633,52,Wiraswasta,149445,637,21.1,4029,0,2,0,Pinjaman Pribadi,Pendidikan,13.43,341.0,29.0,0.01,1
CUST100634,27,Wiraswasta,47463,611,3.7,77,0,0,0,Pinjaman Pribadi,Pribadi,14.91,491.0,1.605,535.0,0
CUST100635,36,Mahasiswa,38952,630,12.8,22297,0,1,0,Pinjaman Pribadi,Renovasi Rumah,13.65,523.0,562.0,187.0,0
CUST100636,52,Bekerja,57487,646,7.2,2599,0,0,0,Kartu Kredit,Medis,19.65,457.0,193.0,64.0,1
CUST100637,57,Bekerja,60916,622,20.5,2203,0,0,1,Pinjaman Pribadi,Renovasi Rumah,13.62,235.0,1.477,492.0,0
CUST100638,47,Wiraswasta,24355,591,3.1,56,0,1,1,Kartu Kredit,Pribadi,21.79,557.0,505.0,168.0,0
CUST100639,43,Bekerja,33834,681,11.3,10210,0,0,0,Kartu Kredit,Pribadi,18.2,611.0,239.0,0.08,0
CUST100640,24,Mahasiswa,48610,535,5.4,867,0,0,0,Pinjaman Pribadi,Renovasi Rumah,15.81,0.06,623.0,208.0,0
CUST100641,33,Bekerja,83655,612,0.5,113,0,0,0,Kartu Kredit,Medis,20.08,0.26,277.0,92.0,1
CUST100642,39,Bekerja,72218,640,19.8,308,0,2,0,Pinjaman Pribadi,Pendidikan,13.18,182.0,1.105,368.0,1
CUST100643,42,Bekerja,178796,697,11.7,5376,0,0,0,Kartu Kredit,Medis,18.4,182.0,392.0,131.0,1
CUST100644,30,Bekerja,29255,657,10.9,237,0,0,0,Kartu Kredit,Bisnis,18.01,263.0,359.0,0.12,1
CUST100645,24,Bekerja,25620,678,2.7,408,0,1,0,Pinjaman Pribadi,Bisnis,11.46,506.0,359.0,0.12,0
CUST100646,32,Mahasiswa,38614,579,13.8,6873,0,0,2,Pinjaman Pribadi,Renovasi Rumah,16.16,297.0,1.678,559.0,0
CUST100647,30,Wiraswasta,58973,670,9.1,3315,0,0,0,Kredit Berjalan,Pendidikan,9.92,506.0,449.0,0.15,1
CUST100648,30,Bekerja,22261,608,11.4,3380,0,1,0,Pinjaman Pribadi,Pribadi,14.12,254.0,1.334,445.0,1
CUST100649,40,Bekerja,20003,725,8.2,1543,0,0,0,Kredit Berjalan,Konsolidasi Hutang,9.43,281.0,0.53,177.0,1
CUST100650,42,Wiraswasta,38472,601,6.8,113,0,0,0,Pinjaman Pribadi,Bisnis,13.05,194.0,0.6,0.2,1
CUST100651,26,Bekerja,28593,624,4.4,116,0,1,0,Kartu Kredit,Pribadi,20.91,287.0,664.0,221.0,1
CUST100652,24,Wiraswasta,50209,722,0.6,387,0,1,0,Kredit Berjalan,Bisnis,8.2,561.0,685.0,228.0,0
CUST100653,32,Bekerja,56844,695,3.4,534,0,0,0,Kredit Berjalan,Bisnis,9.38,222.0,695.0,232.0,1
CUST100654,33,Bekerja,26945,613,2.7,805,0,0,0,Kartu Kredit,Medis,19.94,158.0,1.314,438.0,0
CUST100655,32,Wiraswasta,54849,621,4.7,147,0,1,0,Kartu Kredit,Bisnis,20.74,317.0,0.29,97.0,1
CUST100656,42,Bekerja,50423,759,0.3,36,0,0,0,Kartu Kredit,Renovasi Rumah,15.55,0.58,1.029,343.0,0
CUST100657,52,Bekerja,89230,760,15.5,4242,0,0,0,Pinjaman Pribadi,Pribadi,9.76,261.0,1.121,374.0,1
CUST100658,31,Mahasiswa,20034,725,12.3,984,0,0,0,Kartu Kredit,Pribadi,16.63,23.0,0.1,33.0,1
CUST100659,37,Bekerja,75220,718,9.4,7960,0,0,0,Kartu Kredit,Medis,16.64,293.0,303.0,101.0,1
CUST100660,43,Bekerja,75153,605,0.7,225,0,1,0,Pinjaman Pribadi,Medis,14.68,62.0,1.331,444.0,0
CUST100661,35,Mahasiswa,15000,701,10.1,38402,0,0,0,Kartu Kredit,Medis,17.15,257.0,0.04,13.0,1
CUST100662,52,Bekerja,31077,610,8.2,291,0,0,0,Kartu Kredit,Pribadi,20.6,88.0,1.033,344.0,1
CUST100663,44,Bekerja,33403,657,20.2,19463,0,1,0,Pinjaman Pribadi,Pribadi,11.79,93.0,0.71,237.0,1
CUST100664,46,Mahasiswa,17098,653,13.2,40,0,0,0,Pinjaman Pribadi,Bisnis,12.83,0.26,521.0,174.0,1
CUST100665,45,Mahasiswa,16204,638,22.5,26,0,3,0,Kartu Kredit,Konsolidasi Hutang,20.7,696.0,99.0,33.0,0
CUST100666,23,Bekerja,29741,674,4.1,1411,0,0,0,Kredit Berjalan,Pendidikan,10.74,455.0,521.0,174.0,1
CUST100667,21,Wiraswasta,15493,611,0.8,23,0,0,1,Kartu Kredit,Pendidikan,19.31,95.0,387.0,129.0,1
CUST100668,37,Bekerja,76479,655,9.8,1294,0,0,0,Pinjaman Pribadi,Pribadi,11.45,231.0,1.226,409.0,1
CUST100669,41,Bekerja,61156,662,19.4,2004,0,0,0,Kredit Berjalan,Renovasi Rumah,9.53,159.0,674.0,225.0,1
CUST100670,24,Bekerja,25978,614,3.1,292,0,0,0,Kartu Kredit,Pendidikan,20.63,0.62,358.0,119.0,0
CUST100671,29,Bekerja,32063,596,2.4,767,0,0,0,Pinjaman Pribadi,Pendidikan,16.75,323.0,1.818,606.0,0
CUST100672,40,Bekerja,59370,571,4.3,705,0,1,0,Pinjaman Pribadi,Pendidikan,16.66,63.0,1.684,561.0,0
CUST100673,49,Wiraswasta,58833,663,18.6,2500,0,0,0,Pinjaman Pribadi,Medis,12.07,99.0,1.7,567.0,1
CUST100674,32,Bekerja,75486,740,1.6,376,0,0,0,Kartu Kredit,Pribadi,16.11,212.0,927.0,309.0,1
CUST100675,28,Bekerja,36978,539,9.5,40,0,1,1,Kartu Kredit,Pribadi,21.86,132.0,1.236,412.0,0
CUST100676,52,Wiraswasta,32433,750,23.3,16864,0,0,0,Pinjaman Pribadi,Pribadi,8.09,0.27,281.0,94.0,1
CUST100677,34,Bekerja,24112,652,5.1,124,0,0,0,Pinjaman Pribadi,Renovasi Rumah,12.96,82.0,278.0,93.0,1
CUST100678,41,Mahasiswa,15000,686,9.5,1720,0,0,0,Kredit Berjalan,Pribadi,9.12,132.0,487.0,162.0,1
CUST100679,51,Bekerja,109189,679,14.0,684,0,0,1,Pinjaman Pribadi,Pribadi,12.73,0.29,916.0,305.0,1
CUST100680,18,Bekerja,39729,623,1.0,33,0,1,0,Pinjaman Pribadi,Medis,13.69,281.0,1.344,448.0,0
CUST100681,24,Wiraswasta,25556,708,3.5,428,0,0,0,Pinjaman Pribadi,Konsolidasi Hutang,11.19,386.0,196.0,65.0,1
CUST100682,53,Bekerja,38279,663,1.3,87,0,0,0,Kartu Kredit,Medis,18.81,0.29,0.3,0.1,1
CUST100683,50,Bekerja,53957,581,6.1,3598,0,2,1,Kredit Berjalan,Pribadi,13.84,87.0,258.0,86.0,0
CUST100684,45,Bekerja,61530,662,9.2,2082,0,0,0,Kartu Kredit,Pribadi,18.76,504.0,91.0,0.03,0
CUST100685,18,Bekerja,20589,572,0.8,29,0,3,0,Pinjaman Pribadi,Pribadi,16.83,0.14,0.86,287.0,0
CUST100686,47,Bekerja,97428,634,16.2,13528,0,2,0,Pinjaman Pribadi,Pribadi,13.6,433.0,1.026,342.0,0
CUST100687,19,Bekerja,48043,565,0.6,275,0,0,0,Kartu Kredit,Pribadi,21.64,267.0,225.0,75.0,1
CUST100688,36,Bekerja,73775,648,12.5,10578,0,1,1,Pinjaman Pribadi,Konsolidasi Hutang,13.75,297.0,1.355,452.0,0
CUST100689,50,Bekerja,76726,662,11.0,6865,0,2,0,Kartu Kredit,Pendidikan,17.56,0.53,912.0,304.0,0
CUST100690,28,Bekerja,69204,622,6.1,1780,0,1,0,Kartu Kredit,Medis,19.23,427.0,961.0,0.32,1
CUST100691,61,Wiraswasta,27225,618,11.6,2702,0,1,0,Pinjaman Pribadi,Medis,13.93,283.0,0.4,133.0,1
CUST100692,33,Bekerja,18736,660,5.6,305,0,0,0,Pinjaman Pribadi,Pendidikan,11.43,238.0,1.569,523.0,1
CUST100693,52,Bekerja,55794,620,16.0,1712,0,0,0,Kredit Berjalan,Pendidikan,12.67,256.0,681.0,227.0,1
CUST100694,36,Bekerja,26355,716,6.0,1170,1,1,0,Pinjaman Pribadi,Medis,10.92,562.0,118.0,39.0,0
CUST100695,43,Bekerja,53123,662,11.7,18564,0,0,0,Pinjaman Pribadi,Bisnis,11.62,0.58,766.0,255.0,0
CUST100696,18,Mahasiswa,15000,592,1.5,10,0,0,1,Kredit Berjalan,Pribadi,13.66,193.0,387.0,129.0,0
CUST100697,33,Bekerja,59947,559,5.1,11985,0,0,0,Kredit Berjalan,Bisnis,14.89,147.0,397.0,132.0,0
CUST100698,29,Wiraswasta,45237,687,1.8,236,0,0,0,Kartu Kredit,Renovasi Rumah,18.5,455.0,77.0,26.0,1
CUST100699,29,Bekerja,53166,631,3.2,696,0,0,0,Kredit Berjalan,Bisnis,11.75,245.0,0.69,0.23,0
CUST100700,29,Wiraswasta,15000,554,4.2,256,1,0,2,Kartu Kredit,Pribadi,21.42,312.0,0.98,327.0,0
CUST100701,25,Wiraswasta,31010,498,4.7,120,0,1,0,Kartu Kredit,Pribadi,21.64,131.0,777.0,259.0,0
CUST100702,31,Wiraswasta,61775,620,11.8,349,0,0,0,Kartu Kredit,Renovasi Rumah,19.06,236.0,401.0,134.0,1
CUST100703,28,Bekerja,66496,606,8.9,1721,0,2,0,Kredit Berjalan,Medis,12.33,154.0,699.0,233.0,0
CUST100704,33,Bekerja,50699,635,4.4,1332,0,1,0,Kartu Kredit,Pendidikan,19.5,308.0,89.0,0.03,1
CUST100705,52,Bekerja,15132,692,18.9,13003,0,0,0,Pinjaman Pribadi,Pribadi,12.1,95.0,522.0,174.0,1
CUST100706,28,Bekerja,15000,685,7.5,13,0,0,1,Kartu Kredit,Renovasi Rumah,17.37,0.18,793.0,264.0,1
CUST100707,30,Bekerja,15000,618,11.6,52,0,0,0,Kartu Kredit,Pendidikan,20.84,588.0,533.0,178.0,0
CUST100708,36,Bekerja,22103,709,13.4,3010,0,0,0,Pinjaman Pribadi,Bisnis,10.32,135.0,937.0,312.0,1
CUST100709,35,Bekerja,92866,605,17.0,7183,0,0,0,Kartu Kredit,Bisnis,19.27,0.31,248.0,83.0,1
CUST100710,37,Bekerja,77516,597,9.5,7928,0,0,0,Kartu Kredit,Konsolidasi Hutang,21.66,288.0,326.0,109.0,1
CUST100711,40,Bekerja,32927,696,18.7,154,0,0,0,Kartu Kredit,Pribadi,18.85,282.0,282.0,94.0,1
CUST100712,47,Wiraswasta,27825,668,0.5,29,0,0,0,Pinjaman Pribadi,Pendidikan,12.32,101.0,507.0,169.0,1
CUST100713,28,Bekerja,78662,658,2.8,466,0,2,0,Kartu Kredit,Renovasi Rumah,17.64,332.0,717.0,239.0,1
CUST100714,37,Bekerja,72533,703,9.3,10264,0,0,0,Kredit Berjalan,Renovasi Rumah,7.54,565.0,438.0,146.0,0
CUST100715,18,Wiraswasta,45593,664,1.8,230,0,1,0,Kartu Kredit,Medis,17.72,214.0,1.255,418.0,1
CUST100716,43,Wiraswasta,36829,716,14.9,362,0,0,0,Kartu Kredit,Konsolidasi Hutang,16.63,0.22,285.0,95.0,1
CUST100717,22,Mahasiswa,42552,593,1.5,990,0,0,1,Pinjaman Pribadi,Pendidikan,16.17,221.0,895.0,298.0,0
CUST100718,39,Bekerja,58775,666,19.1,1467,0,0,0,Kredit Berjalan,Bisnis,10.1,169.0,252.0,84.0,1
CUST100719,38,Bekerja,89570,607,0.5,16,0,4,0,Pinjaman Pribadi,Renovasi Rumah,14.56,122.0,1.081,0.36,0
CUST100720,41,Bekerja,23387,602,15.9,479,0,1,1,Kartu Kredit,Renovasi Rumah,19.76,263.0,0.68,227.0,1
CUST100721,28,Wiraswasta,29379,723,2.0,64,0,2,0,Pinjaman Pribadi,Medis,10.1,688.0,824.0,275.0,0
CUST100722,24,Bekerja,16955,746,1.7,136,0,0,0,Kartu Kredit,Medis,17.4,327.0,1.244,415.0,1
CUST100723,46,Bekerja,46124,651,12.2,723,0,0,0,Kredit Berjalan,Konsolidasi Hutang,10.28,263.0,653.0,218.0,1
CUST100724,18,Bekerja,15000,619,0.3,7,0,1,0,Kartu Kredit,Renovasi Rumah,20.93,291.0,993.0,331.0,0
CUST100725,34,Wiraswasta,83927,698,9.4,2530,0,0,0,Kartu Kredit,Medis,17.36,701.0,834.0,278.0,0
CUST100726,50,Wiraswasta,158686,697,23.8,630,0,0,0,Pinjaman Pribadi,Bisnis,11.88,357.0,562.0,187.0,1
CUST100727,39,Bekerja,46644,512,10.8,4452,0,0,0,Pinjaman Pribadi,Bisnis,15.31,209.0,718.0,239.0,0
CUST100728,26,Bekerja,24325,540,0.9,108,0,0,0,Kartu Kredit,Konsolidasi Hutang,22.44,268.0,21.0,7.0,0
CUST100729,48,Mahasiswa,18499,648,29.7,762,0,2,0,Kartu Kredit,Medis,19.33,229.0,97.0,32.0,1
CUST100730,40,Mahasiswa,15000,655,4.2,55,0,0,0,Kredit Berjalan,Pribadi,9.08,125.0,333.0,111.0,1
CUST100731,25,Bekerja,21382,633,4.5,1057,0,0,0,Kredit Berjalan,Medis,12.99,211.0,295.0,98.0,1
CUST100732,40,Bekerja,15000,619,8.9,63,0,2,1,Pinjaman Pribadi,Pribadi,13.87,152.0,193.0,64.0,1
CUST100733,36,Wiraswasta,31603,717,3.4,399,0,1,0,Kartu Kredit,Renovasi Rumah,15.73,156.0,1.348,449.0,1
CUST100734,37,Wiraswasta,34799,705,9.7,731,0,0,0,Kartu Kredit,Bisnis,16.47,0.33,578.0,193.0,1
CUST100735,37,Bekerja,22199,632,0.5,4,0,2,0,Pinjaman Pribadi,Medis,14.4,212.0,829.0,276.0,0
CUST100736,31,Bekerja,41908,739,2.5,404,0,0,0,Pinjaman Pribadi,Medis,9.88,0.22,1.413,471.0,1
CUST100737,29,Wiraswasta,39087,747,9.4,14362,1,2,0,Kredit Berjalan,Pendidikan,9.06,166.0,803.0,268.0,0
CUST100738,36,Bekerja,27597,543,15.9,320,0,1,1,Kartu Kredit,Bisnis,21.65,305.0,1.352,451.0,0
CUST100739,21,Wiraswasta,21939,586,0.5,9,0,1,2,Kartu Kredit,Bisnis,22.53,149.0,0.16,53.0,0
CUST100740,36,Mahasiswa,18462,623,13.0,1207,0,0,0,Kartu Kredit,Pribadi,20.71,86.0,97.0,32.0,1
CUST100741,27,Wiraswasta,41950,582,1.8,31,0,2,0,Kartu Kredit,Pendidikan,22.19,265.0,1.173,391.0,0
CUST100742,37,Bekerja,62384,658,9.9,10372,0,0,0,Pinjaman Pribadi,Renovasi Rumah,12.88,215.0,1.565,522.0,1
CUST100743,21,Bekerja,22708,515,2.8,5,0,0,1,Pinjaman Pribadi,Medis,16.84,0.08,1.788,596.0,0
CUST100744,44,Bekerja,47461,637,25.9,1392,0,0,0,Pinjaman Pribadi,Renovasi Rumah,13.84,459.0,118.0,39.0,1
CUST100745,27,Bekerja,43082,704,4.1,454,0,0,0,Kartu Kredit,Pendidikan,16.5,349.0,1.335,445.0,1
CUST100746,38,Mahasiswa,15000,607,4.7,389,0,0,0,Pinjaman Pribadi,Bisnis,13.4,496.0,0.4,133.0,0
CUST100747,33,Bekerja,29065,640,2.1,27,0,0,0,Kartu Kredit,Medis,20.11,277.0,313.0,104.0,1
CUST100748,37,Bekerja,37496,600,9.3,807,0,1,0,Kartu Kredit,Renovasi Rumah,19.89,418.0,843.0,281.0,1
CUST100749,28,Wiraswasta,59393,671,5.5,195,0,1,0,Pinjaman Pribadi,Pribadi,12.27,146.0,1.103,368.0,1
CUST100750,43,Bekerja,59721,712,21.7,16249,0,0,0,Kartu Kredit,Pribadi,17.09,508.0,1.115,372.0,1
CUST100751,21,Bekerja,32021,579,2.8,74,0,0,2,Pinjaman Pribadi,Pendidikan,16.57,103.0,887.0,296.0,0
CUST100752,30,Wiraswasta,63015,642,2.9,2446,0,0,0,Pinjaman Pribadi,Bisnis,14.44,383.0,711.0,237.0,0
CUST100753,32,Bekerja,112130,586,2.9,1076,0,1,1,Pinjaman Pribadi,Pendidikan,15.64,0.14,892.0,297.0,0
CUST100754,25,Bekerja,18219,658,6.2,493,0,0,0,Kartu Kredit,Bisnis,17.47,284.0,587.0,196.0,1
CUST100755,31,Wiraswasta,98430,503,4.5,93,0,0,0,Kredit Berjalan,Pendidikan,14.79,0.44,302.0,101.0,0
CUST100756,40,Bekerja,35032,676,1.9,418,0,0,0,Pinjaman Pribadi,Medis,12.13,645.0,1.496,499.0,0
CUST100757,23,Bekerja,16267,601,3.7,359,0,1,0,Pinjaman Pribadi,Pendidikan,14.53,141.0,516.0,172.0,1
CUST100758,36,Bekerja,25921,747,16.1,2486,0,2,0,Kartu Kredit,Pribadi,16.82,93.0,683.0,228.0,1
CUST100759,41,Bekerja,45712,730,0.6,10,0,1,0,Pinjaman Pribadi,Konsolidasi Hutang,10.13,24.0,761.0,254.0,0
CUST100760,34,Bekerja,25103,658,2.2,346,0,0,0,Kredit Berjalan,Pribadi,9.17,141.0,653.0,218.0,1
CUST100761,20,Mahasiswa,16140,617,0.1,12,0,0,0,Kartu Kredit,Medis,19.53,503.0,99.0,33.0,0
CUST100762,48,Bekerja,40130,702,11.9,674,0,0,0,Kartu Kredit,Pendidikan,15.89,355.0,0.7,233.0,1
CUST100763,42,Bekerja,28791,673,17.5,3953,0,0,0,Kartu Kredit,Pribadi,18.05,418.0,396.0,132.0,1
CUST100764,30,Wiraswasta,34929,568,1.5,521,0,0,0,Kartu Kredit,Bisnis,21.05,0.34,1.346,449.0,0
CUST100765,57,Bekerja,79384,708,10.9,1814,0,0,0,Kredit Berjalan,Bisnis,9.15,271.0,338.0,113.0,1
CUST100766,37,Bekerja,41973,653,9.0,147,0,0,0,Kartu Kredit,Pribadi,17.85,51.0,0.4,133.0,1
CUST100767,36,Bekerja,119298,691,2.1,2038,0,0,0,Kartu Kredit,Bisnis,18.01,0.08,575.0,192.0,1
CUST100768,49,Bekerja,55907,727,23.8,4989,0,0,0,Kartu Kredit,Bisnis,16.15,41.0,594.0,198.0,1
CUST100769,48,Wiraswasta,119310,676,19.7,7108,0,1,0,Kredit Berjalan,Pribadi,10.18,269.0,163.0,54.0,1
CUST100770,30,Bekerja,15000,590,9.3,3027,0,0,1,Kartu Kredit,Pribadi,22.97,46.0,1.36,453.0,0
CUST100771,18,Bekerja,28905,646,0.6,27,0,1,0,Kartu Kredit,Pribadi,19.2,159.0,408.0,136.0,1
CUST100772,31,Bekerja,57239,582,10.6,325,0,4,1,Kartu Kredit,Pendidikan,21.37,384.0,791.0,264.0,0
CUST100773,43,Wiraswasta,60345,633,4.8,5734,0,0,0,Kartu Kredit,Renovasi Rumah,20.17,0.37,761.0,254.0,1
CUST100774,46,Bekerja,67632,687,10.2,5402,0,0,0,Kartu Kredit,Konsolidasi Hutang,18.2,505.0,825.0,275.0,0
CUST100775,43,Bekerja,27414,640,21.6,1984,0,0,0,Kartu Kredit,Medis,20.93,366.0,795.0,265.0,1
CUST100776,32,Bekerja,15000,589,3.9,1149,0,3,0,Kartu Kredit,Pribadi,21.08,105.0,67.0,22.0,0
CUST100777,45,Bekerja,56534,557,10.1,4218,0,0,0,Kredit Berjalan,Pendidikan,14.2,204.0,375.0,125.0,1
CUST100778,35,Bekerja,45819,639,4.5,1353,0,0,0,Kartu Kredit,Pendidikan,19.94,258.0,223.0,74.0,1
CUST100779,52,Bekerja,160380,663,17.3,37078,0,0,0,Kartu Kredit,Pendidikan,18.56,381.0,436.0,145.0,1
CUST100780,38,Bekerja,23303,624,14.2,578,0,0,0,Pinjaman Pribadi,Pribadi,13.6,43.0,1.614,538.0,1
CUST100781,31,Bekerja,28114,534,12.1,2863,0,1,2,Kartu Kredit,Bisnis,21.07,262.0,594.0,198.0,0
CUST100782,21,Bekerja,18204,552,2.1,80,1,2,0,Pinjaman Pribadi,Pribadi,16.41,209.0,1.522,507.0,0
CUST100783,44,Wiraswasta,62106,697,4.8,3255,0,0,0,Kartu Kredit,Pendidikan,18.14,116.0,594.0,198.0,1
CUST100784,21,Bekerja,17741,661,0.2,0,0,1,0,Pinjaman Pribadi,Renovasi Rumah,11.6,288.0,1.973,658.0,0
CUST100785,43,Bekerja,67021,594,21.1,9401,0,2,0,Kartu Kredit,Pribadi,22.55,255.0,0.87,0.29,1
CUST100786,30,Bekerja,39736,635,8.0,227,0,0,0,Pinjaman Pribadi,Renovasi Rumah,14.71,257.0,828.0,276.0,1
CUST100787,37,Bekerja,78787,706,0.3,72,0,0,0,Kartu Kredit,Renovasi Rumah,17.11,204.0,888.0,296.0,1
CUST100788,39,Wiraswasta,78417,658,16.1,26786,0,0,0,Kredit Berjalan,Bisnis,9.35,531.0,0.43,143.0,0
CUST100789,31,Bekerja,20004,652,4.6,1829,0,0,0,Kartu Kredit,Renovasi Rumah,17.45,283.0,1.19,397.0,1
CUST100790,19,Bekerja,23626,533,1.2,351,0,1,1,Kartu Kredit,Renovasi Rumah,21.0,327.0,1.371,457.0,0
CUST100791,30,Bekerja,32296,590,6.3,9669,0,1,0,Pinjaman Pribadi,Medis,16.63,52.0,1.561,0.52,0
CUST100792,38,Wiraswasta,85704,692,6.3,17971,0,2,0,Kartu Kredit,Bisnis,18.3,351.0,817.0,272.0,1
CUST100793,56,Bekerja,46566,622,25.9,385,0,1,0,Pinjaman Pribadi,Renovasi Rumah,14.32,0.21,528.0,176.0,1
CUST100794,41,Bekerja,47794,624,16.7,3556,0,3,0,Kredit Berjalan,Pribadi,12.52,531.0,266.0,89.0,0
CUST100795,44,Bekerja,128570,704,13.0,6539,0,2,0,Kartu Kredit,Pendidikan,16.9,631.0,544.0,181.0,0
CUST100796,26,Bekerja,62663,599,0.3,6,0,0,0,Pinjaman Pribadi,Bisnis,15.1,0.41,479.0,0.16,0
CUST100797,48,Bekerja,250000,641,8.2,11016,0,1,0,Kartu Kredit,Renovasi Rumah,20.71,253.0,228.0,76.0,1
CUST100798,41,Mahasiswa,15000,711,11.7,57,0,0,0,Kartu Kredit,Pribadi,17.27,0.16,0.1,33.0,1
CUST100799,29,Bekerja,27259,640,6.1,2238,0,0,1,Kartu Kredit,Bisnis,20.74,398.0,932.0,311.0,1
CUST100800,47,Bekerja,61705,792,1.8,758,0,0,0,Pinjaman Pribadi,Pendidikan,8.2,301.0,1.259,0.42,1
CUST100801,38,Bekerja,37212,647,13.8,69,0,0,0,Kartu Kredit,Renovasi Rumah,20.14,205.0,876.0,292.0,1
CUST100802,18,Bekerja,20744,664,0.9,106,0,1,0,Kartu Kredit,Renovasi Rumah,18.32,316.0,892.0,297.0,1
CUST100803,18,Bekerja,46008,570,0.9,68,0,2,1,Pinjaman Pribadi,Medis,16.9,185.0,1.754,585.0,0
CUST100804,18,Bekerja,15157,659,1.9,226,0,0,0,Kartu Kredit,Renovasi Rumah,17.49,294.0,904.0,301.0,1
CUST100805,48,Bekerja,62311,678,22.3,574,0,0,0,Kartu Kredit,Pribadi,17.46,388.0,0.64,213.0,1
CUST100806,47,Bekerja,35088,683,7.4,28936,0,0,0,Kredit Berjalan,Pribadi,10.44,42.0,345.0,115.0,1
CUST100807,34,Wiraswasta,80395,701,13.7,1370,0,0,0,Pinjaman Pribadi,Konsolidasi Hutang,10.4,485.0,1.244,415.0,0
CUST100808,43,Bekerja,41132,699,20.2,68319,0,0,0,Kredit Berjalan,Pendidikan,10.49,281.0,625.0,208.0,1
CUST100809,35,Wiraswasta,54701,637,13.5,38484,0,0,0,Pinjaman Pribadi,Konsolidasi Hutang,14.06,213.0,1.687,562.0,1
CUST100810,33,Bekerja,45178,714,0.0,0,0,0,0,Kartu Kredit,Medis,17.22,211.0,401.0,134.0,1
CUST100811,34,Wiraswasta,76047,715,12.5,634,0,0,0,Pinjaman Pribadi,Bisnis,9.67,0.3,1.315,438.0,1
CUST100812,29,Wiraswasta,28715,691,6.3,737,0,0,0,Kartu Kredit,Renovasi Rumah,17.47,186.0,1.229,0.41,1
CUST100813,34,Bekerja,42733,527,15.4,599,0,2,0,Kartu Kredit,Medis,21.79,221.0,459.0,153.0,0
CUST100814,41,Bekerja,85426,589,6.3,2053,0,3,0,Kartu Kredit,Pendidikan,21.1,146.0,819.0,273.0,0
CUST100815,32,Bekerja,45654,668,11.6,5728,0,0,0,Kredit Berjalan,Medis,10.09,277.0,502.0,167.0,1
CUST100816,35,Bekerja,29399,643,5.8,398,0,0,1,Kartu Kredit,Pendidikan,20.89,331.0,1.078,359.0,0
CUST100817,36,Wiraswasta,33835,670,15.8,984,0,0,0,Kartu Kredit,Pendidikan,17.49,367.0,1.138,379.0,1
CUST100818,41,Bekerja,60932,588,9.9,1622,1,1,0,Kredit Berjalan,Medis,14.82,476.0,417.0,139.0,0
CUST100819,45,Bekerja,40534,719,25.1,6132,1,3,0,Kartu Kredit,Renovasi Rumah,16.72,357.0,163.0,54.0,0
CUST100820,41,Bekerja,88921,565,7.5,957,0,0,0,Pinjaman Pribadi,Konsolidasi Hutang,16.72,229.0,719.0,0.24,0
CUST100821,29,Mahasiswa,16906,644,10.8,378,0,1,0,Kartu Kredit,Renovasi Rumah,20.24,348.0,101.0,34.0,1
CUST100822,48,Bekerja,34001,659,0.9,782,0,0,0,Kredit Berjalan,Pendidikan,9.82,274.0,244.0,81.0,1
CUST100823,26,Bekerja,22269,569,6.2,205,0,0,0,Kartu Kredit,Renovasi Rumah,21.35,318.0,0.26,87.0,1
CUST100824,33,Wiraswasta,123448,616,9.0,7020,0,0,0,Kredit Berjalan,Pendidikan,11.27,211.0,405.0,135.0,1
CUST100825,33,Mahasiswa,15000,686,8.4,311,0,0,0,Kartu Kredit,Pribadi,18.53,392.0,0.1,33.0,1
CUST100826,33,Bekerja,23885,513,2.9,182,0,1,0,Pinjaman Pribadi,Pendidikan,16.39,199.0,867.0,289.0,0
CUST100827,39,Wiraswasta,205203,608,14.9,882,0,0,0,Kartu Kredit,Medis,20.33,496.0,341.0,114.0,1
CUST100828,25,Bekerja,15000,636,2.1,8,0,4,0,Kredit Berjalan,Pendidikan,12.83,303.0,0.44,147.0,0
CUST100829,27,Wiraswasta,58766,554,6.2,178,0,0,1,Kartu Kredit,Renovasi Rumah,21.56,336.0,929.0,0.31,0
CUST100830,52,Bekerja,46486,705,28.4,16367,0,0,0,Pinjaman Pribadi,Konsolidasi Hutang,9.67,225.0,1.962,654.0,1
CUST100831,30,Bekerja,58748,701,8.6,4163,0,1,0,Kredit Berjalan,Pribadi,8.46,0.44,269.0,0.09,1
CUST100832,25,Bekerja,15762,664,4.4,621,0,0,0,Pinjaman Pribadi,Renovasi Rumah,12.53,214.0,178.0,59.0,1
CUST100833,46,Bekerja,25994,706,13.9,6809,0,1,0,Kartu Kredit,Bisnis,16.25,85.0,469.0,156.0,1
CUST100834,31,Bekerja,20665,621,4.3,307,0,0,0,Kredit Berjalan,Renovasi Rumah,12.45,169.0,556.0,185.0,1
CUST100835,18,Bekerja,15000,609,1.2,359,0,1,0,Kartu Kredit,Pendidikan,20.0,104.0,313.0,104.0,1
CUST100836,28,Bekerja,103414,659,8.9,309,0,0,1,Pinjaman Pribadi,Pribadi,11.78,294.0,967.0,322.0,1
CUST100837,30,Bekerja,34709,584,10.3,851,0,1,1,Kredit Berjalan,Pendidikan,13.01,521.0,409.0,136.0,0
CUST100838,44,Wiraswasta,140811,615,16.2,14323,0,2,0,Pinjaman Pribadi,Medis,13.28,217.0,342.0,114.0,1
CUST100839,18,Bekerja,32716,460,1.5,75,1,2,0,Kartu Kredit,Pendidikan,22.35,329.0,1.207,402.0,0
CUST100840,42,Bekerja,68660,723,11.3,38548,0,0,0,Kartu Kredit,Pendidikan,15.57,56.0,0.07,23.0,1
CUST100841,53,Bekerja,44989,674,11.1,19667,0,0,0,Pinjaman Pribadi,Renovasi Rumah,11.02,429.0,1.014,338.0,1
CUST100842,48,Bekerja,45214,654,7.8,710,0,0,1,Kredit Berjalan,Pendidikan,9.57,124.0,765.0,255.0,1
CUST100843,49,Bekerja,95128,714,26.0,4963,0,0,0,Pinjaman Pribadi,Renovasi Rumah,11.39,375.0,1.051,0.35,1
CUST100844,37,Mahasiswa,18232,694,8.3,286,0,1,0,Kartu Kredit,Pendidikan,17.53,499.0,99.0,33.0,1
CUST100845,28,Bekerja,43097,616,1.1,10,0,1,1,Kredit Berjalan,Medis,12.45,594.0,385.0,128.0,0
CUST100846,32,Bekerja,20714,470,5.8,261,0,1,0,Kredit Berjalan,Renovasi Rumah,13.54,238.0,285.0,95.0,0
CUST100847,26,Bekerja,35309,578,6.9,7418,0,0,0,Kartu Kredit,Pribadi,21.07,444.0,1.28,427.0,0
CUST100848,43,Wiraswasta,160101,662,11.0,32014,0,0,0,Kartu Kredit,Renovasi Rumah,17.31,319.0,242.0,81.0,1
CUST100849,44,Wiraswasta,80321,702,9.5,2864,0,1,0,Kartu Kredit,Konsolidasi Hutang,16.96,224.0,476.0,159.0,1
CUST100850,44,Bekerja,27110,612,9.4,1034,0,0,0,Pinjaman Pribadi,Pribadi,13.9,72.0,896.0,299.0,1
CUST100851,20,Bekerja,55277,576,2.0,2373,0,1,0,Kartu Kredit,Renovasi Rumah,22.51,525.0,1.21,403.0,0
CUST100852,42,Bekerja,42867,612,0.6,1441,0,2,0,Pinjaman Pribadi,Pribadi,13.61,331.0,1.803,601.0,1
CUST100853,49,Bekerja,44780,773,2.4,89,0,0,0,Kartu Kredit,Medis,15.63,317.0,918.0,306.0,1
CUST100854,27,Mahasiswa,49768,597,3.1,442,1,3,1,Kartu Kredit,Pribadi,21.91,704.0,0.1,33.0,0
CUST100855,43,Bekerja,74026,764,3.6,513,0,0,0,Pinjaman Pribadi,Medis,8.96,474.0,207.0,69.0,1
CUST100856,27,Bekerja,30643,591,7.3,924,0,2,0,Kredit Berjalan,Pendidikan,13.99,0.49,209.0,0.07,0
CUST100857,61,Bekerja,140278,751,29.5,52420,0,0,0,Pinjaman Pribadi,Medis,8.07,187.0,115.0,38.0,1
CUST100858,37,Mahasiswa,37628,724,8.2,1491,0,0,0,Kredit Berjalan,Pribadi,7.64,41.0,239.0,0.08,1
CUST100859,27,Bekerja,17547,514,6.8,16,0,0,0,Kredit Berjalan,Renovasi Rumah,14.35,75.0,826.0,275.0,0
CUST100860,26,Bekerja,29952,522,7.7,1915,0,0,0,Pinjaman Pribadi,Pribadi,15.03,179.0,1.639,546.0,1
CUST100861,31,Bekerja,23284,692,11.1,956,0,0,0,Pinjaman Pribadi,Pendidikan,12.48,48.0,1.224,408.0,1
CUST100862,18,Wiraswasta,93673,597,0.8,340,0,1,0,Pinjaman Pribadi,Pribadi,16.29,419.0,501.0,167.0,0
CUST100863,40,Bekerja,83991,749,15.2,273,0,0,1,Kartu Kredit,Pendidikan,16.81,321.0,824.0,275.0,1
CUST100864,46,Wiraswasta,77196,702,16.7,1525,0,0,0,Kartu Kredit,Bisnis,17.47,144.0,233.0,78.0,1
CUST100865,52,Bekerja,78020,688,6.4,459,0,0,0,Kartu Kredit,Bisnis,17.59,355.0,897.0,299.0,1
CUST100866,43,Wiraswasta,31597,652,20.2,671,0,0,0,Kredit Berjalan,Konsolidasi Hutang,10.96,62.0,718.0,239.0,1
CUST100867,24,Wiraswasta,74680,733,0.6,216,0,0,0,Pinjaman Pribadi,Pendidikan,9.54,129.0,0.57,0.19,1
CUST100868,35,Bekerja,33550,565,6.2,327,0,1,1,Kartu Kredit,Pribadi,21.81,266.0,939.0,313.0,0
CUST100869,18,Bekerja,15000,563,0.8,110,0,2,0,Kartu Kredit,Pribadi,21.94,113.0,1.387,462.0,0
CUST100870,46,Mahasiswa,32660,575,5.6,75,0,0,0,Kartu Kredit,Pendidikan,21.82,139.0,101.0,34.0,1
CUST100871,45,Bekerja,41576,666,6.6,472,1,5,0,Kredit Berjalan,Pribadi,9.66,176.0,628.0,209.0,0
CUST100872,47,Mahasiswa,15900,680,28.5,4942,0,1,0,Kredit Berjalan,Pendidikan,9.36,0.14,314.0,105.0,1
CUST100873,50,Bekerja,26991,659,16.6,483,0,0,0,Kartu Kredit,Bisnis,18.01,32.0,67.0,22.0,1
CUST100874,37,Bekerja,74614,800,5.2,1107,0,0,0,Pinjaman Pribadi,Renovasi Rumah,8.67,286.0,842.0,281.0,1
CUST100875,18,Wiraswasta,32846,534,0.7,343,1,1,0,Pinjaman Pribadi,Pribadi,15.87,266.0,1.263,421.0,0
CUST100876,27,Wiraswasta,62678,737,5.6,1973,0,0,0,Kartu Kredit,Konsolidasi Hutang,16.25,187.0,1.117,372.0,1
CUST100877,26,Mahasiswa,22623,592,6.6,1991,0,0,0,Kredit Berjalan,Bisnis,14.88,0.05,429.0,143.0,0
CUST100878,29,Bekerja,16797,519,4.2,40,1,6,0,Pinjaman Pribadi,Pribadi,16.75,196.0,1.155,385.0,0
CUST100879,24,Bekerja,20578,781,4.2,66,0,1,0,Kredit Berjalan,Bisnis,7.22,0.1,384.0,128.0,1
CUST100880,38,Wiraswasta,122672,643,10.3,54707,0,0,0,Kredit Berjalan,Pribadi,12.56,0.22,186.0,62.0,1
CUST100881,46,Bekerja,47771,655,8.6,2766,0,0,0,Kartu Kredit,Pribadi,17.04,419.0,1.3,433.0,1
CUST100882,40,Bekerja,46859,644,20.9,1506,0,2,0,Kredit Berjalan,Pendidikan,11.77,165.0,273.0,91.0,1
CUST100883,42,Bekerja,43795,688,20.8,4062,0,0,0,Kredit Berjalan,Medis,9.17,491.0,331.0,0.11,1
CUST100884,45,Mahasiswa,15000,621,9.8,737,0,1,0,Kartu Kredit,Konsolidasi Hutang,19.11,512.0,0.1,33.0,0
CUST100885,26,Wiraswasta,33286,578,7.9,3841,0,1,1,Kredit Berjalan,Medis,14.53,371.0,583.0,194.0,0
CUST100886,53,Bekerja,50627,638,22.6,8251,0,3,0,Kredit Berjalan,Pribadi,12.22,119.0,839.0,0.28,0
CUST100887,51,Bekerja,68290,662,2.2,1305,0,0,0,Pinjaman Pribadi,Renovasi Rumah,12.9,305.0,208.0,69.0,1
CUST100888,32,Wiraswasta,94209,685,4.0,600,0,1,0,Kredit Berjalan,Pendidikan,9.53,463.0,317.0,106.0,1
CUST100889,18,Mahasiswa,26013,564,0.7,104,1,0,0,Kartu Kredit,Pribadi,22.18,237.0,0.1,33.0,0
CUST100890,18,Wiraswasta,24489,636,0.9,3,0,2,0,Kredit Berjalan,Renovasi Rumah,11.53,0.12,417.0,139.0,0
CUST100891,29,Bekerja,22231,651,7.1,578,0,1,0,Kartu Kredit,Bisnis,18.01,372.0,535.0,178.0,0
CUST100892,25,Bekerja,37945,620,2.6,202,0,0,0,Pinjaman Pribadi,Pribadi,14.27,472.0,1.834,611.0,0
CUST100893,32,Mahasiswa,15000,607,9.3,54,0,0,0,Pinjaman Pribadi,Pribadi,13.89,289.0,107.0,36.0,1
CUST100894,38,Bekerja,60188,692,17.2,1062,0,0,0,Kartu Kredit,Medis,17.81,238.0,1.163,388.0,1
CUST100895,30,Bekerja,21335,633,7.9,615,0,2,0,Pinjaman Pribadi,Medis,14.25,287.0,323.0,108.0,0
CUST100896,30,Bekerja,32703,640,0.4,51,0,0,0,Kartu Kredit,Medis,20.97,376.0,0.81,0.27,0
CUST100897,37,Bekerja,17761,553,1.3,239,0,1,1,Pinjaman Pribadi,Pendidikan,16.82,253.0,867.0,289.0,0
CUST100898,36,Bekerja,43592,570,8.5,1398,0,0,0,Pinjaman Pribadi,Pendidikan,16.87,0.12,133.0,44.0,1
CUST100899,40,Bekerja,60999,648,10.8,15487,0,0,0,Pinjaman Pribadi,Renovasi Rumah,14.16,122.0,1.579,526.0,1
CUST100900,26,Bekerja,16051,532,1.8,7507,0,1,1,Kartu Kredit,Pendidikan,22.08,304.0,773.0,258.0,0
CUST100901,51,Bekerja,49071,628,4.5,70013,0,1,0,Kartu Kredit,Medis,20.72,126.0,732.0,244.0,1
CUST100902,35,Bekerja,34457,704,2.0,412,0,0,0,Pinjaman Pribadi,Renovasi Rumah,11.39,499.0,99.0,33.0,1
CUST100903,42,Mahasiswa,28581,562,16.9,691,0,2,0,Kartu Kredit,Pendidikan,22.65,378.0,17.0,6.0,1
CUST100904,38,Bekerja,19365,668,3.0,182,0,0,0,Kredit Berjalan,Konsolidasi Hutang,10.55,308.0,0.62,207.0,0
CUST100905,38,Bekerja,111398,744,4.2,401,0,0,0,Kartu Kredit,Medis,15.53,194.0,266.0,89.0,1
CUST100906,44,Bekerja,66847,646,22.0,3186,0,0,0,Kartu Kredit,Pendidikan,20.95,481.0,284.0,95.0,1
CUST100907,44,Bekerja,42531,621,4.8,464,0,0,0,Kartu Kredit,Konsolidasi Hutang,20.28,166.0,1.162,387.0,0
CUST100908,30,Bekerja,59246,656,2.6,1024,0,0,0,Kartu Kredit,Pendidikan,18.38,198.0,397.0,132.0,1
CUST100909,38,Wiraswasta,118292,787,0.6,252,0,1,0,Pinjaman Pribadi,Pendidikan,8.97,214.0,845.0,282.0,1
CUST100910,23,Bekerja,34056,532,0.7,28,0,1,1,Kartu Kredit,Pribadi,21.88,164.0,435.0,145.0,0
CUST100911,38,Bekerja,33594,600,9.0,3903,0,2,0,Kredit Berjalan,Renovasi Rumah,12.72,437.0,839.0,0.28,0
CUST100912,22,Bekerja,29267,626,2.0,2696,0,0,0,Kartu Kredit,Pendidikan,19.84,602.0,345.0,115.0,0
CUST100913,19,Bekerja,39475,654,1.8,197,0,0,0,Kartu Kredit,Bisnis,18.29,352.0,117.0,39.0,1
CUST100914,18,Bekerja,57873,613,0.3,203,0,1,0,Kartu Kredit,Konsolidasi Hutang,19.11,315.0,885.0,295.0,0
CUST100915,22,Bekerja,27764,559,2.2,74,0,0,1,Pinjaman Pribadi,Pribadi,16.98,0.5,1.387,462.0,0
CUST100916,18,Bekerja,15000,539,0.1,2,0,0,0,Kartu Kredit,Pribadi,21.87,85.0,0.48,0.16,0
CUST100917,44,Bekerja,41904,713,23.0,2362,0,0,0,Kartu Kredit,Pribadi,17.15,183.0,24.0,8.0,1
CUST100918,49,Bekerja,56424,666,3.4,124,0,0,0,Kredit Berjalan,Pendidikan,9.45,126.0,172.0,57.0,1
CUST100919,28,Bekerja,33569,689,0.1,5,0,0,0,Pinjaman Pribadi,Medis,11.62,343.0,778.0,259.0,0
CUST100920,31,Bekerja,21317,672,5.6,21,0,0,0,Pinjaman Pribadi,Pribadi,12.67,51.0,1.464,488.0,0
CUST100921,38,Wiraswasta,84424,645,10.1,562,0,0,0,Kredit Berjalan,Pribadi,12.36,323.0,509.0,0.17,1
CUST100922,44,Bekerja,47868,625,11.6,22024,0,0,0,Kredit Berjalan,Pendidikan,12.42,131.0,253.0,84.0,1
CUST100923,42,Wiraswasta,49008,721,21.8,30685,0,0,0,Kredit Berjalan,Bisnis,7.65,181.0,904.0,301.0,1
CUST100924,42,Bekerja,21009,641,15.0,2838,0,0,0,Pinjaman Pribadi,Renovasi Rumah,14.84,78.0,57.0,19.0,1
CUST100925,30,Wiraswasta,117328,656,5.7,18963,0,0,0,Pinjaman Pribadi,Medis,12.29,365.0,281.0,94.0,1
CUST100926,22,Bekerja,15000,538,1.7,61,0,0,0,Pinjaman Pribadi,Renovasi Rumah,15.02,223.0,1.153,384.0,0
CUST100927,30,Mahasiswa,15000,568,6.3,392,0,0,0,Kredit Berjalan,Pribadi,13.97,278.0,627.0,209.0,1
CUST100928,32,Wiraswasta,115293,607,6.0,417,0,0,0,Kartu Kredit,Pribadi,19.06,93.0,259.0,86.0,1
CUST100929,49,Bekerja,42123,539,21.7,1142,0,2,1,Kartu Kredit,Medis,22.74,337.0,482.0,161.0,1
CUST100930,49,Mahasiswa,17544,766,16.0,506,0,0,0,Pinjaman Pribadi,Medis,9.38,81.0,747.0,249.0,1
CUST100931,36,Bekerja,20141,726,11.0,321,0,0,0,Kartu Kredit,Pribadi,16.54,404.0,0.76,253.0,1
CUST100932,46,Bekerja,99605,641,17.7,1401,0,3,0,Kartu Kredit,Pendidikan,19.47,137.0,703.0,234.0,0
CUST100933,35,Wiraswasta,138945,697,5.7,5882,0,0,0,Kredit Berjalan,Konsolidasi Hutang,9.4,457.0,306.0,102.0,0
CUST100934,29,Bekerja,20080,634,5.8,197,0,0,0,Pinjaman Pribadi,Pendidikan,13.6,437.0,737.0,246.0,1
CUST100935,25,Wiraswasta,38703,622,2.8,51,0,4,0,Pinjaman Pribadi,Renovasi Rumah,13.44,127.0,1.718,573.0,0
CUST100936,27,Bekerja,62831,716,4.5,167,0,0,0,Pinjaman Pribadi,Pribadi,11.09,389.0,1.592,531.0,1
CUST100937,31,Mahasiswa,19350,576,1.3,18,1,1,0,Kartu Kredit,Renovasi Rumah,21.88,128.0,98.0,33.0,0
CUST100938,26,Bekerja,35085,639,6.4,1281,0,1,0,Kredit Berjalan,Pribadi,12.83,179.0,596.0,199.0,1
CUST100939,30,Bekerja,24060,735,2.9,261,0,0,0,Pinjaman Pribadi,Medis,10.16,386.0,956.0,319.0,1
CUST100940,32,Wiraswasta,29726,704,8.1,1378,0,0,0,Kartu Kredit,Pendidikan,16.19,315.0,632.0,211.0,1
CUST100941,27,Bekerja,36135,711,1.8,783,0,0,0,Pinjaman Pribadi,Renovasi Rumah,10.97,88.0,1.276,425.0,1
CUST100942,48,Bekerja,19259,596,11.7,476,0,1,0,Kartu Kredit,Pendidikan,21.37,103.0,784.0,261.0,1
CUST100943,33,Wiraswasta,37456,643,3.7,410,0,0,0,Pinjaman Pribadi,Bisnis,13.96,256.0,75.0,25.0,0
CUST100944,33,Bekerja,25149,526,9.2,660,0,2,0,Kartu Kredit,Pendidikan,21.28,249.0,354.0,118.0,1
CUST100945,24,Bekerja,17447,647,0.1,48,0,0,0,Pinjaman Pribadi,Bisnis,13.53,202.0,1.691,564.0,0
CUST100946,38,Mahasiswa,22444,648,11.9,352,0,2,0,Kartu Kredit,Bisnis,19.61,274.0,98.0,33.0,1
CUST100947,52,Bekerja,35803,697,20.3,6892,0,0,0,Pinjaman Pribadi,Pendidikan,12.37,268.0,408.0,136.0,1
CUST100948,19,Wiraswasta,80689,624,1.9,294,0,2,0,Pinjaman Pribadi,Medis,14.76,101.0,913.0,304.0,0
CUST100949,22,Wiraswasta,34967,567,1.6,124,0,0,0,Kartu Kredit,Renovasi Rumah,22.99,0.21,478.0,159.0,0
CUST100950,22,Bekerja,27794,638,1.0,374,0,0,0,Kartu Kredit,Pendidikan,20.96,0.38,943.0,314.0,0
CUST100951,28,Bekerja,15000,740,8.8,1931,0,0,0,Pinjaman Pribadi,Renovasi Rumah,10.49,28.0,0.12,0.04,1
CUST100952,18,Bekerja,32007,606,1.9,146,0,1,0,Kredit Berjalan,Pribadi,12.76,266.0,522.0,174.0,1
CUST100953,36,Bekerja,42437,685,11.7,44826,0,0,0,Kartu Kredit,Pribadi,18.3,94.0,146.0,49.0,1
CUST100954,25,Bekerja,202217,534,3.0,1839,0,0,1,Pinjaman Pribadi,Konsolidasi Hutang,15.18,116.0,379.0,126.0,0
CUST100955,46,Bekerja,170855,661,16.2,5559,0,0,0,Kartu Kredit,Pribadi,17.51,269.0,0.41,137.0,1
CUST100956,18,Bekerja,77444,621,1.5,22723,0,4,0,Pinjaman Pribadi,Pendidikan,13.57,544.0,0.89,297.0,0
CUST100957,39,Wiraswasta,49939,621,12.6,2507,0,4,0,Kredit Berjalan,Bisnis,12.62,577.0,883.0,294.0,0
CUST100958,26,Mahasiswa,20224,538,4.9,1390,0,2,0,Pinjaman Pribadi,Pribadi,16.1,457.0,1.666,555.0,0
CUST100959,41,Bekerja,43499,767,14.7,1285,0,0,0,Pinjaman Pribadi,Pribadi,9.33,236.0,274.0,91.0,1
CUST100960,38,Wiraswasta,49903,692,0.5,60,0,1,0,Pinjaman Pribadi,Konsolidasi Hutang,12.39,417.0,146.0,49.0,0
CUST100961,37,Wiraswasta,48463,581,5.3,189,1,1,0,Kartu Kredit,Bisnis,22.4,215.0,454.0,151.0,0
CUST100962,52,Mahasiswa,34209,778,9.6,5527,0,0,0,Pinjaman Pribadi,Pendidikan,9.09,156.0,79.0,26.0,1
CUST100963,19,Bekerja,19317,741,0.8,31,0,0,0,Pinjaman Pribadi,Pendidikan,11.41,326.0,989.0,0.33,1
CUST100964,53,Bekerja,132018,698,23.3,838,0,0,0,Pinjaman Pribadi,Konsolidasi Hutang,12.95,535.0,757.0,252.0,0
CUST100965,35,Bekerja,54952,659,12.4,1228,0,1,0,Pinjaman Pribadi,Medis,12.73,34.0,939.0,313.0,1
CUST100966,56,Bekerja,64680,693,16.0,187,0,0,0,Kartu Kredit,Bisnis,17.0,411.0,325.0,108.0,1
CUST100967,40,Bekerja,70519,772,2.3,312,0,0,0,Kredit Berjalan,Bisnis,7.8,519.0,648.0,216.0,0
CUST100968,29,Bekerja,27693,562,9.0,984,1,3,0,Pinjaman Pribadi,Konsolidasi Hutang,15.62,159.0,1.972,657.0,0
CUST100969,22,Bekerja,21575,730,3.1,143,0,0,0,Kredit Berjalan,Renovasi Rumah,8.43,653.0,232.0,77.0,0
CUST100970,27,Mahasiswa,18968,653,8.0,224,0,0,0,Kartu Kredit,Pribadi,18.25,315.0,0.1,33.0,1
CUST100971,33,Bekerja,30842,590,13.2,326,0,1,1,Kredit Berjalan,Bisnis,14.25,172.0,0.24,0.08,0
CUST100972,25,Bekerja,30546,525,5.2,1964,0,1,0,Kartu Kredit,Pendidikan,21.06,763.0,822.0,274.0,0
CUST100973,36,Wiraswasta,99265,646,12.1,1322,0,1,0,Pinjaman Pribadi,Medis,13.09,117.0,421.0,0.14,1
CUST100974,34,Wiraswasta,234036,741,10.4,37692,0,0,0,Pinjaman Pribadi,Bisnis,11.14,471.0,277.0,92.0,1
CUST100975,41,Bekerja,48995,728,10.8,31875,0,0,0,Pinjaman Pribadi,Pribadi,10.79,309.0,67.0,22.0,1
CUST100976,58,Bekerja,41142,719,27.8,718,0,0,0,Kartu Kredit,Pendidikan,16.5,0.21,1.009,336.0,1
CUST100977,30,Bekerja,28711,624,2.9,313,0,1,0,Pinjaman Pribadi,Pendidikan,14.23,112.0,1.275,425.0,0
CUST100978,36,Bekerja,87827,586,12.9,1284,1,3,0,Kredit Berjalan,Pribadi,14.7,12.0,343.0,114.0,0
CUST100979,36,Bekerja,41608,603,8.9,9200,1,1,0,Pinjaman Pribadi,Pribadi,14.48,214.0,89.0,0.03,0
CUST100980,40,Bekerja,20212,685,1.0,15,0,0,1,Kartu Kredit,Renovasi Rumah,18.93,105.0,524.0,175.0,1
CUST100981,44,Bekerja,60392,704,21.1,20089,0,0,0,Pinjaman Pribadi,Renovasi Rumah,10.67,333.0,38.0,13.0,1
CUST100982,23,Bekerja,25476,627,2.1,53,0,2,0,Kartu Kredit,Pribadi,19.34,326.0,946.0,315.0,1
CUST100983,25,Bekerja,46857,593,0.8,8,0,1,0,Pinjaman Pribadi,Pribadi,16.14,421.0,1.581,527.0,0
CUST100984,25,Bekerja,39832,595,6.2,302,1,2,1,Pinjaman Pribadi,Bisnis,16.16,159.0,1.263,421.0,0
CUST100985,33,Mahasiswa,16699,563,6.8,2458,0,1,0,Kartu Kredit,Renovasi Rumah,22.25,232.0,102.0,34.0,1
CUST100986,18,Wiraswasta,23860,595,0.1,6,0,0,1,Kredit Berjalan,Pribadi,14.3,26.0,423.0,141.0,0
CUST100987,41,Bekerja,63317,655,12.2,2218,0,1,0,Pinjaman Pribadi,Bisnis,12.07,318.0,1.344,448.0,1
CUST100988,50,Mahasiswa,52454,596,28.2,5728,1,0,0,Pinjaman Pribadi,Pendidikan,16.0,163.0,442.0,147.0,0
CUST100989,27,Wiraswasta,60378,611,2.8,2300,0,0,0,Pinjaman Pribadi,Bisnis,13.27,316.0,749.0,0.25,0
CUST100990,31,Bekerja,36124,560,2.8,1899,0,3,1,Kartu Kredit,Pribadi,22.96,382.0,1.29,0.43,0
CUST100991,18,Bekerja,21162,540,0.1,6,1,0,0,Kartu Kredit,Pribadi,21.88,237.0,614.0,205.0,0
CUST100992,62,Bekerja,61858,688,12.3,3756,0,0,0,Kartu Kredit,Pribadi,18.25,416.0,314.0,105.0,1
CUST100993,18,Bekerja,27806,568,0.5,108,0,1,0,Kartu Kredit,Renovasi Rumah,21.66,282.0,446.0,149.0,0
CUST100994,43,Wiraswasta,125843,584,12.6,7372,1,3,0,Pinjaman Pribadi,Pribadi,15.53,521.0,795.0,265.0,0
CUST100995,18,Bekerja,72441,686,1.9,289,0,0,0,Pinjaman Pribadi,Pribadi,12.54,0.24,63.0,21.0,1
CUST100996,50,Wiraswasta,28780,696,28.1,4544,0,0,0,Kartu Kredit,Konsolidasi Hutang,17.72,544.0,0.08,27.0,0
CUST100997,53,Mahasiswa,19799,639,0.7,4,0,1,0,Pinjaman Pribadi,Pendidikan,13.16,262.0,985.0,328.0,0
CUST100998,33,Bekerja,80124,585,14.1,73,0,1,0,Pinjaman Pribadi,Bisnis,15.5,28.0,1.248,416.0,0
CUST100999,49,Wiraswasta,65022,694,11.1,401,0,0,0,Pinjaman Pribadi,Bisnis,11.32,162.0,1.538,513.0,1
CUST101000,34,Mahasiswa,20431,645,15.1,5165,0,0,0,Kartu Kredit,Pribadi,20.77,411.0,98.0,33.0,1
CUST101001,39,Bekerja,52456,582,20.7,5944,0,1,1,Kartu Kredit,Renovasi Rumah,22.61,483.0,294.0,98.0,0
CUST101002,40,Bekerja,47175,651,19.1,3628,0,1,0,Kredit Berjalan,Medis,10.67,0.4,471.0,157.0,0
CUST101003,43,Bekerja,26248,661,23.1,4113,0,0,0,Pinjaman Pribadi,Bisnis,12.71,388.0,0.88,293.0,1
CUST101004,41,Wiraswasta,85607,705,17.8,222647,0,0,0,Pinjaman Pribadi,Pendidikan,10.48,57.0,1.168,389.0,1
CUST101005,35,Bekerja,55810,679,2.0,32,0,0,0,Kartu Kredit,Renovasi Rumah,18.29,247.0,1.084,361.0,0
CUST101006,35,Bekerja,41919,479,13.2,398,0,1,2,Kredit Berjalan,Bisnis,13.49,177.0,231.0,77.0,0
CUST101007,18,Bekerja,27738,559,1.6,102,0,0,0,Kartu Kredit,Pendidikan,21.42,278.0,407.0,136.0,1
CUST101008,34,Bekerja,85514,703,10.6,2487,0,0,0,Kartu Kredit,Pribadi,16.79,59.0,819.0,273.0,1
CUST101009,27,Bekerja,46682,693,4.7,253,0,1,0,Kredit Berjalan,Konsolidasi Hutang,10.29,0.21,381.0,127.0,0
CUST101010,28,Bekerja,24527,646,7.6,2692,0,1,0,Pinjaman Pribadi,Pribadi,13.17,379.0,942.0,314.0,1
CUST101011,18,Wiraswasta,89132,563,1.7,532,0,0,0,Kredit Berjalan,Pribadi,14.58,716.0,487.0,162.0,0
CUST101012,19,Wiraswasta,48608,689,0.4,5,0,1,0,Pinjaman Pribadi,Pribadi,11.04,198.0,1.594,531.0,0
CUST101013,21,Bekerja,21277,581,1.2,108,0,0,0,Pinjaman Pribadi,Pribadi,16.74,139.0,1.828,609.0,0
CUST101014,36,Mahasiswa,17325,582,0.2,10,0,1,3,Kartu Kredit,Medis,22.63,391.0,98.0,33.0,0
CUST101015,26,Bekerja,74708,640,0.0,0,0,0,0,Kartu Kredit,Konsolidasi Hutang,20.75,602.0,214.0,71.0,0
CUST101016,25,Bekerja,53952,623,2.2,234,0,0,0,Pinjaman Pribadi,Renovasi Rumah,14.4,257.0,1.824,608.0,0
CUST101017,25,Bekerja,26839,539,6.7,434,0,1,0,Kartu Kredit,Pribadi,21.82,539.0,227.0,76.0,0
CUST101018,18,Mahasiswa,18973,541,1.4,476,0,1,0,Kartu Kredit,Pendidikan,22.76,0.71,0.1,33.0,0
CUST101019,29,Wiraswasta,131313,681,10.3,11934,0,0,1,Kartu Kredit,Medis,17.63,609.0,429.0,143.0,0
CUST101020,35,Bekerja,33594,642,11.0,4457,0,1,0,Kartu Kredit,Medis,19.04,213.0,569.0,0.19,0
CUST101021,30,Bekerja,21235,592,9.2,1163,0,1,0,Kartu Kredit,Pribadi,22.15,422.0,367.0,122.0,1
CUST101022,31,Wiraswasta,22846,666,7.7,1762,0,1,0,Pinjaman Pribadi,Pendidikan,11.01,544.0,1.746,582.0,0
CUST101023,34,Wiraswasta,71794,584,10.0,72,0,1,0,Kartu Kredit,Bisnis,21.3,105.0,415.0,138.0,1
CUST101024,20,Mahasiswa,87079,641,1.5,121,0,1,0,Pinjaman Pribadi,Medis,13.56,93.0,875.0,292.0,0
CUST101025,48,Bekerja,62953,658,0.7,146,0,0,0,Kredit Berjalan,Pribadi,10.9,0.22,268.0,89.0,1
CUST101026,34,Mahasiswa,15000,636,10.0,407,0,1,0,Kartu Kredit,Renovasi Rumah,20.74,263.0,0.1,33.0,1
CUST101027,25,Wiraswasta,88232,487,5.5,3376,0,2,0,Pinjaman Pribadi,Konsolidasi Hutang,16.23,248.0,843.0,281.0,0
CUST101028,38,Bekerja,73082,687,16.0,11302,0,1,0,Pinjaman Pribadi,Pribadi,12.67,88.0,781.0,0.26,1
CUST101029,36,Wiraswasta,113683,554,13.4,79750,0,2,0,Pinjaman Pribadi,Renovasi Rumah,15.15,0.26,0.68,227.0,1
CUST101030,35,Bekerja,43767,610,12.3,4028,0,2,0,Kartu Kredit,Pribadi,19.3,403.0,628.0,209.0,1
CUST101031,35,Bekerja,40640,652,8.9,130,0,0,0,Kredit Berjalan,Renovasi Rumah,9.97,293.0,123.0,41.0,1
CUST101032,46,Bekerja,83562,631,1.1,355,0,0,0,Kartu Kredit,Medis,19.76,0.02,323.0,108.0,1
CUST101033,18,Bekerja,30846,701,0.3,72,0,0,0,Pinjaman Pribadi,Pribadi,10.49,263.0,1.657,552.0,0
CUST101034,33,Bekerja,53971,595,3.3,407,0,1,2,Pinjaman Pribadi,Pribadi,15.73,161.0,1.853,618.0,0
CUST101035,41,Bekerja,60681,609,3.5,163,0,1,1,Kredit Berjalan,Renovasi Rumah,11.49,138.0,386.0,129.0,1
CUST101036,39,Wiraswasta,64814,566,10.2,5992,1,1,1,Kartu Kredit,Medis,22.2,141.0,1.08,0.36,0
CUST101037,53,Bekerja,34385,688,20.3,402,0,0,0,Kredit Berjalan,Pribadi,11.0,0.52,686.0,229.0,1
CUST101038,28,Bekerja,69702,669,7.4,200,0,0,0,Pinjaman Pribadi,Medis,11.4,273.0,1.435,478.0,1
CUST101039,26,Bekerja,18164,728,3.0,16,0,0,0,Kartu Kredit,Pribadi,17.1,355.0,1.162,387.0,1
CUST101040,29,Bekerja,22220,585,6.8,4261,0,4,0,Pinjaman Pribadi,Medis,16.14,134.0,1.031,344.0,0
CUST101041,22,Bekerja,29373,597,1.8,65,0,1,0,Pinjaman Pribadi,Konsolidasi Hutang,15.39,275.0,1.495,498.0,0
CUST101042,37,Bekerja,35645,737,14.3,2276,0,0,0,Kartu Kredit,Bisnis,17.09,0.56,575.0,192.0,0
CUST101043,36,Mahasiswa,31447,649,2.9,139,0,1,0,Kartu Kredit,Pribadi,20.71,213.0,99.0,33.0,1
CUST101044,38,Bekerja,58093,619,4.0,233,0,1,1,Pinjaman Pribadi,Bisnis,13.38,581.0,1.721,574.0,0
CUST101045,30,Mahasiswa,15000,617,7.1,24,0,1,0,Pinjaman Pribadi,Pribadi,14.47,218.0,473.0,158.0,1
CUST101046,35,Bekerja,30665,662,14.0,438,0,0,0,Kartu Kredit,Pribadi,18.66,141.0,0.74,247.0,1
CUST101047,37,Wiraswasta,177604,633,10.9,29039,0,0,0,Kartu Kredit,Bisnis,19.71,116.0,239.0,0.08,1
CUST101048,47,Bekerja,93346,651,6.3,1239,0,0,1,Kartu Kredit,Konsolidasi Hutang,17.58,129.0,0.75,0.25,1
CUST101049,29,Bekerja,57010,598,7.4,37813,1,1,0,Pinjaman Pribadi,Konsolidasi Hutang,15.47,606.0,549.0,183.0,0
CUST101050,18,Bekerja,19077,619,1.9,132,0,0,0,Kredit Berjalan,Medis,11.16,0.17,362.0,121.0,1
CUST101051,40,Wiraswasta,57936,523,9.2,244,1,0,0,Kartu Kredit,Bisnis,21.19,383.0,1.081,0.36,0
CUST101052,23,Mahasiswa,26950,651,0.1,27,0,0,0,Kartu Kredit,Bisnis,18.4,624.0,0.1,33.0,0
CUST101053,34,Bekerja,29897,598,5.4,20,1,1,1,Kartu Kredit,Renovasi Rumah,22.45,114.0,943.0,314.0,0
CUST101054,29,Bekerja,43250,674,4.6,3599,0,0,0,Kredit Berjalan,Renovasi Rumah,10.12,357.0,176.0,59.0,1
CUST101055,50,Bekerja,73066,715,12.4,2790,0,0,0,Kartu Kredit,Pribadi,16.26,564.0,259.0,86.0,0
CUST101056,39,Bekerja,25718,633,3.2,22,0,0,0,Pinjaman Pribadi,Pribadi,13.87,213.0,0.63,0.21,1
CUST101057,28,Bekerja,35414,665,6.7,1097,0,0,0,Kartu Kredit,Bisnis,17.93,297.0,347.0,116.0,1
CUST101058,26,Bekerja,65524,721,1.5,64,0,0,0,Pinjaman Pribadi,Pribadi,10.33,173.0,1.526,509.0,1
CUST101059,37,Bekerja,15000,601,19.0,170,0,0,0,Kredit Berjalan,Pendidikan,12.89,221.0,887.0,296.0,1
CUST101060,41,Mahasiswa,27725,691,8.0,2374,0,0,0,Pinjaman Pribadi,Pribadi,12.8,149.0,166.0,55.0,1
CUST101061,58,Bekerja,63093,710,7.0,4730,0,0,1,Kredit Berjalan,Pribadi,8.05,369.0,144.0,48.0,1
CUST101062,34,Bekerja,35614,588,6.9,39,0,1,0,Kartu Kredit,Medis,22.7,238.0,1.112,371.0,1
CUST101063,32,Mahasiswa,25556,657,10.9,393,0,0,0,Pinjaman Pribadi,Konsolidasi Hutang,11.07,221.0,125.0,42.0,1
CUST101064,40,Wiraswasta,134701,731,6.0,2925,0,0,1,Kartu Kredit,Renovasi Rumah,16.42,249.0,0.52,173.0,1
CUST101065,33,Bekerja,35582,653,5.1,128,0,0,0,Kartu Kredit,Renovasi Rumah,18.39,383.0,67.0,22.0,1
CUST101066,40,Bekerja,64760,561,5.6,770,0,0,1,Kredit Berjalan,Medis,14.72,519.0,323.0,108.0,0
CUST101067,36,Bekerja,64408,591,11.9,3053,1,2,1,Kredit Berjalan,Renovasi Rumah,14.33,327.0,776.0,259.0,0
CUST101068,18,Bekerja,62484,582,2.0,2286,0,0,0,Pinjaman Pribadi,Medis,16.45,0.24,703.0,234.0,0
CUST101069,48,Wiraswasta,59808,692,25.8,120,0,0,0,Pinjaman Pribadi,Renovasi Rumah,12.46,0.1,1.56,0.52,1
CUST101070,44,Wiraswasta,47491,653,15.8,5185,0,0,0,Kartu Kredit,Bisnis,17.9,164.0,1.253,418.0,1
CUST101071,35,Bekerja,50283,602,13.5,2655,0,1,0,Pinjaman Pribadi,Konsolidasi Hutang,14.26,162.0,1.776,592.0,0
CUST101072,20,Bekerja,23369,562,0.1,1,0,0,1,Kredit Berjalan,Pribadi,14.45,114.0,441.0,147.0,0
CUST101073,43,Bekerja,58607,758,22.1,154953,0,0,0,Kredit Berjalan,Bisnis,6.49,25.0,201.0,67.0,1
CUST101074,18,Mahasiswa,21754,602,2.0,159,0,0,0,Kartu Kredit,Medis,20.39,71.0,101.0,34.0,1
CUST101075,18,Bekerja,15960,533,1.5,226,0,1,0,Pinjaman Pribadi,Pribadi,15.3,0.36,63.0,21.0,0
CUST101076,28,Bekerja,15000,576,9.8,164,0,0,1,Pinjaman Pribadi,Renovasi Rumah,15.28,319.0,1.293,431.0,0
CUST101077,28,Bekerja,27248,602,0.3,460,0,3,1,Kartu Kredit,Bisnis,20.93,271.0,1.061,354.0,0
CUST101078,37,Bekerja,29627,592,1.5,1840,0,1,0,Kartu Kredit,Medis,21.05,112.0,351.0,117.0,0
CUST101079,28,Bekerja,29509,629,6.1,15211,0,0,0,Kartu Kredit,Pribadi,20.81,367.0,1.118,373.0,1
CUST101080,24,Wiraswasta,42947,652,5.2,27,0,0,1,Kredit Berjalan,Pendidikan,9.91,243.0,566.0,189.0,1
CUST101081,42,Bekerja,114980,645,20.8,139,0,0,0,Kredit Berjalan,Bisnis,11.44,0.21,435.0,145.0,1
CUST101082,50,Bekerja,41121,568,27.5,566,0,0,1,Pinjaman Pribadi,Pribadi,15.58,133.0,1.17,0.39,0
CUST101083,53,Bekerja,27378,717,6.5,631,0,0,0,Kartu Kredit,Pendidikan,16.04,159.0,263.0,88.0,1
CUST101084,36,Bekerja,59470,666,10.8,1614,0,2,0,Kartu Kredit,Pendidikan,18.27,54.0,1.177,392.0,1
CUST101085,25,Bekerja,19757,567,5.4,24,0,0,0,Kartu Kredit,Konsolidasi Hutang,22.26,197.0,855.0,285.0,0
CUST101086,32,Bekerja,17924,604,2.6,166,0,0,0,Kartu Kredit,Pribadi,19.04,277.0,301.0,0.1,1
CUST101087,23,Bekerja,47096,665,1.8,5384,0,1,0,Kredit Berjalan,Medis,10.87,466.0,372.0,124.0,0
CUST101088,28,Bekerja,16294,587,8.5,13,1,1,0,Kredit Berjalan,Konsolidasi Hutang,14.69,22.0,319.0,106.0,0
CUST101089,27,Bekerja,18542,581,5.6,148,1,0,0,Kredit Berjalan,Konsolidasi Hutang,14.53,99.0,707.0,236.0,0
CUST101090,31,Wiraswasta,56351,660,7.2,906,0,0,0,Kredit Berjalan,Pendidikan,10.07,0.56,245.0,82.0,0
CUST101091,28,Mahasiswa,20072,644,3.3,1599,0,0,0,Pinjaman Pribadi,Pribadi,13.36,344.0,1.365,455.0,0
CUST101092,41,Bekerja,21421,727,12.2,2584,0,1,0,Kartu Kredit,Medis,16.42,246.0,103.0,34.0,1
CUST101093,47,Bekerja,80644,610,21.5,15193,0,0,0,Kredit Berjalan,Bisnis,12.62,0.26,0.62,207.0,1
CUST101094,40,Bekerja,30641,678,4.3,1210,0,0,0,Kartu Kredit,Pribadi,18.22,329.0,614.0,205.0,1
CUST101095,43,Bekerja,44314,726,17.5,272,0,0,1,Kartu Kredit,Pribadi,15.98,118.0,289.0,96.0,1
CUST101096,35,Bekerja,55599,595,5.0,1572,0,1,0,Kartu Kredit,Pendidikan,21.82,226.0,1.259,0.42,0
CUST101097,31,Bekerja,56055,700,11.6,2532,0,0,0,Kartu Kredit,Konsolidasi Hutang,17.16,186.0,1.12,373.0,1
CUST101098,52,Bekerja,83941,576,29.5,1496,0,1,0,Pinjaman Pribadi,Konsolidasi Hutang,15.13,223.0,735.0,245.0,0
CUST101099,23,Bekerja,28248,593,1.5,57,0,0,0,Pinjaman Pribadi,Pendidikan,15.22,301.0,1.632,544.0,0
CUST101100,18,Bekerja,28103,497,1.1,10,0,1,0,Pinjaman Pribadi,Medis,16.9,215.0,278.0,93.0,0
CUST101101,38,Wiraswasta,23196,547,0.9,8,1,1,0,Kredit Berjalan,Konsolidasi Hutang,14.32,153.0,453.0,151.0,0
CUST101102,30,Wiraswasta,49157,568,5.9,88,1,1,0,Pinjaman Pribadi,Medis,15.14,299.0,1.155,385.0,0
CUST101103,36,Bekerja,45665,616,13.7,2520,0,0,0,Pinjaman Pribadi,Konsolidasi Hutang,13.11,179.0,1.095,365.0,0
CUST101104,48,Bekerja,34356,671,1.6,208,0,0,0,Pinjaman Pribadi,Konsolidasi Hutang,11.94,539.0,1.889,0.63,0
CUST101105,41,Bekerja,129998,645,20.5,10333,0,0,0,Kartu Kredit,Pribadi,20.21,755.0,538.0,179.0,0
CUST101106,18,Bekerja,15000,558,0.7,31,0,1,0,Kartu Kredit,Bisnis,22.31,149.0,133.0,44.0,0
CUST101107,18,Wiraswasta,17379,607,0.1,5,0,2,0,Kredit Berjalan,Pribadi,12.29,155.0,483.0,161.0,0
CUST101108,23,Wiraswasta,36292,580,4.4,342,0,2,0,Kartu Kredit,Pendidikan,22.32,0.36,1.389,463.0,0
CUST101109,51,Wiraswasta,41331,703,18.8,1963,0,0,0,Pinjaman Pribadi,Bisnis,11.13,627.0,823.0,274.0,0
CUST101110,33,Wiraswasta,38297,581,4.6,313,0,2,0,Kartu Kredit,Medis,22.63,476.0,593.0,198.0,0
CUST101111,38,Bekerja,49199,645,0.9,820,0,1,0,Pinjaman Pribadi,Pribadi,14.6,263.0,335.0,112.0,0
CUST101112,27,Mahasiswa,27459,646,1.5,190,0,1,0,Kartu Kredit,Renovasi Rumah,19.4,149.0,98.0,33.0,1
CUST101113,42,Bekerja,33323,670,20.9,4134,0,0,0,Kartu Kredit,Pribadi,18.26,256.0,222.0,74.0,1
CUST101114,18,Bekerja,15000,475,2.0,52,1,1,1,Kartu Kredit,Renovasi Rumah,22.79,166.0,547.0,182.0,0
CUST101115,22,Mahasiswa,23067,678,3.3,778,0,0,1,Kartu Kredit,Medis,17.91,0.12,0.1,33.0,1
CUST101116,18,Bekerja,30395,671,0.1,7,0,0,0,Kartu Kredit,Bisnis,18.77,321.0,115.0,38.0,0
CUST101117,44,Bekerja,103052,641,9.5,14565,0,0,0,Kredit Berjalan,Konsolidasi Hutang,11.01,207.0,413.0,138.0,1
CUST101118,28,Bekerja,38839,593,6.4,6126,1,0,1,Kartu Kredit,Pendidikan,21.8,538.0,873.0,291.0,0
CUST101119,29,Wiraswasta,32550,608,4.7,314,0,1,0,Pinjaman Pribadi,Pribadi,13.08,287.0,1.441,0.48,1
CUST101120,38,Bekerja,51546,566,7.0,5034,0,1,0,Pinjaman Pribadi,Medis,16.23,194.0,0.44,147.0,0
CUST101121,24,Bekerja,18743,649,1.3,10,0,0,0,Kartu Kredit,Bisnis,19.7,439.0,341.0,114.0,1
CUST101122,36,Bekerja,72940,674,9.7,6483,0,0,0,Kartu Kredit,Medis,18.45,209.0,668.0,223.0,1
CUST101123,38,Bekerja,68095,621,5.2,3109,0,1,0,Kredit Berjalan,Pribadi,12.75,375.0,335.0,112.0,1
CUST101124,19,Bekerja,61146,708,0.7,11,0,0,0,Pinjaman Pribadi,Bisnis,10.66,359.0,546.0,182.0,0
CUST101125,32,Bekerja,79292,536,4.2,3298,0,0,0,Kartu Kredit,Pendidikan,21.32,0.42,647.0,216.0,1
CUST101126,30,Mahasiswa,21641,629,7.2,3099,0,0,0,Pinjaman Pribadi,Pendidikan,14.4,351.0,0.06,0.02,1
CUST101127,40,Bekerja,30508,723,3.6,149,0,1,0,Kartu Kredit,Bisnis,16.55,191.0,285.0,95.0,1
CUST101128,35,Bekerja,17590,665,7.2,59,0,0,0,Pinjaman Pribadi,Pribadi,11.67,194.0,807.0,269.0,1
CUST101129,21,Mahasiswa,19815,594,2.8,4103,0,2,0,Kartu Kredit,Bisnis,21.33,141.0,101.0,34.0,0
CUST101130,50,Mahasiswa,48566,722,25.7,6809,0,0,0,Pinjaman Pribadi,Medis,10.21,529.0,1.715,572.0,0
CUST101131,36,Bekerja,31239,711,18.0,191,0,0,0,Pinjaman Pribadi,Pendidikan,10.2,523.0,637.0,212.0,1
CUST101132,30,Mahasiswa,53864,572,9.8,115,0,1,0,Pinjaman Pribadi,Pribadi,16.24,353.0,1.066,355.0,0
CUST101133,40,Bekerja,61523,576,8.3,229,0,1,1,Kartu Kredit,Renovasi Rumah,21.48,0.1,328.0,109.0,1
CUST101134,24,Bekerja,49348,633,0.7,5420,0,0,1,Kartu Kredit,Pendidikan,19.97,563.0,1.279,426.0,0
CUST101135,30,Bekerja,136229,581,2.4,577,0,0,0,Kartu Kredit,Pendidikan,21.39,222.0,123.0,41.0,1
CUST101136,49,Bekerja,196836,688,4.8,2419,0,0,1,Kredit Berjalan,Pribadi,10.2,76.0,156.0,52.0,1
CUST101137,44,Bekerja,33955,729,11.4,2371,0,0,0,Kredit Berjalan,Pendidikan,7.71,0.15,701.0,234.0,1
CUST101138,29,Bekerja,43527,804,5.5,108,0,0,0,Pinjaman Pribadi,Bisnis,9.54,274.0,333.0,111.0,1
CUST101139,59,Wiraswasta,34937,746,21.9,361,0,0,0,Kartu Kredit,Renovasi Rumah,16.69,326.0,535.0,178.0,1
CUST101140,26,Wiraswasta,53334,567,0.4,180,0,0,0,Kartu Kredit,Pendidikan,22.23,422.0,66.0,22.0,0
CUST101141,43,Bekerja,90553,756,9.1,2478,0,0,0,Kartu Kredit,Konsolidasi Hutang,14.2,135.0,309.0,103.0,1
CUST101142,45,Bekerja,50269,694,3.2,72,0,0,0,Kartu Kredit,Bisnis,17.54,71.0,678.0,226.0,1
CUST101143,38,Mahasiswa,34186,707,18.8,3219,0,0,0,Pinjaman Pribadi,Renovasi Rumah,10.6,0.29,1.109,0.37,1
CUST101144,49,Bekerja,34450,693,20.4,76,1,1,0,Pinjaman Pribadi,Pendidikan,12.97,662.0,891.0,297.0,0
CUST101145,35,Bekerja,35048,679,11.3,2563,0,0,0,Kredit Berjalan,Bisnis,10.0,389.0,382.0,127.0,1
CUST101146,18,Wiraswasta,29746,513,0.9,51,0,2,0,Kredit Berjalan,Bisnis,14.62,397.0,0.36,0.12,0
CUST101147,36,Bekerja,83132,689,8.3,158,0,0,0,Kartu Kredit,Pendidikan,18.7,0.37,374.0,125.0,1
CUST101148,30,Bekerja,62038,566,8.6,2242,0,1,0,Kartu Kredit,Pribadi,22.0,335.0,708.0,236.0,1
CUST101149,29,Bekerja,22852,534,3.0,116,1,0,0,Kredit Berjalan,Pendidikan,14.3,567.0,499.0,166.0,0
CUST101150,49,Bekerja,113899,719,28.0,23942,0,0,0,Kartu Kredit,Pribadi,16.66,446.0,615.0,205.0,1
CUST101151,40,Wiraswasta,68646,662,9.2,506,0,0,0,Kartu Kredit,Renovasi Rumah,18.97,194.0,558.0,186.0,1
CUST101152,29,Bekerja,21904,632,6.0,163,0,2,0,Pinjaman Pribadi,Konsolidasi Hutang,13.51,626.0,753.0,251.0,0
CUST101153,37,Bekerja,83608,730,17.6,778,0,0,0,Pinjaman Pribadi,Pribadi,10.95,68.0,469.0,156.0,1
CUST101154,28,Bekerja,93535,570,3.9,14021,0,0,1,Pinjaman Pribadi,Bisnis,16.31,208.0,1.069,356.0,0
CUST101155,58,Bekerja,45081,675,19.1,3551,0,0,0,Kartu Kredit,Medis,17.93,215.0,1.211,404.0,1
CUST101156,40,Wiraswasta,29030,651,8.6,2109,0,0,0,Kredit Berjalan,Medis,10.59,0.38,513.0,171.0,1
CUST101157,34,Bekerja,41744,604,8.7,6623,0,0,0,Kredit Berjalan,Pendidikan,11.91,0.22,791.0,264.0,1
CUST101158,38,Bekerja,22556,709,16.1,743,0,0,0,Kartu Kredit,Medis,16.38,579.0,377.0,126.0,0
CUST101159,36,Bekerja,35225,691,5.6,1280,0,0,0,Pinjaman Pribadi,Pendidikan,11.3,321.0,744.0,248.0,1
CUST101160,23,Wiraswasta,17674,602,3.0,164,0,2,1,Pinjaman Pribadi,Pendidikan,13.92,115.0,1.092,364.0,0
CUST101161,33,Bekerja,45711,629,10.0,2169,1,2,0,Kartu Kredit,Medis,19.89,549.0,372.0,124.0,0
CUST101162,38,Bekerja,45652,673,19.0,332,0,0,0,Pinjaman Pribadi,Pendidikan,11.42,191.0,802.0,267.0,1
CUST101163,43,Bekerja,26147,689,6.3,189,0,0,0,Pinjaman Pribadi,Medis,12.14,92.0,639.0,213.0,1
CUST101164,28,Bekerja,46238,549,1.2,3,0,1,0,Kartu Kredit,Pendidikan,21.34,198.0,534.0,178.0,0
CUST101165,42,Bekerja,85374,621,18.1,29152,0,1,1,Pinjaman Pribadi,Medis,14.61,0.42,275.0,92.0,1
CUST101166,29,Bekerja,26693,613,3.7,1316,0,0,0,Kartu Kredit,Renovasi Rumah,19.8,306.0,49.0,16.0,1
CUST101167,53,Bekerja,43849,681,5.3,277,0,0,0,Kredit Berjalan,Pribadi,9.19,83.0,673.0,224.0,1
CUST101168,35,Bekerja,93846,689,6.0,2680,0,0,0,Pinjaman Pribadi,Bisnis,12.08,337.0,754.0,251.0,1
CUST101169,61,Bekerja,68896,745,16.1,7631,0,0,0,Kredit Berjalan,Renovasi Rumah,9.28,371.0,284.0,95.0,1
CUST101170,37,Mahasiswa,15000,647,17.9,279,0,0,1,Kartu Kredit,Pribadi,20.17,143.0,0.1,33.0,1
CUST101171,45,Bekerja,71241,691,11.1,14775,0,1,0,Kredit Berjalan,Pendidikan,9.7,131.0,251.0,84.0,1
CUST101172,18,Bekerja,22487,590,0.5,40,0,0,0,Pinjaman Pribadi,Konsolidasi Hutang,16.72,0.44,1.672,557.0,0
CUST101173,26,Bekerja,65253,670,0.8,1151,0,0,0,Pinjaman Pribadi,Bisnis,12.66,164.0,0.49,163.0,1
CUST101174,28,Bekerja,21782,592,0.8,22,0,0,1,Kartu Kredit,Medis,21.13,406.0,1.345,448.0,0
CUST101175,32,Wiraswasta,49928,664,10.1,1851,0,0,0,Pinjaman Pribadi,Konsolidasi Hutang,11.86,0.26,631.0,0.21,1
CUST101176,27,Bekerja,50698,632,2.8,803,0,0,1,Pinjaman Pribadi,Bisnis,14.96,0.32,1.002,334.0,0
CUST101177,30,Mahasiswa,25286,651,11.0,427,0,0,0,Kartu Kredit,Medis,17.62,128.0,99.0,33.0,1
CUST101178,54,Bekerja,78771,648,21.9,796,0,0,0,Pinjaman Pribadi,Medis,14.97,288.0,505.0,168.0,1
CUST101179,40,Bekerja,24651,701,5.3,311,0,0,0,Pinjaman Pribadi,Pendidikan,11.35,104.0,1.574,525.0,1
CUST101180,37,Bekerja,44600,728,10.5,1249,0,0,0,Kredit Berjalan,Medis,9.46,438.0,357.0,119.0,1
CUST101181,38,Mahasiswa,25738,498,9.8,53,0,1,0,Kartu Kredit,Pribadi,21.59,66.0,101.0,34.0,1
CUST101182,45,Wiraswasta,66575,774,26.6,1719,0,1,0,Kartu Kredit,Bisnis,15.47,241.0,1.051,0.35,1
CUST101183,42,Bekerja,108539,677,13.8,617,0,0,0,Pinjaman Pribadi,Renovasi Rumah,12.73,229.0,762.0,254.0,1
CUST101184,34,Bekerja,22664,622,0.2,2,0,3,0,Pinjaman Pribadi,Bisnis,13.83,473.0,1.633,544.0,0
CUST101185,18,Bekerja,44431,462,1.8,84,0,0,0,Kartu Kredit,Renovasi Rumah,22.91,84.0,259.0,86.0,0
CUST101186,40,Bekerja,115406,694,17.4,35424,0,0,0,Kartu Kredit,Bisnis,18.44,386.0,607.0,202.0,1
CUST101187,19,Bekerja,46372,616,1.2,66,0,0,0,Kartu Kredit,Medis,20.32,96.0,1.065,355.0,0
CUST101188,35,Bekerja,28295,642,16.8,473,0,1,0,Kartu Kredit,Pendidikan,19.13,75.0,258.0,86.0,1
CUST101189,36,Bekerja,20991,681,16.6,1902,0,0,0,Kartu Kredit,Pribadi,17.8,265.0,1.305,435.0,1
CUST101190,19,Mahasiswa,18311,582,0.2,21,0,2,0,Kartu Kredit,Renovasi Rumah,22.69,482.0,98.0,33.0,0
CUST101191,40,Bekerja,40557,696,2.4,75,0,0,0,Kredit Berjalan,Bisnis,9.95,169.0,286.0,95.0,1
CUST101192,22,Mahasiswa,16422,688,1.6,80,0,1,0,Pinjaman Pribadi,Pribadi,11.42,63.0,505.0,168.0,1
CUST101193,32,Wiraswasta,60201,613,7.4,4627,0,2,0,Kredit Berjalan,Renovasi Rumah,11.82,306.0,493.0,164.0,1
CUST101194,34,Bekerja,17564,558,15.7,4727,0,0,1,Kredit Berjalan,Pendidikan,13.49,182.0,285.0,95.0,1
CUST101195,18,Bekerja,27769,596,1.5,9,0,1,1,Pinjaman Pribadi,Pribadi,15.07,201.0,1.729,576.0,0
CUST101196,48,Bekerja,53295,756,15.3,509,0,0,0,Pinjaman Pribadi,Konsolidasi Hutang,9.47,108.0,888.0,296.0,1
CUST101197,21,Bekerja,21643,592,0.8,6,0,1,2,Kartu Kredit,Pendidikan,22.9,0.43,0.55,183.0,0
CUST101198,34,Wiraswasta,121030,682,10.7,21239,0,0,0,Kartu Kredit,Konsolidasi Hutang,17.67,504.0,578.0,193.0,0
CUST101199,25,Bekerja,51994,552,0.3,45,0,1,0,Pinjaman Pribadi,Pribadi,16.89,355.0,1.891,0.63,0
CUST101200,30,Wiraswasta,41832,680,12.0,12739,0,0,0,Kredit Berjalan,Pribadi,10.71,238.0,557.0,186.0,1
CUST101201,38,Bekerja,56297,557,17.8,2985,1,1,1,Kredit Berjalan,Pendidikan,14.22,0.17,0.73,243.0,0
CUST101202,54,Bekerja,65406,662,25.9,1919,1,1,0,Kartu Kredit,Pribadi,18.15,283.0,32.0,11.0,0
CUST101203,38,Bekerja,35301,593,10.2,154,0,2,0,Pinjaman Pribadi,Pendidikan,16.37,0.14,632.0,211.0,1
CUST101204,35,Mahasiswa,28806,733,3.4,183,0,0,0,Pinjaman Pribadi,Konsolidasi Hutang,10.37,269.0,1.132,377.0,0
CUST101205,18,Wiraswasta,107779,576,0.4,12,0,0,0,Kartu Kredit,Pendidikan,22.63,0.35,649.0,216.0,0
CUST101206,22,Bekerja,30781,595,3.2,26,1,1,0,Kredit Berjalan,Renovasi Rumah,13.49,353.0,702.0,234.0,0
CUST101207,27,Mahasiswa,15000,728,2.0,1046,0,0,0,Pinjaman Pribadi,Bisnis,9.75,0.17,1.907,636.0,0
CUST101208,37,Bekerja,51229,635,4.1,679,0,0,0,Pinjaman Pribadi,Pendidikan,14.99,612.0,915.0,305.0,0
CUST101209,42,Bekerja,75729,629,7.0,95,0,0,0,Kartu Kredit,Pendidikan,20.54,104.0,924.0,308.0,1
CUST101210,46,Bekerja,74236,574,6.3,2436,0,0,0,Kartu Kredit,Pendidikan,21.46,67.0,0.14,47.0,1
CUST101211,52,Bekerja,122624,776,1.2,727,0,1,1,Pinjaman Pribadi,Bisnis,9.88,254.0,78.0,26.0,1
CUST101212,24,Mahasiswa,15000,694,2.6,57,0,0,0,Kartu Kredit,Renovasi Rumah,18.28,204.0,47.0,16.0,1
CUST101213,44,Bekerja,56871,693,5.5,14376,0,1,0,Kartu Kredit,Medis,18.62,109.0,499.0,166.0,1
CUST101214,35,Bekerja,72640,722,13.6,219,0,0,0,Kredit Berjalan,Pendidikan,8.88,378.0,672.0,224.0,1
CUST101215,53,Bekerja,63925,637,7.4,1320,0,0,0,Kartu Kredit,Renovasi Rumah,19.04,759.0,624.0,208.0,0
CUST101216,23,Mahasiswa,33178,526,0.7,138,0,2,1,Pinjaman Pribadi,Bisnis,16.57,314.0,485.0,162.0,0
CUST101217,43,Bekerja,59049,768,4.0,261,0,0,0,Pinjaman Pribadi,Renovasi Rumah,8.21,735.0,75.0,25.0,0
CUST101218,18,Bekerja,15000,581,0.9,2,0,0,0,Pinjaman Pribadi,Bisnis,15.94,227.0,813.0,271.0,0
CUST101219,42,Wiraswasta,50888,683,3.5,294,1,2,0,Pinjaman Pribadi,Pendidikan,12.57,295.0,1.356,452.0,0
CUST101220,42,Bekerja,40497,720,4.6,819,0,0,0,Pinjaman Pribadi,Bisnis,10.86,335.0,951.0,317.0,1
CUST101221,26,Bekerja,65553,633,4.0,1,0,3,0,Kartu Kredit,Renovasi Rumah,19.59,185.0,589.0,196.0,0
CUST101222,37,Wiraswasta,71988,558,12.2,4238,0,1,3,Kartu Kredit,Pendidikan,21.6,471.0,579.0,193.0,0
CUST101223,38,Wiraswasta,76747,688,10.6,68,0,0,0,Kredit Berjalan,Bisnis,10.54,491.0,388.0,129.0,1
CUST101224,33,Mahasiswa,29890,726,3.7,2594,0,0,0,Pinjaman Pribadi,Pendidikan,10.58,267.0,1.763,588.0,1
CUST101225,28,Bekerja,15000,561,4.7,453,0,1,0,Kartu Kredit,Pendidikan,22.33,306.0,0.56,187.0,1
CUST101226,36,Bekerja,25473,639,3.2,92,0,2,0,Kartu Kredit,Medis,19.08,559.0,1.358,453.0,0
CUST101227,50,Bekerja,95008,832,20.0,8725,0,0,0,Pinjaman Pribadi,Pendidikan,8.46,484.0,129.0,43.0,1
CUST101228,30,Bekerja,15000,609,11.0,2631,0,2,0,Kartu Kredit,Renovasi Rumah,20.05,139.0,0.22,73.0,1
CUST101229,31,Bekerja,53772,618,7.9,1732,0,0,0,Pinjaman Pribadi,Medis,13.67,472.0,1.824,608.0,0
CUST101230,32,Bekerja,40370,622,13.7,2772,0,0,0,Kartu Kredit,Pendidikan,20.8,303.0,1.283,428.0,1
CUST101231,29,Bekerja,28240,653,0.7,65,0,0,0,Kartu Kredit,Medis,18.24,626.0,708.0,236.0,0
CUST101232,45,Bekerja,42529,597,19.2,1902,0,1,0,Kredit Berjalan,Pribadi,13.34,285.0,348.0,116.0,0
CUST101233,31,Mahasiswa,29469,589,5.1,19239,0,0,1,Pinjaman Pribadi,Medis,15.1,368.0,753.0,251.0,0
CUST101234,45,Bekerja,48146,595,0.3,25,0,2,0,Kartu Kredit,Pribadi,21.53,254.0,997.0,332.0,0
CUST101235,30,Bekerja,25912,559,8.3,1478,0,0,0,Kartu Kredit,Pendidikan,22.75,311.0,614.0,205.0,1
CUST101236,52,Bekerja,113061,626,25.4,14067,0,0,0,Kredit Berjalan,Renovasi Rumah,11.33,233.0,261.0,87.0,1
CUST101237,46,Bekerja,85461,657,19.3,5110,0,0,0,Kredit Berjalan,Pribadi,9.64,618.0,0.51,0.17,0
CUST101238,50,Bekerja,73022,649,7.9,2854,0,1,0,Kredit Berjalan,Pendidikan,12.76,208.0,638.0,213.0,1
CUST101239,47,Bekerja,29426,536,27.3,3236,0,2,0,Kartu Kredit,Bisnis,22.16,325.0,1.393,464.0,0
CUST101240,51,Bekerja,120366,702,8.9,2138,0,0,0,Kredit Berjalan,Pribadi,9.37,389.0,155.0,52.0,1
CUST101241,26,Bekerja,37780,689,4.2,64,0,0,0,Kartu Kredit,Pribadi,18.87,485.0,543.0,181.0,1
CUST101242,36,Bekerja,45947,732,7.8,1158,0,0,0,Kredit Berjalan,Pribadi,7.66,159.0,488.0,163.0,1
CUST101243,40,Wiraswasta,59615,680,11.8,7791,0,0,1,Kartu Kredit,Renovasi Rumah,17.46,194.0,664.0,221.0,1
CUST101244,53,Bekerja,59249,654,12.2,263,0,0,0,Kartu Kredit,Pribadi,17.73,463.0,781.0,0.26,1
CUST101245,40,Bekerja,45696,637,11.4,389,0,0,0,Kredit Berjalan,Bisnis,12.37,508.0,1.026,342.0,0
CUST101246,32,Mahasiswa,37087,577,5.6,1795,1,0,0,Kartu Kredit,Renovasi Rumah,21.58,446.0,0.1,33.0,0
CUST101247,51,Wiraswasta,19493,627,13.1,170,0,0,0,Kredit Berjalan,Konsolidasi Hutang,12.84,261.0,544.0,181.0,0
CUST101248,18,Bekerja,16223,584,1.2,18,0,5,0,Pinjaman Pribadi,Renovasi Rumah,15.97,326.0,265.0,88.0,0
CUST101249,25,Bekerja,47418,599,3.3,46,0,2,0,Kartu Kredit,Konsolidasi Hutang,22.21,539.0,991.0,0.33,0
CUST101250,38,Bekerja,71866,670,18.8,315,1,2,1,Pinjaman Pribadi,Konsolidasi Hutang,12.95,136.0,1.385,462.0,0
CUST101251,31,Bekerja,42332,580,0.2,53,0,1,0,Pinjaman Pribadi,Renovasi Rumah,16.76,372.0,964.0,321.0,0
CUST101252,18,Bekerja,42661,559,1.7,1069,0,4,0,Pinjaman Pribadi,Pendidikan,16.25,339.0,1.374,458.0,0
CUST101253,50,Wiraswasta,67548,782,19.3,1003,0,0,0,Kredit Berjalan,Bisnis,7.18,483.0,502.0,167.0,1
CUST101254,20,Bekerja,21615,592,1.5,209,0,0,0,Pinjaman Pribadi,Konsolidasi Hutang,15.72,367.0,689.0,0.23,0
CUST101255,40,Mahasiswa,28975,694,2.2,325,0,0,0,Pinjaman Pribadi,Pribadi,12.53,233.0,1.039,346.0,1
CUST101256,46,Bekerja,50409,662,23.1,3251,0,0,0,Kartu Kredit,Pribadi,17.57,0.13,1.01,337.0,1
CUST101257,21,Wiraswasta,124702,636,1.3,3182,0,0,0,Pinjaman Pribadi,Pribadi,14.82,274.0,802.0,267.0,1
CUST101258,50,Bekerja,38703,724,14.4,147,0,0,0,Kartu Kredit,Medis,15.8,78.0,1.139,0.38,1
CUST101259,28,Bekerja,21570,641,3.7,806,0,2,1,Kartu Kredit,Bisnis,19.97,188.0,343.0,114.0,0
CUST101260,28,Bekerja,19227,613,3.7,771,0,2,0,Kartu Kredit,Medis,20.25,401.0,895.0,298.0,0
CUST101261,42,Mahasiswa,25025,624,15.9,354,0,0,1,Kartu Kredit,Medis,20.92,588.0,0.1,33.0,0
CUST101262,23,Bekerja,26009,591,4.2,1360,0,0,0,Pinjaman Pribadi,Renovasi Rumah,15.17,153.0,46.0,15.0,0
CUST101263,54,Bekerja,69343,788,27.6,10198,0,0,1,Kredit Berjalan,Pendidikan,6.06,0.39,293.0,98.0,1
CUST101264,18,Bekerja,21759,627,0.2,145,0,0,0,Kredit Berjalan,Renovasi Rumah,12.88,454.0,0.23,77.0,0
CUST101265,36,Wiraswasta,44019,589,1.5,25,1,1,0,Kartu Kredit,Bisnis,21.15,0.28,98.0,33.0,0
CUST101266,43,Bekerja,54487,710,22.0,50320,0,0,0,Pinjaman Pribadi,Pendidikan,10.03,299.0,444.0,148.0,1
CUST101267,40,Bekerja,20971,699,16.1,3441,0,0,0,Pinjaman Pribadi,Pendidikan,11.52,391.0,1.035,345.0,1
CUST101268,27,Bekerja,20209,595,5.7,81,0,1,3,Kartu Kredit,Pribadi,22.25,68.0,732.0,244.0,0
CUST101269,44,Bekerja,39100,758,18.8,5281,0,0,0,Kartu Kredit,Medis,15.63,606.0,417.0,139.0,0
CUST101270,44,Bekerja,130543,720,21.7,4922,0,0,0,Kartu Kredit,Renovasi Rumah,16.45,243.0,536.0,179.0,1
CUST101271,44,Bekerja,54600,527,17.4,1070,0,0,1,Kartu Kredit,Renovasi Rumah,22.3,165.0,833.0,278.0,0
CUST101272,48,Wiraswasta,205142,694,0.3,35,0,0,0,Kartu Kredit,Bisnis,17.69,325.0,76.0,25.0,1
CUST101273,18,Bekerja,35216,682,2.0,46,0,1,0,Pinjaman Pribadi,Bisnis,12.64,197.0,1.638,546.0,0
CUST101274,38,Bekerja,50458,625,4.6,682,0,1,0,Kredit Berjalan,Konsolidasi Hutang,11.39,403.0,581.0,194.0,0
CUST101275,46,Bekerja,56775,708,12.8,4421,1,2,0,Kredit Berjalan,Medis,8.36,355.0,232.0,77.0,0
CUST101276,24,Bekerja,18565,645,3.1,34,0,0,0,Kartu Kredit,Pribadi,19.36,35.0,0.49,163.0,1
CUST101277,31,Wiraswasta,61105,663,10.6,4839,0,0,0,Kartu Kredit,Medis,18.21,234.0,1.146,382.0,1
CUST101278,18,Bekerja,17169,671,0.8,12,0,0,0,Kredit Berjalan,Medis,9.38,162.0,361.0,0.12,1
CUST101279,42,Bekerja,49941,699,22.3,8187,0,0,0,Kartu Kredit,Pendidikan,18.73,155.0,294.0,98.0,1
CUST101280,32,Bekerja,44231,700,12.7,2400,0,1,0,Kartu Kredit,Bisnis,16.48,273.0,185.0,62.0,1
CUST101281,43,Bekerja,112325,708,6.1,2487,0,0,1,Kartu Kredit,Pribadi,15.5,698.0,623.0,208.0,0
CUST101282,45,Wiraswasta,33924,761,13.8,24,0,0,0,Kartu Kredit,Pendidikan,14.58,439.0,1.338,446.0,1
CUST101283,49,Bekerja,94590,689,2.6,869,0,0,0,Pinjaman Pribadi,Bisnis,12.86,124.0,517.0,172.0,1
CUST101284,33,Wiraswasta,106733,719,14.3,2412,0,0,0,Pinjaman Pribadi,Pribadi,10.79,556.0,57.0,19.0,0
CUST101285,34,Wiraswasta,63297,626,10.8,2054,0,1,0,Kredit Berjalan,Konsolidasi Hutang,12.68,384.0,548.0,183.0,0
CUST101286,21,Bekerja,19822,675,1.7,145,0,0,0,Kredit Berjalan,Bisnis,10.88,181.0,0.59,197.0,0
CUST101287,50,Bekerja,109211,666,7.5,666,0,0,0,Pinjaman Pribadi,Konsolidasi Hutang,11.84,129.0,916.0,305.0,1
CUST101288,22,Bekerja,15000,629,2.7,162,0,1,0,Kartu Kredit,Pendidikan,20.76,343.0,113.0,38.0,1
CUST101289,22,Bekerja,31056,629,3.7,654,0,2,0,Kartu Kredit,Bisnis,20.03,377.0,947.0,316.0,0
CUST101290,27,Bekerja,47647,683,8.9,68,0,0,0,Pinjaman Pribadi,Pribadi,12.18,679.0,0.63,0.21,0
CUST101291,32,Bekerja,36471,613,10.9,4276,0,3,0,Kartu Kredit,Pribadi,20.8,345.0,211.0,0.07,0
CUST101292,18,Wiraswasta,19281,667,1.6,48,0,0,0,Kredit Berjalan,Pendidikan,9.53,424.0,659.0,0.22,1
CUST101293,32,Bekerja,15000,675,13.4,1248,0,0,0,Kredit Berjalan,Pendidikan,10.21,0.22,707.0,236.0,1
CUST101294,20,Wiraswasta,96685,620,1.0,61,0,0,0,Kredit Berjalan,Bisnis,11.04,482.0,374.0,125.0,0
CUST101295,37,Bekerja,39744,600,17.0,207,0,0,0,Pinjaman Pribadi,Konsolidasi Hutang,13.97,0.5,609.0,203.0,0
CUST101296,24,Bekerja,35489,594,5.7,1859,0,0,0,Pinjaman Pribadi,Pribadi,15.31,275.0,952.0,317.0,0
CUST101297,24,Bekerja,19107,649,1.6,444,0,2,0,Kredit Berjalan,Pendidikan,12.18,276.0,408.0,136.0,1
CUST101298,41,Bekerja,43188,596,20.4,4054,0,0,0,Kartu Kredit,Bisnis,21.36,144.0,176.0,59.0,1
CUST101299,27,Wiraswasta,49724,616,8.9,69,0,1,0,Pinjaman Pribadi,Pribadi,14.65,0.08,1.894,631.0,0
CUST101300,63,Bekerja,44837,653,19.5,299,0,0,0,Kredit Berjalan,Medis,9.0,0.13,564.0,188.0,1
CUST101301,18,Bekerja,29946,587,0.4,130,0,0,0,Pinjaman Pribadi,Konsolidasi Hutang,16.16,0.29,1.082,361.0,0
CUST101302,30,Wiraswasta,152518,688,9.1,15463,0,0,0,Kartu Kredit,Pribadi,18.32,109.0,377.0,126.0,1
CUST101303,51,Bekerja,68513,672,10.1,1625,0,0,0,Kartu Kredit,Konsolidasi Hutang,18.65,0.33,0.19,63.0,1
CUST101304,25,Bekerja,35197,617,3.2,65,0,0,0,Pinjaman Pribadi,Pendidikan,13.14,529.0,503.0,168.0,0
CUST101305,18,Bekerja,15000,659,0.8,129,0,0,0,Kredit Berjalan,Pendidikan,10.45,215.0,0.66,0.22,1
CUST101306,48,Wiraswasta,18224,742,0.9,23,0,0,0,Kredit Berjalan,Pendidikan,7.54,262.0,785.0,262.0,1
CUST101307,44,Bekerja,50862,750,1.5,226,0,0,0,Kredit Berjalan,Pribadi,7.37,353.0,761.0,254.0,1
CUST101308,21,Mahasiswa,36771,575,1.9,68,0,1,0,Kartu Kredit,Konsolidasi Hutang,22.29,132.0,101.0,34.0,0
CUST101309,49,Bekerja,55800,758,11.3,223,0,0,0,Pinjaman Pribadi,Pribadi,8.43,225.0,247.0,82.0,1
CUST101310,27,Bekerja,24355,701,5.1,641,0,0,0,Kartu Kredit,Renovasi Rumah,16.82,34.0,411.0,137.0,1
CUST101311,32,Wiraswasta,119220,559,12.0,1463,0,1,0,Kartu Kredit,Pribadi,21.95,439.0,39.0,13.0,1
CUST101312,49,Bekerja,78515,640,21.7,14163,0,0,0,Kartu Kredit,Pendidikan,20.98,169.0,394.0,131.0,1
CUST101313,33,Wiraswasta,40615,636,7.5,743,0,0,0,Pinjaman Pribadi,Medis,13.68,152.0,108.0,36.0,1
CUST101314,45,Mahasiswa,32943,683,13.9,6618,0,0,0,Kartu Kredit,Pendidikan,18.73,143.0,0.1,33.0,1
CUST101315,35,Wiraswasta,35929,622,5.8,47,0,0,0,Kartu Kredit,Pribadi,19.73,208.0,974.0,325.0,1
CUST101316,22,Bekerja,18258,681,1.1,84,0,0,0,Pinjaman Pribadi,Bisnis,11.45,237.0,1.709,0.57,0
CUST101317,32,Bekerja,65116,651,3.2,1100,0,0,0,Kartu Kredit,Bisnis,18.87,434.0,26.0,9.0,1
CUST101318,32,Bekerja,16815,643,3.6,18,0,0,0,Kredit Berjalan,Pribadi,12.1,568.0,601.0,0.2,0
CUST101319,30,Mahasiswa,22700,690,5.3,215,0,0,0,Kartu Kredit,Pendidikan,18.63,487.0,101.0,34.0,1
CUST101320,54,Wiraswasta,37732,729,22.3,646,0,0,0,Pinjaman Pribadi,Pendidikan,9.63,497.0,56.0,19.0,1
CUST101321,35,Wiraswasta,23571,714,7.9,1295,0,0,0,Pinjaman Pribadi,Pendidikan,9.81,193.0,76.0,25.0,1
CUST101322,18,Bekerja,23880,666,1.3,142,0,0,0,Kartu Kredit,Medis,18.09,189.0,247.0,82.0,1
CUST101323,44,Bekerja,91543,711,5.8,8826,0,0,0,Kartu Kredit,Renovasi Rumah,16.31,257.0,339.0,113.0,1
CUST101324,30,Bekerja,24342,585,9.0,359,1,0,1,Kartu Kredit,Pendidikan,21.76,447.0,1.397,466.0,0
CUST101325,40,Bekerja,29456,597,8.1,774,0,0,0,Kartu Kredit,Renovasi Rumah,21.29,323.0,485.0,162.0,1
CUST101326,58,Wiraswasta,75534,815,3.9,198,1,3,0,Pinjaman Pribadi,Pribadi,8.38,267.0,74.0,25.0,0
CUST101327,25,Wiraswasta,47431,451,3.1,21,0,0,1,Kredit Berjalan,Bisnis,14.07,347.0,681.0,227.0,0
CUST101328,22,Bekerja,15000,575,2.8,71,0,0,0,Kredit Berjalan,Pendidikan,14.9,286.0,393.0,131.0,0
CUST101329,40,Mahasiswa,36940,672,0.6,191,0,0,0,Pinjaman Pribadi,Pendidikan,12.47,126.0,1.075,358.0,0
CUST101330,23,Wiraswasta,20132,699,4.2,7297,0,0,0,Kredit Berjalan,Pendidikan,9.69,0.36,998.0,333.0,1
CUST101331,43,Bekerja,36949,656,15.9,5923,0,0,0,Kartu Kredit,Pendidikan,17.43,623.0,1.294,431.0,0
CUST101332,41,Mahasiswa,17536,589,17.1,124,0,0,1,Kartu Kredit,Pendidikan,22.94,261.0,103.0,34.0,1
CUST101333,31,Mahasiswa,17018,692,4.7,812,0,0,0,Pinjaman Pribadi,Renovasi Rumah,11.23,348.0,212.0,71.0,1
CUST101334,54,Bekerja,67397,619,13.7,954,0,2,0,Kredit Berjalan,Pendidikan,12.84,55.0,611.0,204.0,1
CUST101335,56,Bekerja,32605,734,29.4,111,0,0,0,Kartu Kredit,Renovasi Rumah,15.95,386.0,745.0,248.0,1
CUST101336,31,Bekerja,24388,565,2.8,730,0,1,1,Kredit Berjalan,Pribadi,13.71,179.0,549.0,183.0,0
CUST101337,18,Bekerja,55163,706,1.7,25,0,0,0,Kartu Kredit,Medis,15.84,353.0,1.242,414.0,1
CUST101338,32,Bekerja,55617,680,13.7,804,0,1,0,Kartu Kredit,Pendidikan,18.55,441.0,1.023,341.0,1
CUST101339,24,Wiraswasta,22796,692,0.1,2,0,0,0,Kartu Kredit,Pendidikan,18.2,497.0,83.0,28.0,1
CUST101340,25,Bekerja,43632,573,6.3,600,0,0,0,Pinjaman Pribadi,Medis,15.22,97.0,1.261,0.42,0
CUST101341,26,Bekerja,49978,603,2.9,6807,0,0,0,Pinjaman Pribadi,Pribadi,14.17,204.0,786.0,262.0,0
CUST101342,47,Bekerja,45132,783,13.7,18294,0,0,0,Kartu Kredit,Renovasi Rumah,15.22,187.0,204.0,68.0,1
CUST101343,39,Bekerja,38634,709,3.1,320,0,0,0,Pinjaman Pribadi,Renovasi Rumah,10.63,228.0,1.048,349.0,1
CUST101344,24,Bekerja,31623,659,1.3,84,0,0,0,Kartu Kredit,Pendidikan,18.92,21.0,1.157,386.0,1
CUST101345,18,Wiraswasta,88798,590,0.9,368,1,3,0,Kredit Berjalan,Pribadi,13.97,574.0,356.0,119.0,0
CUST101346,61,Bekerja,27972,710,9.3,346,0,0,0,Kredit Berjalan,Renovasi Rumah,8.22,0.39,454.0,151.0,1
CUST101347,41,Bekerja,32563,616,20.9,806,0,1,0,Kartu Kredit,Konsolidasi Hutang,20.47,18.0,132.0,44.0,1
CUST101348,35,Mahasiswa,28488,639,7.7,380,0,0,0,Kartu Kredit,Pribadi,19.47,493.0,98.0,33.0,1
CUST101349,20,Bekerja,55443,632,0.5,133,0,0,0,Pinjaman Pribadi,Pribadi,13.27,293.0,826.0,275.0,0
CUST101350,37,Wiraswasta,70447,656,18.7,2545,0,0,0,Kartu Kredit,Renovasi Rumah,17.91,307.0,979.0,326.0,1
CUST101351,32,Bekerja,35983,756,12.4,522,0,0,0,Pinjaman Pribadi,Konsolidasi Hutang,8.03,376.0,133.0,44.0,1
CUST101352,24,Bekerja,68588,578,5.3,674,0,2,1,Kartu Kredit,Pribadi,22.68,363.0,0.98,327.0,0
CUST101353,48,Bekerja,54862,675,1.3,23,0,0,1,Pinjaman Pribadi,Pendidikan,11.97,318.0,1.396,465.0,0
CUST101354,19,Bekerja,40865,570,0.7,54,0,0,1,Kartu Kredit,Pribadi,21.15,184.0,0.46,153.0,0
CUST101355,39,Bekerja,68659,556,14.0,39,0,2,2,Kartu Kredit,Pribadi,22.07,329.0,452.0,151.0,0
CUST101356,27,Bekerja,83019,580,8.2,1447,0,0,0,Kartu Kredit,Pendidikan,22.54,236.0,344.0,115.0,1
CUST101357,30,Bekerja,44256,635,1.2,551,0,0,0,Kredit Berjalan,Konsolidasi Hutang,12.56,67.0,339.0,113.0,0
CUST101358,34,Mahasiswa,36613,613,11.1,1478,0,0,0,Pinjaman Pribadi,Medis,13.79,507.0,1.076,359.0,0
CUST101359,49,Bekerja,41250,710,9.4,398,0,0,0,Pinjaman Pribadi,Bisnis,10.05,534.0,1.122,374.0,0
CUST101360,26,Bekerja,19669,692,4.3,46,0,0,0,Kartu Kredit,Pribadi,18.89,336.0,1.195,398.0,1
CUST101361,32,Wiraswasta,77040,576,8.5,419,0,2,1,Kredit Berjalan,Renovasi Rumah,14.64,0.19,395.0,132.0,0
CUST101362,46,Bekerja,56810,743,1.3,2751,0,0,0,Kartu Kredit,Pribadi,17.08,112.0,403.0,134.0,1
CUST101363,40,Bekerja,88708,639,4.3,552,0,3,0,Pinjaman Pribadi,Renovasi Rumah,14.25,503.0,441.0,147.0,0
CUST101364,61,Bekerja,36908,766,2.5,137,0,0,0,Kartu Kredit,Medis,15.44,109.0,111.0,37.0,1
CUST101365,18,Bekerja,35740,640,1.3,24,0,1,0,Kartu Kredit,Pendidikan,20.1,227.0,0.75,0.25,1
CUST101366,33,Mahasiswa,50121,584,4.3,845,0,2,0,Pinjaman Pribadi,Bisnis,15.28,395.0,892.0,297.0,0
CUST101367,49,Wiraswasta,54110,810,8.4,2242,0,0,0,Pinjaman Pribadi,Pribadi,9.37,123.0,1.074,358.0,1
CUST101368,37,Bekerja,21453,648,11.7,912,0,1,0,Kartu Kredit,Bisnis,20.72,0.43,326.0,109.0,0
CUST101369,24,Bekerja,20629,627,3.5,1060,0,0,0,Kartu Kredit,Bisnis,19.6,141.0,606.0,202.0,0
CUST101370,37,Bekerja,50169,747,14.0,3650,0,0,0,Kredit Berjalan,Konsolidasi Hutang,7.67,373.0,325.0,108.0,1
CUST101371,35,Bekerja,21873,639,15.9,493,0,0,0,Kredit Berjalan,Pribadi,11.41,246.0,759.0,253.0,1
CUST101372,36,Bekerja,35246,604,16.7,4514,0,0,0,Pinjaman Pribadi,Bisnis,13.36,634.0,218.0,73.0,0
CUST101373,42,Mahasiswa,19423,750,11.7,643,0,1,0,Kartu Kredit,Konsolidasi Hutang,15.48,74.0,93.0,31.0,1
CUST101374,37,Bekerja,66266,781,5.4,303,0,0,0,Pinjaman Pribadi,Konsolidasi Hutang,8.48,223.0,1.509,503.0,1
CUST101375,31,Bekerja,67479,746,9.7,10752,0,0,2,Kartu Kredit,Pendidikan,17.36,641.0,255.0,85.0,0
CUST101376,39,Bekerja,54350,615,20.2,825,0,0,0,Kartu Kredit,Medis,20.85,204.0,416.0,139.0,1
CUST101377,55,Bekerja,92229,623,24.1,10144,0,2,0,Pinjaman Pribadi,Bisnis,13.91,557.0,1.084,361.0,0
CUST101378,29,Bekerja,38368,599,9.4,86,1,4,0,Kredit Berjalan,Medis,13.73,238.0,154.0,51.0,0
CUST101379,29,Wiraswasta,75382,622,7.1,2031,0,2,0,Kartu Kredit,Bisnis,19.54,302.0,0.72,0.24,1
CUST101380,42,Bekerja,45519,656,8.2,1298,0,0,0,Pinjaman Pribadi,Pribadi,12.06,134.0,956.0,319.0,1
CUST101381,38,Mahasiswa,57921,736,10.6,3397,0,0,0,Kartu Kredit,Renovasi Rumah,15.69,227.0,0.1,33.0,1
CUST101382,35,Wiraswasta,93279,668,0.8,1100,0,0,0,Kartu Kredit,Pendidikan,18.03,369.0,715.0,238.0,1
CUST101383,47,Bekerja,37420,649,22.0,16356,0,1,0,Pinjaman Pribadi,Renovasi Rumah,14.84,436.0,1.179,393.0,0
CUST101384,36,Bekerja,77798,650,13.8,2812,0,0,0,Pinjaman Pribadi,Pendidikan,11.74,232.0,1.285,428.0,1
CUST101385,36,Wiraswasta,74577,760,17.2,1306,0,2,0,Pinjaman Pribadi,Medis,8.11,171.0,1.341,447.0,1
CUST101386,33,Mahasiswa,20694,671,2.9,14,0,1,0,Kartu Kredit,Medis,17.28,102.0,101.0,34.0,1
CUST101387,40,Wiraswasta,108988,718,15.6,1301,0,0,0,Kredit Berjalan,Medis,8.49,362.0,232.0,77.0,1
CUST101388,26,Bekerja,56380,678,0.6,16,0,0,0,Kartu Kredit,Pendidikan,17.18,67.0,1.126,375.0,1
CUST101389,38,Bekerja,106783,619,14.2,2179,0,1,0,Kartu Kredit,Pribadi,19.37,0.26,462.0,154.0,1
CUST101390,35,Bekerja,22829,671,9.2,60,0,0,0,Kartu Kredit,Medis,18.5,382.0,723.0,241.0,1
CUST101391,21,Wiraswasta,51473,623,3.0,44,0,1,1,Kartu Kredit,Renovasi Rumah,20.94,537.0,208.0,69.0,0
CUST101392,33,Bekerja,43263,690,9.0,6677,0,1,0,Kartu Kredit,Pendidikan,17.17,171.0,314.0,105.0,1
CUST101393,40,Bekerja,51584,578,20.6,4577,0,0,1,Pinjaman Pribadi,Renovasi Rumah,16.69,272.0,1.617,539.0,0
CUST101394,37,Bekerja,73348,717,1.4,592,0,0,0,Pinjaman Pribadi,Renovasi Rumah,10.83,181.0,1.181,394.0,0
CUST101395,32,Bekerja,39944,516,8.3,2461,0,0,0,Pinjaman Pribadi,Medis,15.34,269.0,488.0,163.0,0
CUST101396,19,Wiraswasta,60041,598,1.6,823,0,0,0,Kredit Berjalan,Bisnis,14.08,284.0,445.0,148.0,0
CUST101397,30,Bekerja,16869,739,11.5,46,0,0,0,Pinjaman Pribadi,Renovasi Rumah,11.48,36.0,1.031,344.0,1
CUST101398,25,Wiraswasta,73757,711,2.4,888,0,0,0,Pinjaman Pribadi,Konsolidasi Hutang,10.65,47.0,365.0,122.0,1
CUST101399,32,Wiraswasta,57723,554,0.0,0,0,1,1,Kredit Berjalan,Renovasi Rumah,13.45,281.0,613.0,204.0,0
CUST101400,25,Bekerja,17334,686,0.7,55,0,1,0,Kartu Kredit,Pribadi,17.4,284.0,1.379,0.46,0
CUST101401,46,Mahasiswa,15000,613,15.5,523,0,0,0,Kartu Kredit,Konsolidasi Hutang,20.82,529.0,0.1,33.0,0
CUST101402,35,Wiraswasta,65526,632,16.9,1850,0,1,0,Kredit Berjalan,Medis,12.01,563.0,763.0,254.0,0
CUST101403,27,Mahasiswa,15000,597,1.1,40,0,2,0,Pinjaman Pribadi,Konsolidasi Hutang,16.02,193.0,1.84,613.0,0
CUST101404,36,Bekerja,31332,629,15.7,716,0,1,0,Kredit Berjalan,Konsolidasi Hutang,12.01,315.0,329.0,0.11,1
CUST101405,26,Bekerja,25720,638,7.6,389,0,1,0,Kartu Kredit,Bisnis,19.02,432.0,1.065,355.0,1
CUST101406,33,Bekerja,58868,622,5.6,1896,0,0,1,Kartu Kredit,Pendidikan,19.54,201.0,1.189,396.0,1
CUST101407,37,Bekerja,79950,688,18.1,1465,0,1,0,Kartu Kredit,Renovasi Rumah,18.76,133.0,713.0,238.0,1
CUST101408,19,Bekerja,29211,486,0.8,25,0,0,1,Kartu Kredit,Pendidikan,21.94,211.0,983.0,328.0,0
CUST101409,36,Bekerja,72542,768,2.4,297,0,0,0,Pinjaman Pribadi,Medis,9.77,233.0,294.0,98.0,1
CUST101410,18,Wiraswasta,71004,600,0.1,4,0,1,0,Kartu Kredit,Renovasi Rumah,20.06,77.0,677.0,226.0,0
CUST101411,59,Bekerja,75902,739,6.5,1572,0,0,0,Kartu Kredit,Pribadi,16.19,0.09,922.0,307.0,1
CUST101412,30,Wiraswasta,159204,639,0.5,3499,0,0,0,Kartu Kredit,Renovasi Rumah,19.06,134.0,0.44,147.0,0
CUST101413,18,Bekerja,42799,595,0.0,0,0,1,1,Kartu Kredit,Pendidikan,21.45,529.0,1.091,364.0,0
CUST101414,34,Bekerja,49400,633,15.5,1282,0,0,0,Kredit Berjalan,Bisnis,11.28,496.0,0.33,0.11,0
CUST101415,31,Bekerja,34127,626,6.0,675,0,1,0,Kredit Berjalan,Medis,12.52,524.0,375.0,125.0,0
CUST101416,43,Bekerja,30485,677,16.8,185,0,0,0,Kredit Berjalan,Renovasi Rumah,10.32,147.0,833.0,278.0,1
CUST101417,38,Mahasiswa,17852,578,0.7,1,0,0,1,Pinjaman Pribadi,Medis,15.5,435.0,1.232,411.0,0
CUST101418,53,Wiraswasta,70420,682,4.3,552,0,0,0,Kartu Kredit,Konsolidasi Hutang,17.2,408.0,994.0,331.0,0
CUST101419,46,Mahasiswa,33171,681,6.5,143,0,0,0,Pinjaman Pribadi,Renovasi Rumah,11.88,86.0,1.513,504.0,1
CUST101420,23,Bekerja,37959,594,4.2,82,0,2,0,Kartu Kredit,Pendidikan,22.07,168.0,585.0,195.0,0
CUST101421,25,Bekerja,30000,568,3.3,136,0,0,0,Kartu Kredit,Pribadi,22.08,242.0,1.18,393.0,0
CUST101422,29,Wiraswasta,25132,645,6.9,314,0,2,0,Pinjaman Pribadi,Konsolidasi Hutang,13.65,127.0,1.202,401.0,0
CUST101423,34,Bekerja,19018,700,13.5,227,0,0,0,Kredit Berjalan,Medis,7.84,195.0,263.0,88.0,1
CUST101424,47,Bekerja,39768,734,4.8,153,0,0,0,Pinjaman Pribadi,Pendidikan,10.21,458.0,1.345,448.0,0
CUST101425,44,Bekerja,44160,624,2.8,673,0,1,0,Kredit Berjalan,Pendidikan,12.09,318.0,197.0,66.0,1
CUST101426,26,Bekerja,24426,532,0.1,0,0,1,0,Kredit Berjalan,Konsolidasi Hutang,13.33,195.0,0.52,173.0,0
CUST101427,39,Bekerja,37856,658,0.6,13,0,0,0,Kredit Berjalan,Medis,10.33,458.0,689.0,0.23,0
CUST101428,27,Bekerja,61351,617,6.9,1651,0,1,0,Kartu Kredit,Pendidikan,19.36,83.0,336.0,112.0,1
CUST101429,38,Bekerja,39583,736,14.4,160,0,0,0,Kartu Kredit,Pendidikan,15.68,311.0,1.382,461.0,1
CUST101430,30,Bekerja,18794,543,1.3,16,0,2,2,Pinjaman Pribadi,Renovasi Rumah,16.36,152.0,474.0,158.0,0
CUST101431,41,Bekerja,40384,654,1.8,85,0,0,0,Kartu Kredit,Bisnis,18.19,273.0,889.0,296.0,1
CUST101432,32,Wiraswasta,143851,738,8.0,1502,0,2,1,Kartu Kredit,Konsolidasi Hutang,16.13,245.0,418.0,139.0,1
CUST101433,21,Mahasiswa,20520,497,2.3,18,0,1,0,Pinjaman Pribadi,Pribadi,15.02,109.0,97.0,32.0,0
CUST101434,37,Wiraswasta,75673,676,16.5,2289,0,0,0,Kredit Berjalan,Pendidikan,9.5,251.0,267.0,89.0,1
CUST101435,35,Wiraswasta,67588,677,1.3,2393,0,0,0,Kredit Berjalan,Bisnis,10.53,56.0,297.0,99.0,1
CUST101436,38,Mahasiswa,31344,677,3.6,1333,0,0,0,Pinjaman Pribadi,Pendidikan,11.18,277.0,1.343,448.0,1
CUST101437,33,Bekerja,27327,685,13.3,1971,0,0,0,Pinjaman Pribadi,Medis,11.65,668.0,1.175,392.0,0
CUST101438,42,Bekerja,94439,576,15.9,10290,1,0,0,Kartu Kredit,Pendidikan,21.84,0.29,621.0,207.0,0
CUST101439,42,Bekerja,100680,761,8.1,1882,0,0,0,Pinjaman Pribadi,Pribadi,8.28,477.0,702.0,234.0,1
CUST101440,38,Bekerja,28437,626,14.2,1598,0,1,0,Kartu Kredit,Renovasi Rumah,19.08,148.0,1.013,338.0,1
CUST101441,18,Wiraswasta,79595,606,2.0,7983,0,1,0,Kartu Kredit,Bisnis,19.99,0.09,87.0,29.0,1
CUST101442,33,Bekerja,18644,670,3.9,193,0,1,0,Kartu Kredit,Pendidikan,17.85,249.0,0.51,0.17,1
CUST101443,47,Bekerja,74408,650,4.2,2589,0,0,0,Kartu Kredit,Pribadi,18.1,313.0,941.0,314.0,1
CUST101444,42,Bekerja,35192,688,19.6,702,0,0,0,Pinjaman Pribadi,Renovasi Rumah,11.89,51.0,193.0,64.0,1
CUST101445,30,Bekerja,28559,627,10.1,9,0,1,0,Kredit Berjalan,Pendidikan,12.09,85.0,305.0,102.0,1
CUST101446,37,Bekerja,21762,641,8.7,126,0,0,0,Kartu Kredit,Pribadi,20.34,523.0,914.0,305.0,0
CUST101447,46,Bekerja,48493,622,19.7,1939,0,1,0,Kartu Kredit,Konsolidasi Hutang,19.13,374.0,765.0,255.0,0
CUST101448,34,Mahasiswa,19245,643,2.2,227,0,1,0,Pinjaman Pribadi,Pendidikan,13.53,303.0,1.71,0.57,0
CUST101449,36,Mahasiswa,24155,665,12.8,1033,0,1,0,Pinjaman Pribadi,Pendidikan,11.3,168.0,1.134,378.0,1
CUST101450,31,Wiraswasta,65676,608,5.6,2892,0,2,0,Pinjaman Pribadi,Pribadi,13.8,253.0,1.227,409.0,1
CUST101451,20,Bekerja,74775,540,0.0,0,0,1,0,Kredit Berjalan,Pribadi,13.25,524.0,669.0,223.0,0
CUST101452,18,Wiraswasta,52131,633,2.0,362,1,1,0,Pinjaman Pribadi,Bisnis,13.25,142.0,1.49,497.0,0
CUST101453,18,Bekerja,26431,669,0.5,39,0,0,0,Kredit Berjalan,Pribadi,9.3,407.0,253.0,84.0,1
CUST101454,36,Bekerja,25278,542,17.4,602,0,0,0,Kartu Kredit,Pendidikan,22.39,291.0,233.0,78.0,1
CUST101455,33,Bekerja,44028,669,14.7,1702,0,1,0,Kartu Kredit,Pendidikan,19.0,399.0,0.67,223.0,1
CUST101456,41,Bekerja,46558,695,18.3,4318,0,0,0,Kartu Kredit,Konsolidasi Hutang,17.97,412.0,1.22,407.0,1
CUST101457,29,Bekerja,22530,655,6.6,1171,0,0,0,Kartu Kredit,Pribadi,17.61,598.0,519.0,173.0,0
CUST101458,46,Bekerja,53449,617,20.5,392,0,0,0,Kartu Kredit,Pribadi,20.49,403.0,797.0,266.0,1
CUST101459,24,Bekerja,67588,538,3.0,61,1,1,0,Kartu Kredit,Pribadi,21.31,403.0,642.0,214.0,0
CUST101460,31,Wiraswasta,37645,680,10.4,2355,0,0,0,Kredit Berjalan,Pribadi,9.92,354.0,183.0,61.0,1
CUST101461,35,Wiraswasta,24060,568,10.4,1559,1,1,0,Kartu Kredit,Bisnis,21.43,198.0,457.0,152.0,0
CUST101462,45,Mahasiswa,15139,636,1.9,553,0,1,0,Pinjaman Pribadi,Pribadi,14.22,524.0,1.85,617.0,0
CUST101463,37,Bekerja,44143,567,5.1,423,0,0,1,Kartu Kredit,Medis,21.46,117.0,34.0,11.0,0
CUST101464,18,Bekerja,32086,605,1.7,180,0,0,0,Kredit Berjalan,Medis,12.76,157.0,517.0,172.0,0
CUST101465,35,Bekerja,65355,535,2.9,1428,1,0,0,Kredit Berjalan,Pendidikan,13.28,175.0,268.0,89.0,0
CUST101466,29,Bekerja,54089,606,6.4,620,0,0,0,Kartu Kredit,Pribadi,19.17,0.12,778.0,259.0,1
CUST101467,18,Bekerja,32199,659,0.5,3,0,1,1,Kartu Kredit,Pribadi,17.43,468.0,1.391,464.0,0
CUST101468,49,Bekerja,38187,676,28.6,14325,1,0,0,Pinjaman Pribadi,Pribadi,12.11,0.39,516.0,172.0,0
CUST101469,22,Bekerja,30255,524,3.1,756,0,0,0,Pinjaman Pribadi,Medis,15.52,368.0,453.0,151.0,0
CUST101470,54,Bekerja,48496,695,7.6,6597,0,0,0,Pinjaman Pribadi,Pribadi,12.04,286.0,1.004,335.0,1
CUST101471,48,Bekerja,102574,648,11.5,2642,0,1,0,Kredit Berjalan,Pendidikan,12.71,454.0,353.0,118.0,1
CUST101472,57,Bekerja,33005,760,24.0,568,0,1,0,Pinjaman Pribadi,Renovasi Rumah,9.03,0.29,258.0,86.0,1
CUST101473,18,Bekerja,28420,646,0.9,529,0,0,0,Pinjaman Pribadi,Konsolidasi Hutang,13.02,658.0,1.932,644.0,0
CUST101474,34,Bekerja,37817,557,15.2,7799,0,1,0,Kartu Kredit,Pendidikan,21.04,314.0,743.0,248.0,1
CUST101475,49,Bekerja,70347,734,6.8,6387,0,0,0,Pinjaman Pribadi,Konsolidasi Hutang,10.1,281.0,1.422,474.0,1
CUST101476,38,Wiraswasta,70607,596,8.9,111,0,0,2,Kartu Kredit,Renovasi Rumah,21.12,549.0,0.37,123.0,0
CUST101477,36,Bekerja,53750,715,10.0,24,0,0,0,Pinjaman Pribadi,Konsolidasi Hutang,9.54,239.0,1.847,616.0,1
CUST101478,26,Bekerja,35702,672,1.4,165,0,0,0,Kredit Berjalan,Bisnis,10.54,189.0,563.0,188.0,0
CUST101479,52,Wiraswasta,54798,658,13.4,2495,0,0,0,Pinjaman Pribadi,Renovasi Rumah,12.9,427.0,863.0,288.0,1
CUST101480,25,Bekerja,23466,654,5.4,1262,0,0,0,Kredit Berjalan,Bisnis,10.37,239.0,537.0,179.0,1
CUST101481,41,Bekerja,33522,589,15.5,16079,0,2,1,Kartu Kredit,Medis,22.17,464.0,522.0,174.0,0
CUST101482,56,Bekerja,49167,605,4.3,23,0,2,0,Pinjaman Pribadi,Pribadi,14.14,499.0,1.717,572.0,0
CUST101483,18,Mahasiswa,15000,680,0.0,0,0,0,0,Pinjaman Pribadi,Pribadi,11.45,202.0,1.673,558.0,0
CUST101484,18,Wiraswasta,25137,608,1.9,24,0,1,0,Kartu Kredit,Renovasi Rumah,20.49,385.0,346.0,115.0,1
CUST101485,41,Mahasiswa,17069,650,0.1,23,0,1,0,Pinjaman Pribadi,Konsolidasi Hutang,12.53,106.0,1.201,0.4,0
CUST101486,30,Bekerja,57647,616,2.9,587,0,0,0,Kartu Kredit,Pendidikan,20.22,0.25,123.0,41.0,1
CUST101487,31,Bekerja,62289,681,1.3,200,0,0,0,Kredit Berjalan,Bisnis,9.14,212.0,631.0,0.21,1
CUST101488,49,Bekerja,52189,608,5.9,1152,0,0,0,Kartu Kredit,Renovasi Rumah,20.08,628.0,757.0,252.0,0
CUST101489,34,Bekerja,25625,585,10.8,173,1,1,0,Kartu Kredit,Renovasi Rumah,22.35,319.0,839.0,0.28,0
CUST101490,31,Bekerja,44167,550,4.7,2232,0,1,1,Kartu Kredit,Bisnis,21.53,592.0,224.0,75.0,0
CUST101491,44,Wiraswasta,24236,728,13.5,2047,0,0,0,Kartu Kredit,Pendidikan,16.83,169.0,755.0,252.0,1
CUST101492,36,Bekerja,31336,578,5.4,4754,0,1,0,Kartu Kredit,Pribadi,22.8,306.0,657.0,219.0,1
CUST101493,18,Bekerja,16075,743,0.7,16,0,0,0,Pinjaman Pribadi,Medis,10.18,237.0,722.0,241.0,1
CUST101494,34,Wiraswasta,61603,667,7.8,1279,0,0,0,Kartu Kredit,Medis,17.84,96.0,575.0,192.0,1
CUST101495,29,Bekerja,34395,706,3.2,1766,0,0,0,Kredit Berjalan,Pribadi,7.87,279.0,424.0,141.0,1
CUST101496,30,Bekerja,31888,636,1.1,69,0,1,0,Pinjaman Pribadi,Renovasi Rumah,13.19,358.0,869.0,0.29,0
CUST101497,53,Bekerja,30443,721,20.9,584,0,0,0,Kartu Kredit,Pendidikan,15.9,253.0,1.252,417.0,1
CUST101498,18,Wiraswasta,80064,584,1.2,84,0,2,0,Kredit Berjalan,Pribadi,13.02,305.0,225.0,75.0,0
CUST101499,22,Bekerja,15000,476,1.8,13,0,0,0,Kredit Berjalan,Medis,14.22,204.0,0.6,0.2,0
CUST101500,23,Bekerja,54389,609,0.3,133,0,0,0,Kartu Kredit,Pribadi,20.49,476.0,232.0,77.0,1
CUST101501,18,Bekerja,24976,638,0.3,28,1,5,0,Pinjaman Pribadi,Renovasi Rumah,13.51,402.0,1.429,476.0,0
CUST101502,26,Bekerja,36539,592,0.6,117,0,1,0,Pinjaman Pribadi,Pribadi,16.34,385.0,1.782,594.0,0
CUST101503,23,Bekerja,65267,515,4.2,49,1,1,0,Kartu Kredit,Renovasi Rumah,22.6,415.0,1.005,335.0,0
CUST101504,19,Bekerja,27207,571,0.4,7,0,0,0,Pinjaman Pribadi,Renovasi Rumah,16.36,448.0,37.0,12.0,0
CUST101505,35,Bekerja,22392,653,14.3,304,0,0,0,Kartu Kredit,Pribadi,17.68,179.0,1.116,372.0,1
CUST101506,18,Bekerja,58516,555,1.5,338,1,1,1,Kredit Berjalan,Pribadi,13.79,98.0,443.0,148.0,0
CUST101507,40,Wiraswasta,76350,703,12.9,401,0,0,0,Kredit Berjalan,Medis,8.88,414.0,0.49,163.0,1
CUST101508,28,Wiraswasta,137865,641,2.4,104,0,2,0,Pinjaman Pribadi,Pendidikan,13.42,0.41,349.0,116.0,1
CUST101509,56,Wiraswasta,47194,620,22.5,8841,0,0,0,Kartu Kredit,Pendidikan,20.3,512.0,1.237,412.0,0
CUST101510,41,Wiraswasta,78869,697,15.2,4620,0,0,0,Kredit Berjalan,Pendidikan,10.62,474.0,408.0,136.0,1
CUST101511,24,Wiraswasta,51478,703,2.7,17454,0,0,0,Kartu Kredit,Renovasi Rumah,17.26,0.06,929.0,0.31,1
CUST101512,19,Wiraswasta,93981,638,0.4,1822,0,2,0,Kredit Berjalan,Renovasi Rumah,11.52,389.0,154.0,51.0,0
CUST101513,38,Wiraswasta,83382,688,11.6,2028,0,1,0,Pinjaman Pribadi,Konsolidasi Hutang,12.06,141.0,174.0,58.0,1
CUST101514,27,Wiraswasta,50421,558,0.7,303,0,0,0,Kredit Berjalan,Pribadi,14.36,0.17,541.0,0.18,0
CUST101515,26,Wiraswasta,89867,664,0.9,343,0,0,0,Kartu Kredit,Pribadi,18.63,608.0,341.0,114.0,0
CUST101516,43,Wiraswasta,147244,683,6.2,535,0,0,0,Kartu Kredit,Medis,18.34,0.18,475.0,158.0,1
CUST101517,37,Bekerja,68905,549,12.4,30945,1,3,0,Kartu Kredit,Medis,22.09,211.0,78.0,26.0,0
CUST101518,35,Bekerja,52388,643,6.2,728,0,0,0,Kredit Berjalan,Pendidikan,11.47,501.0,588.0,196.0,0
CUST101519,28,Bekerja,27124,604,5.7,1378,0,3,0,Kartu Kredit,Medis,19.31,0.43,1.279,426.0,0
CUST101520,43,Bekerja,116569,602,20.9,15753,0,1,0,Pinjaman Pribadi,Pribadi,13.31,78.0,858.0,286.0,1
CUST101521,36,Wiraswasta,53084,743,6.6,21,0,0,0,Pinjaman Pribadi,Medis,10.27,84.0,1.569,523.0,1
CUST101522,36,Bekerja,16114,602,8.4,291,0,1,0,Kartu Kredit,Pribadi,19.48,112.0,0.36,0.12,1
CUST101523,18,Wiraswasta,66050,550,1.6,135,0,0,2,Pinjaman Pribadi,Renovasi Rumah,15.46,315.0,1.514,505.0,0
CUST101524,42,Bekerja,42083,584,10.8,1283,0,1,1,Kartu Kredit,Bisnis,22.25,235.0,615.0,205.0,0
CUST101525,42,Bekerja,37847,567,23.9,89,1,0,1,Kartu Kredit,Medis,22.66,0.04,328.0,109.0,0
CUST101526,38,Bekerja,41191,619,9.6,30,0,0,0,Pinjaman Pribadi,Pribadi,14.79,343.0,456.0,152.0,1
CUST101527,18,Bekerja,28982,605,1.6,365,0,2,0,Pinjaman Pribadi,Renovasi Rumah,13.18,237.0,335.0,112.0,1
CUST101528,31,Mahasiswa,18834,578,9.5,66,0,0,0,Kartu Kredit,Pribadi,21.48,218.0,101.0,34.0,1
CUST101529,35,Bekerja,44349,615,8.5,679,0,2,0,Pinjaman Pribadi,Renovasi Rumah,13.67,332.0,1.355,452.0,0
CUST101530,18,Wiraswasta,140943,633,2.0,2957,0,0,0,Pinjaman Pribadi,Konsolidasi Hutang,13.4,602.0,0.71,237.0,0
CUST101531,34,Wiraswasta,26811,615,2.8,225,1,2,1,Kartu Kredit,Medis,20.38,643.0,1.048,349.0,0
CUST101532,40,Bekerja,41936,627,11.0,381,0,0,0,Kartu Kredit,Renovasi Rumah,20.86,153.0,1.011,337.0,1
CUST101533,54,Bekerja,48915,661,7.2,44,0,0,0,Kartu Kredit,Pribadi,17.84,405.0,495.0,165.0,1
CUST101534,36,Wiraswasta,33188,658,2.3,99,0,1,0,Kartu Kredit,Renovasi Rumah,18.85,68.0,1.181,394.0,1
CUST101535,41,Bekerja,56678,731,0.3,50,0,0,0,Kartu Kredit,Medis,16.27,227.0,78.0,26.0,1
CUST101536,30,Bekerja,34192,613,10.7,247,0,1,0,Kredit Berjalan,Renovasi Rumah,12.78,652.0,301.0,0.1,0
CUST101537,32,Bekerja,41856,689,10.7,916,0,0,0,Kartu Kredit,Pribadi,18.43,227.0,1.197,399.0,1
CUST101538,46,Bekerja,91885,678,15.1,1753,0,0,0,Kredit Berjalan,Renovasi Rumah,10.19,224.0,498.0,166.0,1
CUST101539,23,Bekerja,29853,553,4.9,822,0,1,0,Kartu Kredit,Bisnis,22.18,261.0,17.0,6.0,0
CUST101540,47,Bekerja,25339,630,9.8,547,0,0,0,Kartu Kredit,Renovasi Rumah,20.23,103.0,647.0,216.0,1
CUST101541,29,Bekerja,20569,604,9.1,134,0,0,1,Kredit Berjalan,Pribadi,11.98,657.0,428.0,143.0,0
CUST101542,21,Bekerja,25578,574,1.8,53,1,0,1,Pinjaman Pribadi,Medis,16.15,406.0,1.493,498.0,0
CUST101543,31,Mahasiswa,18399,716,11.9,94,0,1,0,Kartu Kredit,Bisnis,16.59,0.54,98.0,33.0,1
CUST101544,45,Wiraswasta,37040,578,12.0,553,1,2,0,Pinjaman Pribadi,Pendidikan,16.25,242.0,294.0,98.0,0
CUST101545,36,Bekerja,63694,591,5.2,620,0,1,0,Pinjaman Pribadi,Pendidikan,15.96,153.0,738.0,246.0,0
CUST101546,36,Bekerja,69479,554,14.1,606,1,1,1,Kartu Kredit,Pribadi,22.38,114.0,1.007,336.0,0
CUST101547,46,Bekerja,57407,628,27.7,708,0,0,0,Kartu Kredit,Medis,20.46,266.0,113.0,38.0,1
CUST101548,39,Bekerja,46748,745,4.2,148,0,0,0,Pinjaman Pribadi,Medis,10.48,162.0,1.782,594.0,1
CUST101549,26,Bekerja,74632,619,6.9,325,0,0,0,Kartu Kredit,Pribadi,20.77,97.0,276.0,92.0,1
CUST101550,35,Wiraswasta,157804,691,4.1,1306,0,0,0,Pinjaman Pribadi,Bisnis,12.59,335.0,634.0,211.0,1
CUST101551,24,Wiraswasta,81633,728,3.6,4683,0,0,0,Pinjaman Pribadi,Pendidikan,9.96,151.0,0.8,267.0,1
CUST101552,23,Bekerja,33034,571,0.4,15,0,0,0,Kredit Berjalan,Bisnis,14.19,286.0,248.0,83.0,0
CUST101553,48,Bekerja,50283,722,23.6,18905,0,0,0,Kartu Kredit,Pendidikan,16.46,598.0,607.0,202.0,0
CUST101554,41,Wiraswasta,83769,712,7.5,4389,0,0,0,Pinjaman Pribadi,Medis,10.02,622.0,31.0,0.01,0
CUST101555,38,Wiraswasta,59768,617,16.8,1040,0,0,0,Pinjaman Pribadi,Pribadi,13.52,634.0,59.0,0.02,0
CUST101556,23,Bekerja,26742,634,4.6,118,0,1,0,Pinjaman Pribadi,Pendidikan,13.46,655.0,957.0,319.0,0
CUST101557,31,Wiraswasta,15456,662,5.7,306,0,0,0,Kartu Kredit,Bisnis,18.63,366.0,1.339,446.0,0
CUST101558,46,Wiraswasta,26796,645,22.8,764,0,0,0,Kartu Kredit,Renovasi Rumah,19.92,575.0,664.0,221.0,0
CUST101559,18,Bekerja,26203,657,0.2,35,0,0,0,Kartu Kredit,Pribadi,17.29,154.0,1.275,425.0,0
CUST101560,34,Wiraswasta,43076,613,7.7,16770,0,3,0,Kredit Berjalan,Konsolidasi Hutang,11.78,561.0,485.0,162.0,0
CUST101561,36,Wiraswasta,156161,587,8.1,985,0,1,0,Kredit Berjalan,Bisnis,14.03,307.0,158.0,53.0,0
CUST101562,19,Bekerja,32408,484,0.0,0,0,1,0,Pinjaman Pribadi,Medis,16.98,223.0,923.0,308.0,0
CUST101563,43,Bekerja,80385,796,15.4,697,0,0,0,Kartu Kredit,Pendidikan,15.68,247.0,0.01,3.0,1
CUST101564,39,Bekerja,24130,648,10.5,320,0,3,0,Kartu Kredit,Pribadi,20.76,458.0,348.0,116.0,0
CUST101565,18,Bekerja,23027,657,0.0,0,0,1,0,Kartu Kredit,Renovasi Rumah,17.29,426.0,1.138,379.0,0
CUST101566,47,Bekerja,63897,666,20.7,1187,1,2,0,Kartu Kredit,Pendidikan,18.31,498.0,759.0,253.0,0
CUST101567,40,Mahasiswa,30970,778,6.4,1240,0,0,0,Pinjaman Pribadi,Pribadi,8.79,0.32,103.0,34.0,1
CUST101568,34,Bekerja,66301,633,11.8,6974,0,0,0,Kredit Berjalan,Pribadi,12.05,432.0,736.0,245.0,0
CUST101569,30,Bekerja,95801,634,10.0,10465,0,1,0,Kartu Kredit,Renovasi Rumah,20.44,441.0,551.0,184.0,1
CUST101570,20,Bekerja,26287,568,1.5,385,0,0,0,Pinjaman Pribadi,Renovasi Rumah,15.85,479.0,236.0,79.0,0
CUST101571,35,Bekerja,28468,698,5.7,3561,0,0,0,Kartu Kredit,Bisnis,17.17,261.0,1.254,418.0,1
CUST101572,70,Wiraswasta,52848,698,4.6,195,0,0,0,Kredit Berjalan,Konsolidasi Hutang,10.54,528.0,0.46,153.0,0
CUST101573,39,Bekerja,22859,653,8.5,1003,0,0,0,Kartu Kredit,Pribadi,17.04,0.65,22.0,7.0,0
CUST101574,20,Bekerja,29871,621,2.0,165,0,1,0,Pinjaman Pribadi,Konsolidasi Hutang,14.0,213.0,318.0,106.0,0
CUST101575,26,Mahasiswa,15000,668,5.0,1979,0,0,0,Kartu Kredit,Medis,18.66,345.0,0.1,33.0,1
CUST101576,24,Bekerja,17834,596,0.4,83,0,1,0,Kartu Kredit,Konsolidasi Hutang,21.6,19.0,1.295,432.0,0
CUST101577,18,Bekerja,36622,665,1.4,62,0,1,0,Kartu Kredit,Konsolidasi Hutang,18.25,75.0,1.169,0.39,0
CUST101578,29,Bekerja,25086,611,2.4,97,0,0,0,Kartu Kredit,Pribadi,20.85,0.26,323.0,108.0,1
CUST101579,38,Bekerja,77777,702,9.1,2322,0,0,0,Kartu Kredit,Renovasi Rumah,17.45,288.0,631.0,0.21,1
CUST101580,18,Bekerja,21527,519,0.1,11,1,2,0,Kartu Kredit,Bisnis,21.01,534.0,883.0,294.0,0
CUST101581,39,Wiraswasta,72186,617,9.9,119,0,0,0,Kartu Kredit,Pendidikan,19.49,244.0,436.0,145.0,1
CUST101582,48,Wiraswasta,76294,639,9.0,11771,0,0,0,Kartu Kredit,Konsolidasi Hutang,19.92,316.0,436.0,145.0,1
CUST101583,24,Bekerja,48832,684,2.9,1556,0,0,0,Pinjaman Pribadi,Renovasi Rumah,11.51,0.38,1.075,358.0,0
CUST101584,46,Bekerja,71506,711,5.3,1664,0,0,1,Kredit Berjalan,Konsolidasi Hutang,8.71,189.0,463.0,154.0,1
CUST101585,22,Mahasiswa,36571,602,3.2,2275,0,1,1,Kartu Kredit,Pendidikan,20.29,214.0,101.0,34.0,1
CUST101586,32,Wiraswasta,56911,712,7.4,1608,0,0,0,Kredit Berjalan,Renovasi Rumah,8.96,242.0,536.0,179.0,1
CUST101587,38,Bekerja,96847,599,19.6,5992,1,1,0,Pinjaman Pribadi,Pribadi,15.1,0.53,0.83,277.0,0
CUST101588,44,Bekerja,34740,649,21.8,2426,0,0,0,Pinjaman Pribadi,Pribadi,14.34,351.0,1.094,365.0,1
CUST101589,53,Bekerja,83830,578,18.0,5565,0,1,1,Kartu Kredit,Pendidikan,21.9,608.0,488.0,163.0,0
CUST101590,31,Bekerja,24949,716,8.0,1171,0,0,0,Pinjaman Pribadi,Pendidikan,9.86,249.0,1.752,584.0,1
CUST101591,42,Bekerja,111648,665,14.7,4973,0,0,0,Kredit Berjalan,Konsolidasi Hutang,10.96,232.0,448.0,149.0,1
CUST101592,23,Bekerja,58397,628,0.1,15,0,1,0,Kartu Kredit,Pendidikan,19.1,514.0,271.0,0.09,1
CUST101593,27,Wiraswasta,250000,728,2.6,5301,1,1,0,Kartu Kredit,Bisnis,16.25,316.0,0.28,93.0,0
CUST101594,34,Wiraswasta,50846,690,7.2,6227,0,0,0,Kartu Kredit,Renovasi Rumah,18.99,0.38,344.0,115.0,1
CUST101595,50,Bekerja,54014,687,21.2,529,0,0,0,Kartu Kredit,Pendidikan,18.56,137.0,96.0,32.0,1
CUST101596,19,Wiraswasta,38193,672,0.1,0,0,0,0,Kredit Berjalan,Pribadi,9.58,235.0,537.0,179.0,1
CUST101597,28,Mahasiswa,15000,557,6.3,2231,1,3,1,Kredit Berjalan,Pribadi,14.13,243.0,427.0,142.0,0
CUST101598,18,Bekerja,21696,672,1.1,595,0,0,0,Kartu Kredit,Bisnis,18.22,78.0,917.0,306.0,1
CUST101599,36,Bekerja,97513,748,14.6,7907,0,0,0,Kredit Berjalan,Konsolidasi Hutang,8.85,29.0,418.0,139.0,1
CUST101600,50,Bekerja,36949,637,20.8,599,0,2,0,Pinjaman Pribadi,Medis,14.32,342.0,698.0,233.0,1
CUST101601,33,Bekerja,59133,625,14.9,3497,0,2,0,Kartu Kredit,Pendidikan,19.64,225.0,803.0,268.0,1
CUST101602,18,Wiraswasta,54840,613,0.8,145,0,1,0,Pinjaman Pribadi,Pribadi,14.87,0.2,636.0,212.0,0
CUST101603,39,Bekerja,40053,637,10.9,1515,0,1,0,Kartu Kredit,Bisnis,19.39,441.0,856.0,285.0,0
CUST101604,37,Wiraswasta,72894,731,4.8,904,0,0,0,Pinjaman Pribadi,Pendidikan,9.77,229.0,1.169,0.39,1
CUST101605,39,Mahasiswa,15000,603,11.0,2226,0,1,0,Kartu Kredit,Medis,19.33,103.0,0.1,33.0,1
CUST101606,25,Wiraswasta,55593,621,1.3,79,0,3,0,Pinjaman Pribadi,Pribadi,14.04,0.13,297.0,99.0,0
CUST101607,39,Bekerja,38119,554,5.5,156,0,1,0,Kredit Berjalan,Bisnis,15.0,0.43,711.0,237.0,0
CUST101608,39,Bekerja,96550,602,12.9,32516,0,1,0,Pinjaman Pribadi,Medis,13.81,457.0,1.018,339.0,0
CUST101609,46,Wiraswasta,39987,680,22.3,351,0,0,0,Kartu Kredit,Renovasi Rumah,17.92,246.0,605.0,202.0,1
CUST101610,24,Bekerja,26912,520,0.6,137,0,0,0,Pinjaman Pribadi,Bisnis,15.35,109.0,929.0,0.31,0
CUST101611,40,Bekerja,44341,607,21.5,1618,0,0,0,Kredit Berjalan,Renovasi Rumah,11.38,299.0,652.0,217.0,1
CUST101612,52,Wiraswasta,61980,684,12.2,145,0,0,0,Pinjaman Pribadi,Pribadi,12.44,109.0,115.0,38.0,1
CUST101613,47,Mahasiswa,36969,575,22.5,5705,0,1,1,Pinjaman Pribadi,Pendidikan,15.49,184.0,354.0,118.0,0
CUST101614,35,Bekerja,33677,623,7.8,187,0,1,0,Kredit Berjalan,Pendidikan,11.41,238.0,831.0,277.0,1
CUST101615,22,Wiraswasta,127288,543,3.2,5551,0,0,0,Kartu Kredit,Medis,22.32,355.0,0.55,183.0,0
CUST101616,31,Bekerja,110090,697,2.1,48,0,0,1,Kartu Kredit,Pendidikan,17.99,445.0,101.0,34.0,1
CUST101617,30,Bekerja,57379,589,11.6,803,0,1,0,Kartu Kredit,Pendidikan,22.16,473.0,885.0,295.0,0
CUST101618,39,Bekerja,44743,704,15.3,9260,0,0,0,Kartu Kredit,Medis,16.81,163.0,1.339,446.0,1
CUST101619,24,Bekerja,23284,564,0.6,48,0,0,0,Kartu Kredit,Pendidikan,22.45,153.0,206.0,69.0,0
CUST101620,32,Bekerja,18543,570,4.8,149,0,1,0,Pinjaman Pribadi,Pribadi,15.35,345.0,313.0,104.0,0
CUST101621,51,Bekerja,45535,655,27.3,4667,0,0,0,Kredit Berjalan,Renovasi Rumah,10.68,354.0,652.0,217.0,1
CUST101622,39,Bekerja,102664,688,7.2,379,0,1,0,Kartu Kredit,Renovasi Rumah,18.21,197.0,95.0,32.0,1
CUST101623,49,Mahasiswa,15000,553,12.4,19,0,0,1,Kartu Kredit,Pribadi,21.96,202.0,33.0,11.0,1
CUST101624,18,Bekerja,49907,621,1.2,11,0,0,0,Kredit Berjalan,Renovasi Rumah,11.75,293.0,343.0,114.0,1
CUST101625,50,Mahasiswa,32329,658,26.9,2871,0,0,0,Pinjaman Pribadi,Pendidikan,11.35,468.0,733.0,244.0,1
CUST101626,40,Wiraswasta,80949,652,10.6,317,0,1,0,Kartu Kredit,Pribadi,18.68,229.0,415.0,138.0,1
CUST101627,46,Bekerja,43322,683,16.9,1451,0,1,0,Pinjaman Pribadi,Pribadi,12.95,116.0,74.0,25.0,1
CUST101628,44,Bekerja,22797,639,22.5,112508,0,3,0,Pinjaman Pribadi,Renovasi Rumah,13.71,435.0,1.386,462.0,0
CUST101629,70,Bekerja,59643,749,6.1,7992,0,0,0,Kredit Berjalan,Medis,7.8,472.0,317.0,106.0,1
CUST101630,18,Bekerja,53253,459,0.1,4,0,0,0,Kartu Kredit,Konsolidasi Hutang,21.58,206.0,1.241,414.0,0
CUST101631,29,Bekerja,128337,653,9.3,64133,0,1,0,Kartu Kredit,Pribadi,17.24,505.0,545.0,182.0,1
CUST101632,46,Bekerja,59622,695,18.8,6379,0,1,0,Pinjaman Pribadi,Medis,12.35,566.0,1.03,343.0,0
CUST101633,34,Bekerja,53402,698,12.1,1737,0,0,0,Kartu Kredit,Pendidikan,17.76,64.0,0.74,247.0,1
CUST101634,39,Bekerja,67527,667,9.1,1025,0,0,0,Pinjaman Pribadi,Renovasi Rumah,11.35,544.0,834.0,278.0,0
CUST101635,44,Bekerja,56330,750,11.5,324,0,0,0,Pinjaman Pribadi,Renovasi Rumah,8.37,43.0,1.775,592.0,1
CUST101636,70,Wiraswasta,50393,727,17.3,10356,0,0,0,Pinjaman Pribadi,Pendidikan,11.22,0.09,671.0,224.0,1
CUST101637,43,Wiraswasta,107509,676,9.7,1500,0,0,0,Kredit Berjalan,Pendidikan,10.82,515.0,364.0,121.0,1
CUST101638,28,Bekerja,45305,600,6.2,8564,0,0,0,Kartu Kredit,Pendidikan,20.13,133.0,128.0,43.0,1
CUST101639,47,Mahasiswa,15000,680,6.7,17,0,0,0,Kartu Kredit,Pendidikan,17.73,377.0,0.1,33.0,1
CUST101640,18,Bekerja,42389,664,1.4,15367,0,0,0,Kartu Kredit,Medis,18.35,267.0,755.0,252.0,1
CUST101641,25,Wiraswasta,69645,640,3.1,984,0,1,0,Kredit Berjalan,Konsolidasi Hutang,12.26,116.0,669.0,223.0,0
CUST101642,35,Bekerja,57364,650,16.4,14966,0,1,0,Kartu Kredit,Renovasi Rumah,18.16,293.0,474.0,158.0,1
CUST101643,36,Bekerja,49462,636,4.0,611,0,2,0,Kartu Kredit,Bisnis,20.08,204.0,1.152,384.0,0
CUST101644,34,Bekerja,26339,565,2.2,1002,0,0,0,Kartu Kredit,Medis,22.63,0.06,573.0,191.0,0
CUST101645,29,Bekerja,15361,656,9.3,259,0,0,0,Pinjaman Pribadi,Pribadi,12.46,283.0,729.0,243.0,1
CUST101646,59,Bekerja,96089,720,17.9,4605,0,0,0,Pinjaman Pribadi,Renovasi Rumah,10.42,485.0,0.07,23.0,1
CUST101647,47,Wiraswasta,24414,782,21.3,517,0,0,0,Kartu Kredit,Medis,15.13,66.0,1.364,455.0,1
CUST101648,39,Wiraswasta,63548,711,11.4,1831,0,2,0,Pinjaman Pribadi,Bisnis,10.62,351.0,1.111,0.37,0
CUST101649,26,Bekerja,15367,651,3.7,80,0,0,0,Pinjaman Pribadi,Bisnis,12.28,119.0,0.95,317.0,0
CUST101650,34,Bekerja,71748,652,2.1,553,0,0,0,Pinjaman Pribadi,Konsolidasi Hutang,12.48,0.51,262.0,87.0,0
CUST101651,22,Wiraswasta,54150,545,2.3,238,1,1,0,Kartu Kredit,Medis,22.24,62.0,342.0,114.0,0
CUST101652,38,Wiraswasta,36773,660,13.0,803,0,0,0,Pinjaman Pribadi,Pendidikan,12.34,144.0,1.585,528.0,1
CUST101653,44,Mahasiswa,15000,722,0.1,0,0,2,0,Kartu Kredit,Pendidikan,15.8,319.0,0.1,33.0,1
CUST101654,36,Bekerja,125073,669,2.6,1083,0,0,0,Kartu Kredit,Pribadi,18.7,522.0,0.56,187.0,0
CUST101655,34,Bekerja,47909,675,6.4,317,0,0,0,Kredit Berjalan,Bisnis,9.79,101.0,476.0,159.0,1
CUST101656,35,Bekerja,42449,669,2.2,1131,0,0,0,Kartu Kredit,Renovasi Rumah,18.57,509.0,964.0,321.0,0
CUST101657,50,Wiraswasta,45726,674,12.2,651,0,0,0,Kartu Kredit,Konsolidasi Hutang,17.84,205.0,997.0,332.0,1
CUST101658,50,Bekerja,80226,687,2.6,997,0,0,0,Kartu Kredit,Pribadi,18.27,119.0,302.0,101.0,1
CUST101659,35,Bekerja,43926,689,13.2,2061,0,0,0,Kartu Kredit,Medis,18.99,165.0,1.024,341.0,1
CUST101660,37,Bekerja,30680,685,8.5,462,0,1,0,Pinjaman Pribadi,Medis,11.58,172.0,466.0,155.0,1
CUST101661,41,Wiraswasta,24120,696,16.9,468,0,0,0,Kredit Berjalan,Bisnis,9.16,517.0,207.0,69.0,0
CUST101662,36,Bekerja,26339,555,14.5,2266,1,2,1,Kredit Berjalan,Pribadi,13.33,0.5,676.0,225.0,0
CUST101663,35,Bekerja,40502,684,8.4,7642,0,2,0,Kartu Kredit,Pribadi,17.05,138.0,1.373,458.0,1
CUST101664,31,Bekerja,34170,661,3.7,132,0,0,0,Kartu Kredit,Bisnis,18.68,121.0,582.0,194.0,0
CUST101665,47,Bekerja,49722,670,15.1,20262,0,0,0,Kartu Kredit,Renovasi Rumah,17.89,372.0,436.0,145.0,1
CUST101666,26,Wiraswasta,39832,689,0.1,0,0,0,0,Pinjaman Pribadi,Bisnis,12.13,121.0,1.097,366.0,0
CUST101667,18,Bekerja,129247,514,0.4,433,0,0,0,Kartu Kredit,Medis,22.32,345.0,335.0,112.0,0
CUST101668,34,Bekerja,34837,608,7.2,741,0,1,0,Kartu Kredit,Pendidikan,19.32,189.0,17.0,6.0,1
CUST101669,53,Bekerja,94042,706,20.6,4556,0,0,0,Pinjaman Pribadi,Konsolidasi Hutang,9.57,261.0,28.0,9.0,1
CUST101670,30,Bekerja,31640,650,6.8,106,0,0,0,Kredit Berjalan,Konsolidasi Hutang,10.86,0.31,531.0,177.0,1
CUST101671,32,Bekerja,31890,652,3.3,699,0,1,0,Kartu Kredit,Pendidikan,18.32,114.0,82.0,27.0,1
CUST101672,34,Wiraswasta,55154,531,10.6,8894,0,1,1,Pinjaman Pribadi,Pribadi,15.75,311.0,1.188,396.0,0
CUST101673,44,Wiraswasta,17113,603,13.9,3521,0,0,0,Kartu Kredit,Bisnis,19.42,205.0,345.0,115.0,1
CUST101674,49,Bekerja,43818,632,19.4,363,0,1,0,Kartu Kredit,Bisnis,19.15,492.0,1.139,0.38,0
CUST101675,39,Bekerja,67677,629,4.1,48,0,0,0,Pinjaman Pribadi,Medis,14.84,189.0,38.0,13.0,1
CUST101676,47,Mahasiswa,47224,612,16.4,1006,0,0,0,Pinjaman Pribadi,Medis,14.58,225.0,1.775,592.0,0
CUST101677,31,Bekerja,23358,547,6.3,317,0,1,0,Kredit Berjalan,Pribadi,14.88,387.0,552.0,184.0,0
CUST101678,34,Wiraswasta,63315,672,0.6,82,0,0,0,Kartu Kredit,Pendidikan,18.25,398.0,635.0,212.0,1
CUST101679,18,Bekerja,22691,655,1.1,15,0,0,0,Pinjaman Pribadi,Pribadi,12.8,361.0,1.446,482.0,0
CUST101680,36,Mahasiswa,15647,605,12.7,987,0,1,0,Kartu Kredit,Pribadi,20.75,263.0,102.0,34.0,1
CUST101681,39,Bekerja,74969,639,13.0,1933,0,5,1,Kredit Berjalan,Bisnis,11.79,113.0,0.65,217.0,0
CUST101682,47,Bekerja,94445,717,14.9,1072,0,1,0,Kartu Kredit,Pendidikan,16.65,332.0,267.0,89.0,1
CUST101683,33,Mahasiswa,15000,580,0.8,42,0,1,1,Pinjaman Pribadi,Pendidikan,16.39,0.19,1.3,433.0,0
CUST101684,18,Bekerja,30238,685,1.9,138,0,1,0,Kartu Kredit,Pendidikan,18.66,343.0,1.283,428.0,1
CUST101685,41,Mahasiswa,28925,732,9.5,136,0,1,0,Kartu Kredit,Renovasi Rumah,16.4,222.0,0.1,33.0,1
CUST101686,30,Bekerja,59468,603,7.5,20529,0,0,0,Kartu Kredit,Bisnis,19.34,384.0,52.0,17.0,1
CUST101687,18,Bekerja,15000,536,0.9,5,0,0,1,Kartu Kredit,Pribadi,21.1,139.0,927.0,309.0,0
CUST101688,21,Bekerja,26499,547,1.8,31,0,0,2,Kartu Kredit,Medis,21.9,139.0,75.0,25.0,0
CUST101689,19,Wiraswasta,106376,614,1.2,9,0,1,0,Pinjaman Pribadi,Pribadi,13.99,385.0,289.0,96.0,0
CUST101690,37,Bekerja,75426,686,6.0,4329,0,1,0,Pinjaman Pribadi,Pendidikan,11.47,0.25,899.0,0.3,1
CUST101691,47,Bekerja,80084,639,27.0,9299,0,1,1,Kartu Kredit,Medis,20.93,102.0,874.0,291.0,1
CUST101692,27,Bekerja,27820,652,6.7,547,0,0,0,Kartu Kredit,Renovasi Rumah,18.92,195.0,385.0,128.0,1
CUST101693,20,Bekerja,47526,750,0.2,25,0,0,0,Kartu Kredit,Pendidikan,15.89,208.0,696.0,232.0,1
CUST101694,29,Bekerja,27222,662,6.8,610,0,0,1,Pinjaman Pribadi,Medis,12.82,236.0,1.793,598.0,1
CUST101695,45,Bekerja,22499,600,20.9,3160,0,0,0,Kartu Kredit,Medis,20.66,99.0,356.0,119.0,1
CUST101696,36,Bekerja,53114,583,2.7,151,0,0,0,Pinjaman Pribadi,Renovasi Rumah,16.78,393.0,947.0,316.0,0
CUST101697,46,Bekerja,39027,622,14.8,3249,0,2,0,Kredit Berjalan,Pribadi,12.21,109.0,359.0,0.12,1
CUST101698,24,Bekerja,40660,650,2.8,628,0,2,0,Kartu Kredit,Renovasi Rumah,17.88,506.0,81.0,27.0,0
CUST101699,42,Bekerja,35787,692,14.8,6809,0,0,0,Kartu Kredit,Konsolidasi Hutang,17.62,473.0,305.0,102.0,0
CUST101700,68,Bekerja,48310,679,17.8,1234,0,1,0,Pinjaman Pribadi,Pribadi,12.02,396.0,952.0,317.0,1
CUST101701,56,Bekerja,41369,718,20.1,114,0,0,0,Kartu Kredit,Pribadi,16.82,315.0,957.0,319.0,1
CUST101702,37,Bekerja,56449,677,10.8,3043,0,0,0,Pinjaman Pribadi,Renovasi Rumah,11.34,119.0,1.173,391.0,1
CUST101703,25,Bekerja,39230,620,3.2,381,0,1,0,Pinjaman Pribadi,Medis,13.79,143.0,0.9,0.3,0
CUST101704,19,Bekerja,44081,567,0.1,0,1,1,2,Pinjaman Pribadi,Pribadi,16.96,115.0,674.0,225.0,0
CUST101705,28,Bekerja,15985,597,9.4,104,0,1,1,Pinjaman Pribadi,Konsolidasi Hutang,15.68,359.0,588.0,196.0,0
CUST101706,18,Mahasiswa,15000,613,1.1,386,0,2,0,Pinjaman Pribadi,Pribadi,13.36,121.0,433.0,144.0,1
CUST101707,35,Bekerja,15000,639,13.1,74,0,0,0,Kredit Berjalan,Medis,11.35,38.0,707.0,236.0,0
CUST101708,32,Bekerja,43920,572,1.7,359,0,0,0,Kartu Kredit,Pribadi,22.2,142.0,269.0,0.09,1
CUST101709,33,Bekerja,17751,499,5.0,1098,0,0,0,Kartu Kredit,Pendidikan,21.57,465.0,1.003,334.0,0
CUST101710,24,Bekerja,46236,619,2.4,4,0,2,0,Kredit Berjalan,Pribadi,12.92,447.0,398.0,133.0,0
CUST101711,18,Wiraswasta,154987,687,1.5,7020,0,0,0,Kartu Kredit,Medis,17.56,158.0,452.0,151.0,1
CUST101712,18,Mahasiswa,16753,697,0.7,8,0,1,0,Kredit Berjalan,Medis,9.16,438.0,692.0,231.0,0
CUST101713,18,Bekerja,44059,548,0.3,25,0,0,1,Kredit Berjalan,Renovasi Rumah,13.83,116.0,454.0,151.0,0
CUST101714,32,Bekerja,21413,554,10.7,25567,0,0,0,Kartu Kredit,Bisnis,22.32,598.0,911.0,304.0,0
CUST101715,20,Bekerja,44829,497,0.1,37,0,0,1,Kredit Berjalan,Renovasi Rumah,14.29,481.0,381.0,127.0,0
CUST101716,29,Bekerja,75115,642,3.1,485,0,0,0,Kartu Kredit,Konsolidasi Hutang,19.62,0.21,932.0,311.0,0
CUST101717,18,Bekerja,89089,645,2.0,484,0,3,0,Kartu Kredit,Pendidikan,19.23,395.0,654.0,218.0,0
CUST101718,55,Bekerja,32662,707,23.8,1078,0,0,0,Pinjaman Pribadi,Pribadi,10.53,56.0,196.0,65.0,1
CUST101719,18,Bekerja,27375,630,0.1,6,0,0,0,Pinjaman Pribadi,Pribadi,13.24,192.0,1.333,444.0,0
CUST101720,31,Bekerja,29457,619,12.0,2387,0,2,0,Kartu Kredit,Bisnis,19.84,126.0,187.0,62.0,1
CUST101721,40,Bekerja,27097,669,2.1,138,0,1,0,Kartu Kredit,Pendidikan,17.87,763.0,96.0,32.0,0
CUST101722,45,Bekerja,37981,626,22.4,180,0,0,0,Pinjaman Pribadi,Renovasi Rumah,14.69,0.13,966.0,322.0,1
CUST101723,39,Bekerja,28629,566,21.0,653,0,1,0,Kartu Kredit,Pendidikan,21.45,455.0,873.0,291.0,1
CUST101724,39,Wiraswasta,68548,570,3.7,888,0,0,0,Pinjaman Pribadi,Pribadi,17.0,121.0,1.459,486.0,0
CUST101725,34,Bekerja,29552,636,4.9,168,0,0,0,Kartu Kredit,Renovasi Rumah,19.75,397.0,1.286,429.0,0
CUST101726,32,Bekerja,55903,582,2.5,2700,0,1,0,Kredit Berjalan,Renovasi Rumah,14.02,234.0,0.86,287.0,0
CUST101727,18,Bekerja,30513,553,0.8,507,0,3,0,Kartu Kredit,Pendidikan,22.84,347.0,1.055,352.0,0
CUST101728,53,Bekerja,31998,721,14.5,1264,0,0,0,Kartu Kredit,Pribadi,16.74,59.0,1.203,401.0,1
CUST101729,25,Bekerja,50557,626,5.8,1082,0,0,0,Pinjaman Pribadi,Renovasi Rumah,14.44,0.1,1.157,386.0,0
CUST101730,43,Bekerja,23968,687,1.3,52,0,0,1,Pinjaman Pribadi,Bisnis,11.85,194.0,1.948,649.0,0
CUST101731,41,Bekerja,34478,717,17.6,1057,0,1,0,Kredit Berjalan,Medis,8.23,97.0,0.58,193.0,1
CUST101732,34,Bekerja,24976,723,10.4,354,0,2,0,Kartu Kredit,Pribadi,17.13,418.0,853.0,284.0,1
CUST101733,31,Bekerja,22023,713,11.2,1688,0,1,0,Kartu Kredit,Renovasi Rumah,16.43,45.0,0.15,0.05,1
CUST101734,55,Bekerja,84864,669,21.3,343,0,0,0,Kredit Berjalan,Pendidikan,9.02,205.0,416.0,139.0,1
CUST101735,35,Bekerja,25159,644,13.1,1520,0,1,0,Pinjaman Pribadi,Pribadi,14.88,271.0,1.451,484.0,1
CUST101736,44,Bekerja,29991,603,8.4,3826,0,1,0,Pinjaman Pribadi,Medis,14.78,281.0,1.627,542.0,0
CUST101737,46,Wiraswasta,48679,672,19.0,88,0,0,0,Kartu Kredit,Medis,17.99,52.0,0.76,253.0,1
CUST101738,38,Wiraswasta,74111,807,6.4,2932,0,0,0,Kartu Kredit,Medis,15.13,414.0,0.47,157.0,1
CUST101739,44,Bekerja,28230,621,12.7,3916,0,2,0,Kredit Berjalan,Medis,11.74,115.0,524.0,175.0,1
CUST101740,50,Mahasiswa,67957,712,28.3,1676,0,0,0,Pinjaman Pribadi,Pribadi,10.38,432.0,396.0,132.0,1
CUST101741,38,Wiraswasta,90500,568,16.4,2054,0,1,1,Kartu Kredit,Renovasi Rumah,21.35,299.0,178.0,59.0,1
CUST101742,24,Wiraswasta,66531,526,5.0,85,0,0,0,Kartu Kredit,Pribadi,21.45,0.54,588.0,196.0,0
CUST101743,52,Bekerja,108058,734,24.3,1994,0,1,0,Kredit Berjalan,Pendidikan,7.85,95.0,247.0,82.0,1
CUST101744,35,Wiraswasta,40088,715,10.8,796,0,0,0,Kartu Kredit,Medis,16.88,224.0,566.0,189.0,1
CUST101745,45,Bekerja,70227,633,4.9,7920,0,2,0,Kartu Kredit,Renovasi Rumah,20.96,0.19,997.0,332.0,0
CUST101746,58,Bekerja,47548,679,5.3,1112,0,1,0,Pinjaman Pribadi,Renovasi Rumah,12.17,302.0,856.0,285.0,1
CUST101747,38,Bekerja,66005,667,11.4,4135,0,0,0,Kartu Kredit,Renovasi Rumah,17.82,202.0,1.061,354.0,1
CUST101748,30,Bekerja,17383,663,5.9,569,0,0,0,Kartu Kredit,Pribadi,18.0,213.0,0.88,293.0,1
CUST101749,50,Bekerja,89070,693,9.0,11328,0,1,0,Kartu Kredit,Pribadi,18.22,271.0,523.0,174.0,1
CUST101750,33,Bekerja,33142,574,11.2,528,0,0,0,Kredit Berjalan,Pendidikan,14.84,576.0,622.0,207.0,0
CUST101751,22,Bekerja,20428,688,3.1,71,0,1,0,Pinjaman Pribadi,Pendidikan,12.95,167.0,1.904,635.0,1
CUST101752,39,Mahasiswa,102943,688,14.2,2425,0,0,0,Kartu Kredit,Konsolidasi Hutang,18.06,397.0,97.0,32.0,1
CUST101753,35,Bekerja,29656,615,6.2,615,0,1,0,Kartu Kredit,Pribadi,20.69,128.0,81.0,27.0,1
CUST101754,34,Bekerja,90873,694,8.7,674,0,0,0,Kartu Kredit,Medis,18.5,218.0,489.0,163.0,1
CUST101755,40,Bekerja,28583,718,1.4,26,0,0,0,Kartu Kredit,Pendidikan,15.92,269.0,231.0,77.0,1
CUST101756,24,Wiraswasta,23007,625,3.3,267,0,0,0,Kredit Berjalan,Medis,11.15,313.0,452.0,151.0,0
CUST101757,48,Bekerja,102348,690,9.4,2187,0,0,0,Pinjaman Pribadi,Renovasi Rumah,12.52,0.16,0.91,303.0,1
CUST101758,26,Mahasiswa,16179,564,3.3,81,1,0,1,Pinjaman Pribadi,Pendidikan,15.82,148.0,1.551,517.0,0
CUST101759,24,Bekerja,34269,615,3.6,585,0,1,0,Pinjaman Pribadi,Medis,14.0,556.0,1.786,595.0,0
CUST101760,43,Bekerja,60672,625,14.4,619,0,0,0,Kartu Kredit,Pribadi,19.31,265.0,544.0,181.0,1
CUST101761,33,Mahasiswa,19910,632,6.1,131,0,0,0,Kredit Berjalan,Pribadi,12.81,0.17,251.0,84.0,1
CUST101762,21,Bekerja,20677,639,1.5,45,0,1,0,Kartu Kredit,Konsolidasi Hutang,19.47,238.0,1.04,347.0,0
CUST101763,47,Bekerja,58616,573,9.8,424,0,3,1,Pinjaman Pribadi,Konsolidasi Hutang,15.41,78.0,756.0,252.0,0
CUST101764,52,Bekerja,48627,724,17.9,32203,0,0,0,Kartu Kredit,Pribadi,17.13,0.26,1.129,376.0,1
CUST101765,48,Bekerja,76029,748,27.9,20025,0,1,0,Kartu Kredit,Pribadi,17.07,492.0,921.0,307.0,1
CUST101766,36,Bekerja,26366,694,10.3,1109,0,0,0,Kartu Kredit,Bisnis,17.1,99.0,595.0,198.0,1
CUST101767,41,Mahasiswa,23973,744,4.6,69,0,0,0,Kartu Kredit,Medis,15.87,488.0,0.1,33.0,1
CUST101768,45,Mahasiswa,17897,645,26.5,1518,0,0,0,Kartu Kredit,Medis,19.92,255.0,101.0,34.0,1
CUST101769,26,Bekerja,33883,612,4.3,1196,0,1,0,Kredit Berjalan,Pribadi,12.41,27.0,248.0,83.0,1
CUST101770,40,Bekerja,59991,662,8.2,7956,0,0,0,Kartu Kredit,Pribadi,18.3,243.0,305.0,102.0,1
CUST101771,48,Mahasiswa,76923,651,1.4,251,0,0,0,Kartu Kredit,Bisnis,17.79,132.0,0.1,33.0,1
CUST101772,48,Bekerja,250000,716,9.7,42562,0,0,0,Kartu Kredit,Pribadi,17.42,207.0,83.0,28.0,1
CUST101773,31,Bekerja,19061,608,6.3,205,0,0,0,Kartu Kredit,Medis,19.86,296.0,331.0,0.11,1
CUST101774,35,Bekerja,42896,685,7.7,530,0,0,0,Kartu Kredit,Pendidikan,17.16,0.55,991.0,0.33,1
CUST101775,28,Bekerja,50913,704,7.6,1086,0,0,0,Kredit Berjalan,Pribadi,8.34,296.0,833.0,278.0,1
CUST101776,37,Bekerja,43713,660,12.5,46041,0,1,0,Kartu Kredit,Pribadi,18.43,393.0,53.0,18.0,1
CUST101777,31,Bekerja,58343,532,1.5,741,0,1,0,Kartu Kredit,Pribadi,22.41,357.0,1.2,0.4,0
CUST101778,39,Bekerja,48399,691,17.3,2446,0,1,0,Pinjaman Pribadi,Bisnis,11.57,463.0,936.0,312.0,1
CUST101779,24,Bekerja,45174,641,4.3,608,0,0,0,Kredit Berjalan,Renovasi Rumah,11.74,183.0,175.0,58.0,0
CUST101780,18,Bekerja,15000,599,1.5,64,0,0,1,Pinjaman Pribadi,Pendidikan,16.56,442.0,753.0,251.0,0
CUST101781,39,Bekerja,49433,626,12.6,14266,0,1,1,Kartu Kredit,Pribadi,19.77,212.0,1.325,442.0,1
CUST101782,44,Bekerja,33362,766,13.9,327,0,0,0,Pinjaman Pribadi,Bisnis,9.46,0.26,1.169,0.39,1
CUST101783,29,Bekerja,116255,619,2.2,1447,0,1,0,Pinjaman Pribadi,Pendidikan,13.89,284.0,417.0,139.0,1
CUST101784,47,Bekerja,53806,634,22.2,1188,1,2,0,Pinjaman Pribadi,Renovasi Rumah,13.65,386.0,965.0,322.0,0
CUST101785,40,Mahasiswa,18003,759,21.9,2101,0,0,1,Kartu Kredit,Konsolidasi Hutang,15.79,252.0,0.1,33.0,1
CUST101786,36,Bekerja,37935,652,3.2,946,0,0,0,Kartu Kredit,Medis,18.72,322.0,69.0,23.0,1
CUST101787,52,Bekerja,68989,718,22.1,65454,0,0,0,Pinjaman Pribadi,Pendidikan,9.95,92.0,778.0,259.0,1
CUST101788,18,Wiraswasta,101912,636,1.1,1576,0,1,0,Pinjaman Pribadi,Renovasi Rumah,13.71,96.0,981.0,327.0,0
CUST101789,31,Wiraswasta,66130,607,13.0,40147,0,3,0,Pinjaman Pribadi,Pendidikan,13.2,87.0,389.0,0.13,0
CUST101790,41,Bekerja,55787,628,13.1,2447,0,0,0,Pinjaman Pribadi,Renovasi Rumah,13.75,305.0,1.179,393.0,0
CUST101791,29,Bekerja,35677,616,2.1,196,0,0,0,Pinjaman Pribadi,Bisnis,13.75,0.04,1.264,421.0,0
CUST101792,32,Wiraswasta,72016,650,12.6,1107,0,0,0,Pinjaman Pribadi,Bisnis,11.83,0.13,286.0,95.0,1
CUST101793,20,Bekerja,39144,608,0.3,98,0,0,0,Kartu Kredit,Renovasi Rumah,19.46,217.0,0.69,0.23,1
CUST101794,37,Bekerja,43911,683,4.8,158,0,0,0,Kartu Kredit,Pribadi,18.44,568.0,606.0,202.0,0
CUST101795,24,Bekerja,35883,632,0.8,4,0,0,0,Kartu Kredit,Pribadi,19.12,264.0,736.0,245.0,1
CUST101796,30,Bekerja,33975,539,0.3,2,0,0,0,Kartu Kredit,Konsolidasi Hutang,22.23,268.0,1.198,399.0,0
CUST101797,33,Bekerja,44589,707,7.7,722,0,0,0,Kartu Kredit,Pendidikan,16.08,522.0,422.0,141.0,1
CUST101798,41,Wiraswasta,55103,557,3.6,749,1,0,0,Kredit Berjalan,Renovasi Rumah,13.52,276.0,907.0,302.0,0
CUST101799,33,Bekerja,35989,753,10.0,484,0,0,0,Kredit Berjalan,Konsolidasi Hutang,7.52,447.0,439.0,146.0,1
CUST101800,59,Bekerja,66128,721,29.5,11125,0,2,0,Kartu Kredit,Konsolidasi Hutang,17.07,222.0,448.0,149.0,1
CUST101801,32,Bekerja,19342,652,1.5,48,0,0,0,Pinjaman Pribadi,Medis,12.7,196.0,176.0,59.0,1
CUST101802,48,Wiraswasta,87644,684,1.7,7102,0,0,0,Kartu Kredit,Bisnis,18.59,363.0,357.0,119.0,1
CUST101803,39,Bekerja,15000,553,13.8,75,0,4,1,Kartu Kredit,Renovasi Rumah,21.31,556.0,807.0,269.0,0
CUST101804,44,Bekerja,81968,647,9.3,2107,0,3,0,Pinjaman Pribadi,Pendidikan,14.39,239.0,965.0,322.0,0
CUST101805,19,Bekerja,36018,649,0.8,78,0,0,0,Kartu Kredit,Pribadi,19.88,74.0,691.0,0.23,1
CUST101806,18,Bekerja,18478,600,0.8,176,0,1,0,Pinjaman Pribadi,Medis,13.23,786.0,422.0,141.0,0
CUST101807,46,Bekerja,36784,474,15.5,11466,0,0,1,Kartu Kredit,Konsolidasi Hutang,21.89,482.0,565.0,188.0,0
CUST101808,38,Bekerja,76345,743,6.8,420,0,0,0,Kartu Kredit,Pendidikan,17.08,367.0,626.0,209.0,1
CUST101809,34,Bekerja,46162,617,13.9,1327,0,1,0,Kartu Kredit,Pribadi,20.41,62.0,22.0,7.0,1
CUST101810,40,Bekerja,37523,591,11.2,1007,0,2,0,Kartu Kredit,Pribadi,22.02,541.0,712.0,237.0,0
CUST101811,45,Bekerja,57387,548,15.2,3365,0,0,0,Kartu Kredit,Konsolidasi Hutang,21.76,0.13,873.0,291.0,0
CUST101812,31,Wiraswasta,79885,676,8.9,2016,0,0,0,Pinjaman Pribadi,Medis,12.91,0.46,143.0,48.0,1
CUST101813,33,Bekerja,89458,597,10.4,2804,1,1,1,Kartu Kredit,Medis,21.26,342.0,782.0,261.0,0
CUST101814,41,Bekerja,35347,612,18.0,726,0,0,0,Pinjaman Pribadi,Pendidikan,14.52,129.0,888.0,296.0,1
CUST101815,43,Bekerja,79819,576,17.7,10872,0,1,1,Kredit Berjalan,Renovasi Rumah,13.58,362.0,626.0,209.0,0
CUST101816,22,Bekerja,60293,598,1.1,905,0,0,0,Pinjaman Pribadi,Pribadi,16.57,168.0,118.0,39.0,0
CUST101817,34,Bekerja,57576,646,13.2,2636,0,1,0,Kartu Kredit,Pendidikan,19.29,554.0,1.216,405.0,0
CUST101818,28,Bekerja,27809,563,7.4,429,0,0,1,Kartu Kredit,Pendidikan,21.37,0.18,1.003,334.0,0
CUST101819,28,Wiraswasta,232263,567,5.5,13122,0,1,1,Kartu Kredit,Pribadi,22.07,224.0,215.0,72.0,1
CUST101820,18,Bekerja,25096,635,0.8,15,0,1,0,Kartu Kredit,Bisnis,19.94,241.0,673.0,224.0,0
CUST101821,29,Mahasiswa,39236,592,6.4,36,0,1,0,Kredit Berjalan,Pribadi,14.93,361.0,665.0,222.0,0
CUST101822,46,Mahasiswa,24845,689,23.2,4637,0,0,0,Pinjaman Pribadi,Pribadi,11.01,262.0,612.0,204.0,1
CUST101823,43,Wiraswasta,15000,697,21.2,380,0,0,0,Kartu Kredit,Medis,17.49,174.0,273.0,91.0,1
CUST101824,18,Bekerja,15340,642,0.9,49,0,0,0,Kartu Kredit,Medis,20.37,271.0,606.0,202.0,0
CUST101825,39,Bekerja,26735,685,17.5,3849,0,0,0,Pinjaman Pribadi,Pendidikan,12.73,82.0,1.339,446.0,1
CUST101826,32,Wiraswasta,109528,679,4.2,1912,0,0,0,Pinjaman Pribadi,Pribadi,12.81,426.0,73.0,24.0,1
CUST101827,45,Bekerja,78377,729,22.8,1533,0,0,0,Kartu Kredit,Pribadi,16.53,168.0,893.0,298.0,1
CUST101828,18,Bekerja,15000,603,0.7,3,0,1,0,Pinjaman Pribadi,Pribadi,14.1,362.0,1.96,653.0,0
CUST101829,48,Bekerja,87065,572,16.9,4838,1,4,0,Pinjaman Pribadi,Pribadi,15.19,209.0,1.124,375.0,0
CUST101830,36,Bekerja,18984,601,1.7,306,0,0,0,Pinjaman Pribadi,Pendidikan,14.43,115.0,1.912,637.0,0
CUST101831,43,Bekerja,17094,682,24.6,272,0,0,0,Kartu Kredit,Medis,18.74,434.0,298.0,99.0,1
CUST101832,46,Mahasiswa,25543,639,0.4,4,0,2,0,Pinjaman Pribadi,Pribadi,14.94,167.0,47.0,16.0,1
CUST101833,22,Bekerja,30503,501,2.8,25,0,0,2,Kartu Kredit,Medis,21.38,51.0,695.0,232.0,0
CUST101834,26,Bekerja,28829,617,1.5,224,0,1,0,Kartu Kredit,Medis,20.42,187.0,364.0,121.0,0
CUST101835,42,Bekerja,16913,793,22.7,759,0,0,0,Kartu Kredit,Bisnis,15.45,391.0,426.0,142.0,1
CUST101836,45,Bekerja,117231,626,10.2,2928,0,1,0,Pinjaman Pribadi,Pribadi,14.23,301.0,853.0,284.0,1
CUST101837,52,Bekerja,45629,648,1.2,18,0,1,0,Kredit Berjalan,Bisnis,12.29,254.0,281.0,94.0,0
CUST101838,41,Bekerja,105869,685,13.5,3308,0,0,0,Kartu Kredit,Renovasi Rumah,18.86,252.0,165.0,55.0,1
CUST101839,34,Bekerja,33598,576,15.9,1069,0,1,1,Kartu Kredit,Bisnis,22.96,0.33,1.319,0.44,0
CUST101840,27,Bekerja,60514,664,1.4,178,0,2,0,Kredit Berjalan,Medis,9.62,278.0,378.0,126.0,1
CUST101841,49,Wiraswasta,65719,575,22.5,89673,0,4,1,Pinjaman Pribadi,Renovasi Rumah,16.3,168.0,1.106,369.0,0
CUST101842,59,Bekerja,68530,601,16.0,1758,0,0,0,Kartu Kredit,Bisnis,20.76,446.0,499.0,166.0,1
CUST101843,27,Bekerja,27695,662,1.0,4,0,0,0,Kartu Kredit,Pribadi,17.84,279.0,1.148,383.0,1
CUST101844,37,Bekerja,41476,619,9.3,502,1,0,0,Kartu Kredit,Pendidikan,19.42,87.0,555.0,185.0,0
CUST101845,45,Wiraswasta,107639,720,17.1,10745,0,0,0,Kartu Kredit,Pribadi,15.86,164.0,534.0,178.0,1
CUST101846,38,Bekerja,83071,668,15.9,7857,0,0,0,Kredit Berjalan,Bisnis,9.37,147.0,589.0,196.0,1
CUST101847,59,Bekerja,72259,767,7.0,3431,0,0,0,Kartu Kredit,Konsolidasi Hutang,14.56,45.0,304.0,101.0,1
CUST101848,40,Bekerja,85607,646,16.7,39,0,0,0,Kartu Kredit,Pribadi,20.0,134.0,818.0,273.0,1
CUST101849,36,Bekerja,48144,646,6.6,520,0,2,0,Pinjaman Pribadi,Pribadi,14.64,282.0,1.18,393.0,0
CUST101850,41,Bekerja,28154,733,13.9,1600,0,0,0,Pinjaman Pribadi,Medis,11.17,141.0,867.0,289.0,1
CUST101851,29,Bekerja,84649,565,1.7,419,0,1,0,Kartu Kredit,Bisnis,22.75,215.0,0.63,0.21,0
CUST101852,21,Mahasiswa,18234,654,2.4,352,0,0,0,Kartu Kredit,Konsolidasi Hutang,17.71,321.0,99.0,33.0,1
CUST101853,48,Bekerja,63425,625,6.5,2596,0,1,0,Kartu Kredit,Pribadi,20.26,554.0,754.0,251.0,0
CUST101854,18,Bekerja,15000,572,0.8,78,1,3,0,Kartu Kredit,Bisnis,21.11,119.0,933.0,311.0,0
CUST101855,35,Bekerja,15000,680,6.6,120,0,0,0,Kartu Kredit,Bisnis,17.47,162.0,493.0,164.0,1
CUST101856,18,Bekerja,15000,681,0.5,0,0,0,0,Kartu Kredit,Pribadi,18.11,154.0,1.007,336.0,0
CUST101857,18,Mahasiswa,28002,577,0.8,13,0,0,0,Pinjaman Pribadi,Pendidikan,16.86,709.0,71.0,24.0,0
CUST101858,35,Wiraswasta,44710,585,4.0,2513,0,0,0,Kartu Kredit,Konsolidasi Hutang,22.13,284.0,1.364,455.0,0
CUST101859,32,Bekerja,19867,570,13.4,533,0,1,0,Pinjaman Pribadi,Pribadi,16.5,469.0,458.0,153.0,0
CUST101860,35,Bekerja,79156,700,2.2,2400,0,0,0,Pinjaman Pribadi,Pendidikan,9.56,237.0,1.263,421.0,1
CUST101861,35,Bekerja,116265,677,11.3,2474,0,0,0,Kartu Kredit,Bisnis,18.81,187.0,278.0,93.0,1
CUST101862,50,Bekerja,44348,790,20.6,15748,0,0,0,Pinjaman Pribadi,Pendidikan,9.01,22.0,704.0,235.0,1
CUST101863,45,Wiraswasta,129785,722,10.7,8769,0,0,0,Kredit Berjalan,Pribadi,8.53,531.0,339.0,113.0,1
CUST101864,23,Bekerja,27780,533,3.9,123,0,0,0,Pinjaman Pribadi,Konsolidasi Hutang,15.58,281.0,1.127,376.0,0
CUST101865,55,Bekerja,101022,622,16.7,1535,0,0,0,Kredit Berjalan,Pendidikan,12.8,444.0,493.0,164.0,1
CUST101866,41,Bekerja,23560,778,21.6,23780,0,0,0,Kartu Kredit,Pribadi,15.62,294.0,1.354,451.0,1
CUST101867,35,Bekerja,19521,581,0.9,178,0,0,1,Kredit Berjalan,Renovasi Rumah,13.29,433.0,482.0,161.0,0
CUST101868,32,Bekerja,27562,710,3.3,174,0,1,0,Kartu Kredit,Renovasi Rumah,17.32,166.0,773.0,258.0,1
CUST101869,29,Wiraswasta,53408,783,9.7,10334,0,0,0,Pinjaman Pribadi,Bisnis,8.21,596.0,1.738,579.0,0
CUST101870,35,Bekerja,41958,746,14.8,3627,0,0,0,Kartu Kredit,Pendidikan,16.96,283.0,1.394,465.0,1
CUST101871,20,Bekerja,32882,607,1.8,2879,0,2,0,Kredit Berjalan,Pribadi,12.71,144.0,623.0,208.0,0
CUST101872,22,Mahasiswa,15000,541,2.2,8,0,0,0,Kartu Kredit,Bisnis,22.83,0.18,0.1,33.0,1
CUST101873,33,Bekerja,20032,569,14.5,323,0,1,1,Kredit Berjalan,Pendidikan,13.34,0.18,424.0,141.0,1
CUST101874,36,Bekerja,37403,573,14.1,841,0,1,1,Pinjaman Pribadi,Medis,15.56,286.0,1.575,525.0,0
CUST101875,35,Bekerja,37998,611,13.5,5062,0,0,0,Kartu Kredit,Pendidikan,19.89,239.0,1.29,0.43,1
CUST101876,38,Bekerja,75612,715,1.2,908,0,0,0,Kartu Kredit,Pendidikan,17.34,185.0,0.36,0.12,1
CUST101877,39,Bekerja,54092,647,13.3,358,0,0,0,Kartu Kredit,Medis,19.97,506.0,81.0,27.0,1
CUST101878,29,Bekerja,37322,683,4.2,33,0,1,1,Pinjaman Pribadi,Bisnis,11.16,99.0,1.361,454.0,0
CUST101879,32,Bekerja,46483,676,5.3,834,0,0,0,Kredit Berjalan,Renovasi Rumah,9.18,227.0,475.0,158.0,1
CUST101880,43,Bekerja,40641,674,18.3,915,0,1,0,Kredit Berjalan,Pendidikan,10.69,405.0,189.0,63.0,1
CUST101881,22,Mahasiswa,16648,565,2.7,434,1,0,2,Pinjaman Pribadi,Renovasi Rumah,15.79,105.0,0.27,0.09,0
CUST101882,27,Mahasiswa,15000,578,5.2,3626,0,0,0,Pinjaman Pribadi,Renovasi Rumah,15.14,344.0,947.0,316.0,0
CUST101883,18,Bekerja,18628,703,1.0,29,0,1,0,Pinjaman Pribadi,Medis,10.19,0.28,1.31,437.0,1
CUST101884,27,Bekerja,110938,591,2.2,3058,0,0,0,Kartu Kredit,Medis,22.71,146.0,631.0,0.21,0
CUST101885,28,Mahasiswa,15000,651,0.3,7,0,0,0,Kartu Kredit,Konsolidasi Hutang,18.83,86.0,0.1,33.0,1
CUST101886,41,Bekerja,53332,603,10.3,3157,1,4,0,Kartu Kredit,Pendidikan,19.01,201.0,994.0,331.0,0
CUST101887,20,Wiraswasta,22751,629,1.2,14,0,0,0,Kartu Kredit,Bisnis,19.04,313.0,862.0,287.0,0
CUST101888,33,Bekerja,32724,583,7.5,390,0,1,0,Kartu Kredit,Pribadi,21.16,394.0,1.348,449.0,0
CUST101889,31,Wiraswasta,23132,662,8.9,2009,0,0,0,Kredit Berjalan,Renovasi Rumah,9.54,254.0,484.0,161.0,1
CUST101890,43,Bekerja,56320,641,24.9,14699,0,0,0,Kredit Berjalan,Bisnis,12.18,461.0,522.0,174.0,0
CUST101891,49,Wiraswasta,52499,677,18.2,978,0,0,0,Pinjaman Pribadi,Medis,11.01,296.0,124.0,41.0,1
CUST101892,27,Bekerja,20338,653,5.4,143,0,0,0,Kartu Kredit,Medis,18.29,226.0,954.0,318.0,1
CUST101893,25,Wiraswasta,41615,668,0.0,0,0,0,0,Pinjaman Pribadi,Renovasi Rumah,11.29,248.0,1.204,401.0,0
CUST101894,24,Bekerja,31142,745,2.9,805,0,0,0,Pinjaman Pribadi,Pendidikan,10.95,0.19,1.047,349.0,1
CUST101895,49,Wiraswasta,69633,745,7.7,2022,0,1,0,Pinjaman Pribadi,Pribadi,11.41,363.0,1.436,479.0,1
CUST101896,24,Bekerja,15000,687,4.8,504,0,0,0,Pinjaman Pribadi,Konsolidasi Hutang,11.66,45.0,773.0,258.0,0
CUST101897,37,Mahasiswa,15000,490,12.2,2189,0,0,0,Pinjaman Pribadi,Renovasi Rumah,16.38,204.0,1.253,418.0,0
CUST101898,26,Wiraswasta,43966,626,1.1,57,0,0,0,Pinjaman Pribadi,Pribadi,13.01,233.0,1.492,497.0,0
CUST101899,53,Wiraswasta,22745,533,0.4,105,0,0,1,Kartu Kredit,Pendidikan,21.99,107.0,725.0,242.0,0
CUST101900,58,Bekerja,66465,574,21.4,5614,0,1,1,Kartu Kredit,Konsolidasi Hutang,21.7,0.19,758.0,253.0,0
CUST101901,32,Mahasiswa,31234,723,8.1,387,1,0,0,Pinjaman Pribadi,Medis,10.66,245.0,1.117,372.0,0
CUST101902,30,Bekerja,36506,768,8.0,127,0,0,0,Pinjaman Pribadi,Renovasi Rumah,9.78,39.0,1.504,501.0,1
CUST101903,33,Bekerja,58240,681,6.2,1017,0,0,0,Pinjaman Pribadi,Renovasi Rumah,11.64,224.0,0.5,167.0,1
CUST101904,51,Bekerja,52654,736,4.3,994,0,0,0,Pinjaman Pribadi,Renovasi Rumah,10.2,361.0,1.031,344.0,1
CUST101905,38,Wiraswasta,94240,669,15.1,13097,0,1,0,Kartu Kredit,Renovasi Rumah,18.96,401.0,121.0,0.04,1
CUST101906,32,Bekerja,50824,684,12.4,5001,0,0,0,Pinjaman Pribadi,Medis,11.58,0.25,787.0,262.0,1
CUST101907,46,Bekerja,43475,657,3.7,1723,0,0,0,Kartu Kredit,Konsolidasi Hutang,17.99,299.0,124.0,41.0,1
CUST101908,48,Wiraswasta,26194,622,18.3,2058,0,1,0,Pinjaman Pribadi,Medis,14.84,86.0,737.0,246.0,0
CUST101909,34,Bekerja,54597,640,13.4,20731,0,1,0,Pinjaman Pribadi,Pribadi,14.26,457.0,1.832,611.0,0
CUST101910,27,Mahasiswa,30709,574,4.7,261,0,1,1,Kartu Kredit,Pendidikan,21.8,312.0,101.0,34.0,0
CUST101911,45,Bekerja,34468,718,7.5,808,0,1,0,Kredit Berjalan,Konsolidasi Hutang,8.55,298.0,754.0,251.0,1
CUST101912,21,Bekerja,26737,550,2.6,47,0,1,1,Pinjaman Pribadi,Pribadi,15.64,196.0,1.728,576.0,0
CUST101913,33,Mahasiswa,23132,580,9.1,393,0,1,0,Kredit Berjalan,Pribadi,14.28,439.0,514.0,171.0,0
CUST101914,32,Wiraswasta,37492,617,7.3,813,0,2,0,Kartu Kredit,Pendidikan,20.15,301.0,0.83,277.0,1
CUST101915,33,Mahasiswa,16670,671,4.4,261,0,0,0,Pinjaman Pribadi,Bisnis,11.33,703.0,1.734,578.0,0
CUST101916,43,Bekerja,85315,656,4.8,3700,0,0,0,Kredit Berjalan,Pribadi,9.01,173.0,301.0,0.1,1
CUST101917,26,Wiraswasta,43459,655,7.1,1093,0,0,0,Kartu Kredit,Pendidikan,18.89,426.0,1.035,345.0,1
CUST101918,57,Wiraswasta,55946,537,3.0,646,0,0,0,Kartu Kredit,Pribadi,22.92,221.0,1.251,417.0,0
CUST101919,40,Bekerja,40681,696,6.7,307,0,0,0,Kredit Berjalan,Medis,10.79,117.0,642.0,214.0,1
CUST101920,31,Bekerja,56389,642,11.1,10878,0,1,0,Pinjaman Pribadi,Bisnis,13.65,46.0,433.0,144.0,1
CUST101921,26,Mahasiswa,17541,550,7.9,265,0,1,0,Kredit Berjalan,Pendidikan,13.95,56.0,319.0,106.0,1
CUST101922,47,Bekerja,47770,774,7.0,253,0,1,0,Kartu Kredit,Bisnis,15.97,87.0,894.0,298.0,1
CUST101923,44,Mahasiswa,37206,784,25.8,3365,0,1,0,Pinjaman Pribadi,Konsolidasi Hutang,8.64,157.0,1.723,574.0,0
CUST101924,25,Bekerja,20589,629,6.2,353,0,1,0,Kartu Kredit,Renovasi Rumah,20.91,274.0,1.311,437.0,1
CUST101925,31,Bekerja,19791,724,2.1,308,0,0,0,Kartu Kredit,Pribadi,17.27,57.0,1.091,364.0,1
CUST101926,36,Wiraswasta,49530,501,13.0,349,0,0,0,Kredit Berjalan,Bisnis,14.83,318.0,654.0,218.0,0
CUST101927,38,Bekerja,15040,533,19.1,132,0,0,0,Kartu Kredit,Pendidikan,22.33,163.0,1.031,344.0,0
CUST101928,23,Bekerja,24382,497,0.8,11,0,0,0,Kartu Kredit,Renovasi Rumah,22.05,364.0,861.0,287.0,0
CUST101929,44,Bekerja,98450,556,4.0,945,0,0,0,Kartu Kredit,Konsolidasi Hutang,21.41,396.0,711.0,237.0,0
CUST101930,29,Bekerja,45603,740,9.4,2456,0,0,0,Pinjaman Pribadi,Konsolidasi Hutang,11.42,224.0,1.158,386.0,0
CUST101931,40,Wiraswasta,78129,679,13.5,1050,0,1,0,Kredit Berjalan,Medis,9.11,0.31,247.0,82.0,1
CUST101932,18,Bekerja,40079,595,1.7,330,0,1,1,Kredit Berjalan,Renovasi Rumah,13.01,768.0,457.0,152.0,0
CUST101933,53,Mahasiswa,17259,633,20.8,555,0,1,0,Kartu Kredit,Pendidikan,19.29,368.0,98.0,33.0,1
CUST101934,46,Bekerja,71023,729,24.8,920,0,0,0,Pinjaman Pribadi,Medis,10.6,58.0,1.109,0.37,1
CUST101935,20,Bekerja,15000,617,1.4,0,0,0,1,Kartu Kredit,Pribadi,20.76,358.0,447.0,149.0,1
CUST101936,37,Bekerja,43008,700,11.3,2146,0,0,0,Kredit Berjalan,Pendidikan,8.34,396.0,863.0,288.0,1
CUST101937,47,Mahasiswa,15715,631,16.5,419,0,1,0,Pinjaman Pribadi,Pendidikan,13.62,82.0,1.744,581.0,1
CUST101938,18,Wiraswasta,56332,576,1.2,13,0,1,0,Kredit Berjalan,Pribadi,13.71,245.0,389.0,0.13,1
CUST101939,30,Wiraswasta,16814,673,9.3,298,0,0,0,Kartu Kredit,Pribadi,18.56,0.39,488.0,163.0,1
CUST101940,33,Mahasiswa,15000,593,10.0,415,0,2,0,Kredit Berjalan,Bisnis,13.64,54.0,333.0,111.0,0
CUST101941,47,Bekerja,78718,733,1.9,113,0,0,0,Kredit Berjalan,Medis,7.88,304.0,282.0,94.0,1
CUST101942,35,Wiraswasta,34012,747,13.5,217,1,1,0,Kartu Kredit,Pribadi,15.68,66.0,1.053,351.0,0
CUST101943,18,Wiraswasta,62900,662,0.0,0,0,0,0,Kartu Kredit,Pribadi,18.72,416.0,855.0,285.0,0
CUST101944,46,Bekerja,44564,657,26.7,706,0,1,0,Kredit Berjalan,Pribadi,10.64,676.0,696.0,232.0,0
CUST101945,46,Bekerja,45718,626,15.2,1359,0,0,0,Pinjaman Pribadi,Renovasi Rumah,14.37,107.0,171.0,57.0,1
CUST101946,22,Bekerja,48231,630,2.3,1567,0,0,0,Kartu Kredit,Bisnis,20.61,107.0,359.0,0.12,1
CUST101947,45,Wiraswasta,81267,659,10.8,70548,0,0,0,Kartu Kredit,Pendidikan,18.89,576.0,568.0,189.0,0
CUST101948,50,Bekerja,73702,710,14.6,3452,0,0,0,Kartu Kredit,Renovasi Rumah,15.59,592.0,0.95,317.0,0
CUST101949,46,Bekerja,69667,690,20.4,8071,0,0,0,Pinjaman Pribadi,Bisnis,12.79,43.0,1.055,352.0,1
CUST101950,22,Wiraswasta,73208,539,1.2,631,0,0,0,Kartu Kredit,Medis,22.57,184.0,613.0,204.0,0
CUST101951,20,Wiraswasta,27624,658,0.1,3,0,1,0,Pinjaman Pribadi,Medis,12.07,82.0,775.0,258.0,0
CUST101952,18,Wiraswasta,20210,536,0.9,49,0,3,0,Kredit Berjalan,Medis,13.07,407.0,787.0,262.0,0
CUST101953,37,Bekerja,81542,751,18.9,409,0,1,0,Kredit Berjalan,Pendidikan,6.74,242.0,603.0,201.0,1
CUST101954,29,Bekerja,63771,593,8.1,1140,1,2,0,Kartu Kredit,Medis,21.17,294.0,187.0,62.0,0
CUST101955,30,Wiraswasta,56552,560,4.3,32,0,1,0,Kartu Kredit,Pendidikan,22.91,542.0,1.238,413.0,0
CUST101956,26,Wiraswasta,57803,574,1.3,361,1,2,0,Pinjaman Pribadi,Renovasi Rumah,16.11,0.34,1.73,577.0,0
CUST101957,34,Wiraswasta,53266,545,13.0,2076,0,2,0,Kartu Kredit,Bisnis,22.56,193.0,1.063,354.0,0
CUST101958,39,Bekerja,51099,595,4.5,6390,1,1,1,Kartu Kredit,Pendidikan,22.25,269.0,1.125,375.0,0
CUST101959,49,Bekerja,75831,597,26.6,3816,0,1,0,Kredit Berjalan,Medis,13.89,104.0,0.53,177.0,0
CUST101960,19,Mahasiswa,23118,568,2.0,483,0,1,1,Kredit Berjalan,Medis,14.31,278.0,216.0,72.0,0
CUST101961,43,Bekerja,23984,596,10.8,2379,0,0,0,Pinjaman Pribadi,Pendidikan,16.57,169.0,0.55,183.0,1
CUST101962,29,Wiraswasta,45914,722,4.8,632,0,0,0,Kartu Kredit,Pendidikan,17.1,315.0,314.0,105.0,1
CUST101963,63,Bekerja,113765,694,9.5,1055,0,0,0,Kartu Kredit,Medis,18.02,531.0,615.0,205.0,0
CUST101964,26,Bekerja,23603,562,0.9,58,0,2,1,Kartu Kredit,Medis,21.69,267.0,297.0,99.0,0
CUST101965,26,Mahasiswa,16481,625,0.2,115,0,0,0,Kredit Berjalan,Bisnis,11.17,388.0,0.71,237.0,0
CUST101966,30,Bekerja,21491,674,7.8,85,0,0,0,Kartu Kredit,Pribadi,18.59,265.0,1.173,391.0,0
CUST101967,45,Bekerja,51752,656,24.7,11161,0,0,0,Kartu Kredit,Pribadi,18.69,101.0,1.353,451.0,1
CUST101968,44,Bekerja,130977,715,11.5,1523,0,0,0,Pinjaman Pribadi,Medis,10.91,352.0,265.0,88.0,1
CUST101969,37,Bekerja,33197,606,16.6,286,0,0,0,Pinjaman Pribadi,Renovasi Rumah,14.11,302.0,1.482,494.0,0
CUST101970,24,Mahasiswa,19473,585,0.7,19,0,0,2,Pinjaman Pribadi,Bisnis,15.26,503.0,154.0,51.0,0
CUST101971,41,Bekerja,138694,616,11.5,11468,0,0,0,Pinjaman Pribadi,Pribadi,13.02,305.0,712.0,237.0,1
CUST101972,19,Wiraswasta,53480,667,1.2,138,0,0,0,Pinjaman Pribadi,Pendidikan,12.45,403.0,1.741,0.58,0
CUST101973,18,Bekerja,15693,521,0.2,96,0,1,1,Kartu Kredit,Bisnis,22.28,294.0,1.294,431.0,0
CUST101974,33,Wiraswasta,51274,617,14.1,463,0,0,0,Pinjaman Pribadi,Pribadi,14.04,191.0,441.0,147.0,1
CUST101975,38,Bekerja,34415,713,3.3,291,0,0,0,Kartu Kredit,Pribadi,16.23,556.0,1.22,407.0,0
CUST101976,18,Bekerja,18691,622,0.7,34,0,0,0,Kartu Kredit,Pribadi,19.8,296.0,1.289,0.43,0
CUST101977,46,Bekerja,16674,655,22.3,2399,0,1,0,Pinjaman Pribadi,Konsolidasi Hutang,12.0,623.0,1.475,492.0,0
CUST101978,46,Bekerja,96889,684,15.8,234,0,0,0,Kartu Kredit,Pribadi,18.19,607.0,539.0,0.18,0
CUST101979,41,Bekerja,82782,732,2.3,24,0,0,0,Kartu Kredit,Pendidikan,16.07,454.0,0.32,107.0,1
CUST101980,28,Bekerja,23940,624,7.2,1074,0,0,0,Pinjaman Pribadi,Konsolidasi Hutang,14.82,68.0,125.0,42.0,1
CUST101981,38,Bekerja,65219,689,3.5,1881,0,0,0,Pinjaman Pribadi,Pendidikan,11.47,334.0,968.0,323.0,1
CUST101982,35,Wiraswasta,82723,639,7.0,518,1,0,0,Kartu Kredit,Konsolidasi Hutang,19.66,498.0,635.0,212.0,0
CUST101983,36,Wiraswasta,28281,596,7.2,101,0,2,0,Pinjaman Pribadi,Medis,16.53,364.0,1.177,392.0,0
CUST101984,37,Bekerja,42072,568,17.6,819,0,0,0,Pinjaman Pribadi,Renovasi Rumah,16.49,418.0,1.871,624.0,0
CUST101985,56,Wiraswasta,51010,833,18.3,2931,0,1,0,Kredit Berjalan,Pribadi,7.44,319.0,0.68,227.0,1
CUST101986,27,Bekerja,34445,617,0.4,31,0,0,0,Kartu Kredit,Konsolidasi Hutang,20.98,208.0,189.0,63.0,0
CUST101987,27,Wiraswasta,49247,679,3.2,7313,0,0,0,Kartu Kredit,Pribadi,17.68,127.0,1.07,357.0,1
CUST101988,23,Bekerja,75257,564,2.5,745,0,1,0,Pinjaman Pribadi,Bisnis,15.11,288.0,1.329,443.0,0
CUST101989,45,Wiraswasta,36915,757,21.0,20744,0,0,0,Kartu Kredit,Medis,15.34,335.0,1.013,338.0,1
CUST101990,38,Bekerja,60566,586,17.5,12502,0,2,0,Kredit Berjalan,Pribadi,14.32,305.0,532.0,177.0,1
CUST101991,22,Bekerja,17871,580,0.4,116,0,0,0,Kartu Kredit,Pribadi,21.92,0.35,34.0,11.0,0
CUST101992,28,Mahasiswa,16284,668,9.8,17,0,0,0,Pinjaman Pribadi,Pendidikan,11.04,312.0,884.0,295.0,1
CUST101993,46,Wiraswasta,58041,765,27.9,47,0,1,0,Pinjaman Pribadi,Pribadi,8.47,0.17,1.723,574.0,1
CUST101994,43,Bekerja,106235,654,11.0,516,0,0,0,Kredit Berjalan,Pribadi,10.07,359.0,233.0,78.0,1
CUST101995,41,Bekerja,42645,759,18.2,1852,0,0,0,Kredit Berjalan,Medis,7.79,0.48,839.0,0.28,1
CUST101996,34,Bekerja,87114,633,10.7,11552,0,0,0,Kredit Berjalan,Bisnis,12.93,249.0,303.0,101.0,1
CUST101997,31,Bekerja,19462,551,7.7,1227,0,0,0,Kartu Kredit,Pendidikan,21.09,403.0,755.0,252.0,0
CUST101998,51,Wiraswasta,40993,627,28.4,50539,0,1,0,Kredit Berjalan,Bisnis,12.72,0.42,888.0,296.0,1
CUST101999,35,Bekerja,49799,632,9.9,16162,0,1,0,Pinjaman Pribadi,Pendidikan,14.54,229.0,1.863,621.0,1
CUST102000,35,Bekerja,24804,753,11.4,380,0,1,0,Kartu Kredit,Renovasi Rumah,14.87,449.0,1.072,357.0,1
CUST102001,39,Bekerja,75217,605,18.0,53719,0,0,0,Kartu Kredit,Renovasi Rumah,20.17,531.0,553.0,184.0,1
CUST102002,19,Bekerja,15000,615,0.7,44,0,3,0,Kredit Berjalan,Pendidikan,12.32,261.0,0.56,187.0,0
CUST102003,40,Mahasiswa,19368,647,20.5,1101,0,0,0,Kartu Kredit,Pendidikan,19.25,391.0,98.0,33.0,1
CUST102004,38,Wiraswasta,46099,546,5.8,1225,0,0,0,Kartu Kredit,Pendidikan,22.57,309.0,1.028,343.0,1
CUST102005,23,Bekerja,29985,602,4.0,109,0,3,0,Kredit Berjalan,Pendidikan,11.12,276.0,0.68,227.0,0
CUST102006,33,Wiraswasta,54144,693,9.7,78,0,0,0,Pinjaman Pribadi,Pribadi,12.22,69.0,1.731,577.0,1
CUST102007,39,Wiraswasta,58200,622,17.6,18398,0,1,0,Kartu Kredit,Pribadi,20.56,245.0,981.0,327.0,1
CUST102008,31,Bekerja,46477,694,6.6,8600,0,0,0,Kredit Berjalan,Bisnis,9.23,135.0,415.0,138.0,1
CUST102009,31,Bekerja,21173,567,2.4,232,1,2,1,Kredit Berjalan,Pendidikan,13.04,0.34,737.0,246.0,0
CUST102010,22,Bekerja,29058,731,0.7,200,0,1,0,Kredit Berjalan,Medis,8.63,16.0,427.0,142.0,1
CUST102011,34,Mahasiswa,37117,674,15.8,15737,0,0,0,Pinjaman Pribadi,Medis,11.95,385.0,1.633,544.0,0
CUST102012,30,Wiraswasta,133360,646,7.5,14093,0,1,0,Kartu Kredit,Medis,20.36,461.0,392.0,131.0,0
CUST102013,45,Bekerja,31162,561,25.8,226,0,1,0,Kredit Berjalan,Pribadi,14.6,168.0,552.0,184.0,0
CUST102014,29,Bekerja,28732,628,9.7,8120,0,1,0,Kartu Kredit,Pribadi,19.17,359.0,888.0,296.0,1
CUST102015,37,Bekerja,55758,615,0.1,31,0,1,0,Kartu Kredit,Medis,19.75,243.0,741.0,247.0,1
CUST102016,36,Mahasiswa,23646,586,9.9,293,0,3,2,Kartu Kredit,Bisnis,22.16,433.0,101.0,34.0,0
CUST102017,46,Bekerja,72729,735,0.5,102,0,0,0,Kredit Berjalan,Pribadi,7.91,316.0,224.0,75.0,1
CUST102018,24,Wiraswasta,49561,669,1.5,2585,0,0,0,Pinjaman Pribadi,Renovasi Rumah,12.4,162.0,1.844,615.0,1
CUST102019,38,Mahasiswa,36704,515,15.6,15259,0,0,0,Kredit Berjalan,Medis,13.58,272.0,599.0,0.2,0
CUST102020,46,Bekerja,41159,566,2.2,23,0,0,3,Pinjaman Pribadi,Renovasi Rumah,15.82,214.0,561.0,187.0,0
CUST102021,50,Mahasiswa,41998,640,12.8,1636,0,0,0,Kartu Kredit,Pribadi,20.47,391.0,0.1,33.0,1
CUST102022,22,Bekerja,37117,584,2.9,486,0,2,0,Kartu Kredit,Pendidikan,22.62,0.3,558.0,186.0,0
CUST102023,19,Bekerja,28966,553,1.8,27,0,1,0,Kartu Kredit,Medis,22.1,396.0,1.215,405.0,0
CUST102024,39,Bekerja,75185,736,19.1,71705,0,0,0,Kartu Kredit,Pendidikan,15.7,358.0,741.0,247.0,1
CUST102025,51,Bekerja,72042,708,16.7,131,0,0,0,Kartu Kredit,Pribadi,16.06,366.0,972.0,324.0,1
CUST102026,40,Wiraswasta,27082,690,3.2,112,0,0,0,Kartu Kredit,Pendidikan,18.18,389.0,905.0,302.0,1
CUST102027,38,Bekerja,23936,716,5.6,248,0,0,0,Kartu Kredit,Renovasi Rumah,17.08,554.0,1.07,357.0,0
CUST102028,37,Bekerja,27671,713,0.8,133,0,0,0,Kredit Berjalan,Medis,8.28,298.0,419.0,0.14,1
CUST102029,47,Bekerja,39843,561,12.3,1494,0,2,0,Pinjaman Pribadi,Pendidikan,15.82,139.0,914.0,305.0,0
CUST102030,30,Bekerja,42107,511,8.0,109,0,0,0,Pinjaman Pribadi,Bisnis,16.51,167.0,1.757,586.0,0
CUST102031,34,Bekerja,42515,648,14.1,469,0,0,0,Kartu Kredit,Konsolidasi Hutang,20.32,531.0,722.0,241.0,0
CUST102032,28,Bekerja,42664,637,2.3,106,0,1,0,Pinjaman Pribadi,Renovasi Rumah,13.02,292.0,316.0,105.0,1
CUST102033,70,Wiraswasta,125818,678,1.5,252,0,0,0,Kartu Kredit,Pendidikan,19.0,173.0,556.0,185.0,1
CUST102034,18,Bekerja,15000,613,1.9,59,0,1,0,Pinjaman Pribadi,Pribadi,14.93,452.0,0.64,213.0,0
CUST102035,46,Bekerja,86477,609,26.6,155083,0,0,0,Pinjaman Pribadi,Konsolidasi Hutang,13.88,504.0,1.156,385.0,0
CUST102036,42,Bekerja,23904,672,3.1,747,1,4,0,Pinjaman Pribadi,Medis,12.36,386.0,1.326,442.0,0
CUST102037,24,Bekerja,32094,694,4.1,114,0,0,0,Pinjaman Pribadi,Pendidikan,11.34,473.0,1.137,379.0,1
CUST102038,46,Bekerja,38980,704,7.4,1625,0,0,0,Pinjaman Pribadi,Renovasi Rumah,11.29,0.13,303.0,101.0,1
CUST102039,43,Mahasiswa,32529,697,12.5,2572,0,0,0,Kredit Berjalan,Bisnis,9.2,113.0,357.0,119.0,1
CUST102040,18,Wiraswasta,170982,653,0.9,403,0,0,0,Kartu Kredit,Medis,18.69,535.0,409.0,136.0,0
CUST102041,20,Bekerja,49689,663,1.7,137,0,0,1,Kredit Berjalan,Pribadi,9.94,0.05,346.0,115.0,1
CUST102042,33,Wiraswasta,100884,751,2.8,11070,0,0,0,Kartu Kredit,Medis,15.48,357.0,694.0,231.0,1
CUST102043,28,Bekerja,39552,590,7.3,1630,0,1,0,Pinjaman Pribadi,Medis,16.59,231.0,46.0,15.0,0
CUST102044,36,Bekerja,39189,548,12.5,777,0,1,0,Kartu Kredit,Renovasi Rumah,22.52,357.0,1.368,456.0,0
CUST102045,52,Bekerja,35416,620,21.9,10940,0,0,0,Pinjaman Pribadi,Konsolidasi Hutang,14.4,304.0,1.327,442.0,0
CUST102046,30,Bekerja,16244,572,9.3,2146,0,1,0,Kartu Kredit,Bisnis,21.33,322.0,154.0,51.0,0
CUST102047,36,Wiraswasta,58621,645,16.7,429,0,1,0,Pinjaman Pribadi,Bisnis,13.43,45.0,459.0,153.0,1
CUST102048,32,Bekerja,23414,643,4.3,453,0,2,0,Kartu Kredit,Pribadi,20.94,292.0,431.0,144.0,1
CUST102049,27,Bekerja,28845,672,0.2,26,0,1,0,Kredit Berjalan,Medis,10.96,436.0,0.7,233.0,0
CUST102050,51,Wiraswasta,72814,623,9.1,252,0,1,0,Kartu Kredit,Bisnis,20.77,175.0,258.0,86.0,1
CUST102051,18,Wiraswasta,132621,734,2.0,175,0,0,0,Kartu Kredit,Pendidikan,15.59,518.0,528.0,176.0,1
CUST102052,42,Bekerja,61494,721,21.2,813,0,0,0,Pinjaman Pribadi,Pribadi,10.62,137.0,961.0,0.32,1
CUST102053,26,Bekerja,23768,755,4.0,3003,0,0,0,Kartu Kredit,Renovasi Rumah,14.62,384.0,501.0,167.0,1
CUST102054,18,Wiraswasta,26967,605,0.7,182,0,2,0,Pinjaman Pribadi,Konsolidasi Hutang,14.65,153.0,712.0,237.0,0
CUST102055,18,Bekerja,17614,647,0.7,6,0,1,0,Pinjaman Pribadi,Medis,14.7,201.0,1.766,589.0,0
CUST102056,31,Bekerja,54242,547,8.5,1600,0,3,0,Pinjaman Pribadi,Pendidikan,16.23,0.33,1.403,468.0,0
CUST102057,46,Bekerja,84146,553,19.5,9215,0,1,0,Kartu Kredit,Medis,21.66,261.0,832.0,277.0,1
CUST102058,30,Bekerja,28983,646,11.2,1289,0,0,0,Kredit Berjalan,Pribadi,11.64,68.0,283.0,94.0,1
CUST102059,25,Mahasiswa,23239,683,0.4,8,0,0,0,Pinjaman Pribadi,Bisnis,11.0,154.0,1.269,423.0,0
CUST102060,51,Bekerja,34974,659,1.3,373,0,0,1,Kartu Kredit,Medis,18.0,629.0,169.0,56.0,0
CUST102061,18,Bekerja,32514,652,0.1,30,0,1,0,Kredit Berjalan,Renovasi Rumah,10.01,7.0,394.0,131.0,0
CUST102062,22,Bekerja,56308,579,1.4,193,0,0,2,Kredit Berjalan,Pribadi,13.77,138.0,439.0,146.0,0
CUST102063,46,Bekerja,59427,622,4.5,343,0,1,0,Kartu Kredit,Konsolidasi Hutang,19.98,186.0,88.0,29.0,0
CUST102064,36,Wiraswasta,68242,813,7.7,437,0,0,0,Kartu Kredit,Konsolidasi Hutang,15.08,0.31,1.026,342.0,1
CUST102065,18,Wiraswasta,45164,695,0.1,10,0,0,0,Pinjaman Pribadi,Medis,12.62,0.07,456.0,152.0,0
CUST102066,20,Bekerja,24100,556,0.2,17,0,1,1,Kredit Berjalan,Pendidikan,14.61,0.21,714.0,238.0,0
CUST102067,22,Bekerja,42943,561,3.3,6263,0,1,0,Pinjaman Pribadi,Pribadi,15.97,249.0,724.0,241.0,0
CUST102068,66,Wiraswasta,36312,683,6.5,102,0,0,0,Pinjaman Pribadi,Medis,11.73,185.0,1.76,587.0,1
CUST102069,38,Mahasiswa,37023,605,7.5,2648,0,0,1,Kartu Kredit,Bisnis,19.24,216.0,0.1,33.0,1
CUST102070,47,Bekerja,67323,694,11.9,3322,0,0,0,Kartu Kredit,Pribadi,17.85,106.0,217.0,72.0,1
CUST102071,44,Bekerja,44325,669,11.2,548,0,0,0,Kartu Kredit,Pribadi,18.9,58.0,0.23,77.0,1
CUST102072,45,Bekerja,75208,731,8.4,1485,0,0,0,Kredit Berjalan,Pribadi,9.32,245.0,605.0,202.0,1
CUST102073,34,Bekerja,29537,662,4.3,355,0,1,0,Kartu Kredit,Pribadi,17.3,466.0,1.378,459.0,0
CUST102074,21,Bekerja,35963,678,2.5,348,0,0,0,Pinjaman Pribadi,Konsolidasi Hutang,11.91,584.0,795.0,265.0,0
CUST102075,31,Mahasiswa,32537,608,5.4,204,0,1,0,Kartu Kredit,Pendidikan,20.83,166.0,101.0,34.0,1
CUST102076,64,Mahasiswa,28189,707,12.9,317,0,1,0,Kartu Kredit,Renovasi Rumah,17.35,63.0,99.0,33.0,1
CUST102077,34,Bekerja,21981,699,14.7,3662,0,0,0,Pinjaman Pribadi,Pendidikan,12.36,482.0,1.588,529.0,1
CUST102078,36,Bekerja,49730,698,9.9,560,0,0,0,Pinjaman Pribadi,Medis,11.74,81.0,1.448,483.0,1
CUST102079,35,Wiraswasta,66331,623,5.7,472,0,0,0,Kartu Kredit,Medis,20.66,323.0,633.0,211.0,1
CUST102080,49,Bekerja,46401,759,28.9,11946,0,0,0,Pinjaman Pribadi,Medis,8.36,113.0,1.724,575.0,1
CUST102081,20,Bekerja,47247,582,1.4,362,0,1,0,Pinjaman Pribadi,Bisnis,15.61,359.0,1.23,0.41,0
CUST102082,20,Bekerja,29151,528,0.8,88,1,2,0,Kartu Kredit,Pribadi,21.84,268.0,346.0,115.0,0
CUST102083,30,Bekerja,30140,622,8.5,4742,0,1,0,Kartu Kredit,Renovasi Rumah,19.94,322.0,929.0,0.31,1
CUST102084,45,Bekerja,52175,635,21.3,1644,0,1,0,Kartu Kredit,Konsolidasi Hutang,19.72,406.0,1.342,447.0,0
CUST102085,42,Bekerja,47253,701,18.6,35527,0,0,0,Pinjaman Pribadi,Pribadi,9.93,372.0,0.99,0.33,1
CUST102086,18,Wiraswasta,141336,600,0.3,179,0,1,0,Kartu Kredit,Bisnis,19.34,207.0,495.0,165.0,0
CUST102087,28,Wiraswasta,108682,628,8.1,3237,0,0,0,Kredit Berjalan,Pendidikan,11.88,83.0,0.46,153.0,1
CUST102088,31,Bekerja,56894,702,1.5,581,0,0,0,Pinjaman Pribadi,Renovasi Rumah,11.02,399.0,1.747,582.0,0
CUST102089,51,Mahasiswa,15000,595,21.2,263,0,3,0,Kredit Berjalan,Renovasi Rumah,14.23,338.0,333.0,111.0,0
CUST102090,30,Bekerja,33877,719,10.3,294,0,0,0,Kartu Kredit,Medis,16.87,85.0,1.305,435.0,1
CUST102091,26,Bekerja,21843,510,5.2,31,0,1,1,Kartu Kredit,Renovasi Rumah,22.76,502.0,1.236,412.0,0
CUST102092,58,Bekerja,60176,707,16.7,2370,0,0,0,Kartu Kredit,Bisnis,17.17,289.0,357.0,119.0,1
CUST102093,41,Wiraswasta,62227,663,0.9,557,0,1,0,Kartu Kredit,Konsolidasi Hutang,18.5,394.0,1.065,355.0,0
CUST102094,31,Bekerja,50083,625,11.5,541,0,0,0,Kartu Kredit,Pribadi,20.75,158.0,853.0,284.0,1
CUST102095,59,Bekerja,162775,688,16.9,17242,0,0,0,Kartu Kredit,Pribadi,17.08,0.37,0.43,143.0,1
CUST102096,50,Bekerja,44519,722,6.7,11301,0,1,0,Kartu Kredit,Pendidikan,17.02,82.0,766.0,255.0,1
CUST102097,45,Bekerja,45099,684,23.9,296,0,0,0,Pinjaman Pribadi,Renovasi Rumah,11.87,222.0,1.716,572.0,1
CUST102098,18,Mahasiswa,21219,650,1.2,9,0,0,0,Kartu Kredit,Renovasi Rumah,17.88,319.0,57.0,19.0,1
CUST102099,28,Bekerja,15000,650,4.1,436,0,0,0,Kartu Kredit,Pendidikan,18.02,406.0,1.133,378.0,1
CUST102100,39,Bekerja,51223,628,17.3,206,0,1,0,Pinjaman Pribadi,Medis,14.38,259.0,1.374,458.0,1
CUST102101,35,Bekerja,64539,685,14.8,8403,0,0,0,Pinjaman Pribadi,Renovasi Rumah,12.23,268.0,1.505,502.0,1
CUST102102,31,Bekerja,41317,630,6.2,1272,0,1,0,Kartu Kredit,Pribadi,20.95,92.0,1.043,348.0,1
CUST102103,43,Bekerja,26514,680,19.9,21973,0,0,0,Kredit Berjalan,Pribadi,10.39,289.0,468.0,156.0,1
CUST102104,38,Bekerja,103336,693,3.1,444,0,0,0,Kartu Kredit,Konsolidasi Hutang,18.8,133.0,0.18,0.06,1
CUST102105,18,Bekerja,19202,529,0.1,81,1,1,0,Kartu Kredit,Pribadi,21.7,201.0,703.0,234.0,0
CUST102106,58,Bekerja,39890,632,18.5,118,0,1,0,Kartu Kredit,Pribadi,20.03,141.0,797.0,266.0,1
CUST102107,37,Bekerja,31129,704,11.0,515,0,0,0,Pinjaman Pribadi,Pendidikan,11.29,647.0,0.61,203.0,0
CUST102108,32,Wiraswasta,161191,589,8.3,1773,1,2,1,Kartu Kredit,Medis,22.84,443.0,434.0,145.0,0
CUST102109,31,Bekerja,27293,725,1.2,32,0,0,0,Kartu Kredit,Bisnis,16.94,368.0,1.059,353.0,0
CUST102110,38,Wiraswasta,39977,618,5.6,137,0,1,0,Pinjaman Pribadi,Bisnis,13.77,339.0,1.711,0.57,1
CUST102111,30,Bekerja,100105,714,3.1,383,0,0,0,Kredit Berjalan,Bisnis,7.52,253.0,0.31,103.0,1
CUST102112,22,Mahasiswa,36083,513,1.6,1938,0,0,0,Kartu Kredit,Pendidikan,22.77,359.0,0.1,33.0,1
CUST102113,18,Bekerja,30816,580,0.1,15,0,0,0,Kartu Kredit,Pendidikan,22.14,89.0,999.0,333.0,0
CUST102114,40,Bekerja,67194,561,1.5,42,0,0,1,Kredit Berjalan,Pribadi,13.49,0.32,167.0,56.0,0
CUST102115,35,Wiraswasta,50536,695,11.0,18572,0,0,0,Kredit Berjalan,Renovasi Rumah,9.41,286.0,354.0,118.0,1
CUST102116,34,Bekerja,16410,570,9.1,977,0,2,0,Kartu Kredit,Bisnis,21.77,126.0,548.0,183.0,0
CUST102117,49,Wiraswasta,127004,713,24.9,98172,0,0,0,Pinjaman Pribadi,Bisnis,10.34,138.0,787.0,262.0,1
CUST102118,44,Bekerja,46486,743,16.2,2350,0,0,0,Pinjaman Pribadi,Pribadi,10.51,0.22,1.198,399.0,1
CUST102119,18,Bekerja,25509,591,1.2,388,0,1,0,Pinjaman Pribadi,Pribadi,16.82,281.0,1.686,562.0,0
CUST102120,40,Bekerja,42259,658,3.5,479,1,0,0,Kartu Kredit,Medis,18.28,103.0,95.0,32.0,0
CUST102121,18,Mahasiswa,15000,503,0.4,4,1,0,1,Kartu Kredit,Pendidikan,22.19,177.0,0.1,33.0,0
CUST102122,41,Wiraswasta,115466,693,7.6,1498,0,3,0,Kartu Kredit,Pendidikan,19.0,415.0,606.0,202.0,0
CUST102123,33,Wiraswasta,81670,627,10.3,5543,0,0,0,Pinjaman Pribadi,Renovasi Rumah,13.93,255.0,1.151,384.0,1
CUST102124,36,Bekerja,50204,626,16.3,334,0,1,0,Pinjaman Pribadi,Konsolidasi Hutang,14.14,0.12,635.0,212.0,1
CUST102125,29,Bekerja,31085,625,6.0,530,0,1,0,Kredit Berjalan,Bisnis,12.63,314.0,232.0,77.0,0
CUST102126,42,Bekerja,34007,619,4.1,511,0,2,0,Kartu Kredit,Pribadi,20.91,75.0,638.0,213.0,1
CUST102127,29,Bekerja,91796,611,6.9,1049,0,0,0,Kredit Berjalan,Bisnis,12.96,127.0,319.0,106.0,1
CUST102128,43,Bekerja,37240,745,2.8,1360,0,1,0,Kartu Kredit,Pribadi,17.09,665.0,798.0,266.0,0
CUST102129,46,Bekerja,57728,602,21.4,23802,0,0,0,Pinjaman Pribadi,Konsolidasi Hutang,14.33,377.0,1.732,577.0,0
CUST102130,18,Wiraswasta,38625,602,1.6,177,0,1,0,Pinjaman Pribadi,Pendidikan,14.06,236.0,111.0,37.0,1
CUST102131,59,Bekerja,43930,709,7.4,2576,0,0,0,Kredit Berjalan,Bisnis,8.83,619.0,257.0,86.0,0
CUST102132,39,Bekerja,47407,515,19.2,2835,1,1,0,Kredit Berjalan,Bisnis,13.83,0.41,515.0,172.0,0
CUST102133,23,Bekerja,17013,675,1.0,383,0,0,0,Kredit Berjalan,Medis,9.15,189.0,564.0,188.0,1
CUST102134,55,Wiraswasta,40482,689,12.6,714,0,0,0,Kredit Berjalan,Bisnis,10.65,249.0,588.0,196.0,1
CUST102135,39,Mahasiswa,25160,752,15.0,466,0,0,0,Pinjaman Pribadi,Pribadi,8.41,429.0,1.574,525.0,1
CUST102136,32,Bekerja,52957,662,12.6,7179,0,2,0,Kartu Kredit,Bisnis,18.06,318.0,638.0,213.0,1
CUST102137,46,Bekerja,59173,717,24.7,1445,0,0,0,Kredit Berjalan,Renovasi Rumah,9.37,349.0,237.0,79.0,1
CUST102138,23,Bekerja,24798,658,2.8,121,0,0,0,Kartu Kredit,Pendidikan,18.74,0.14,936.0,312.0,1
CUST102139,18,Wiraswasta,35103,530,1.0,42,0,0,0,Kredit Berjalan,Medis,13.08,149.0,461.0,154.0,0
CUST102140,35,Bekerja,129474,713,15.5,5286,0,1,0,Pinjaman Pribadi,Pribadi,10.93,262.0,606.0,202.0,1
CUST102141,35,Wiraswasta,85851,650,0.5,205,0,0,0,Kartu Kredit,Konsolidasi Hutang,18.34,0.18,815.0,272.0,1
CUST102142,28,Bekerja,21624,613,4.8,209,0,2,0,Pinjaman Pribadi,Medis,13.63,0.31,1.508,503.0,0
CUST102143,18,Bekerja,45651,569,1.6,509,1,3,1,Pinjaman Pribadi,Renovasi Rumah,16.96,327.0,1.152,384.0,0
CUST102144,45,Bekerja,69997,717,26.5,3279,0,0,0,Pinjaman Pribadi,Medis,10.0,35.0,1.429,476.0,1
CUST102145,43,Bekerja,22264,713,11.1,1078,0,0,0,Kredit Berjalan,Bisnis,8.85,0.01,247.0,82.0,1
CUST102146,18,Bekerja,24317,601,0.6,531,0,0,0,Kredit Berjalan,Medis,11.86,34.0,526.0,175.0,0
CUST102147,18,Bekerja,16481,669,0.2,6,1,2,0,Pinjaman Pribadi,Pribadi,11.47,379.0,783.0,261.0,0
CUST102148,32,Mahasiswa,28762,561,10.1,761,1,2,0,Pinjaman Pribadi,Pribadi,16.73,124.0,0.17,57.0,0
CUST102149,34,Bekerja,55292,644,3.0,236,0,1,0,Pinjaman Pribadi,Pribadi,13.48,295.0,1.176,392.0,0
CUST102150,32,Bekerja,63010,567,1.2,179,0,0,0,Pinjaman Pribadi,Renovasi Rumah,17.0,629.0,981.0,327.0,0
CUST102151,18,Mahasiswa,16878,574,1.9,15,0,0,0,Pinjaman Pribadi,Medis,15.22,258.0,391.0,0.13,0
CUST102152,44,Bekerja,51783,560,22.4,2116,0,1,1,Pinjaman Pribadi,Medis,15.47,538.0,1.931,644.0,0
CUST102153,31,Bekerja,58664,589,7.4,212,0,0,0,Kartu Kredit,Pribadi,21.54,129.0,598.0,199.0,1
CUST102154,18,Bekerja,42783,697,0.9,152,0,1,0,Pinjaman Pribadi,Medis,12.02,424.0,1.699,566.0,0
CUST102155,25,Bekerja,65269,663,4.3,189,0,0,0,Kartu Kredit,Bisnis,18.51,0.48,631.0,0.21,0
CUST102156,28,Mahasiswa,61729,662,2.0,330,0,0,0,Pinjaman Pribadi,Renovasi Rumah,12.23,134.0,384.0,128.0,1
CUST102157,37,Mahasiswa,15000,676,8.2,1819,0,0,1,Kartu Kredit,Renovasi Rumah,18.93,235.0,0.1,33.0,1
CUST102158,47,Bekerja,91217,630,28.2,14272,0,1,0,Kartu Kredit,Renovasi Rumah,20.31,382.0,767.0,256.0,1
CUST102159,27,Wiraswasta,91714,647,0.4,102,0,0,0,Pinjaman Pribadi,Medis,13.43,591.0,423.0,141.0,0
CUST102160,24,Wiraswasta,95178,643,2.9,1965,0,0,0,Pinjaman Pribadi,Pendidikan,13.25,592.0,1.051,0.35,0
CUST102161,35,Bekerja,75749,692,7.2,3177,0,0,0,Kartu Kredit,Konsolidasi Hutang,17.59,588.0,329.0,0.11,0
CUST102162,49,Wiraswasta,30659,672,12.3,838,0,0,0,Kartu Kredit,Renovasi Rumah,18.95,481.0,0.74,247.0,1
CUST102163,18,Bekerja,43104,556,0.8,10,1,1,0,Kredit Berjalan,Pribadi,13.32,403.0,343.0,114.0,0
CUST102164,34,Bekerja,32808,686,8.8,33,0,0,0,Pinjaman Pribadi,Pendidikan,11.69,229.0,338.0,113.0,1
CUST102165,28,Bekerja,57727,684,1.5,194,0,1,0,Kartu Kredit,Medis,18.66,393.0,1.213,404.0,0
CUST102166,45,Bekerja,121195,572,4.3,77,1,3,1,Kredit Berjalan,Bisnis,13.03,334.0,302.0,101.0,0
CUST102167,22,Wiraswasta,61329,707,1.6,8083,0,1,0,Kartu Kredit,Renovasi Rumah,16.03,107.0,1.084,361.0,1
CUST102168,41,Wiraswasta,92371,709,1.5,487,0,0,0,Kartu Kredit,Konsolidasi Hutang,15.99,182.0,48.0,16.0,1
CUST102169,56,Bekerja,54567,578,0.6,56,1,0,0,Kredit Berjalan,Pribadi,13.89,124.0,656.0,219.0,0
CUST102170,22,Bekerja,81638,575,3.2,5899,0,2,0,Pinjaman Pribadi,Medis,16.87,147.0,312.0,104.0,0
CUST102171,18,Bekerja,56586,546,1.4,1035,0,0,0,Kartu Kredit,Pribadi,22.51,518.0,1.076,359.0,0
CUST102172,36,Bekerja,24521,662,9.3,234,0,0,1,Kartu Kredit,Pribadi,18.11,324.0,1.044,348.0,1
CUST102173,35,Mahasiswa,22020,747,12.6,579,0,0,0,Pinjaman Pribadi,Medis,10.34,268.0,1.076,359.0,1
CUST102174,45,Bekerja,30973,500,2.4,421,0,2,0,Kartu Kredit,Renovasi Rumah,22.8,227.0,184.0,61.0,0
CUST102175,30,Wiraswasta,123521,614,11.0,3111,0,0,0,Kartu Kredit,Pendidikan,20.48,406.0,102.0,34.0,1
CUST102176,48,Bekerja,117024,621,14.3,4909,0,0,0,Kartu Kredit,Bisnis,20.11,338.0,508.0,169.0,1
CUST102177,18,Wiraswasta,42242,607,0.9,41,0,0,0,Kartu Kredit,Bisnis,19.91,298.0,1.214,405.0,0
CUST102178,19,Bekerja,35385,555,0.1,3,0,1,0,Pinjaman Pribadi,Medis,16.77,0.18,1.269,423.0,0
CUST102179,34,Bekerja,32245,749,3.2,342,0,0,0,Kredit Berjalan,Bisnis,8.58,87.0,155.0,52.0,1
CUST102180,49,Bekerja,52773,685,28.3,1836,0,0,0,Kartu Kredit,Pribadi,17.79,581.0,1.26,0.42,0
CUST102181,18,Bekerja,24487,687,0.6,33,0,0,0,Pinjaman Pribadi,Pribadi,11.73,111.0,1.388,463.0,0
CUST102182,42,Mahasiswa,17858,637,9.8,278,0,1,0,Kartu Kredit,Konsolidasi Hutang,20.51,68.0,101.0,34.0,1
CUST102183,31,Bekerja,79732,650,0.2,13,0,0,0,Pinjaman Pribadi,Pendidikan,12.51,266.0,1.254,418.0,1
CUST102184,40,Wiraswasta,63095,716,3.2,186,0,1,0,Kartu Kredit,Renovasi Rumah,15.65,151.0,1.109,0.37,1
CUST102185,43,Wiraswasta,69517,620,5.7,4542,0,0,0,Pinjaman Pribadi,Medis,13.37,232.0,1.438,479.0,0
CUST102186,25,Bekerja,35989,684,6.3,172,0,2,0,Kartu Kredit,Medis,17.58,342.0,475.0,158.0,1
CUST102187,54,Bekerja,23629,597,10.8,2133,0,0,0,Kartu Kredit,Pribadi,22.25,527.0,76.0,25.0,0
CUST102188,28,Bekerja,52410,616,0.3,61,0,1,0,Kartu Kredit,Konsolidasi Hutang,20.97,658.0,393.0,131.0,0
CUST102189,61,Bekerja,56916,651,18.4,15399,0,0,0,Kredit Berjalan,Konsolidasi Hutang,10.72,351.0,323.0,108.0,1
CUST102190,65,Bekerja,54367,739,0.7,242,0,0,0,Pinjaman Pribadi,Pribadi,10.89,389.0,1.481,494.0,1
CUST102191,30,Wiraswasta,116998,679,1.6,1187,0,0,0,Kartu Kredit,Pribadi,18.62,235.0,598.0,199.0,1
CUST102192,27,Bekerja,72222,639,7.6,13298,0,0,0,Pinjaman Pribadi,Medis,13.29,179.0,634.0,211.0,1
CUST102193,28,Bekerja,21798,511,3.8,676,0,1,0,Kartu Kredit,Bisnis,22.74,315.0,734.0,245.0,0
CUST102194,41,Bekerja,45982,596,2.1,10,0,0,0,Kartu Kredit,Bisnis,23.0,304.0,668.0,223.0,0
CUST102195,45,Bekerja,52380,600,18.2,3962,0,2,0,Pinjaman Pribadi,Renovasi Rumah,13.56,403.0,838.0,279.0,1
CUST102196,53,Wiraswasta,39708,698,14.1,674,0,0,0,Kartu Kredit,Medis,17.88,258.0,735.0,245.0,1
CUST102197,35,Bekerja,55514,583,16.4,57,0,0,0,Kredit Berjalan,Medis,13.02,209.0,508.0,169.0,0
CUST102198,32,Mahasiswa,31775,717,12.8,276,0,0,0,Pinjaman Pribadi,Renovasi Rumah,9.92,313.0,0.9,0.3,1
CUST102199,32,Wiraswasta,34743,494,3.6,2202,0,1,0,Pinjaman Pribadi,Renovasi Rumah,15.29,289.0,1.62,0.54,0
CUST102200,40,Bekerja,34508,654,10.4,6596,0,0,1,Kredit Berjalan,Konsolidasi Hutang,10.51,235.0,971.0,324.0,1
CUST102201,40,Bekerja,80311,663,17.4,90397,0,0,0,Pinjaman Pribadi,Pribadi,11.98,0.06,197.0,66.0,1
CUST102202,40,Mahasiswa,16376,696,16.5,907,0,0,0,Kartu Kredit,Konsolidasi Hutang,18.53,226.0,98.0,33.0,1
CUST102203,33,Mahasiswa,106072,612,3.4,237,0,1,0,Pinjaman Pribadi,Medis,13.99,537.0,943.0,314.0,0
CUST102204,26,Wiraswasta,93589,543,3.1,1086,1,0,0,Pinjaman Pribadi,Konsolidasi Hutang,15.3,0.42,1.069,356.0,0
CUST102205,18,Wiraswasta,37273,648,1.6,42,0,1,0,Pinjaman Pribadi,Renovasi Rumah,14.86,165.0,1.881,627.0,0
CUST102206,51,Bekerja,114533,650,20.5,632,0,1,0,Kartu Kredit,Medis,18.21,147.0,265.0,88.0,1
CUST102207,43,Mahasiswa,52588,694,2.7,441,0,0,0,Pinjaman Pribadi,Pribadi,12.81,168.0,1.677,559.0,0
CUST102208,49,Bekerja,95440,746,3.3,1111,0,0,0,Kartu Kredit,Pendidikan,16.22,207.0,442.0,147.0,1
CUST102209,37,Bekerja,32823,654,7.7,633,0,0,0,Pinjaman Pribadi,Pribadi,11.08,0.26,1.295,432.0,1
CUST102210,32,Bekerja,50258,621,8.1,4385,0,1,0,Kredit Berjalan,Pribadi,12.93,651.0,838.0,279.0,0
CUST102211,18,Bekerja,34889,669,1.3,337,0,0,0,Kartu Kredit,Pendidikan,18.66,182.0,1.198,399.0,1
CUST102212,28,Wiraswasta,44152,839,4.3,2435,0,0,0,Pinjaman Pribadi,Renovasi Rumah,8.17,14.0,754.0,251.0,1
CUST102213,19,Mahasiswa,24532,649,1.6,193,0,0,0,Kredit Berjalan,Renovasi Rumah,12.89,364.0,567.0,189.0,0
CUST102214,39,Bekerja,55807,651,12.5,982,0,1,0,Pinjaman Pribadi,Pribadi,12.56,235.0,1.469,0.49,1
CUST102215,27,Bekerja,48266,679,5.8,1767,0,0,0,Kartu Kredit,Pendidikan,18.59,42.0,673.0,224.0,1
CUST102216,30,Bekerja,15875,614,11.3,29132,0,0,0,Kartu Kredit,Pendidikan,20.02,312.0,699.0,233.0,1
CUST102217,35,Bekerja,43701,612,16.8,634,0,1,0,Pinjaman Pribadi,Pribadi,13.15,749.0,188.0,63.0,0
CUST102218,28,Bekerja,21921,649,2.9,1111,0,1,0,Kredit Berjalan,Pendidikan,12.45,355.0,429.0,143.0,1
CUST102219,41,Bekerja,108160,690,12.5,19729,0,0,0,Pinjaman Pribadi,Bisnis,12.33,258.0,925.0,308.0,1
CUST102220,38,Bekerja,44979,696,9.3,31612,0,0,0,Kartu Kredit,Pribadi,17.47,358.0,482.0,161.0,1
CUST102221,47,Bekerja,42957,714,5.3,447,0,1,0,Kartu Kredit,Pendidikan,15.9,127.0,1.073,358.0,1
CUST102222,18,Bekerja,15000,609,0.4,21,0,0,0,Pinjaman Pribadi,Pribadi,14.86,93.0,847.0,282.0,1
CUST102223,21,Bekerja,40196,665,1.4,2,0,1,0,Kredit Berjalan,Pendidikan,10.62,626.0,627.0,209.0,0
CUST102224,37,Bekerja,80126,724,6.9,3377,0,0,0,Pinjaman Pribadi,Medis,10.68,182.0,1.248,416.0,1
CUST102225,46,Bekerja,54990,701,0.8,108,0,0,0,Kartu Kredit,Konsolidasi Hutang,17.1,383.0,1.126,375.0,1
CUST102226,31,Mahasiswa,16515,565,10.8,179,0,1,1,Pinjaman Pribadi,Pribadi,16.68,439.0,1.895,632.0,0
CUST102227,28,Wiraswasta,63282,658,2.0,76,0,0,0,Kartu Kredit,Pribadi,17.61,328.0,954.0,318.0,1
CUST102228,30,Bekerja,25070,619,1.0,430,0,2,0,Kredit Berjalan,Pendidikan,11.06,497.0,0.55,183.0,0
CUST102229,18,Bekerja,31693,599,0.8,2,0,2,0,Kartu Kredit,Medis,21.37,367.0,1.073,358.0,0
CUST102230,42,Bekerja,62104,565,5.5,239,1,2,1,Kartu Kredit,Pendidikan,21.32,137.0,1.127,376.0,0
CUST102231,18,Wiraswasta,31496,485,1.6,139,1,2,1,Kartu Kredit,Medis,22.42,208.0,283.0,94.0,0
CUST102232,33,Wiraswasta,59375,604,1.3,103,0,0,1,Pinjaman Pribadi,Pendidikan,14.45,299.0,339.0,113.0,1
CUST102233,36,Bekerja,63246,736,13.8,24975,0,0,0,Kartu Kredit,Bisnis,15.99,134.0,466.0,155.0,1
CUST102234,61,Bekerja,129060,685,24.8,4825,0,0,0,Pinjaman Pribadi,Pendidikan,12.2,214.0,775.0,258.0,1
CUST102235,32,Bekerja,47577,642,3.7,2437,0,0,0,Kartu Kredit,Pendidikan,20.22,406.0,677.0,226.0,1
CUST102236,18,Bekerja,47320,633,1.2,12,0,3,0,Kartu Kredit,Pribadi,20.18,0.15,964.0,321.0,0
CUST102237,27,Bekerja,49187,640,8.3,1690,0,1,0,Kartu Kredit,Pribadi,20.52,223.0,1.195,398.0,1
CUST102238,44,Wiraswasta,32862,568,17.4,2139,0,1,0,Pinjaman Pribadi,Pribadi,16.62,0.34,1.184,395.0,1
CUST102239,34,Bekerja,34332,696,11.9,9652,0,0,0,Kartu Kredit,Pribadi,18.57,354.0,151.0,0.05,1
CUST102240,32,Wiraswasta,40795,557,2.2,92,0,0,0,Kartu Kredit,Bisnis,21.26,368.0,375.0,125.0,0
CUST102241,46,Bekerja,50561,633,15.2,3561,0,2,0,Kartu Kredit,Medis,19.36,146.0,42.0,14.0,1
CUST102242,41,Bekerja,74379,662,21.2,6736,0,0,0,Pinjaman Pribadi,Pendidikan,11.22,277.0,1.344,448.0,1
CUST102243,35,Bekerja,46621,598,12.1,1802,0,3,1,Kartu Kredit,Bisnis,21.01,195.0,1.0,333.0,0
CUST102244,35,Mahasiswa,15891,572,6.7,786,0,0,1,Kartu Kredit,Medis,21.53,0.38,101.0,34.0,0
CUST102245,28,Bekerja,80752,763,4.2,358,0,1,0,Kredit Berjalan,Renovasi Rumah,6.91,0.22,0.45,0.15,1
CUST102246,21,Bekerja,60123,681,0.2,13,1,2,0,Kartu Kredit,Medis,17.83,381.0,1.164,388.0,0
CUST102247,57,Bekerja,62121,757,2.1,381,1,1,0,Kartu Kredit,Pribadi,14.47,283.0,1.127,376.0,0
CUST102248,42,Wiraswasta,39296,770,11.5,553,0,1,0,Pinjaman Pribadi,Medis,9.36,198.0,122.0,41.0,1
CUST102249,29,Wiraswasta,51128,638,6.6,901,0,0,0,Kartu Kredit,Bisnis,20.23,464.0,546.0,182.0,0
CUST102250,38,Bekerja,27839,688,4.7,9072,0,2,0,Kartu Kredit,Renovasi Rumah,18.09,276.0,779.0,0.26,1
CUST102251,51,Mahasiswa,24819,723,3.4,4745,0,0,0,Pinjaman Pribadi,Pribadi,10.1,46.0,1.898,633.0,1
CUST102252,46,Bekerja,33305,722,16.2,785,0,0,0,Kredit Berjalan,Pendidikan,8.3,113.0,183.0,61.0,1
CUST102253,26,Bekerja,69122,601,1.1,277,0,1,0,Kartu Kredit,Bisnis,20.88,0.41,1.013,338.0,0
CUST102254,34,Bekerja,76269,657,11.9,649,0,2,0,Kredit Berjalan,Pendidikan,9.91,0.52,468.0,156.0,1
CUST102255,26,Bekerja,38651,602,1.4,65,0,1,0,Pinjaman Pribadi,Bisnis,13.22,94.0,854.0,285.0,0
CUST102256,32,Bekerja,56163,603,3.8,708,0,0,0,Pinjaman Pribadi,Bisnis,14.08,161.0,1.378,459.0,0
CUST102257,55,Bekerja,34225,680,29.3,37,0,0,0,Kartu Kredit,Konsolidasi Hutang,18.85,243.0,1.061,354.0,1
CUST102258,55,Wiraswasta,52342,640,2.7,860,0,0,0,Kredit Berjalan,Pribadi,11.94,0.17,195.0,65.0,1
CUST102259,18,Bekerja,15000,627,0.1,28,0,0,0,Kartu Kredit,Bisnis,19.37,277.0,593.0,198.0,0
CUST102260,23,Bekerja,15000,616,2.2,43,0,2,0,Pinjaman Pribadi,Renovasi Rumah,14.83,47.0,0.98,327.0,0
CUST102261,22,Bekerja,27584,683,2.5,15,0,1,0,Pinjaman Pribadi,Pendidikan,12.2,252.0,939.0,313.0,1
CUST102262,20,Wiraswasta,152246,558,0.3,15,0,1,1,Pinjaman Pribadi,Renovasi Rumah,16.93,86.0,164.0,55.0,0
CUST102263,58,Wiraswasta,18803,653,21.4,3857,0,0,0,Pinjaman Pribadi,Konsolidasi Hutang,11.1,64.0,1.744,581.0,0
CUST102264,18,Bekerja,41673,578,1.2,60,1,1,0,Kredit Berjalan,Konsolidasi Hutang,13.45,364.0,578.0,193.0,0
CUST102265,61,Bekerja,37494,680,13.2,2463,0,0,0,Kredit Berjalan,Bisnis,10.38,469.0,749.0,0.25,0
CUST102266,36,Bekerja,20131,555,0.2,206,0,1,0,Pinjaman Pribadi,Bisnis,16.82,329.0,323.0,108.0,0
CUST102267,47,Wiraswasta,250000,749,9.7,8481,0,0,0,Kartu Kredit,Bisnis,17.13,213.0,0.28,93.0,1
CUST102268,41,Bekerja,58936,626,18.1,2999,0,2,0,Pinjaman Pribadi,Bisnis,13.31,279.0,146.0,49.0,0
CUST102269,40,Bekerja,43863,703,14.6,1008,0,0,0,Pinjaman Pribadi,Medis,9.57,196.0,1.003,334.0,1
CUST102270,35,Wiraswasta,108359,666,14.7,27115,0,0,0,Kredit Berjalan,Renovasi Rumah,10.04,403.0,326.0,109.0,1
CUST102271,37,Bekerja,34036,593,9.9,5094,0,2,0,Kartu Kredit,Medis,22.13,202.0,1.334,445.0,0
CUST102272,29,Bekerja,30612,652,2.9,286,0,0,0,Pinjaman Pribadi,Pribadi,11.85,537.0,1.545,515.0,0
CUST102273,54,Wiraswasta,58579,803,7.8,557,0,1,0,Pinjaman Pribadi,Konsolidasi Hutang,8.33,345.0,432.0,144.0,1
CUST102274,46,Bekerja,48018,747,15.2,7515,0,0,0,Pinjaman Pribadi,Renovasi Rumah,10.57,184.0,1.385,462.0,1
CUST102275,55,Bekerja,99859,600,3.2,70,0,0,0,Pinjaman Pribadi,Medis,13.79,434.0,1.001,334.0,0
CUST102276,50,Bekerja,80252,794,28.8,1537,0,0,0,Kartu Kredit,Renovasi Rumah,15.34,34.0,872.0,291.0,1
CUST102277,56,Bekerja,87707,656,3.7,24,0,1,0,Kartu Kredit,Medis,18.26,106.0,798.0,266.0,1
CUST102278,35,Mahasiswa,15000,712,10.0,648,0,0,0,Kredit Berjalan,Konsolidasi Hutang,8.37,221.0,887.0,296.0,1
CUST102279,50,Wiraswasta,82094,689,7.8,87,0,0,0,Kartu Kredit,Bisnis,18.02,82.0,79.0,26.0,1
CUST102280,38,Bekerja,106120,601,7.8,3766,0,1,0,Kartu Kredit,Konsolidasi Hutang,20.49,367.0,434.0,145.0,1
CUST102281,20,Wiraswasta,84384,483,1.7,64,1,2,2,Kartu Kredit,Pribadi,22.77,85.0,182.0,61.0,0
CUST102282,43,Wiraswasta,67181,701,14.8,2511,0,0,0,Kartu Kredit,Pribadi,16.07,463.0,987.0,329.0,1
CUST102283,38,Bekerja,55651,677,10.4,879,0,0,0,Kartu Kredit,Pendidikan,17.02,201.0,1.258,419.0,1
CUST102284,26,Bekerja,34796,684,6.1,114,0,0,0,Kartu Kredit,Medis,17.09,374.0,1.27,423.0,1
CUST102285,44,Mahasiswa,19745,611,9.3,2713,0,1,0,Pinjaman Pribadi,Pribadi,13.47,535.0,132.0,44.0,1
CUST102286,39,Bekerja,84010,682,5.5,538,0,0,0,Kartu Kredit,Bisnis,18.82,231.0,833.0,278.0,1
CUST102287,28,Bekerja,32070,756,4.5,943,0,1,1,Pinjaman Pribadi,Bisnis,8.83,612.0,1.119,373.0,0
CUST102288,25,Bekerja,22437,562,4.9,5243,0,1,0,Kartu Kredit,Pendidikan,22.67,52.0,348.0,116.0,1
CUST102289,44,Bekerja,34272,614,23.4,1411,0,0,0,Kredit Berjalan,Pribadi,11.9,594.0,0.89,297.0,0
CUST102290,34,Bekerja,38010,569,1.5,282,0,1,0,Kredit Berjalan,Pendidikan,13.97,563.0,424.0,141.0,0
CUST102291,51,Bekerja,171096,630,2.4,99,0,3,0,Pinjaman Pribadi,Pendidikan,14.77,264.0,262.0,87.0,0
CUST102292,40,Bekerja,21124,648,0.8,1260,0,2,0,Pinjaman Pribadi,Pribadi,13.7,205.0,592.0,197.0,0
CUST102293,50,Bekerja,79375,598,6.8,437,1,0,1,Kredit Berjalan,Konsolidasi Hutang,13.41,212.0,0.63,0.21,0
CUST102294,37,Mahasiswa,33129,645,7.9,22765,0,0,0,Pinjaman Pribadi,Medis,13.13,56.0,1.401,467.0,0
CUST102295,47,Bekerja,46790,654,8.4,1192,0,1,0,Pinjaman Pribadi,Renovasi Rumah,11.66,139.0,874.0,291.0,1
CUST102296,25,Bekerja,34452,539,5.6,613,0,1,1,Kartu Kredit,Pribadi,21.16,208.0,592.0,197.0,0
CUST102297,32,Mahasiswa,32303,576,8.1,875,1,3,4,Kartu Kredit,Medis,22.89,72.0,99.0,33.0,0
CUST102298,40,Bekerja,72384,688,16.2,69593,0,0,1,Kredit Berjalan,Medis,9.09,158.0,665.0,222.0,1
CUST102299,25,Bekerja,23594,627,5.8,1226,0,1,1,Kredit Berjalan,Pribadi,11.65,302.0,848.0,283.0,1
CUST102300,48,Bekerja,41725,537,24.8,11956,0,3,0,Kartu Kredit,Pribadi,22.62,27.0,1.064,355.0,0
CUST102301,30,Bekerja,31074,570,1.5,138,0,1,0,Pinjaman Pribadi,Medis,16.88,184.0,875.0,292.0,0
CUST102302,42,Bekerja,74808,608,8.8,848,0,0,0,Kredit Berjalan,Pendidikan,12.96,281.0,515.0,172.0,1
CUST102303,38,Bekerja,74233,695,5.8,1516,0,0,0,Kartu Kredit,Medis,18.48,95.0,476.0,159.0,1
CUST102304,33,Bekerja,28424,568,7.3,84,0,0,0,Kartu Kredit,Bisnis,22.41,169.0,186.0,62.0,1
CUST102305,34,Bekerja,41815,635,8.1,294,0,1,0,Pinjaman Pribadi,Pendidikan,13.47,586.0,86.0,29.0,0
CUST102306,34,Wiraswasta,150406,681,10.6,16288,0,0,0,Kredit Berjalan,Pribadi,10.6,293.0,332.0,111.0,1
CUST102307,39,Wiraswasta,45427,770,6.3,6361,0,0,0,Kredit Berjalan,Pendidikan,6.64,362.0,588.0,196.0,1
CUST102308,18,Bekerja,24669,649,0.3,0,0,0,0,Pinjaman Pribadi,Pendidikan,13.55,306.0,1.399,466.0,0
CUST102309,40,Wiraswasta,96047,618,12.4,687,0,0,0,Kartu Kredit,Bisnis,19.13,393.0,618.0,206.0,1
CUST102310,38,Mahasiswa,27580,632,8.6,971,0,0,0,Kartu Kredit,Medis,20.24,204.0,102.0,34.0,1
CUST102311,39,Bekerja,59814,653,3.1,870,0,0,0,Pinjaman Pribadi,Pribadi,12.87,38.0,1.672,557.0,1
CUST102312,50,Bekerja,62175,574,26.4,4454,0,2,0,Kartu Kredit,Pendidikan,21.63,397.0,388.0,129.0,1
CUST102313,36,Bekerja,44408,652,11.8,115,0,0,0,Pinjaman Pribadi,Pendidikan,11.43,426.0,1.912,637.0,1
CUST102314,22,Bekerja,21112,675,3.2,1099,0,0,0,Kartu Kredit,Pribadi,18.38,298.0,1.137,379.0,1
CUST102315,27,Bekerja,49335,586,3.3,2979,1,1,0,Kartu Kredit,Pribadi,21.68,341.0,0.32,107.0,0
CUST102316,27,Bekerja,54524,552,6.6,1244,0,0,0,Kartu Kredit,Pendidikan,22.44,525.0,132.0,44.0,0
CUST102317,41,Wiraswasta,89677,703,3.5,241,0,0,0,Pinjaman Pribadi,Pendidikan,11.21,352.0,1.1,367.0,1
CUST102318,34,Bekerja,57880,635,12.0,4071,0,0,0,Pinjaman Pribadi,Pribadi,14.39,0.17,919.0,306.0,1
CUST102319,43,Wiraswasta,15000,653,22.3,320,0,0,0,Kartu Kredit,Konsolidasi Hutang,18.7,248.0,0.2,67.0,1
CUST102320,34,Bekerja,48985,563,5.3,9192,1,2,0,Kartu Kredit,Renovasi Rumah,21.69,288.0,1.172,391.0,0
CUST102321,32,Bekerja,58682,633,0.5,375,0,0,0,Kartu Kredit,Pribadi,19.77,94.0,279.0,93.0,1
CUST102322,41,Wiraswasta,26002,695,19.0,348,0,0,0,Pinjaman Pribadi,Bisnis,11.9,285.0,404.0,135.0,1
CUST102323,54,Bekerja,96006,770,24.8,2563,0,0,0,Kartu Kredit,Pendidikan,15.71,0.41,729.0,243.0,1
CUST102324,28,Bekerja,55202,670,8.7,920,0,0,0,Pinjaman Pribadi,Pendidikan,12.43,114.0,1.225,408.0,1
CUST102325,48,Bekerja,48264,721,7.6,1348,0,0,0,Kartu Kredit,Bisnis,16.07,504.0,0.76,253.0,1
CUST102326,48,Bekerja,48810,656,19.7,2611,0,0,0,Kartu Kredit,Renovasi Rumah,18.96,277.0,348.0,116.0,1
CUST102327,18,Bekerja,16479,687,0.8,124,0,0,0,Kartu Kredit,Renovasi Rumah,17.64,0.13,795.0,265.0,1
CUST102328,42,Mahasiswa,23384,725,19.5,10182,0,0,0,Pinjaman Pribadi,Renovasi Rumah,9.68,236.0,492.0,164.0,1
CUST102329,28,Bekerja,32425,686,6.5,144,0,0,0,Pinjaman Pribadi,Renovasi Rumah,12.03,135.0,1.866,622.0,1
CUST102330,38,Bekerja,60548,660,3.4,600,0,0,0,Pinjaman Pribadi,Pribadi,11.33,293.0,434.0,145.0,1
CUST102331,42,Bekerja,111405,592,3.2,5653,0,1,0,Kartu Kredit,Bisnis,22.36,344.0,628.0,209.0,0
CUST102332,56,Wiraswasta,73319,663,11.2,668,0,0,0,Pinjaman Pribadi,Medis,12.42,357.0,992.0,331.0,1
CUST102333,18,Bekerja,36030,545,1.4,30,1,3,2,Kartu Kredit,Pribadi,22.39,131.0,1.066,355.0,0
CUST102334,34,Bekerja,28531,606,10.2,725,0,0,0,Kartu Kredit,Medis,19.17,268.0,151.0,0.05,1
CUST102335,20,Bekerja,33067,595,1.4,662,0,1,0,Kartu Kredit,Bisnis,21.01,176.0,611.0,204.0,0
CUST102336,29,Bekerja,64996,723,5.9,554,0,0,0,Kartu Kredit,Pribadi,16.12,201.0,112.0,37.0,1
CUST102337,34,Bekerja,40580,656,5.2,3828,0,0,0,Kartu Kredit,Pendidikan,18.03,242.0,582.0,194.0,1
CUST102338,28,Bekerja,27798,593,3.1,889,1,1,2,Kredit Berjalan,Renovasi Rumah,14.89,158.0,464.0,155.0,0
CUST102339,39,Bekerja,37961,593,0.2,31,0,1,0,Kartu Kredit,Pendidikan,21.01,403.0,548.0,183.0,0
CUST102340,40,Bekerja,66621,634,2.0,34,0,0,0,Pinjaman Pribadi,Bisnis,13.84,93.0,1.271,424.0,0
CUST102341,31,Bekerja,17427,532,7.6,2445,0,0,1,Kartu Kredit,Pribadi,21.94,507.0,958.0,319.0,0
CUST102342,42,Mahasiswa,28257,728,14.7,1067,0,0,0,Pinjaman Pribadi,Renovasi Rumah,10.46,468.0,329.0,0.11,1
CUST102343,23,Wiraswasta,102956,704,4.6,18081,0,1,1,Pinjaman Pribadi,Pribadi,9.85,52.0,907.0,302.0,1
CUST102344,43,Bekerja,68140,766,1.5,176,0,1,0,Kartu Kredit,Renovasi Rumah,14.97,98.0,534.0,178.0,1
CUST102345,26,Mahasiswa,47223,516,3.4,364,0,0,0,Pinjaman Pribadi,Bisnis,16.59,431.0,1.41,0.47,0
CUST102346,18,Bekerja,29768,555,1.6,45,0,1,0,Kredit Berjalan,Pribadi,14.6,87.0,349.0,116.0,0
CUST102347,18,Wiraswasta,29129,599,1.7,36,1,3,0,Pinjaman Pribadi,Pribadi,16.74,237.0,1.682,561.0,0
CUST102348,39,Bekerja,37266,741,17.5,6768,1,2,0,Pinjaman Pribadi,Pribadi,9.85,163.0,148.0,49.0,0
CUST102349,18,Mahasiswa,43706,538,1.3,19,0,2,0,Kredit Berjalan,Bisnis,14.51,0.28,442.0,147.0,0
CUST102350,47,Mahasiswa,27611,663,13.2,36392,0,0,0,Kartu Kredit,Medis,18.79,311.0,101.0,34.0,1
CUST102351,43,Wiraswasta,39199,685,23.1,1681,0,0,0,Kartu Kredit,Pendidikan,18.29,202.0,1.11,0.37,1
CUST102352,31,Bekerja,32420,646,3.4,3107,0,0,0,Kartu Kredit,Pribadi,19.72,156.0,1.289,0.43,1
CUST102353,29,Bekerja,67535,580,0.0,0,0,0,0,Kartu Kredit,Bisnis,21.77,262.0,703.0,234.0,0
CUST102354,52,Mahasiswa,31451,677,25.9,1067,0,0,0,Pinjaman Pribadi,Pendidikan,11.31,389.0,1.021,0.34,1
CUST102355,34,Bekerja,61122,682,6.4,10335,0,0,0,Kredit Berjalan,Pendidikan,10.47,106.0,314.0,105.0,1
CUST102356,53,Bekerja,44837,676,9.7,5713,0,0,0,Kartu Kredit,Pendidikan,18.94,93.0,506.0,169.0,1
CUST102357,37,Bekerja,25570,569,13.8,1211,1,1,0,Kredit Berjalan,Konsolidasi Hutang,14.66,266.0,591.0,197.0,0
CUST102358,21,Bekerja,20797,629,0.5,3,0,0,0,Pinjaman Pribadi,Bisnis,13.63,196.0,1.428,476.0,0
CUST102359,39,Bekerja,46693,621,7.9,551,0,1,0,Kartu Kredit,Bisnis,20.68,567.0,428.0,143.0,0
CUST102360,26,Bekerja,76062,590,1.4,333,1,2,0,Kartu Kredit,Medis,22.02,151.0,0.92,307.0,0
CUST102361,28,Bekerja,40463,634,1.2,7,0,1,0,Kredit Berjalan,Medis,12.18,386.0,282.0,94.0,0
CUST102362,20,Wiraswasta,184254,592,2.0,3517,0,0,0,Kartu Kredit,Pendidikan,21.28,57.0,0.38,127.0,1
CUST102363,31,Bekerja,54315,824,1.2,910,0,0,0,Pinjaman Pribadi,Pendidikan,8.25,172.0,1.841,614.0,1
CUST102364,19,Bekerja,54696,521,1.2,130,0,2,3,Kartu Kredit,Pendidikan,22.27,474.0,914.0,305.0,0
CUST102365,34,Bekerja,15000,708,15.4,1888,0,0,0,Pinjaman Pribadi,Renovasi Rumah,10.17,161.0,333.0,111.0,1
CUST102366,45,Bekerja,25048,556,2.3,108,1,0,1,Kartu Kredit,Pribadi,22.49,214.0,1.126,375.0,0
CUST102367,45,Wiraswasta,30777,646,14.5,416,0,0,0,Kartu Kredit,Pendidikan,20.23,403.0,1.085,362.0,1
CUST102368,58,Bekerja,99148,784,22.6,3640,0,0,0,Kartu Kredit,Pribadi,15.81,366.0,319.0,106.0,1
CUST102369,29,Bekerja,15980,573,4.5,28,0,1,0,Kredit Berjalan,Renovasi Rumah,14.44,325.0,357.0,119.0,0
CUST102370,38,Bekerja,18348,599,17.1,962,0,2,0,Pinjaman Pribadi,Pribadi,15.93,369.0,965.0,322.0,0
CUST102371,33,Bekerja,31930,596,12.6,791,0,1,0,Kartu Kredit,Renovasi Rumah,21.36,144.0,0.2,67.0,1
CUST102372,40,Bekerja,44530,582,14.6,1649,0,1,0,Kartu Kredit,Renovasi Rumah,21.94,403.0,283.0,94.0,0
CUST102373,20,Bekerja,18170,609,0.8,18,0,0,0,Kredit Berjalan,Pendidikan,12.61,276.0,798.0,266.0,1
CUST102374,53,Bekerja,79954,606,20.9,10640,0,2,0,Kredit Berjalan,Medis,12.36,387.0,358.0,119.0,1
CUST102375,39,Mahasiswa,28057,581,2.2,42,1,1,0,Kredit Berjalan,Pribadi,14.64,0.8,0.47,157.0,0
CUST102376,34,Bekerja,40418,612,13.1,1066,0,1,0,Pinjaman Pribadi,Pendidikan,14.8,299.0,972.0,324.0,1
CUST102377,37,Wiraswasta,35339,732,18.7,210,1,2,1,Pinjaman Pribadi,Konsolidasi Hutang,10.9,176.0,775.0,258.0,0
CUST102378,48,Bekerja,93932,557,27.5,50140,0,2,2,Kartu Kredit,Renovasi Rumah,21.19,64.0,745.0,248.0,0
CUST102379,51,Wiraswasta,82286,702,5.6,2438,0,0,0,Pinjaman Pribadi,Bisnis,9.87,324.0,1.077,359.0,1
CUST102380,41,Mahasiswa,15000,618,8.5,214,0,1,0,Kartu Kredit,Bisnis,19.67,0.44,0.1,33.0,0
CUST102381,42,Bekerja,65832,707,20.1,77,0,0,0,Kredit Berjalan,Medis,7.77,415.0,491.0,164.0,1
CUST102382,35,Wiraswasta,86156,601,13.5,634,0,4,0,Pinjaman Pribadi,Pribadi,14.05,606.0,1.161,387.0,0
CUST102383,18,Bekerja,39501,647,1.5,808,0,1,0,Kartu Kredit,Pribadi,20.08,446.0,1.046,349.0,0
CUST102384,31,Wiraswasta,36196,718,0.8,57,0,0,0,Kredit Berjalan,Konsolidasi Hutang,7.53,312.0,282.0,94.0,1
CUST102385,18,Wiraswasta,20982,669,1.1,13,0,0,0,Pinjaman Pribadi,Medis,12.46,368.0,1.749,583.0,0
CUST102386,51,Bekerja,52098,599,25.5,21434,0,1,0,Pinjaman Pribadi,Konsolidasi Hutang,15.3,347.0,1.822,607.0,0
CUST102387,23,Wiraswasta,72326,569,0.8,80,0,0,0,Pinjaman Pribadi,Pendidikan,15.4,92.0,697.0,232.0,0
CUST102388,18,Bekerja,15000,623,0.9,6,0,0,0,Pinjaman Pribadi,Renovasi Rumah,14.82,0.08,1.967,656.0,0
CUST102389,44,Bekerja,52010,694,18.2,1571,0,1,0,Kartu Kredit,Bisnis,18.13,275.0,221.0,74.0,1
CUST102390,51,Bekerja,107272,628,24.6,1363,0,0,0,Kartu Kredit,Pendidikan,19.13,326.0,494.0,165.0,1
CUST102391,39,Wiraswasta,71711,685,11.4,2824,0,1,0,Kartu Kredit,Pribadi,17.32,609.0,976.0,325.0,0
CUST102392,45,Bekerja,84180,682,15.2,720,0,0,0,Pinjaman Pribadi,Medis,11.68,94.0,1.188,396.0,1
CUST102393,55,Bekerja,51856,728,28.1,3217,0,0,0,Pinjaman Pribadi,Pribadi,10.32,204.0,1.034,345.0,1
CUST102394,32,Bekerja,43296,636,0.8,27,0,2,1,Pinjaman Pribadi,Pendidikan,14.18,428.0,222.0,74.0,0
CUST102395,28,Wiraswasta,78913,628,2.5,262,0,0,0,Kartu Kredit,Pribadi,19.86,431.0,357.0,119.0,1
CUST102396,39,Bekerja,37284,660,9.9,5448,0,0,0,Kartu Kredit,Medis,18.93,138.0,0.74,247.0,1
CUST102397,18,Mahasiswa,15125,614,0.6,36,0,1,0,Kartu Kredit,Renovasi Rumah,19.13,0.19,99.0,33.0,1
CUST102398,26,Bekerja,37469,611,6.0,793,0,0,0,Kartu Kredit,Pendidikan,19.56,646.0,859.0,286.0,0
CUST102399,36,Bekerja,51686,724,4.1,4645,0,1,0,Pinjaman Pribadi,Pribadi,9.62,133.0,1.269,423.0,1
CUST102400,35,Wiraswasta,28136,793,8.1,419,0,2,0,Kredit Berjalan,Konsolidasi Hutang,7.12,433.0,0.54,0.18,0
CUST102401,27,Bekerja,85784,565,1.6,20562,0,0,1,Pinjaman Pribadi,Pribadi,15.22,216.0,1.166,389.0,0
CUST102402,49,Bekerja,106827,624,7.8,2433,0,1,0,Pinjaman Pribadi,Pribadi,13.5,503.0,936.0,312.0,0
CUST102403,42,Bekerja,46944,676,13.2,3937,0,0,0,Kartu Kredit,Pendidikan,18.48,217.0,841.0,0.28,1
CUST102404,34,Mahasiswa,33815,698,15.4,1257,0,0,0,Kartu Kredit,Medis,17.43,402.0,101.0,34.0,1
CUST102405,18,Bekerja,26049,593,0.7,20,0,0,1,Pinjaman Pribadi,Bisnis,15.73,221.0,441.0,147.0,0
CUST102406,48,Wiraswasta,89635,656,4.7,2498,0,0,0,Kartu Kredit,Pendidikan,17.5,268.0,283.0,94.0,1
CUST102407,35,Mahasiswa,15000,702,7.6,456,0,0,0,Kredit Berjalan,Pribadi,9.32,0.29,507.0,169.0,1
CUST102408,21,Mahasiswa,24594,730,2.1,55,0,0,0,Kartu Kredit,Renovasi Rumah,16.67,213.0,102.0,34.0,1
CUST102409,18,Mahasiswa,15000,612,0.6,1,0,0,0,Pinjaman Pribadi,Pribadi,14.58,482.0,1.647,549.0,0
CUST102410,32,Bekerja,16734,512,11.5,192,0,1,0,Pinjaman Pribadi,Bisnis,15.06,228.0,155.0,52.0,0
CUST102411,29,Bekerja,54720,617,0.5,4,0,1,0,Kredit Berjalan,Medis,12.52,431.0,539.0,0.18,0
CUST102412,18,Wiraswasta,58248,679,0.8,1067,0,0,0,Pinjaman Pribadi,Medis,12.04,0.59,603.0,201.0,0
CUST102413,38,Bekerja,43831,634,12.8,6076,0,2,0,Kartu Kredit,Konsolidasi Hutang,19.32,412.0,203.0,68.0,0
CUST102414,58,Bekerja,34617,682,21.2,546,0,0,0,Pinjaman Pribadi,Konsolidasi Hutang,12.23,444.0,222.0,74.0,1
CUST102415,29,Bekerja,19982,661,8.8,1025,0,0,0,Pinjaman Pribadi,Pribadi,11.36,491.0,0.05,17.0,1
CUST102416,18,Bekerja,15000,485,0.4,1,0,0,1,Pinjaman Pribadi,Renovasi Rumah,16.28,451.0,527.0,176.0,0
CUST102417,42,Bekerja,88479,663,21.9,10369,0,0,0,Pinjaman Pribadi,Pribadi,11.05,392.0,1.13,377.0,1
CUST102418,35,Bekerja,26283,581,10.4,13060,1,2,0,Pinjaman Pribadi,Pribadi,15.58,361.0,966.0,322.0,0
CUST102419,36,Wiraswasta,55125,699,4.1,75,0,0,0,Kredit Berjalan,Medis,10.19,314.0,655.0,218.0,1
CUST102420,25,Bekerja,30990,496,5.9,2104,1,1,0,Kredit Berjalan,Pendidikan,14.47,47.0,426.0,142.0,0
CUST102421,22,Bekerja,53265,615,1.4,84,0,2,0,Kartu Kredit,Pribadi,19.04,114.0,1.128,376.0,0
CUST102422,45,Bekerja,44254,654,24.2,3260,0,0,0,Kartu Kredit,Pribadi,17.87,705.0,1.155,385.0,0
CUST102423,35,Bekerja,43744,728,12.0,1078,0,0,0,Pinjaman Pribadi,Renovasi Rumah,11.25,355.0,1.374,458.0,1
CUST102424,44,Bekerja,49928,662,20.2,96266,0,0,0,Pinjaman Pribadi,Pribadi,11.26,288.0,1.61,537.0,1
CUST102425,30,Bekerja,59882,597,6.0,3243,1,0,1,Pinjaman Pribadi,Medis,16.28,207.0,1.67,557.0,0
CUST102426,28,Bekerja,45370,630,4.0,76,0,0,0,Kartu Kredit,Renovasi Rumah,19.46,421.0,1.217,406.0,0
CUST102427,35,Bekerja,45992,572,4.6,499,0,0,1,Pinjaman Pribadi,Pendidikan,16.86,387.0,1.287,429.0,0
CUST102428,36,Bekerja,60707,569,13.1,1319,0,1,0,Kartu Kredit,Konsolidasi Hutang,22.05,177.0,122.0,41.0,0
CUST102429,35,Bekerja,31549,671,3.5,742,0,1,0,Kartu Kredit,Pribadi,17.72,51.0,178.0,59.0,1
CUST102430,29,Mahasiswa,26352,587,8.6,903,0,0,2,Kartu Kredit,Pribadi,21.46,309.0,99.0,33.0,0
CUST102431,31,Bekerja,27958,609,10.5,674,0,0,0,Kartu Kredit,Pribadi,20.33,322.0,1.084,361.0,1
CUST102432,39,Mahasiswa,15000,611,16.6,4160,0,1,1,Kredit Berjalan,Pribadi,12.66,396.0,707.0,236.0,0
CUST102433,61,Bekerja,90995,808,20.5,28946,0,1,0,Kredit Berjalan,Renovasi Rumah,6.79,317.0,549.0,183.0,1
CUST102434,18,Bekerja,22584,643,0.2,0,0,3,0,Kredit Berjalan,Renovasi Rumah,12.25,529.0,571.0,0.19,0
CUST102435,50,Bekerja,65039,649,3.1,1084,0,1,0,Kartu Kredit,Konsolidasi Hutang,20.96,182.0,732.0,244.0,0
CUST102436,38,Wiraswasta,34209,586,13.1,892,0,0,0,Pinjaman Pribadi,Medis,16.07,129.0,0.52,173.0,0
CUST102437,28,Mahasiswa,152073,628,9.1,4222,0,1,1,Kartu Kredit,Renovasi Rumah,19.35,398.0,66.0,22.0,1
CUST102438,54,Bekerja,75437,671,20.8,248,0,0,0,Kartu Kredit,Pribadi,17.96,443.0,69.0,23.0,1
CUST102439,26,Bekerja,54008,648,4.8,220,0,0,0,Kredit Berjalan,Bisnis,12.8,194.0,405.0,135.0,1
CUST102440,33,Bekerja,27229,559,6.7,293,0,1,0,Pinjaman Pribadi,Medis,15.23,0.26,823.0,274.0,0
CUST102441,40,Bekerja,27543,732,20.9,227,0,0,0,Kartu Kredit,Pribadi,15.67,296.0,853.0,284.0,1
CUST102442,53,Bekerja,83144,728,25.0,1725,0,0,0,Kartu Kredit,Pribadi,16.11,253.0,842.0,281.0,1
CUST102443,53,Bekerja,45630,623,27.3,1539,0,1,0,Kartu Kredit,Pribadi,20.51,346.0,603.0,201.0,1
CUST102444,26,Bekerja,34055,664,7.2,6614,0,1,0,Kartu Kredit,Medis,18.71,265.0,382.0,127.0,1
CUST102445,25,Bekerja,21649,630,3.7,347,0,0,1,Kartu Kredit,Bisnis,20.57,233.0,199.0,66.0,0
CUST102446,18,Bekerja,44399,670,1.8,206,0,3,0,Kartu Kredit,Pendidikan,17.43,233.0,543.0,181.0,0
CUST102447,29,Bekerja,16420,578,7.9,310,0,3,1,Pinjaman Pribadi,Renovasi Rumah,15.86,84.0,1.876,625.0,0
CUST102448,34,Wiraswasta,94285,688,4.5,3171,0,0,0,Pinjaman Pribadi,Pribadi,12.09,341.0,1.061,354.0,1
CUST102449,49,Bekerja,72881,567,21.2,1816,0,2,0,Kredit Berjalan,Medis,13.07,196.0,528.0,176.0,0
CUST102450,49,Wiraswasta,50779,736,29.1,415,0,0,0,Kredit Berjalan,Pendidikan,8.31,427.0,524.0,175.0,1
CUST102451,46,Bekerja,58003,569,4.2,3303,0,2,1,Kartu Kredit,Medis,22.53,211.0,1.122,374.0,0
CUST102452,38,Bekerja,47355,673,5.2,7297,0,1,0,Pinjaman Pribadi,Bisnis,12.66,263.0,1.664,555.0,0
CUST102453,45,Bekerja,80569,736,18.8,2063,0,0,0,Pinjaman Pribadi,Pribadi,11.36,372.0,1.241,414.0,1
CUST102454,20,Mahasiswa,15000,529,0.3,70,0,0,0,Kredit Berjalan,Pribadi,14.32,581.0,333.0,111.0,0
CUST102455,28,Bekerja,19945,611,1.6,139,0,1,0,Kartu Kredit,Bisnis,20.75,454.0,145.0,48.0,0
CUST102456,20,Bekerja,15000,690,1.4,19,0,0,1,Pinjaman Pribadi,Pribadi,12.89,179.0,0.62,207.0,1
CUST102457,54,Wiraswasta,21545,615,17.7,1270,0,1,0,Kartu Kredit,Pribadi,20.74,107.0,822.0,274.0,1
CUST102458,44,Bekerja,28455,470,16.5,1431,1,0,0,Pinjaman Pribadi,Medis,15.68,479.0,727.0,242.0,0
CUST102459,33,Bekerja,38395,669,12.7,60,0,0,0,Pinjaman Pribadi,Bisnis,11.72,479.0,992.0,331.0,0
CUST102460,35,Bekerja,45327,785,4.0,51,0,0,0,Pinjaman Pribadi,Pribadi,9.01,366.0,1.112,371.0,1
CUST102461,31,Wiraswasta,26800,715,5.8,739,0,1,0,Kredit Berjalan,Pendidikan,9.12,23.0,571.0,0.19,1
CUST102462,27,Bekerja,49809,542,0.1,2,0,2,0,Kartu Kredit,Konsolidasi Hutang,21.5,349.0,0.4,133.0,0
CUST102463,18,Bekerja,17503,642,0.9,15,0,2,0,Pinjaman Pribadi,Konsolidasi Hutang,14.08,126.0,668.0,223.0,0
CUST102464,27,Mahasiswa,19499,576,2.8,86,0,2,1,Kartu Kredit,Medis,21.77,541.0,97.0,32.0,0
CUST102465,51,Bekerja,40843,604,20.8,653,0,0,0,Pinjaman Pribadi,Renovasi Rumah,14.6,117.0,458.0,153.0,1
CUST102466,25,Bekerja,30028,615,6.5,264,0,1,0,Kartu Kredit,Bisnis,19.58,194.0,1.072,357.0,0
CUST102467,18,Bekerja,16838,534,0.9,1691,0,1,0,Kartu Kredit,Pendidikan,22.53,467.0,588.0,196.0,0
CUST102468,22,Bekerja,20226,601,3.3,104,0,1,0,Pinjaman Pribadi,Pribadi,14.44,385.0,282.0,94.0,1
CUST102469,33,Wiraswasta,75465,508,10.4,4671,0,0,1,Kartu Kredit,Renovasi Rumah,22.03,762.0,621.0,207.0,0
CUST102470,30,Bekerja,53495,711,8.4,1324,0,1,0,Pinjaman Pribadi,Pendidikan,9.76,294.0,1.118,373.0,1
CUST102471,53,Bekerja,83821,717,26.1,2609,0,0,0,Pinjaman Pribadi,Renovasi Rumah,11.27,0.1,1.193,398.0,1
CUST102472,18,Bekerja,50320,557,0.9,941,0,0,0,Pinjaman Pribadi,Pribadi,16.24,188.0,988.0,329.0,0
CUST102473,36,Bekerja,18063,587,10.3,11594,0,1,0,Pinjaman Pribadi,Medis,16.94,0.8,1.639,546.0,0
CUST102474,39,Bekerja,29090,631,9.9,379,0,0,0,Kartu Kredit,Pribadi,19.82,235.0,1.399,466.0,1
CUST102475,45,Bekerja,46493,580,3.4,227,0,2,0,Kartu Kredit,Bisnis,22.68,473.0,422.0,141.0,0
CUST102476,31,Bekerja,56297,598,3.0,163,0,1,3,Kartu Kredit,Renovasi Rumah,22.0,0.26,1.131,377.0,0
CUST102477,47,Wiraswasta,61361,684,10.9,510,0,0,0,Kredit Berjalan,Bisnis,10.76,196.0,815.0,272.0,1
CUST102478,37,Wiraswasta,65716,658,17.9,381,0,1,0,Kredit Berjalan,Pribadi,9.65,51.0,352.0,117.0,1
CUST102479,27,Bekerja,26966,682,6.2,29695,0,0,0,Pinjaman Pribadi,Bisnis,12.05,0.15,1.858,619.0,1
CUST102480,21,Mahasiswa,27729,634,2.3,316,0,0,0,Pinjaman Pribadi,Pendidikan,13.6,233.0,1.67,557.0,0
CUST102481,36,Wiraswasta,66205,691,10.8,10990,0,2,0,Pinjaman Pribadi,Pribadi,12.58,536.0,473.0,158.0,0
CUST102482,36,Bekerja,37853,679,4.5,609,0,0,0,Kredit Berjalan,Konsolidasi Hutang,10.32,152.0,301.0,0.1,0
CUST102483,46,Bekerja,33897,623,19.5,557,0,1,0,Kartu Kredit,Pribadi,19.22,208.0,622.0,207.0,1
CUST102484,38,Bekerja,79971,665,19.0,201,0,0,0,Pinjaman Pribadi,Pribadi,11.47,167.0,1.027,342.0,1
CUST102485,41,Mahasiswa,32738,601,12.3,1207,0,0,0,Pinjaman Pribadi,Pribadi,14.81,132.0,1.903,634.0,1
CUST102486,27,Bekerja,42752,553,4.0,648,1,0,0,Pinjaman Pribadi,Pribadi,15.37,349.0,999.0,333.0,0
CUST102487,27,Bekerja,37749,614,5.4,1125,0,1,0,Kartu Kredit,Renovasi Rumah,19.65,252.0,191.0,64.0,1
CUST102488,37,Bekerja,97918,684,7.1,1496,0,0,0,Kartu Kredit,Konsolidasi Hutang,17.28,256.0,715.0,238.0,1
CUST102489,32,Bekerja,70109,628,8.5,6698,0,2,0,Pinjaman Pribadi,Pendidikan,13.87,0.15,1.426,475.0,0
CUST102490,43,Bekerja,27868,599,19.5,3582,0,0,1,Pinjaman Pribadi,Renovasi Rumah,15.45,474.0,1.281,427.0,0
CUST102491,41,Bekerja,43782,714,19.9,17462,0,1,0,Kartu Kredit,Pendidikan,16.73,148.0,715.0,238.0,1
CUST102492,27,Wiraswasta,31521,575,3.7,236,0,2,1,Kredit Berjalan,Bisnis,13.29,166.0,276.0,92.0,0
CUST102493,31,Bekerja,42351,747,1.6,804,0,0,0,Kartu Kredit,Renovasi Rumah,17.03,544.0,1.277,426.0,0
CUST102494,22,Bekerja,68577,581,3.8,426,0,0,0,Pinjaman Pribadi,Medis,15.68,0.56,0.63,0.21,0
CUST102495,65,Bekerja,89672,673,25.2,9344,0,0,1,Pinjaman Pribadi,Medis,12.03,434.0,776.0,259.0,1
CUST102496,33,Bekerja,25758,679,6.2,1872,0,0,0,Kredit Berjalan,Pribadi,10.5,248.0,707.0,236.0,1
CUST102497,25,Bekerja,49602,591,3.3,3664,1,0,0,Kartu Kredit,Pribadi,21.54,305.0,1.01,337.0,0
CUST102498,41,Bekerja,59827,676,3.1,1000,0,0,0,Kartu Kredit,Renovasi Rumah,17.53,461.0,328.0,109.0,0
CUST102499,18,Bekerja,42810,604,1.0,208,0,1,0,Kartu Kredit,Renovasi Rumah,19.52,266.0,811.0,0.27,0
CUST102500,39,Bekerja,28804,711,5.3,371,0,2,0,Kartu Kredit,Pendidikan,17.11,432.0,726.0,242.0,1
CUST102501,18,Bekerja,15000,581,0.0,0,0,0,0,Kartu Kredit,Pribadi,21.06,218.0,93.0,31.0,1
CUST102502,41,Bekerja,46896,576,4.1,196,0,1,1,Kartu Kredit,Pribadi,22.36,194.0,0.87,0.29,0
CUST102503,48,Mahasiswa,19665,695,27.6,1397,0,0,0,Pinjaman Pribadi,Pendidikan,11.65,543.0,1.088,363.0,0
CUST102504,25,Wiraswasta,105757,562,1.9,1263,0,0,0,Pinjaman Pribadi,Medis,16.21,569.0,946.0,315.0,0
CUST102505,42,Wiraswasta,79549,670,9.6,5535,0,0,0,Pinjaman Pribadi,Pendidikan,11.53,0.37,454.0,151.0,1
CUST102506,42,Bekerja,112078,734,15.2,22246,0,0,0,Kartu Kredit,Renovasi Rumah,17.17,384.0,451.0,0.15,1
CUST102507,18,Bekerja,31439,477,0.7,985,0,0,0,Kartu Kredit,Pribadi,22.36,755.0,375.0,125.0,0
CUST102508,37,Wiraswasta,43696,613,9.8,4648,0,1,0,Kartu Kredit,Medis,20.83,106.0,263.0,88.0,1
CUST102509,24,Wiraswasta,20628,565,4.8,1309,0,0,0,Kredit Berjalan,Konsolidasi Hutang,13.42,498.0,0.31,103.0,0
CUST102510,36,Bekerja,25518,621,14.5,197,0,0,0,Kartu Kredit,Bisnis,20.05,0.21,603.0,201.0,0
CUST102511,53,Bekerja,73857,677,19.4,1445,0,0,0,Pinjaman Pribadi,Medis,11.22,376.0,995.0,332.0,1
CUST102512,18,Wiraswasta,48742,673,1.4,264,0,0,1,Kartu Kredit,Pribadi,18.18,308.0,1.358,453.0,1
CUST102513,39,Bekerja,34656,670,16.3,1041,0,1,0,Pinjaman Pribadi,Pribadi,11.9,574.0,739.0,246.0,0
CUST102514,29,Bekerja,48510,673,3.4,309,0,0,0,Pinjaman Pribadi,Konsolidasi Hutang,11.68,106.0,1.561,0.52,0
CUST102515,30,Bekerja,36112,661,3.3,2384,0,0,0,Kartu Kredit,Pribadi,18.01,251.0,892.0,297.0,1
CUST102516,26,Mahasiswa,17909,631,7.9,996,0,2,0,Pinjaman Pribadi,Bisnis,13.25,244.0,1.189,396.0,0
CUST102517,35,Bekerja,21615,607,3.2,49,0,1,0,Kartu Kredit,Pendidikan,20.43,244.0,1.036,345.0,1
CUST102518,22,Wiraswasta,51843,608,3.6,2075,0,0,0,Kartu Kredit,Renovasi Rumah,20.94,0.24,139.0,46.0,1
CUST102519,39,Bekerja,43641,675,17.5,1303,0,0,0,Pinjaman Pribadi,Pribadi,11.49,342.0,736.0,245.0,1
CUST102520,28,Bekerja,15481,553,4.4,343,0,0,2,Kredit Berjalan,Renovasi Rumah,13.4,79.0,691.0,0.23,0
CUST102521,68,Bekerja,58871,673,1.3,185,0,0,0,Kartu Kredit,Bisnis,17.39,31.0,861.0,287.0,1
CUST102522,40,Wiraswasta,73626,570,6.3,1601,0,1,0,Kartu Kredit,Renovasi Rumah,21.42,0.26,327.0,109.0,1
CUST102523,42,Bekerja,28438,642,0.7,24,0,0,0,Pinjaman Pribadi,Bisnis,14.62,539.0,658.0,219.0,0
CUST102524,38,Bekerja,132766,606,8.0,1147,1,3,0,Kredit Berjalan,Pribadi,12.2,0.09,322.0,107.0,0
CUST102525,54,Mahasiswa,31505,552,3.5,4069,1,2,0,Kartu Kredit,Medis,21.22,93.0,102.0,34.0,0
CUST102526,50,Mahasiswa,15417,657,2.7,5,0,0,0,Pinjaman Pribadi,Bisnis,11.37,314.0,532.0,177.0,0
CUST102527,20,Wiraswasta,45631,632,1.0,93,0,0,0,Kredit Berjalan,Konsolidasi Hutang,12.77,186.0,392.0,131.0,0
CUST102528,44,Bekerja,19042,535,9.4,322,0,1,0,Kredit Berjalan,Bisnis,14.74,481.0,861.0,287.0,0
CUST102529,31,Bekerja,52090,696,12.5,9660,0,0,0,Kartu Kredit,Konsolidasi Hutang,18.37,0.41,0.85,283.0,1
CUST102530,34,Bekerja,26368,633,2.7,248,0,0,0,Pinjaman Pribadi,Pribadi,14.82,123.0,1.733,578.0,0
CUST102531,58,Bekerja,89930,616,8.6,16086,0,0,0,Kartu Kredit,Konsolidasi Hutang,20.52,359.0,778.0,259.0,0
CUST102532,33,Bekerja,42826,652,4.5,950,1,1,0,Kartu Kredit,Medis,18.99,141.0,138.0,46.0,0
CUST102533,61,Bekerja,68268,586,2.4,13,0,1,0,Pinjaman Pribadi,Pribadi,16.53,564.0,866.0,289.0,0
CUST102534,39,Bekerja,37152,604,10.4,1219,0,0,0,Kredit Berjalan,Pribadi,12.85,247.0,676.0,225.0,1
CUST102535,39,Wiraswasta,126651,748,4.0,369,0,0,0,Kartu Kredit,Pendidikan,16.15,176.0,553.0,184.0,1
CUST102536,36,Bekerja,43920,538,6.4,2645,0,0,1,Kredit Berjalan,Pendidikan,13.34,257.0,697.0,232.0,1
CUST102537,44,Wiraswasta,47626,742,23.7,94,0,0,0,Pinjaman Pribadi,Bisnis,9.98,49.0,928.0,309.0,1
CUST102538,36,Wiraswasta,24533,544,11.0,2260,0,1,1,Pinjaman Pribadi,Bisnis,15.94,498.0,1.227,409.0,0
CUST102539,33,Bekerja,63303,616,0.8,129,0,1,0,Kartu Kredit,Pendidikan,19.41,465.0,881.0,294.0,0
CUST102540,47,Wiraswasta,115928,640,14.4,49092,0,2,0,Kartu Kredit,Pribadi,20.01,463.0,604.0,201.0,1
CUST102541,26,Bekerja,63912,609,1.2,3812,0,0,0,Kartu Kredit,Renovasi Rumah,20.62,103.0,509.0,0.17,1
CUST102542,27,Bekerja,38230,595,1.3,18,0,1,0,Pinjaman Pribadi,Pribadi,15.54,559.0,204.0,68.0,0
CUST102543,47,Bekerja,68413,639,1.1,58,0,0,0,Kredit Berjalan,Medis,11.91,782.0,332.0,111.0,0
CUST102544,45,Wiraswasta,28861,677,22.2,732,0,0,1,Kredit Berjalan,Bisnis,10.93,63.0,0.69,0.23,1
CUST102545,24,Bekerja,28280,641,4.2,2172,0,0,1,Pinjaman Pribadi,Pribadi,13.84,479.0,523.0,174.0,0
CUST102546,28,Bekerja,24322,620,6.5,1563,0,1,0,Pinjaman Pribadi,Renovasi Rumah,13.61,379.0,1.99,663.0,0
CUST102547,35,Bekerja,24277,600,13.5,717,0,0,0,Kartu Kredit,Pribadi,20.18,16.0,136.0,45.0,1
CUST102548,30,Wiraswasta,102654,582,2.2,729,1,0,1,Pinjaman Pribadi,Renovasi Rumah,15.54,304.0,312.0,104.0,0
CUST102549,18,Bekerja,18288,546,1.9,94,0,0,0,Pinjaman Pribadi,Pendidikan,15.68,306.0,77.0,26.0,1
CUST102550,31,Bekerja,27054,603,5.4,302,0,2,0,Kredit Berjalan,Renovasi Rumah,12.95,311.0,0.54,0.18,0
CUST102551,25,Bekerja,104567,610,3.1,2823,0,0,1,Pinjaman Pribadi,Pendidikan,13.37,74.0,956.0,319.0,1
CUST102552,34,Mahasiswa,21709,711,2.4,94,0,0,0,Kartu Kredit,Bisnis,15.88,173.0,0.06,0.02,1
CUST102553,18,Bekerja,21435,600,1.4,200,0,2,0,Kartu Kredit,Pribadi,19.87,0.22,998.0,333.0,0
CUST102554,24,Bekerja,55583,613,6.0,1162,0,0,0,Pinjaman Pribadi,Bisnis,14.28,489.0,1.342,447.0,0
CUST102555,47,Wiraswasta,81025,650,17.4,1673,0,0,0,Kartu Kredit,Renovasi Rumah,17.3,367.0,864.0,288.0,1
CUST102556,37,Wiraswasta,37947,632,15.5,3526,0,0,0,Kredit Berjalan,Medis,12.77,207.0,324.0,108.0,1
CUST102557,40,Wiraswasta,32689,663,13.9,1900,0,1,0,Kartu Kredit,Pendidikan,17.78,348.0,1.358,453.0,1
CUST102558,34,Bekerja,50390,627,5.4,7213,0,3,0,Kartu Kredit,Bisnis,20.92,304.0,1.355,452.0,0
CUST102559,22,Bekerja,32230,679,3.9,18,0,0,0,Pinjaman Pribadi,Konsolidasi Hutang,12.01,274.0,1.508,503.0,0
CUST102560,22,Bekerja,23621,587,3.0,61,1,4,0,Kartu Kredit,Pendidikan,21.3,548.0,381.0,127.0,0
CUST102561,33,Bekerja,27234,680,3.0,17,0,0,0,Kredit Berjalan,Pendidikan,9.99,0.2,319.0,106.0,1
CUST102562,30,Bekerja,17405,581,1.2,28,0,1,1,Kredit Berjalan,Pribadi,14.19,125.0,287.0,96.0,0
CUST102563,57,Bekerja,48001,716,14.9,4987,0,1,0,Kartu Kredit,Medis,15.93,0.08,446.0,149.0,1
CUST102564,35,Bekerja,24743,738,1.2,790,0,1,0,Pinjaman Pribadi,Pribadi,10.1,0.36,1.916,639.0,1
CUST102565,30,Bekerja,66716,564,2.3,481,0,0,0,Kartu Kredit,Pribadi,21.54,0.15,486.0,162.0,1
CUST102566,36,Bekerja,75849,579,11.0,247,0,0,0,Kartu Kredit,Renovasi Rumah,22.61,84.0,341.0,114.0,0
CUST102567,29,Bekerja,18000,710,2.2,19,0,0,0,Kartu Kredit,Bisnis,17.09,424.0,789.0,263.0,1
CUST102568,49,Bekerja,17409,588,6.3,351,0,0,0,Kartu Kredit,Bisnis,22.88,0.05,1.292,431.0,0
CUST102569,34,Bekerja,38210,651,10.1,127,0,0,0,Kredit Berjalan,Konsolidasi Hutang,9.58,32.0,764.0,255.0,1
CUST102570,44,Bekerja,93606,621,11.4,6317,0,4,0,Kredit Berjalan,Bisnis,11.18,236.0,369.0,123.0,0
CUST102571,23,Bekerja,25883,675,3.7,194,0,0,0,Pinjaman Pribadi,Medis,11.63,377.0,0.75,0.25,1
CUST102572,56,Bekerja,80106,753,2.0,138,0,0,0,Kartu Kredit,Bisnis,15.2,0.08,874.0,291.0,1
CUST102573,41,Bekerja,70190,671,13.6,153,0,2,0,Kartu Kredit,Pribadi,18.86,0.37,142.0,47.0,1
CUST102574,45,Bekerja,40021,714,7.6,1729,0,0,0,Pinjaman Pribadi,Medis,11.07,255.0,1.307,436.0,1
CUST102575,42,Wiraswasta,139052,673,4.0,13922,0,0,1,Pinjaman Pribadi,Pribadi,11.27,321.0,232.0,77.0,1
CUST102576,26,Mahasiswa,15000,518,0.9,241,0,2,1,Kartu Kredit,Pribadi,21.54,223.0,0.1,33.0,1
CUST102577,42,Bekerja,45103,622,7.1,569,0,3,0,Kartu Kredit,Konsolidasi Hutang,20.0,269.0,0.2,67.0,0
CUST102578,32,Wiraswasta,60193,711,7.8,2828,0,0,0,Kartu Kredit,Pribadi,15.73,399.0,429.0,143.0,1
CUST102579,41,Bekerja,26595,631,17.5,98,0,0,0,Kartu Kredit,Pendidikan,20.41,223.0,1.346,449.0,1
CUST102580,18,Bekerja,26163,692,1.2,106,0,0,0,Kartu Kredit,Pribadi,18.98,429.0,363.0,121.0,1
CUST102581,39,Bekerja,68024,552,6.4,10968,0,1,0,Kredit Berjalan,Bisnis,13.4,609.0,0.31,103.0,0
CUST102582,46,Bekerja,80496,579,6.7,4027,0,1,0,Kartu Kredit,Medis,21.15,451.0,739.0,246.0,0
CUST102583,39,Bekerja,48101,712,8.0,888,0,0,0,Pinjaman Pribadi,Pribadi,11.25,111.0,1.568,523.0,1
CUST102584,46,Wiraswasta,77323,717,27.8,5029,0,0,0,Kredit Berjalan,Medis,8.72,156.0,459.0,153.0,1
CUST102585,40,Bekerja,28941,638,11.1,1000,0,0,1,Pinjaman Pribadi,Medis,14.55,253.0,1.735,578.0,0
CUST102586,49,Bekerja,76641,760,1.4,1116,0,0,0,Kartu Kredit,Pribadi,14.73,81.0,0.5,167.0,1
CUST102587,28,Bekerja,52852,633,6.6,502,0,1,0,Pinjaman Pribadi,Bisnis,13.58,44.0,1.468,489.0,0
CUST102588,22,Wiraswasta,32125,557,3.5,396,0,2,0,Pinjaman Pribadi,Medis,15.63,686.0,358.0,119.0,0
CUST102589,25,Bekerja,65470,597,5.3,756,0,1,0,Kredit Berjalan,Konsolidasi Hutang,13.55,358.0,388.0,129.0,0
CUST102590,23,Wiraswasta,22220,612,0.8,3,0,2,0,Kredit Berjalan,Pribadi,11.81,0.7,693.0,231.0,0
CUST102591,54,Mahasiswa,28173,658,3.2,761,0,0,0,Kartu Kredit,Medis,18.64,237.0,99.0,33.0,1
CUST102592,36,Bekerja,44410,706,9.7,6224,1,2,0,Kredit Berjalan,Pribadi,8.85,422.0,527.0,176.0,0
CUST102593,39,Bekerja,42862,687,7.7,481,0,1,0,Pinjaman Pribadi,Konsolidasi Hutang,12.28,352.0,1.507,502.0,0
CUST102594,36,Bekerja,53368,585,9.0,3517,0,0,1,Pinjaman Pribadi,Pendidikan,16.55,0.28,1.733,578.0,0
CUST102595,28,Wiraswasta,53490,625,2.2,529,0,1,0,Kartu Kredit,Pendidikan,20.7,0.25,1.309,436.0,0
CUST102596,18,Bekerja,22427,637,1.8,41,0,0,0,Pinjaman Pribadi,Konsolidasi Hutang,13.4,126.0,1.418,473.0,0
CUST102597,29,Bekerja,39795,677,8.5,2116,0,1,0,Pinjaman Pribadi,Konsolidasi Hutang,13.0,104.0,1.98,0.66,1
CUST102598,24,Wiraswasta,53562,590,1.9,314,0,2,0,Kredit Berjalan,Bisnis,13.11,188.0,0.76,253.0,0
CUST102599,52,Bekerja,43733,776,3.1,16,0,0,0,Kredit Berjalan,Pendidikan,7.55,76.0,332.0,111.0,1
CUST102600,41,Bekerja,35351,541,20.1,281,0,1,1,Kartu Kredit,Pendidikan,21.78,261.0,201.0,67.0,1
CUST102601,42,Mahasiswa,19184,587,23.2,3128,0,1,2,Kartu Kredit,Medis,22.58,636.0,99.0,33.0,0
CUST102602,38,Wiraswasta,40991,666,1.0,359,0,0,0,Pinjaman Pribadi,Bisnis,11.78,0.45,1.998,666.0,0
CUST102603,37,Mahasiswa,15000,639,12.0,598,0,0,0,Kartu Kredit,Renovasi Rumah,19.66,505.0,0.1,33.0,1
CUST102604,41,Wiraswasta,36322,664,14.3,906,0,0,0,Kartu Kredit,Medis,17.38,165.0,1.261,0.42,1
CUST102605,28,Mahasiswa,15000,531,8.1,1290,1,1,0,Pinjaman Pribadi,Bisnis,16.75,304.0,1.28,427.0,0
CUST102606,29,Bekerja,28644,593,5.2,375,0,3,0,Pinjaman Pribadi,Bisnis,15.84,175.0,1.093,364.0,0
CUST102607,41,Bekerja,84575,542,11.1,7797,0,0,0,Kartu Kredit,Pendidikan,21.35,286.0,569.0,0.19,1
CUST102608,18,Bekerja,24955,696,0.9,296,0,0,0,Kartu Kredit,Renovasi Rumah,17.75,306.0,593.0,198.0,1
CUST102609,45,Wiraswasta,149802,683,9.4,289,0,0,0,Kartu Kredit,Pendidikan,18.42,0.58,436.0,145.0,0
CUST102610,26,Mahasiswa,26116,665,6.4,2513,0,0,0,Kredit Berjalan,Bisnis,10.84,158.0,471.0,157.0,1
CUST102611,43,Bekerja,94344,561,20.5,20512,0,1,0,Kartu Kredit,Pendidikan,21.6,157.0,742.0,247.0,1
CUST102612,33,Bekerja,49630,620,11.0,17063,0,0,0,Pinjaman Pribadi,Konsolidasi Hutang,14.24,428.0,1.57,523.0,0
CUST102613,47,Bekerja,61199,696,11.1,3187,0,0,0,Pinjaman Pribadi,Pribadi,12.25,195.0,1.634,545.0,1
CUST102614,47,Wiraswasta,94556,689,19.2,43508,0,1,1,Kredit Berjalan,Konsolidasi Hutang,10.9,378.0,284.0,95.0,0
CUST102615,57,Wiraswasta,93515,698,13.8,2460,0,0,0,Kartu Kredit,Medis,18.92,128.0,0.5,167.0,1
CUST102616,54,Bekerja,55421,702,16.5,702,0,0,0,Kartu Kredit,Bisnis,17.34,139.0,1.207,402.0,1
CUST102617,34,Wiraswasta,120862,612,5.8,1290,0,0,0,Kartu Kredit,Pribadi,20.12,247.0,0.18,0.06,1
CUST102618,65,Bekerja,47944,649,20.2,1394,0,1,0,Pinjaman Pribadi,Medis,14.53,0.12,46.0,15.0,1
CUST102619,30,Wiraswasta,36630,668,1.1,135,0,0,0,Pinjaman Pribadi,Bisnis,12.59,426.0,52.0,17.0,0
CUST102620,21,Bekerja,23714,653,0.9,563,0,0,0,Pinjaman Pribadi,Renovasi Rumah,11.61,347.0,118.0,39.0,1
CUST102621,25,Mahasiswa,23682,591,6.5,134,0,3,2,Kredit Berjalan,Bisnis,14.68,344.0,312.0,104.0,0
CUST102622,58,Wiraswasta,55938,748,17.5,3424,0,0,0,Pinjaman Pribadi,Renovasi Rumah,10.27,239.0,1.416,472.0,1
CUST102623,26,Wiraswasta,89388,695,2.3,1161,0,0,0,Kartu Kredit,Pendidikan,17.78,314.0,783.0,261.0,1
CUST102624,55,Bekerja,44780,698,10.1,1259,0,1,0,Pinjaman Pribadi,Medis,11.53,617.0,1.896,632.0,0
CUST102625,45,Bekerja,36405,705,26.7,3820,0,1,0,Kartu Kredit,Renovasi Rumah,15.83,71.0,1.28,427.0,1
CUST102626,32,Bekerja,57598,655,4.1,9242,0,0,0,Kartu Kredit,Medis,17.26,369.0,1.215,405.0,1
CUST102627,40,Wiraswasta,93553,658,20.2,7452,0,0,0,Kredit Berjalan,Medis,10.88,0.51,409.0,136.0,0
CUST102628,51,Bekerja,113732,636,2.4,544,0,0,1,Pinjaman Pribadi,Bisnis,13.35,415.0,879.0,293.0,0
CUST102629,21,Bekerja,22166,700,1.5,141,0,1,0,Kartu Kredit,Medis,16.53,262.0,59.0,0.02,1
CUST102630,37,Bekerja,38508,594,9.6,502,0,2,0,Kredit Berjalan,Renovasi Rumah,13.29,229.0,467.0,156.0,0
CUST102631,25,Bekerja,23695,569,5.2,51,0,1,4,Pinjaman Pribadi,Pribadi,15.76,102.0,612.0,204.0,0
CUST102632,36,Wiraswasta,47237,644,9.9,786,1,1,0,Kartu Kredit,Bisnis,19.18,212.0,485.0,162.0,0
CUST102633,27,Bekerja,38845,596,7.4,5866,0,1,0,Pinjaman Pribadi,Pribadi,16.23,196.0,829.0,276.0,0
CUST102634,55,Bekerja,71374,711,19.2,31408,0,0,0,Kartu Kredit,Renovasi Rumah,15.84,266.0,352.0,117.0,1
CUST102635,20,Bekerja,16251,676,0.5,0,0,1,0,Pinjaman Pribadi,Renovasi Rumah,12.15,121.0,1.458,486.0,0
CUST102636,20,Bekerja,22871,698,2.0,428,0,0,0,Kartu Kredit,Pendidikan,17.15,43.0,1.132,377.0,1
CUST102637,29,Mahasiswa,26211,583,9.2,195,0,0,1,Kartu Kredit,Konsolidasi Hutang,21.44,0.24,95.0,32.0,0
CUST102638,34,Bekerja,28552,720,4.1,25,0,0,0,Kartu Kredit,Renovasi Rumah,15.9,541.0,25.0,8.0,1
CUST102639,36,Bekerja,48274,596,0.5,22,0,1,0,Pinjaman Pribadi,Pendidikan,16.0,206.0,988.0,329.0,1
CUST102640,49,Bekerja,80473,664,20.7,3427,0,0,0,Kredit Berjalan,Bisnis,11.0,254.0,621.0,207.0,1
CUST102641,44,Bekerja,32356,752,17.5,48322,0,1,0,Kartu Kredit,Pendidikan,15.52,171.0,315.0,105.0,1
CUST102642,47,Wiraswasta,103005,609,17.1,11766,0,1,0,Kartu Kredit,Pribadi,20.43,58.0,0.68,227.0,1
CUST102643,47,Bekerja,26413,691,27.0,1138,0,0,0,Kartu Kredit,Renovasi Rumah,18.7,103.0,1.166,389.0,1
CUST102644,46,Bekerja,68640,640,24.8,1458,0,0,0,Kartu Kredit,Konsolidasi Hutang,20.55,278.0,0.96,0.32,1
CUST102645,37,Mahasiswa,15000,607,3.9,147,0,0,0,Kartu Kredit,Bisnis,20.0,347.0,0.1,33.0,1
CUST102646,26,Bekerja,40209,646,2.7,17,0,1,0,Kartu Kredit,Renovasi Rumah,19.72,399.0,838.0,279.0,1
CUST102647,24,Bekerja,49267,702,5.1,221,0,1,0,Kartu Kredit,Renovasi Rumah,16.63,563.0,779.0,0.26,0
CUST102648,27,Bekerja,20219,592,5.6,29,0,0,0,Kartu Kredit,Medis,22.62,161.0,1.063,354.0,0
CUST102649,28,Mahasiswa,15000,679,6.4,225,0,0,0,Pinjaman Pribadi,Pribadi,12.54,0.08,0.1,33.0,1
CUST102650,33,Bekerja,24470,622,10.5,49,0,0,0,Kartu Kredit,Renovasi Rumah,19.61,308.0,168.0,56.0,1
CUST102651,36,Bekerja,19440,697,14.4,1989,0,1,0,Kredit Berjalan,Pribadi,10.81,213.0,586.0,195.0,1
CUST102652,20,Bekerja,26979,568,1.6,60,0,0,1,Kartu Kredit,Renovasi Rumah,22.82,0.45,474.0,158.0,0
CUST102653,25,Bekerja,15000,621,2.7,20,0,2,0,Kartu Kredit,Renovasi Rumah,19.76,331.0,0.84,0.28,0
CUST102654,40,Bekerja,76738,654,7.0,2898,0,0,0,Kredit Berjalan,Medis,10.25,529.0,315.0,105.0,0
CUST102655,32,Bekerja,23132,560,13.9,112,0,1,0,Pinjaman Pribadi,Pribadi,15.81,349.0,1.025,342.0,1
CUST102656,24,Bekerja,47408,645,2.5,29,0,3,0,Pinjaman Pribadi,Bisnis,13.17,198.0,525.0,175.0,0
CUST102657,39,Bekerja,31345,567,16.3,924,1,0,1,Pinjaman Pribadi,Renovasi Rumah,15.69,484.0,1.375,458.0,0
CUST102658,36,Bekerja,30460,677,4.8,483,0,0,0,Kartu Kredit,Pendidikan,17.37,305.0,1.014,338.0,1
CUST102659,56,Bekerja,55223,688,11.8,1440,0,0,0,Pinjaman Pribadi,Medis,11.04,175.0,471.0,157.0,1
CUST102660,30,Bekerja,31368,637,8.0,3841,0,1,0,Kartu Kredit,Pribadi,19.21,137.0,408.0,136.0,1
CUST102661,24,Bekerja,19970,588,0.8,58,0,0,0,Kartu Kredit,Medis,22.14,134.0,1.122,374.0,0
CUST102662,39,Bekerja,89606,692,14.9,4462,0,0,0,Pinjaman Pribadi,Pribadi,11.66,342.0,1.065,355.0,1
CUST102663,30,Wiraswasta,37447,606,11.9,477,0,1,0,Kartu Kredit,Pendidikan,20.06,189.0,1.381,0.46,1
CUST102664,34,Bekerja,20675,671,7.3,2589,0,0,0,Kartu Kredit,Pendidikan,17.89,54.0,1.306,435.0,1
CUST102665,45,Wiraswasta,147982,674,15.3,14862,0,0,0,Pinjaman Pribadi,Medis,11.48,293.0,676.0,225.0,1
CUST102666,18,Wiraswasta,65452,749,0.3,82,0,0,0,Pinjaman Pribadi,Medis,10.18,74.0,1.528,509.0,0
CUST102667,39,Bekerja,23377,623,11.9,44,0,3,1,Kredit Berjalan,Medis,11.66,383.0,312.0,104.0,0
CUST102668,35,Bekerja,22179,694,6.4,53,0,0,0,Pinjaman Pribadi,Pendidikan,11.25,154.0,1.921,0.64,1
CUST102669,32,Wiraswasta,71547,628,10.6,762,0,2,1,Pinjaman Pribadi,Renovasi Rumah,14.4,106.0,1.258,419.0,0
CUST102670,33,Bekerja,36645,691,6.3,241,0,0,0,Kredit Berjalan,Konsolidasi Hutang,10.14,328.0,647.0,216.0,1
CUST102671,28,Bekerja,64263,646,1.0,1030,0,1,0,Kartu Kredit,Pribadi,20.08,41.0,154.0,51.0,1
CUST102672,64,Bekerja,69001,709,4.6,676,0,0,0,Kredit Berjalan,Medis,9.41,34.0,332.0,111.0,1
CUST102673,65,Wiraswasta,66662,688,16.8,1465,0,0,0,Kartu Kredit,Pribadi,18.24,411.0,698.0,233.0,1
CUST102674,35,Bekerja,47118,566,9.6,6915,0,0,1,Kartu Kredit,Pribadi,21.61,374.0,129.0,43.0,1
CUST102675,33,Bekerja,31194,747,14.3,1000,0,0,0,Pinjaman Pribadi,Renovasi Rumah,9.98,0.15,487.0,162.0,1
CUST102676,44,Bekerja,47902,637,4.0,1083,0,0,0,Kredit Berjalan,Bisnis,13.0,0.01,328.0,109.0,0
CUST102677,34,Mahasiswa,15000,674,11.9,217,0,0,0,Kartu Kredit,Pribadi,18.64,38.0,0.1,33.0,1
CUST102678,44,Wiraswasta,67704,765,7.7,16923,1,1,0,Pinjaman Pribadi,Pendidikan,9.36,566.0,295.0,98.0,0
CUST102679,44,Bekerja,53281,693,21.0,373,0,0,0,Kartu Kredit,Bisnis,18.53,288.0,582.0,194.0,1
CUST102680,38,Bekerja,16281,692,16.8,964,0,1,0,Kredit Berjalan,Pendidikan,9.93,273.0,528.0,176.0,1
CUST102681,45,Bekerja,45910,631,16.9,1302,0,1,0,Pinjaman Pribadi,Pendidikan,13.53,478.0,438.0,146.0,1
CUST102682,23,Bekerja,42559,673,3.2,835,0,0,0,Pinjaman Pribadi,Bisnis,12.46,312.0,1.626,542.0,0
CUST102683,35,Bekerja,44382,569,5.2,200,0,1,0,Kartu Kredit,Renovasi Rumah,22.15,54.0,994.0,331.0,0
CUST102684,56,Bekerja,88687,649,15.6,203,0,0,0,Pinjaman Pribadi,Medis,13.33,214.0,193.0,64.0,1
CUST102685,18,Bekerja,27943,610,1.7,80,0,0,0,Kartu Kredit,Konsolidasi Hutang,20.54,74.0,1.231,0.41,0
CUST102686,51,Bekerja,106741,632,12.3,1560,0,0,0,Kartu Kredit,Pribadi,19.85,211.0,656.0,219.0,1
CUST102687,43,Bekerja,90059,748,17.9,15768,0,0,0,Kartu Kredit,Bisnis,16.42,181.0,213.0,71.0,1
CUST102688,23,Bekerja,28882,566,2.7,106,0,1,0,Kartu Kredit,Renovasi Rumah,22.21,0.11,807.0,269.0,0
CUST102689,39,Bekerja,45728,637,8.6,351,0,1,0,Kredit Berjalan,Pribadi,12.7,387.0,321.0,107.0,1
CUST102690,50,Bekerja,53756,779,14.3,759,0,0,0,Kredit Berjalan,Medis,7.48,403.0,698.0,233.0,1
CUST102691,39,Bekerja,73110,701,8.1,1357,0,0,0,Kredit Berjalan,Bisnis,9.49,0.24,0.23,77.0,1
CUST102692,38,Wiraswasta,54462,753,7.2,742,0,0,1,Pinjaman Pribadi,Medis,9.7,267.0,672.0,224.0,1
CUST102693,48,Bekerja,93365,628,14.0,7006,0,0,1,Pinjaman Pribadi,Bisnis,13.22,454.0,1.052,351.0,0
CUST102694,41,Bekerja,110976,685,7.1,3865,0,0,0,Pinjaman Pribadi,Pendidikan,11.23,388.0,901.0,0.3,1
CUST102695,54,Bekerja,96737,597,21.3,11351,0,0,0,Kredit Berjalan,Medis,13.94,0.04,267.0,89.0,1
CUST102696,21,Bekerja,28338,569,0.4,32,0,3,1,Kartu Kredit,Konsolidasi Hutang,21.31,133.0,0.06,0.02,0
CUST102697,57,Bekerja,96846,744,12.1,1575,0,0,0,Kartu Kredit,Medis,17.01,223.0,723.0,241.0,1
CUST102698,36,Wiraswasta,36739,620,15.9,550,0,0,0,Pinjaman Pribadi,Pribadi,13.97,343.0,1.69,563.0,1
CUST102699,35,Bekerja,33785,531,3.1,164,0,1,1,Kartu Kredit,Pendidikan,22.01,708.0,281.0,94.0,0
CUST102700,55,Bekerja,66967,637,6.6,567,0,2,0,Pinjaman Pribadi,Renovasi Rumah,14.52,29.0,1.072,357.0,0
CUST102701,28,Mahasiswa,70368,555,6.7,286,0,2,0,Pinjaman Pribadi,Pendidikan,15.84,0.2,317.0,106.0,0
CUST102702,40,Bekerja,76099,599,13.6,288,0,1,0,Kartu Kredit,Bisnis,22.74,302.0,18.0,6.0,0
CUST102703,28,Bekerja,46208,557,7.4,1441,0,0,1,Pinjaman Pribadi,Renovasi Rumah,15.88,189.0,1.941,647.0,0
CUST102704,20,Bekerja,18180,571,1.1,69,0,2,1,Kredit Berjalan,Medis,14.72,91.0,281.0,94.0,0
CUST102705,20,Mahasiswa,53961,655,0.8,153,0,0,0,Kartu Kredit,Pendidikan,18.91,0.14,0.1,33.0,1
CUST102706,18,Wiraswasta,42675,633,1.9,81,0,1,0,Kartu Kredit,Pribadi,19.21,358.0,555.0,185.0,1
CUST102707,42,Bekerja,20638,548,23.1,11307,0,0,0,Pinjaman Pribadi,Renovasi Rumah,15.27,592.0,586.0,195.0,0
CUST102708,46,Mahasiswa,15000,632,11.4,571,0,1,0,Pinjaman Pribadi,Pendidikan,14.79,371.0,1.68,0.56,0
CUST102709,49,Bekerja,41262,611,26.7,84351,0,2,0,Kredit Berjalan,Pribadi,12.22,235.0,468.0,156.0,1
CUST102710,54,Bekerja,33728,687,11.0,1008,0,0,0,Kredit Berjalan,Renovasi Rumah,10.13,748.0,688.0,229.0,0
CUST102711,27,Wiraswasta,147149,742,2.3,458,0,0,0,Pinjaman Pribadi,Pendidikan,11.42,129.0,508.0,169.0,1
CUST102712,43,Mahasiswa,23766,616,16.0,22,0,0,0,Kredit Berjalan,Pendidikan,12.56,0.19,926.0,309.0,1
CUST102713,18,Bekerja,33364,529,1.6,171,0,1,2,Kredit Berjalan,Konsolidasi Hutang,13.9,349.0,282.0,94.0,0
CUST102714,32,Bekerja,45707,718,7.9,4390,0,1,0,Kartu Kredit,Pendidikan,17.0,129.0,1.155,385.0,1
CUST102715,21,Bekerja,82293,503,1.9,114,0,3,0,Kredit Berjalan,Pendidikan,13.14,582.0,446.0,149.0,0
CUST102716,23,Bekerja,24472,648,4.7,2064,0,0,0,Pinjaman Pribadi,Bisnis,13.58,433.0,1.336,445.0,0
CUST102717,31,Bekerja,47172,567,6.4,3835,0,2,1,Pinjaman Pribadi,Pribadi,16.64,329.0,765.0,255.0,0
CUST102718,30,Bekerja,30910,526,5.4,1612,0,2,2,Kartu Kredit,Pendidikan,22.49,225.0,896.0,299.0,0
CUST102719,24,Wiraswasta,39403,680,1.9,1115,0,0,0,Pinjaman Pribadi,Renovasi Rumah,12.42,483.0,1.705,568.0,0
CUST102720,38,Bekerja,71010,668,3.8,5817,0,0,0,Kredit Berjalan,Bisnis,9.66,344.0,503.0,168.0,1
CUST102721,46,Bekerja,36030,671,2.1,306,0,0,0,Kartu Kredit,Medis,18.68,48.0,1.363,454.0,1
CUST102722,45,Mahasiswa,21063,653,11.4,939,0,0,0,Kredit Berjalan,Medis,9.5,396.0,584.0,195.0,1
CUST102723,21,Mahasiswa,21052,627,2.8,188,0,0,0,Kredit Berjalan,Konsolidasi Hutang,11.84,87.0,508.0,169.0,0
CUST102724,56,Wiraswasta,28400,802,12.7,2322,0,0,0,Kartu Kredit,Pribadi,14.12,76.0,0.44,147.0,1
CUST102725,49,Bekerja,50000,639,22.2,1881,0,0,0,Kredit Berjalan,Bisnis,11.98,159.0,0.64,213.0,1
CUST102726,38,Wiraswasta,86012,643,12.6,6933,0,0,1,Kredit Berjalan,Medis,12.12,583.0,581.0,194.0,0
CUST102727,28,Bekerja,44419,573,4.2,4159,0,0,0,Kredit Berjalan,Pendidikan,14.57,399.0,315.0,105.0,0
CUST102728,44,Wiraswasta,69161,645,25.2,1692,0,0,0,Pinjaman Pribadi,Pendidikan,14.98,359.0,197.0,66.0,1
CUST102729,21,Bekerja,24646,639,0.3,7,0,1,0,Pinjaman Pribadi,Bisnis,13.68,425.0,1.976,659.0,0
CUST102730,45,Bekerja,68797,648,3.1,133,0,1,0,Pinjaman Pribadi,Bisnis,13.87,368.0,696.0,232.0,0
CUST102731,47,Bekerja,75994,719,27.6,17036,0,1,0,Kartu Kredit,Konsolidasi Hutang,16.07,519.0,59.0,0.02,1
CUST102732,30,Bekerja,32348,575,10.8,3179,0,1,2,Kartu Kredit,Pribadi,22.56,55.0,1.348,449.0,0
CUST102733,35,Wiraswasta,64590,674,1.9,134,0,0,0,Kartu Kredit,Renovasi Rumah,17.66,268.0,985.0,328.0,1
CUST102734,18,Wiraswasta,48783,628,1.9,450,0,0,0,Pinjaman Pribadi,Bisnis,13.75,407.0,1.423,474.0,0
CUST102735,34,Wiraswasta,57531,648,14.5,13218,0,0,0,Kredit Berjalan,Konsolidasi Hutang,11.96,419.0,662.0,221.0,0
CUST102736,43,Bekerja,48647,738,8.4,580,0,0,0,Kartu Kredit,Bisnis,15.78,45.0,376.0,125.0,1
CUST102737,33,Bekerja,42451,652,12.5,1758,0,0,0,Kartu Kredit,Pendidikan,17.79,139.0,971.0,324.0,1
CUST102738,30,Bekerja,33165,586,2.6,78,0,0,0,Kredit Berjalan,Renovasi Rumah,13.45,425.0,443.0,148.0,0
CUST102739,31,Bekerja,37717,694,3.9,27848,0,0,0,Kredit Berjalan,Pribadi,10.14,0.29,0.53,177.0,1
CUST102740,35,Wiraswasta,50304,717,11.4,7339,0,0,0,Pinjaman Pribadi,Bisnis,11.02,321.0,421.0,0.14,1
CUST102741,31,Bekerja,34188,707,0.6,64,0,0,0,Kartu Kredit,Konsolidasi Hutang,16.04,427.0,918.0,306.0,1
CUST102742,38,Bekerja,23297,628,9.5,578,0,1,0,Kartu Kredit,Konsolidasi Hutang,19.35,429.0,704.0,235.0,0
CUST102743,23,Bekerja,25322,600,0.5,522,0,2,0,Pinjaman Pribadi,Pribadi,14.16,199.0,825.0,275.0,0
CUST102744,24,Bekerja,39439,577,1.7,34,1,1,0,Pinjaman Pribadi,Konsolidasi Hutang,15.09,629.0,596.0,199.0,0
CUST102745,28,Bekerja,40192,555,5.8,70,0,2,2,Pinjaman Pribadi,Medis,16.14,106.0,1.062,354.0,0
CUST102746,40,Bekerja,97505,684,13.9,854,0,1,0,Kartu Kredit,Medis,17.04,347.0,718.0,239.0,1
CUST102747,46,Mahasiswa,28302,669,5.9,602,0,0,0,Kredit Berjalan,Medis,10.48,381.0,823.0,274.0,0
CUST102748,24,Bekerja,74431,680,0.3,320,0,0,0,Pinjaman Pribadi,Renovasi Rumah,12.2,354.0,406.0,135.0,1
CUST102749,23,Wiraswasta,68805,695,4.7,7753,0,0,0,Kredit Berjalan,Medis,9.58,0.21,655.0,218.0,0
CUST102750,37,Wiraswasta,135098,609,7.6,443,0,0,0,Pinjaman Pribadi,Konsolidasi Hutang,13.78,211.0,656.0,219.0,1
CUST102751,39,Bekerja,82504,683,7.2,454,0,0,0,Kartu Kredit,Pribadi,17.34,154.0,848.0,283.0,1
CUST102752,38,Bekerja,42156,589,6.7,1872,1,1,1,Kartu Kredit,Bisnis,22.29,0.25,1.094,365.0,0
CUST102753,55,Bekerja,49654,742,6.1,981,0,0,0,Pinjaman Pribadi,Konsolidasi Hutang,10.65,518.0,802.0,267.0,0
CUST102754,35,Bekerja,22622,696,0.6,21,0,0,0,Kartu Kredit,Pendidikan,17.32,215.0,822.0,274.0,1
CUST102755,33,Bekerja,64046,574,1.3,2307,0,3,0,Kartu Kredit,Bisnis,22.18,277.0,22.0,7.0,0
CUST102756,34,Bekerja,21782,643,15.0,2998,0,0,0,Kartu Kredit,Pendidikan,20.64,334.0,0.73,243.0,1
CUST102757,34,Bekerja,34676,619,8.5,3839,0,1,0,Kartu Kredit,Pribadi,19.52,0.35,885.0,295.0,1
CUST102758,57,Wiraswasta,176388,681,21.6,1067,0,0,0,Kartu Kredit,Medis,17.57,0.21,166.0,55.0,1
CUST102759,36,Bekerja,21898,644,9.5,462,0,0,0,Kartu Kredit,Pribadi,20.88,411.0,543.0,181.0,1
CUST102760,18,Bekerja,32022,677,0.8,37,0,0,0,Kartu Kredit,Konsolidasi Hutang,17.55,384.0,256.0,85.0,1
CUST102761,28,Bekerja,15129,564,6.6,526,1,0,1,Kredit Berjalan,Pendidikan,13.88,413.0,595.0,198.0,0
CUST102762,36,Bekerja,46227,661,10.3,928,0,0,1,Kredit Berjalan,Pribadi,10.31,0.34,383.0,128.0,1
CUST102763,18,Wiraswasta,57201,599,1.1,31,0,0,1,Kartu Kredit,Pribadi,21.36,92.0,86.0,29.0,0
CUST102764,39,Bekerja,80484,738,20.4,7811,0,0,0,Kredit Berjalan,Medis,8.77,444.0,476.0,159.0,1
CUST102765,18,Bekerja,19792,625,1.8,143,0,1,0,Pinjaman Pribadi,Bisnis,13.86,151.0,798.0,266.0,0
CUST102766,18,Bekerja,25377,671,0.7,16,0,0,0,Kredit Berjalan,Medis,10.11,449.0,264.0,88.0,1
CUST102767,50,Bekerja,19955,647,1.3,345,0,0,0,Pinjaman Pribadi,Renovasi Rumah,14.94,132.0,1.854,618.0,0
CUST102768,18,Bekerja,46992,613,0.6,6,0,2,0,Kredit Berjalan,Pendidikan,11.51,236.0,372.0,124.0,1
CUST102769,43,Wiraswasta,58021,673,23.2,4335,0,0,0,Pinjaman Pribadi,Medis,12.16,295.0,762.0,254.0,1
CUST102770,31,Bekerja,31230,592,8.9,792,0,0,0,Kartu Kredit,Bisnis,21.01,392.0,336.0,112.0,0
CUST102771,41,Bekerja,49033,641,12.0,1773,0,1,0,Kartu Kredit,Pendidikan,19.33,332.0,0.02,7.0,1
CUST102772,39,Bekerja,37359,592,13.2,3684,0,0,0,Kredit Berjalan,Pribadi,13.31,235.0,249.0,83.0,1
CUST102773,47,Bekerja,72549,637,13.3,16166,0,1,1,Kartu Kredit,Bisnis,20.73,498.0,84.0,28.0,1
CUST102774,29,Bekerja,52176,582,2.7,364,0,2,0,Kartu Kredit,Bisnis,21.46,122.0,126.0,42.0,0
CUST102775,18,Bekerja,19909,638,0.4,2,0,0,0,Kartu Kredit,Medis,20.3,151.0,558.0,186.0,0
CUST102776,27,Wiraswasta,56007,620,2.0,148,0,1,0,Pinjaman Pribadi,Bisnis,13.89,0.36,23.0,8.0,0
CUST102777,23,Bekerja,15000,484,2.0,164,0,0,1,Pinjaman Pribadi,Pribadi,17.0,104.0,773.0,258.0,0
CUST102778,50,Bekerja,27814,663,1.3,326,0,0,0,Kredit Berjalan,Renovasi Rumah,10.07,0.14,967.0,322.0,1
CUST102779,32,Wiraswasta,95507,556,0.4,76,0,0,0,Kartu Kredit,Bisnis,22.12,434.0,31.0,0.01,0
CUST102780,18,Mahasiswa,19023,618,1.9,163,0,1,0,Kartu Kredit,Pendidikan,20.0,361.0,0.1,33.0,1
CUST102781,47,Bekerja,107840,765,9.8,2253,0,1,0,Kartu Kredit,Pribadi,15.55,192.0,67.0,22.0,1
CUST102782,37,Wiraswasta,55029,612,12.9,22130,0,2,0,Pinjaman Pribadi,Pribadi,14.71,316.0,532.0,177.0,1
CUST102783,24,Bekerja,52773,527,4.9,622,0,0,0,Kredit Berjalan,Pribadi,13.79,273.0,548.0,183.0,0
CUST102784,27,Bekerja,56976,671,0.2,52,0,0,0,Pinjaman Pribadi,Renovasi Rumah,12.76,285.0,0.27,0.09,1
CUST102785,43,Bekerja,63718,451,10.8,66,0,1,0,Kartu Kredit,Bisnis,22.19,57.0,0.14,47.0,1
CUST102786,18,Bekerja,29353,608,0.4,94,0,1,0,Pinjaman Pribadi,Bisnis,13.38,297.0,1.915,638.0,0
CUST102787,37,Bekerja,150234,572,15.9,16362,0,0,2,Kredit Berjalan,Pendidikan,13.91,121.0,242.0,81.0,1
CUST102788,47,Mahasiswa,24636,661,3.4,50,0,1,0,Kredit Berjalan,Konsolidasi Hutang,10.06,282.0,447.0,149.0,0
CUST102789,23,Bekerja,17948,611,0.7,81,0,0,0,Kartu Kredit,Pendidikan,20.2,422.0,156.0,52.0,1
CUST102790,18,Bekerja,39166,651,0.7,103,0,0,0,Kartu Kredit,Pribadi,18.29,179.0,1.274,425.0,0
CUST102791,20,Bekerja,30079,649,0.3,3,0,1,0,Kredit Berjalan,Renovasi Rumah,11.39,312.0,326.0,109.0,1
CUST102792,26,Bekerja,16658,704,3.9,1328,0,0,0,Pinjaman Pribadi,Medis,11.37,401.0,0.81,0.27,1
CUST102793,52,Bekerja,61420,735,24.9,28989,0,0,0,Kartu Kredit,Medis,16.77,568.0,765.0,255.0,0
CUST102794,23,Wiraswasta,250000,573,3.9,24766,0,0,0,Kartu Kredit,Bisnis,22.25,496.0,154.0,51.0,0
CUST102795,42,Bekerja,29798,666,0.4,185,0,0,0,Kredit Berjalan,Bisnis,10.07,168.0,419.0,0.14,1
CUST102796,22,Bekerja,49614,702,1.7,1342,0,0,0,Pinjaman Pribadi,Pendidikan,10.18,344.0,256.0,85.0,1
CUST102797,20,Bekerja,16655,533,1.7,111,0,1,0,Pinjaman Pribadi,Pribadi,16.38,187.0,1.177,392.0,0
CUST102798,33,Bekerja,45452,756,5.0,700,0,0,0,Kartu Kredit,Medis,15.07,587.0,1.296,432.0,0
CUST102799,29,Mahasiswa,17761,628,10.1,2452,0,0,0,Kredit Berjalan,Medis,12.32,187.0,282.0,94.0,1
CUST102800,18,Bekerja,26186,646,1.1,1804,0,0,0,Pinjaman Pribadi,Pendidikan,14.57,148.0,38.0,13.0,1
CUST102801,25,Mahasiswa,46514,666,2.7,402,0,1,0,Pinjaman Pribadi,Pribadi,12.05,357.0,1.569,523.0,1
CUST102802,46,Bekerja,66670,766,5.5,5916,0,0,0,Pinjaman Pribadi,Bisnis,9.68,602.0,1.042,347.0,0
CUST102803,18,Bekerja,27538,596,0.8,24,1,0,1,Pinjaman Pribadi,Renovasi Rumah,16.48,451.0,1.543,514.0,0
CUST102804,35,Bekerja,63323,685,1.3,79,0,0,0,Pinjaman Pribadi,Pribadi,12.26,88.0,1.382,461.0,1
CUST102805,44,Bekerja,54035,639,24.5,3917,0,0,0,Pinjaman Pribadi,Pribadi,13.57,126.0,455.0,152.0,1
CUST102806,31,Bekerja,45444,533,11.8,1156,1,3,0,Kredit Berjalan,Pendidikan,14.75,462.0,585.0,195.0,0
CUST102807,19,Bekerja,18368,511,0.0,0,0,1,0,Pinjaman Pribadi,Konsolidasi Hutang,16.82,266.0,1.459,486.0,0
CUST102808,56,Bekerja,35204,653,30.0,7105,0,0,0,Pinjaman Pribadi,Renovasi Rumah,11.57,89.0,0.92,307.0,1
CUST102809,50,Bekerja,131604,750,20.3,5374,0,0,0,Pinjaman Pribadi,Bisnis,8.3,84.0,293.0,98.0,1
CUST102810,41,Bekerja,15000,747,3.2,109,0,0,0,Kartu Kredit,Renovasi Rumah,17.3,0.53,1.087,362.0,0
CUST102811,39,Bekerja,58868,641,8.4,19101,0,0,0,Kartu Kredit,Bisnis,20.7,209.0,294.0,98.0,1
CUST102812,43,Bekerja,41671,638,6.3,31,0,3,0,Kartu Kredit,Renovasi Rumah,20.11,369.0,0.42,0.14,0
CUST102813,29,Bekerja,31762,671,8.9,377,0,1,0,Pinjaman Pribadi,Medis,11.03,317.0,941.0,314.0,1
CUST102814,32,Mahasiswa,23999,667,1.8,25,0,0,0,Kredit Berjalan,Renovasi Rumah,10.91,482.0,258.0,86.0,0
CUST102815,31,Bekerja,32952,638,8.7,439,0,0,0,Kartu Kredit,Pendidikan,20.4,0.22,1.396,465.0,1
CUST102816,40,Bekerja,57366,630,6.1,139,0,0,0,Kredit Berjalan,Konsolidasi Hutang,11.65,0.4,812.0,271.0,0
CUST102817,35,Bekerja,50136,632,12.5,957,0,3,0,Pinjaman Pribadi,Renovasi Rumah,14.67,769.0,1.392,464.0,0
CUST102818,26,Wiraswasta,19807,666,3.6,329,0,1,0,Kartu Kredit,Renovasi Rumah,18.7,218.0,66.0,22.0,1
CUST102819,48,Wiraswasta,51758,540,8.2,4917,0,1,2,Kartu Kredit,Renovasi Rumah,22.57,155.0,87.0,29.0,0
CUST102820,33,Bekerja,205114,721,11.9,2601,0,0,0,Pinjaman Pribadi,Pribadi,10.09,259.0,474.0,158.0,1
CUST102821,32,Bekerja,50460,661,8.1,16201,0,1,0,Pinjaman Pribadi,Renovasi Rumah,12.97,262.0,157.0,52.0,1
CUST102822,44,Bekerja,28608,556,25.8,2282,0,1,0,Pinjaman Pribadi,Pribadi,16.65,267.0,157.0,52.0,1
CUST102823,43,Wiraswasta,138480,609,9.2,207,0,0,0,Kredit Berjalan,Bisnis,11.48,613.0,181.0,0.06,0
CUST102824,42,Bekerja,26573,687,23.7,6634,0,0,0,Pinjaman Pribadi,Renovasi Rumah,12.24,27.0,373.0,124.0,1
CUST102825,34,Bekerja,36095,715,13.9,1853,0,0,0,Kartu Kredit,Pendidikan,17.22,0.51,828.0,276.0,1
CUST102826,34,Bekerja,69304,520,13.5,8014,0,2,0,Kartu Kredit,Pendidikan,22.89,154.0,287.0,96.0,1
CUST102827,27,Bekerja,54163,609,6.3,4259,0,0,0,Kredit Berjalan,Renovasi Rumah,11.47,131.0,212.0,71.0,1
CUST102828,48,Bekerja,60328,754,11.2,1123,0,0,0,Pinjaman Pribadi,Pendidikan,9.93,136.0,1.658,553.0,1
CUST102829,18,Mahasiswa,31451,664,1.1,446,0,0,0,Kartu Kredit,Pribadi,17.77,155.0,99.0,33.0,1
CUST102830,34,Bekerja,32223,664,1.6,1829,0,0,0,Pinjaman Pribadi,Bisnis,11.63,563.0,1.406,469.0,0
CUST102831,18,Bekerja,36002,627,1.6,348,0,1,1,Kartu Kredit,Renovasi Rumah,20.82,246.0,747.0,249.0,0
CUST102832,45,Bekerja,60857,748,13.8,1281,0,0,1,Pinjaman Pribadi,Medis,10.62,0.08,1.431,477.0,1
CUST102833,28,Wiraswasta,83858,668,2.8,330,0,1,0,Kartu Kredit,Pribadi,17.28,277.0,835.0,278.0,1
CUST102834,18,Bekerja,18341,539,1.4,10,0,0,0,Pinjaman Pribadi,Konsolidasi Hutang,15.49,277.0,1.739,0.58,0
CUST102835,18,Bekerja,25344,571,1.1,96,0,1,0,Kartu Kredit,Pendidikan,21.02,568.0,0.13,43.0,0
CUST102836,35,Bekerja,17726,550,11.8,109,0,0,0,Kredit Berjalan,Pribadi,13.21,328.0,0.48,0.16,1
CUST102837,47,Bekerja,43274,667,17.0,4644,0,0,0,Pinjaman Pribadi,Medis,11.45,476.0,915.0,305.0,1
CUST102838,37,Wiraswasta,41649,612,10.2,548,0,1,0,Kredit Berjalan,Renovasi Rumah,11.53,102.0,576.0,192.0,1
CUST102839,31,Mahasiswa,18717,488,12.9,677,0,1,0,Kartu Kredit,Renovasi Rumah,22.5,277.0,102.0,34.0,1
CUST102840,51,Bekerja,67823,741,10.8,20113,0,0,0,Kredit Berjalan,Renovasi Rumah,8.99,117.0,114.0,38.0,1
CUST102841,36,Wiraswasta,50755,627,17.6,4066,0,0,0,Pinjaman Pribadi,Konsolidasi Hutang,13.06,509.0,1.501,0.5,0
CUST102842,41,Bekerja,57753,590,11.9,1779,0,2,1,Pinjaman Pribadi,Renovasi Rumah,15.76,87.0,1.732,577.0,0
CUST102843,41,Mahasiswa,27706,534,18.3,640,0,1,0,Kartu Kredit,Konsolidasi Hutang,22.92,459.0,101.0,34.0,0
CUST102844,30,Wiraswasta,26923,545,7.3,455,0,3,0,Pinjaman Pribadi,Pribadi,15.0,287.0,955.0,318.0,0
CUST102845,36,Bekerja,22701,689,2.3,541,0,0,0,Kartu Kredit,Pendidikan,18.15,151.0,229.0,76.0,1
CUST102846,38,Bekerja,52174,609,1.6,73,0,0,0,Kredit Berjalan,Bisnis,11.91,227.0,738.0,246.0,0
CUST102847,35,Bekerja,34879,645,16.9,2303,0,0,0,Pinjaman Pribadi,Medis,13.12,338.0,1.411,0.47,0
CUST102848,24,Bekerja,99469,558,3.0,630,0,0,0,Kartu Kredit,Pendidikan,21.93,118.0,266.0,89.0,1
CUST102849,45,Bekerja,52632,632,15.1,634,0,0,0,Kartu Kredit,Pribadi,19.98,168.0,1.328,443.0,1
CUST102850,25,Bekerja,24232,576,1.6,57,0,0,0,Kartu Kredit,Renovasi Rumah,21.51,336.0,487.0,162.0,0
CUST102851,29,Bekerja,44563,631,1.5,443,1,0,0,Kartu Kredit,Konsolidasi Hutang,20.75,108.0,586.0,195.0,0
CUST102852,29,Bekerja,69289,547,7.6,2683,1,1,0,Kartu Kredit,Renovasi Rumah,21.48,711.0,255.0,85.0,0
CUST102853,52,Bekerja,121968,666,23.5,9324,0,0,0,Pinjaman Pribadi,Bisnis,12.89,363.0,458.0,153.0,1
CUST102854,38,Bekerja,70703,592,14.9,3360,0,0,1,Pinjaman Pribadi,Medis,16.07,0.33,1.414,471.0,0
CUST102855,36,Wiraswasta,56447,663,9.5,9448,0,1,0,Pinjaman Pribadi,Pendidikan,11.43,323.0,1.205,402.0,1
CUST102856,29,Bekerja,25640,732,2.1,71,0,0,0,Kartu Kredit,Pribadi,16.36,619.0,1.178,393.0,0
CUST102857,24,Bekerja,19612,633,1.7,278,0,0,0,Pinjaman Pribadi,Pendidikan,14.42,128.0,637.0,212.0,1
CUST102858,46,Bekerja,90754,816,9.7,1531,0,0,0,Kartu Kredit,Bisnis,15.26,354.0,359.0,0.12,1
CUST102859,27,Bekerja,48227,557,0.2,103,1,3,1,Kartu Kredit,Pribadi,21.8,115.0,0.89,297.0,0
CUST102860,28,Bekerja,18970,506,7.4,258,0,0,1,Kartu Kredit,Bisnis,21.8,192.0,575.0,192.0,0
CUST102861,39,Bekerja,66645,675,3.3,981,0,0,0,Pinjaman Pribadi,Renovasi Rumah,12.1,115.0,1.5,0.5,1
CUST102862,28,Bekerja,61906,677,6.3,146,0,0,0,Pinjaman Pribadi,Medis,12.13,163.0,1.149,383.0,1
CUST102863,22,Bekerja,16853,602,0.6,35,0,1,0,Kartu Kredit,Bisnis,20.69,217.0,386.0,129.0,0
CUST102864,63,Wiraswasta,67692,682,27.5,7519,0,0,0,Kartu Kredit,Pendidikan,18.15,163.0,651.0,217.0,1
CUST102865,42,Wiraswasta,27856,615,22.6,3041,0,1,0,Pinjaman Pribadi,Renovasi Rumah,13.75,121.0,136.0,45.0,1
CUST102866,52,Bekerja,91021,607,21.3,65642,0,0,0,Pinjaman Pribadi,Renovasi Rumah,14.27,199.0,1.099,366.0,1
CUST102867,18,Bekerja,28417,607,1.7,137,0,2,0,Pinjaman Pribadi,Konsolidasi Hutang,13.98,382.0,714.0,238.0,0
CUST102868,32,Bekerja,49960,495,3.6,1024,1,1,1,Kartu Kredit,Renovasi Rumah,21.21,302.0,627.0,209.0,0
CUST102869,33,Bekerja,46298,520,3.2,331,0,1,1,Pinjaman Pribadi,Pendidikan,15.66,698.0,1.765,588.0,0
CUST102870,27,Bekerja,24879,640,0.9,10,0,0,0,Pinjaman Pribadi,Konsolidasi Hutang,14.36,361.0,1.154,385.0,0
CUST102871,37,Bekerja,35013,717,14.4,1359,0,0,0,Kredit Berjalan,Bisnis,9.04,169.0,546.0,182.0,1
CUST102872,57,Bekerja,48435,662,11.8,125,0,0,0,Kartu Kredit,Renovasi Rumah,18.77,295.0,477.0,159.0,1
CUST102873,32,Bekerja,51610,627,0.9,32,0,0,1,Kartu Kredit,Medis,20.82,0.21,87.0,29.0,0
CUST102874,39,Bekerja,41534,720,15.1,999,0,0,0,Kartu Kredit,Bisnis,16.89,34.0,0.07,23.0,1
CUST102875,31,Bekerja,107383,613,0.4,755,0,1,0,Pinjaman Pribadi,Konsolidasi Hutang,13.8,356.0,829.0,276.0,0
CUST102876,27,Bekerja,24551,629,8.0,118,0,1,0,Kartu Kredit,Pribadi,19.78,614.0,485.0,162.0,0
CUST102877,48,Wiraswasta,62817,634,14.8,3453,0,0,0,Kredit Berjalan,Pendidikan,12.44,289.0,357.0,119.0,1
CUST102878,18,Bekerja,45526,641,1.4,118,0,0,0,Kartu Kredit,Renovasi Rumah,20.95,364.0,907.0,302.0,0
CUST102879,47,Bekerja,79695,725,1.0,204,0,1,0,Kartu Kredit,Bisnis,15.64,333.0,878.0,293.0,1
CUST102880,27,Bekerja,45293,742,0.2,32,0,0,0,Pinjaman Pribadi,Renovasi Rumah,9.83,331.0,1.846,615.0,0
CUST102881,22,Mahasiswa,15000,564,2.6,1460,0,0,0,Kredit Berjalan,Pribadi,14.97,183.0,333.0,111.0,1
CUST102882,36,Wiraswasta,113368,718,5.5,136,0,0,0,Kredit Berjalan,Pendidikan,7.84,154.0,441.0,147.0,1
CUST102883,18,Bekerja,15538,622,0.1,1,0,1,0,Kartu Kredit,Konsolidasi Hutang,20.29,16.0,1.287,429.0,0
CUST102884,34,Bekerja,39198,576,15.2,785,0,0,0,Pinjaman Pribadi,Konsolidasi Hutang,15.23,46.0,1.536,512.0,0
CUST102885,39,Bekerja,47394,679,5.5,1274,0,0,0,Kartu Kredit,Renovasi Rumah,17.81,259.0,738.0,246.0,1
CUST102886,27,Bekerja,15000,664,7.4,3095,0,0,0,Kartu Kredit,Konsolidasi Hutang,17.05,351.0,347.0,116.0,1
CUST102887,18,Bekerja,64453,599,0.2,44,1,0,0,Kartu Kredit,Renovasi Rumah,21.17,398.0,495.0,165.0,0
CUST102888,55,Bekerja,93916,679,18.4,12224,0,0,0,Pinjaman Pribadi,Renovasi Rumah,12.88,48.0,1.065,355.0,1
CUST102889,41,Bekerja,142970,682,14.1,1359,0,0,0,Kartu Kredit,Pendidikan,17.85,236.0,22.0,7.0,1
CUST102890,35,Bekerja,28224,679,15.4,4637,0,1,0,Pinjaman Pribadi,Pribadi,12.83,239.0,1.803,601.0,1
CUST102891,33,Bekerja,44045,698,1.9,767,0,0,0,Pinjaman Pribadi,Renovasi Rumah,12.5,423.0,711.0,237.0,1
CUST102892,24,Bekerja,36676,650,5.2,735,0,0,0,Pinjaman Pribadi,Pribadi,11.68,86.0,859.0,286.0,1
CUST102893,18,Wiraswasta,98299,592,0.4,29,0,0,0,Kartu Kredit,Renovasi Rumah,21.54,0.34,0.71,237.0,0
CUST102894,33,Bekerja,26774,547,4.3,1202,0,1,0,Kredit Berjalan,Medis,14.16,0.46,459.0,153.0,0
CUST102895,30,Mahasiswa,25593,594,4.7,98,0,0,1,Kartu Kredit,Renovasi Rumah,21.35,278.0,102.0,34.0,0
CUST102896,52,Wiraswasta,52115,677,29.1,2121,0,0,0,Pinjaman Pribadi,Renovasi Rumah,12.09,488.0,92.0,31.0,1
CUST102897,52,Bekerja,117091,732,1.2,189,0,0,0,Kartu Kredit,Pendidikan,17.15,262.0,35.0,12.0,1
CUST102898,41,Bekerja,32022,616,10.1,649,0,3,0,Kartu Kredit,Pendidikan,20.82,379.0,106.0,35.0,0
CUST102899,35,Wiraswasta,27844,572,4.0,231,0,0,0,Kartu Kredit,Renovasi Rumah,21.43,447.0,801.0,267.0,0
CUST102900,38,Bekerja,46102,662,7.4,941,0,0,0,Pinjaman Pribadi,Pribadi,11.17,237.0,861.0,287.0,1
CUST102901,31,Bekerja,29323,590,12.3,314,0,1,1,Kartu Kredit,Pendidikan,22.46,335.0,662.0,221.0,0
CUST102902,45,Bekerja,61389,653,6.5,2323,0,0,0,Kredit Berjalan,Pribadi,10.78,378.0,0.13,43.0,1
CUST102903,18,Bekerja,73442,707,1.0,634,0,0,0,Kredit Berjalan,Medis,8.26,64.0,0.37,123.0,1
CUST102904,28,Bekerja,134623,656,4.9,1170,1,2,0,Pinjaman Pribadi,Konsolidasi Hutang,11.23,287.0,743.0,248.0,0
CUST102905,19,Wiraswasta,89630,543,1.8,3296,0,1,1,Kartu Kredit,Bisnis,21.08,0.14,684.0,228.0,0
CUST102906,28,Mahasiswa,44498,583,8.0,463,0,1,1,Kredit Berjalan,Pendidikan,13.06,572.0,225.0,75.0,0
CUST102907,21,Bekerja,42800,679,1.6,18,0,0,0,Pinjaman Pribadi,Bisnis,11.96,163.0,1.276,425.0,0
CUST102908,42,Wiraswasta,72677,579,15.3,4574,0,1,0,Kartu Kredit,Pribadi,22.14,424.0,396.0,132.0,0
CUST102909,20,Wiraswasta,54127,626,1.1,53,0,1,0,Pinjaman Pribadi,Medis,14.74,443.0,1.208,403.0,0
CUST102910,19,Bekerja,15000,632,0.4,25,0,1,0,Kartu Kredit,Bisnis,20.7,473.0,907.0,302.0,0
CUST102911,30,Bekerja,67928,625,8.5,835,0,0,0,Kredit Berjalan,Renovasi Rumah,11.88,239.0,344.0,115.0,1
CUST102912,53,Wiraswasta,30466,807,23.8,7683,0,0,0,Kartu Kredit,Pendidikan,15.96,33.0,1.073,358.0,1
CUST102913,30,Bekerja,73364,663,3.4,189,0,0,0,Pinjaman Pribadi,Medis,12.9,248.0,1.363,454.0,1
CUST102914,38,Wiraswasta,33723,622,13.0,1880,0,0,0,Kredit Berjalan,Pribadi,11.34,232.0,394.0,131.0,1
CUST102915,21,Bekerja,30363,620,1.0,314,0,1,0,Pinjaman Pribadi,Bisnis,14.36,444.0,132.0,44.0,0
CUST102916,44,Mahasiswa,43358,668,17.9,292,0,1,0,Kartu Kredit,Bisnis,18.17,72.0,99.0,33.0,1
CUST102917,32,Mahasiswa,34854,610,9.0,1994,0,2,0,Pinjaman Pribadi,Pribadi,14.89,341.0,1.664,555.0,0
CUST102918,48,Wiraswasta,50382,713,25.9,92858,0,0,0,Kartu Kredit,Pribadi,16.04,122.0,1.389,463.0,1
CUST102919,34,Bekerja,39278,658,15.6,7414,0,0,0,Pinjaman Pribadi,Renovasi Rumah,11.14,247.0,1.594,531.0,1
CUST102920,18,Bekerja,57666,480,0.1,161,0,3,0,Pinjaman Pribadi,Pribadi,16.0,331.0,1.084,361.0,0
CUST102921,56,Bekerja,80412,708,24.6,1250,0,0,0,Kartu Kredit,Pribadi,15.56,194.0,0.44,147.0,1
CUST102922,27,Bekerja,20922,614,3.6,349,0,0,0,Pinjaman Pribadi,Renovasi Rumah,13.84,203.0,1.964,655.0,0
CUST102923,35,Bekerja,32158,596,10.9,4629,0,0,1,Pinjaman Pribadi,Bisnis,15.49,303.0,131.0,44.0,0
CUST102924,24,Bekerja,22935,684,0.9,459,0,0,0,Kartu Kredit,Pribadi,18.03,142.0,1.216,405.0,1
CUST102925,30,Wiraswasta,29960,610,2.9,602,0,2,0,Kartu Kredit,Konsolidasi Hutang,20.09,275.0,831.0,277.0,0
CUST102926,18,Wiraswasta,109151,555,0.1,3,0,0,0,Pinjaman Pribadi,Pendidikan,15.96,235.0,916.0,305.0,0
CUST102927,28,Bekerja,21267,491,5.8,3847,0,0,0,Kartu Kredit,Medis,22.15,541.0,437.0,146.0,0
CUST102928,39,Bekerja,47023,592,15.6,13527,0,0,2,Kartu Kredit,Bisnis,22.85,319.0,574.0,191.0,0
CUST102929,18,Bekerja,52020,642,1.5,1455,0,0,0,Kartu Kredit,Konsolidasi Hutang,19.89,84.0,1.311,437.0,0
CUST102930,32,Bekerja,108988,635,8.8,1751,0,0,0,Pinjaman Pribadi,Medis,14.79,403.0,918.0,306.0,0
CUST102931,18,Bekerja,15000,580,0.0,0,1,4,1,Pinjaman Pribadi,Pendidikan,15.1,329.0,0.1,33.0,0
CUST102932,53,Wiraswasta,61044,667,18.6,1480,0,1,0,Pinjaman Pribadi,Bisnis,12.95,134.0,1.314,438.0,0
CUST102933,34,Wiraswasta,96578,690,13.3,5548,0,0,0,Pinjaman Pribadi,Medis,11.26,573.0,1.035,345.0,0
CUST102934,32,Wiraswasta,147111,648,2.0,561,0,0,0,Kredit Berjalan,Konsolidasi Hutang,12.99,218.0,148.0,49.0,1
CUST102935,48,Bekerja,76351,655,10.5,3212,0,0,0,Kredit Berjalan,Pendidikan,10.24,475.0,485.0,162.0,1
CUST102936,40,Bekerja,46661,719,12.8,3146,0,1,0,Pinjaman Pribadi,Pribadi,9.51,297.0,772.0,257.0,1
CUST102937,34,Mahasiswa,31244,657,10.0,126,0,1,0,Kredit Berjalan,Renovasi Rumah,9.41,207.0,736.0,245.0,1
CUST102938,22,Bekerja,35765,578,0.8,97,0,1,0,Kartu Kredit,Pribadi,22.19,199.0,1.035,345.0,0
CUST102939,37,Bekerja,53074,609,4.4,468,0,2,0,Kartu Kredit,Pendidikan,20.59,0.32,799.0,266.0,1
CUST102940,26,Bekerja,25451,580,6.4,311,0,0,0,Kartu Kredit,Pendidikan,22.68,357.0,1.226,409.0,0
CUST102941,44,Bekerja,30270,739,9.8,9874,0,0,0,Kartu Kredit,Pendidikan,16.85,41.0,509.0,0.17,1
CUST102942,41,Bekerja,46247,594,2.8,807,0,0,0,Kartu Kredit,Bisnis,21.76,44.0,709.0,236.0,0
CUST102943,27,Bekerja,15000,629,2.9,11,0,1,0,Pinjaman Pribadi,Pribadi,14.76,151.0,1.02,0.34,0
CUST102944,44,Bekerja,66744,678,20.3,1515,0,0,0,Pinjaman Pribadi,Pribadi,11.74,113.0,165.0,55.0,1
CUST102945,36,Bekerja,40178,744,7.6,2413,0,0,1,Pinjaman Pribadi,Renovasi Rumah,9.62,411.0,341.0,114.0,1
CUST102946,49,Bekerja,49409,704,12.7,15093,0,1,1,Kartu Kredit,Bisnis,16.41,267.0,1.249,416.0,1
CUST102947,34,Mahasiswa,18409,795,14.8,623,0,2,0,Kartu Kredit,Pendidikan,14.87,145.0,98.0,33.0,1
CUST102948,55,Mahasiswa,31579,805,10.1,19,0,0,0,Pinjaman Pribadi,Bisnis,8.06,176.0,348.0,116.0,1
CUST102949,18,Wiraswasta,53399,664,1.5,1274,0,0,0,Pinjaman Pribadi,Konsolidasi Hutang,12.56,106.0,927.0,309.0,0
CUST102950,26,Bekerja,16867,530,0.9,123,0,0,0,Kredit Berjalan,Konsolidasi Hutang,13.54,464.0,427.0,142.0,0
CUST102951,46,Wiraswasta,76692,698,27.9,100,0,0,0,Kredit Berjalan,Renovasi Rumah,10.09,405.0,232.0,77.0,1
CUST102952,28,Bekerja,31951,580,3.8,106,0,0,1,Kartu Kredit,Pendidikan,21.72,95.0,0.92,307.0,1
CUST102953,18,Bekerja,18072,581,0.9,180,1,1,0,Pinjaman Pribadi,Medis,16.38,483.0,1.92,0.64,0
CUST102954,18,Bekerja,48150,583,1.6,2272,1,0,0,Pinjaman Pribadi,Pribadi,15.04,271.0,525.0,175.0,0
CUST102955,19,Bekerja,25128,631,0.2,55,0,3,0,Kartu Kredit,Bisnis,19.63,129.0,1.082,361.0,0
CUST102956,18,Bekerja,44598,662,2.0,218,0,1,1,Kredit Berjalan,Medis,10.24,177.0,451.0,0.15,1
CUST102957,47,Wiraswasta,57063,729,16.5,1065,1,0,0,Kartu Kredit,Medis,17.36,661.0,1.227,409.0,0
CUST102958,26,Wiraswasta,45854,763,4.2,479,0,0,1,Pinjaman Pribadi,Pendidikan,8.32,233.0,401.0,134.0,1
CUST102959,25,Bekerja,33051,665,2.2,10,0,0,0,Kartu Kredit,Pribadi,18.7,274.0,463.0,154.0,1
CUST102960,22,Bekerja,28649,591,2.1,64,1,2,0,Pinjaman Pribadi,Medis,16.77,422.0,806.0,269.0,0
CUST102961,40,Bekerja,73144,707,13.2,6829,0,0,0,Kartu Kredit,Bisnis,17.06,0.3,919.0,306.0,1
CUST102962,64,Wiraswasta,91141,605,28.4,16472,0,1,0,Pinjaman Pribadi,Bisnis,14.67,272.0,652.0,217.0,1
CUST102963,28,Wiraswasta,38425,630,0.6,225,0,1,0,Kartu Kredit,Pribadi,20.78,0.14,1.296,432.0,0
CUST102964,32,Mahasiswa,21809,663,6.4,13,0,0,0,Kartu Kredit,Pribadi,17.85,261.0,101.0,34.0,1
CUST102965,26,Bekerja,21579,540,4.9,170,0,3,1,Kartu Kredit,Pribadi,21.92,404.0,0.63,0.21,0
CUST102966,47,Bekerja,27928,633,20.4,766,0,0,0,Kredit Berjalan,Bisnis,11.4,239.0,483.0,161.0,1
CUST102967,32,Bekerja,35899,547,1.3,229,0,3,0,Pinjaman Pribadi,Pribadi,15.66,143.0,251.0,84.0,0
CUST102968,55,Bekerja,111100,547,25.5,10460,0,1,0,Kredit Berjalan,Pribadi,14.07,59.0,227.0,76.0,1
CUST102969,45,Bekerja,49264,682,18.7,24507,0,2,0,Kartu Kredit,Bisnis,18.02,535.0,499.0,166.0,0
CUST102970,58,Bekerja,60224,734,4.1,131,0,0,0,Pinjaman Pribadi,Pendidikan,10.24,273.0,76.0,25.0,1
CUST102971,18,Wiraswasta,23518,646,0.9,11,0,1,0,Kartu Kredit,Bisnis,19.66,455.0,918.0,306.0,0
CUST102972,47,Bekerja,52001,660,10.0,2350,0,0,0,Kartu Kredit,Konsolidasi Hutang,17.32,339.0,931.0,0.31,1
CUST102973,40,Wiraswasta,36357,601,19.4,3526,0,1,0,Kartu Kredit,Pribadi,20.29,606.0,869.0,0.29,0
CUST102974,39,Bekerja,107029,660,1.5,932,0,0,0,Kartu Kredit,Pribadi,18.81,323.0,654.0,218.0,1
CUST102975,18,Bekerja,46050,513,1.6,6,0,0,2,Kartu Kredit,Pribadi,22.31,123.0,769.0,256.0,0
CUST102976,52,Bekerja,59151,574,18.8,2383,0,0,1,Kartu Kredit,Pendidikan,21.01,169.0,0.68,227.0,1
CUST102977,41,Bekerja,21909,624,0.2,1,0,0,0,Pinjaman Pribadi,Bisnis,13.84,68.0,552.0,184.0,0
CUST102978,54,Bekerja,53222,676,28.0,850,0,0,0,Kartu Kredit,Konsolidasi Hutang,18.68,411.0,977.0,326.0,1
CUST102979,25,Wiraswasta,56401,578,4.6,1712,0,1,0,Kartu Kredit,Bisnis,22.97,0.11,1.204,401.0,0
CUST102980,43,Bekerja,47752,642,12.7,299,0,0,0,Kartu Kredit,Pribadi,19.98,312.0,1.053,351.0,1
CUST102981,36,Bekerja,104334,709,14.7,2992,0,0,0,Pinjaman Pribadi,Bisnis,11.1,387.0,0.6,0.2,1
CUST102982,21,Bekerja,15000,651,2.6,232,0,0,0,Kredit Berjalan,Pendidikan,10.4,15.0,413.0,138.0,1
CUST102983,26,Bekerja,19050,601,2.0,65,0,1,0,Kartu Kredit,Medis,20.83,0.25,299.0,0.1,1
CUST102984,50,Bekerja,42184,665,28.6,167843,0,1,0,Kartu Kredit,Medis,18.65,405.0,239.0,0.08,1
CUST102985,18,Wiraswasta,38424,592,0.4,21,0,0,1,Pinjaman Pribadi,Medis,16.63,0.09,809.0,0.27,0
CUST102986,47,Mahasiswa,57229,765,7.2,1012,0,0,0,Pinjaman Pribadi,Pendidikan,8.16,467.0,1.092,364.0,1
CUST102987,35,Bekerja,89006,636,1.1,115,0,2,0,Pinjaman Pribadi,Renovasi Rumah,13.65,372.0,759.0,253.0,0
CUST102988,33,Bekerja,58542,626,10.7,259,0,1,0,Kredit Berjalan,Medis,11.13,0.8,601.0,0.2,0
CUST102989,51,Bekerja,62071,662,26.7,2808,0,0,0,Kredit Berjalan,Pribadi,10.27,128.0,485.0,162.0,1
CUST102990,23,Mahasiswa,15000,595,4.0,118,0,3,0,Pinjaman Pribadi,Bisnis,16.43,305.0,393.0,131.0,0
CUST102991,26,Bekerja,29618,654,1.3,146,0,0,0,Pinjaman Pribadi,Pendidikan,12.16,417.0,983.0,328.0,1
CUST102992,31,Bekerja,25984,675,8.5,65,0,0,0,Kartu Kredit,Bisnis,18.97,343.0,19.0,6.0,1
CUST102993,50,Wiraswasta,73888,635,26.3,138683,0,0,0,Pinjaman Pribadi,Medis,14.76,86.0,407.0,136.0,1
CUST102994,36,Bekerja,46247,737,1.8,602,0,0,0,Pinjaman Pribadi,Konsolidasi Hutang,11.22,84.0,835.0,278.0,0
CUST102995,45,Bekerja,38255,712,23.6,150,0,0,0,Kredit Berjalan,Pribadi,8.78,271.0,0.45,0.15,1
CUST102996,33,Bekerja,44447,628,0.8,3235,0,2,0,Kartu Kredit,Bisnis,19.11,229.0,1.028,343.0,0
CUST102997,33,Bekerja,60718,737,3.4,920,0,0,0,Kartu Kredit,Pribadi,17.34,484.0,1.064,355.0,1
CUST102998,39,Wiraswasta,86977,792,2.5,949,0,0,0,Kartu Kredit,Medis,15.68,66.0,206.0,69.0,1
CUST102999,25,Wiraswasta,84648,683,2.1,1475,0,1,0,Pinjaman Pribadi,Medis,11.23,166.0,213.0,71.0,1
CUST103000,53,Bekerja,26742,710,25.7,1524,0,0,0,Kartu Kredit,Pendidikan,16.09,208.0,1.384,461.0,1
CUST103001,21,Bekerja,23703,624,2.2,117,0,1,0,Pinjaman Pribadi,Pribadi,14.32,524.0,1.017,339.0,0
CUST103002,26,Bekerja,35278,594,1.9,10,0,2,0,Kredit Berjalan,Bisnis,14.21,315.0,893.0,298.0,0
CUST103003,20,Bekerja,32531,562,1.8,395,0,2,0,Pinjaman Pribadi,Pribadi,15.03,0.54,1.34,447.0,0
CUST103004,40,Bekerja,41195,673,9.0,1361,0,0,0,Pinjaman Pribadi,Pendidikan,11.42,343.0,1.323,441.0,1
CUST103005,29,Bekerja,24439,547,3.5,238,0,1,0,Kartu Kredit,Medis,21.03,365.0,1.162,387.0,0
CUST103006,30,Bekerja,71841,724,4.7,12217,0,0,0,Pinjaman Pribadi,Konsolidasi Hutang,11.47,48.0,606.0,202.0,1
CUST103007,28,Mahasiswa,24127,539,5.2,147,0,1,2,Kartu Kredit,Medis,21.81,289.0,99.0,33.0,0
CUST103008,36,Bekerja,23670,572,14.0,287,0,0,0,Kartu Kredit,Renovasi Rumah,21.73,83.0,663.0,221.0,0
CUST103009,29,Wiraswasta,88627,560,0.4,148,0,0,0,Kartu Kredit,Pendidikan,21.21,445.0,0.79,263.0,0
CUST103010,40,Wiraswasta,45761,728,0.0,0,1,3,0,Pinjaman Pribadi,Pendidikan,10.18,577.0,1.482,494.0,0
CUST103011,49,Bekerja,93624,564,3.9,24005,0,1,0,Kredit Berjalan,Medis,14.72,197.0,534.0,178.0,0
CUST103012,23,Bekerja,44328,596,4.7,3229,0,0,1,Pinjaman Pribadi,Pendidikan,16.68,0.61,1.2,0.4,0
CUST103013,36,Bekerja,42406,580,8.8,1152,0,1,0,Kartu Kredit,Bisnis,22.41,367.0,1.064,355.0,0
CUST103014,30,Wiraswasta,49485,643,2.4,897,0,0,0,Kartu Kredit,Pendidikan,19.95,92.0,641.0,214.0,1
CUST103015,52,Wiraswasta,38752,650,12.0,1837,0,0,0,Kartu Kredit,Bisnis,18.21,81.0,0.79,263.0,1
CUST103016,22,Bekerja,63431,545,0.5,338,0,0,1,Pinjaman Pribadi,Renovasi Rumah,15.65,172.0,1.181,394.0,0
CUST103017,34,Bekerja,45694,625,14.9,606,0,1,0,Pinjaman Pribadi,Renovasi Rumah,13.98,345.0,615.0,205.0,1
CUST103018,32,Bekerja,25036,707,3.0,518,0,0,0,Kartu Kredit,Pribadi,16.66,366.0,104.0,35.0,1
CUST103019,32,Bekerja,19047,736,8.0,701,0,0,0,Kartu Kredit,Pribadi,17.14,274.0,263.0,88.0,1
CUST103020,33,Bekerja,61953,634,5.9,45,0,1,0,Kartu Kredit,Pendidikan,20.73,297.0,962.0,321.0,1
CUST103021,43,Bekerja,99547,593,18.5,684,0,0,0,Pinjaman Pribadi,Pendidikan,15.29,643.0,1.005,335.0,0
CUST103022,44,Bekerja,106469,685,24.6,124055,0,0,0,Kartu Kredit,Bisnis,18.48,0.25,657.0,219.0,1
CUST103023,47,Bekerja,35645,649,1.6,108,0,1,0,Pinjaman Pribadi,Bisnis,14.46,194.0,1.002,334.0,0
CUST103024,30,Bekerja,32896,605,8.4,138,0,0,0,Pinjaman Pribadi,Pendidikan,14.16,0.55,1.836,612.0,0
CUST103025,36,Bekerja,114454,673,5.5,690,0,0,0,Kartu Kredit,Pribadi,17.82,293.0,139.0,46.0,1
CUST103026,30,Bekerja,63393,722,4.5,10567,0,0,0,Kredit Berjalan,Bisnis,7.87,349.0,588.0,196.0,1
CUST103027,58,Bekerja,134752,629,4.7,185,0,0,0,Pinjaman Pribadi,Pribadi,14.76,211.0,509.0,0.17,1
CUST103028,41,Bekerja,56888,585,4.2,2293,0,1,1,Pinjaman Pribadi,Renovasi Rumah,15.93,238.0,1.118,373.0,0
CUST103029,38,Wiraswasta,26205,648,1.7,21,0,0,0,Pinjaman Pribadi,Konsolidasi Hutang,14.99,158.0,1.023,341.0,0
CUST103030,28,Bekerja,29485,664,1.6,62,0,0,0,Kartu Kredit,Pendidikan,18.11,314.0,624.0,208.0,1
CUST103031,40,Bekerja,28367,712,17.9,4268,0,2,0,Kartu Kredit,Pendidikan,16.86,15.0,656.0,219.0,1
CUST103032,18,Bekerja,16636,606,0.9,65,0,1,0,Pinjaman Pribadi,Medis,14.05,602.0,0.06,0.02,0
CUST103033,49,Bekerja,64416,698,14.6,7073,0,0,0,Kredit Berjalan,Pribadi,9.66,157.0,505.0,168.0,1
CUST103034,24,Bekerja,36325,553,1.4,107,0,1,0,Kartu Kredit,Konsolidasi Hutang,22.43,309.0,1.052,351.0,0
CUST103035,18,Bekerja,53666,560,1.1,526,0,2,0,Pinjaman Pribadi,Medis,15.85,301.0,402.0,134.0,0
CUST103036,36,Bekerja,55625,654,15.7,646,0,3,0,Kartu Kredit,Medis,17.16,588.0,0.11,37.0,0
CUST103037,42,Wiraswasta,32619,694,9.8,127,0,0,0,Kredit Berjalan,Renovasi Rumah,10.65,309.0,586.0,195.0,1
CUST103038,25,Bekerja,24260,555,2.1,96,0,0,0,Kartu Kredit,Pribadi,22.93,517.0,185.0,62.0,0
CUST103039,27,Bekerja,33597,617,1.1,175,0,1,0,Kredit Berjalan,Renovasi Rumah,11.4,321.0,533.0,178.0,0
CUST103040,30,Bekerja,51072,602,8.8,2068,0,2,0,Kartu Kredit,Renovasi Rumah,19.49,385.0,55.0,18.0,1
CUST103041,45,Bekerja,88433,654,6.0,740,0,0,0,Kredit Berjalan,Pribadi,9.39,327.0,439.0,146.0,1
CUST103042,25,Bekerja,43332,641,6.0,424,0,1,0,Pinjaman Pribadi,Konsolidasi Hutang,13.6,141.0,422.0,141.0,0
CUST103043,50,Bekerja,29788,690,26.6,128,0,0,0,Kartu Kredit,Pribadi,17.68,93.0,779.0,0.26,1
CUST103044,42,Bekerja,55941,659,12.6,2112,0,1,0,Kartu Kredit,Pendidikan,17.3,295.0,563.0,188.0,1
CUST103045,23,Wiraswasta,107802,719,0.2,2,0,0,0,Kartu Kredit,Pribadi,16.5,339.0,124.0,41.0,1
CUST103046,18,Bekerja,33709,694,0.1,5,0,0,0,Pinjaman Pribadi,Pribadi,12.23,346.0,1.765,588.0,0
CUST103047,26,Wiraswasta,39642,693,1.3,239,0,0,0,Kredit Berjalan,Pribadi,9.54,354.0,449.0,0.15,1
CUST103048,21,Bekerja,27687,577,3.0,1317,0,2,0,Kartu Kredit,Pendidikan,21.88,63.0,524.0,175.0,0
CUST103049,52,Bekerja,50283,738,7.5,254,0,0,0,Kartu Kredit,Renovasi Rumah,15.86,0.04,1.138,379.0,1
CUST103050,41,Bekerja,45418,699,15.6,6600,0,2,0,Kredit Berjalan,Pribadi,10.14,325.0,0.89,297.0,1
CUST103051,49,Wiraswasta,196547,722,10.1,15044,0,0,0,Kredit Berjalan,Pribadi,9.04,364.0,238.0,79.0,1
CUST103052,53,Bekerja,36199,666,24.4,1533,0,1,0,Kartu Kredit,Pribadi,17.11,108.0,461.0,154.0,1
CUST103053,42,Bekerja,38455,597,4.0,2536,1,2,1,Kredit Berjalan,Medis,14.07,121.0,0.38,127.0,0
CUST103054,18,Bekerja,49682,590,1.6,125,0,2,0,Pinjaman Pribadi,Konsolidasi Hutang,16.76,301.0,167.0,56.0,0
CUST103055,44,Bekerja,80023,698,16.3,2340,0,2,1,Pinjaman Pribadi,Medis,11.45,431.0,0.48,0.16,1
CUST103056,46,Bekerja,61530,676,12.4,4183,0,2,0,Pinjaman Pribadi,Pribadi,12.92,431.0,1.625,542.0,1
CUST103057,43,Mahasiswa,15000,683,8.3,382,1,4,0,Kartu Kredit,Bisnis,17.92,578.0,0.1,33.0,0
CUST103058,18,Bekerja,47813,576,1.0,162,0,2,0,Pinjaman Pribadi,Renovasi Rumah,16.27,427.0,445.0,148.0,0
CUST103059,24,Bekerja,32320,564,4.8,317,0,1,0,Pinjaman Pribadi,Pribadi,16.97,205.0,1.324,441.0,0
CUST103060,19,Wiraswasta,63317,666,1.8,58,0,0,0,Kartu Kredit,Pendidikan,17.23,269.0,273.0,91.0,1
CUST103061,38,Mahasiswa,25744,600,10.2,164,0,0,0,Kartu Kredit,Pendidikan,19.03,371.0,101.0,34.0,1
CUST103062,37,Bekerja,82576,592,14.4,13666,1,2,1,Kartu Kredit,Medis,22.07,653.0,517.0,172.0,0
CUST103063,18,Mahasiswa,16198,622,1.8,204,0,1,0,Pinjaman Pribadi,Bisnis,13.77,645.0,716.0,239.0,0
CUST103064,28,Bekerja,60049,600,0.4,645,0,1,0,Pinjaman Pribadi,Pendidikan,14.58,328.0,355.0,118.0,1
CUST103065,18,Mahasiswa,27769,516,0.1,76,0,1,0,Pinjaman Pribadi,Renovasi Rumah,15.33,179.0,468.0,156.0,0
CUST103066,33,Wiraswasta,54255,585,8.1,547,0,1,2,Kartu Kredit,Pribadi,22.71,347.0,656.0,219.0,0
CUST103067,44,Bekerja,47551,612,23.1,3727,0,0,0,Pinjaman Pribadi,Renovasi Rumah,13.83,415.0,1.266,422.0,0
CUST103068,40,Mahasiswa,48853,559,16.8,3870,0,1,1,Kartu Kredit,Pribadi,22.25,138.0,0.1,33.0,0
CUST103069,31,Bekerja,50540,585,8.3,738,0,0,0,Pinjaman Pribadi,Pendidikan,15.36,227.0,372.0,124.0,1
CUST103070,40,Bekerja,32525,666,0.9,8,0,0,0,Kartu Kredit,Pendidikan,18.06,401.0,387.0,129.0,1
CUST103071,46,Bekerja,43218,618,10.2,328,0,0,1,Kartu Kredit,Medis,20.52,87.0,194.0,65.0,1
CUST103072,22,Bekerja,15000,640,1.8,227,0,2,0,Kartu Kredit,Medis,20.32,88.0,727.0,242.0,0
CUST103073,33,Bekerja,15000,574,9.0,303,0,1,0,Pinjaman Pribadi,Renovasi Rumah,16.78,183.0,607.0,202.0,0
CUST103074,18,Bekerja,17651,726,0.8,102,0,0,0,Kartu Kredit,Pendidikan,15.69,269.0,906.0,302.0,1
CUST103075,18,Bekerja,33514,601,0.2,25,0,0,0,Kartu Kredit,Pendidikan,19.65,271.0,1.253,418.0,0
CUST103076,25,Bekerja,41467,646,6.9,7,0,1,0,Pinjaman Pribadi,Pendidikan,14.85,276.0,752.0,251.0,1
CUST103077,19,Wiraswasta,25879,496,0.7,8,0,0,1,Pinjaman Pribadi,Pendidikan,16.31,165.0,1.117,372.0,0
CUST103078,36,Bekerja,117661,706,1.0,374,0,0,0,Pinjaman Pribadi,Renovasi Rumah,9.55,122.0,0.85,283.0,1
CUST103079,23,Wiraswasta,165877,615,4.1,3986,0,1,0,Pinjaman Pribadi,Renovasi Rumah,14.28,29.0,464.0,155.0,0
CUST103080,40,Bekerja,56639,725,13.0,16748,0,0,0,Kredit Berjalan,Pendidikan,9.09,67.0,0.47,157.0,1
CUST103081,21,Bekerja,24214,591,0.8,6,0,0,0,Kredit Berjalan,Pribadi,13.98,184.0,591.0,197.0,0
CUST103082,39,Bekerja,37907,607,10.3,731,0,0,0,Pinjaman Pribadi,Medis,14.65,381.0,119.0,0.04,0
CUST103083,29,Mahasiswa,18881,637,2.0,95,0,0,0,Kartu Kredit,Pribadi,20.51,205.0,101.0,34.0,1
CUST103084,22,Bekerja,19176,624,3.1,0,0,1,1,Kredit Berjalan,Medis,11.76,221.0,532.0,177.0,0
CUST103085,43,Bekerja,40093,708,9.2,340,0,0,0,Pinjaman Pribadi,Bisnis,10.68,643.0,65.0,22.0,0
CUST103086,30,Bekerja,40722,548,3.0,163,0,2,0,Kartu Kredit,Medis,21.63,284.0,523.0,174.0,0
CUST103087,19,Bekerja,22183,571,0.9,77,0,1,0,Kartu Kredit,Pribadi,22.68,294.0,893.0,298.0,0
CUST103088,18,Bekerja,27243,624,0.6,21,0,0,0,Kartu Kredit,Bisnis,19.44,404.0,297.0,99.0,1
CUST103089,52,Bekerja,148442,625,6.1,300000,0,0,0,Kredit Berjalan,Pendidikan,11.8,522.0,288.0,96.0,1
CUST103090,20,Bekerja,15000,569,0.1,0,0,0,0,Kartu Kredit,Pribadi,21.89,697.0,947.0,316.0,0
CUST103091,25,Bekerja,15000,659,6.1,147,0,0,0,Kredit Berjalan,Bisnis,9.96,202.0,713.0,238.0,1
CUST103092,21,Wiraswasta,51330,556,2.3,1274,0,1,0,Kartu Kredit,Pendidikan,22.36,473.0,495.0,165.0,0
CUST103093,58,Bekerja,73546,698,13.3,98,0,0,0,Kartu Kredit,Pribadi,17.63,511.0,0.39,0.13,1
CUST103094,44,Wiraswasta,46297,577,20.0,1676,1,2,0,Kartu Kredit,Pendidikan,22.25,138.0,218.0,73.0,0
CUST103095,22,Bekerja,250000,618,2.8,1220,0,0,0,Pinjaman Pribadi,Bisnis,13.35,247.0,67.0,22.0,1
CUST103096,18,Bekerja,29754,638,0.2,55,0,1,1,Pinjaman Pribadi,Pribadi,13.76,113.0,114.0,38.0,0
CUST103097,41,Bekerja,72990,671,18.6,841,0,0,0,Pinjaman Pribadi,Medis,12.57,0.48,401.0,134.0,1
CUST103098,37,Bekerja,49776,649,14.4,4115,0,1,0,Kartu Kredit,Medis,19.88,368.0,1.213,404.0,1
CUST103099,18,Wiraswasta,56861,645,0.4,26,0,0,0,Kartu Kredit,Medis,20.38,416.0,1.097,366.0,0
CUST103100,51,Bekerja,53771,625,1.9,69,0,1,1,Pinjaman Pribadi,Pendidikan,13.9,152.0,1.166,389.0,0
CUST103101,28,Bekerja,50930,612,3.0,993,0,1,0,Pinjaman Pribadi,Konsolidasi Hutang,13.23,364.0,1.127,376.0,0
CUST103102,39,Wiraswasta,22470,627,7.6,50,0,1,0,Pinjaman Pribadi,Pribadi,13.81,261.0,1.749,583.0,1
CUST103103,30,Wiraswasta,189178,673,5.9,4602,0,1,1,Kartu Kredit,Renovasi Rumah,18.02,383.0,0.37,123.0,1
CUST103104,37,Mahasiswa,27256,620,4.3,591,0,0,0,Pinjaman Pribadi,Bisnis,14.05,51.0,807.0,269.0,0
CUST103105,21,Bekerja,53931,555,0.9,1000,0,0,0,Pinjaman Pribadi,Renovasi Rumah,16.16,228.0,588.0,196.0,0
CUST103106,45,Bekerja,37554,698,10.4,2545,0,0,0,Kartu Kredit,Pendidikan,18.93,326.0,27.0,9.0,1
CUST103107,26,Bekerja,27304,697,5.2,2935,0,1,0,Pinjaman Pribadi,Medis,11.2,197.0,1.934,645.0,1
CUST103108,25,Bekerja,41923,579,6.8,182,1,2,0,Kredit Berjalan,Bisnis,13.92,86.0,389.0,0.13,0
CUST103109,30,Mahasiswa,42148,528,0.5,277,1,2,1,Pinjaman Pribadi,Bisnis,15.37,429.0,911.0,304.0,0
CUST103110,37,Bekerja,59971,622,2.6,209,0,0,1,Kartu Kredit,Pendidikan,20.66,121.0,1.167,389.0,1
CUST103111,44,Wiraswasta,78034,700,6.9,31,0,2,0,Kredit Berjalan,Medis,8.39,53.0,0.63,0.21,1
CUST103112,42,Wiraswasta,114727,726,16.1,1022,0,1,0,Kartu Kredit,Bisnis,16.33,178.0,74.0,25.0,1
CUST103113,35,Bekerja,24099,706,15.7,361,0,0,0,Kartu Kredit,Medis,16.12,583.0,349.0,116.0,0
CUST103114,42,Bekerja,46797,617,0.2,2,0,0,0,Kredit Berjalan,Pribadi,11.08,358.0,0.31,103.0,0
CUST103115,24,Bekerja,22532,565,1.1,55,0,0,1,Kartu Kredit,Medis,22.15,328.0,879.0,293.0,0
CUST103116,32,Wiraswasta,121263,550,12.3,27778,1,1,1,Pinjaman Pribadi,Konsolidasi Hutang,15.91,486.0,825.0,275.0,0
CUST103117,41,Bekerja,78580,625,13.8,2202,0,1,0,Kartu Kredit,Pribadi,19.84,78.0,235.0,78.0,1
CUST103118,22,Bekerja,37072,615,1.1,239,0,1,0,Kartu Kredit,Bisnis,20.36,141.0,1.235,412.0,0
CUST103119,52,Bekerja,54269,544,25.8,1512,1,0,0,Kartu Kredit,Pendidikan,21.09,255.0,17.0,6.0,0
CUST103120,30,Mahasiswa,45717,527,2.8,40,0,0,1,Pinjaman Pribadi,Renovasi Rumah,16.67,381.0,1.264,421.0,0
CUST103121,64,Bekerja,54641,703,29.3,616,0,2,0,Kartu Kredit,Medis,17.31,49.0,921.0,307.0,1
CUST103122,38,Bekerja,42589,650,6.4,275,0,0,0,Kartu Kredit,Pribadi,17.89,0.62,0.54,0.18,0
CUST103123,47,Bekerja,103760,838,6.8,2625,0,0,0,Kredit Berjalan,Konsolidasi Hutang,7.21,321.0,482.0,161.0,1
CUST103124,40,Bekerja,44218,621,13.4,138,0,0,0,Pinjaman Pribadi,Pendidikan,13.28,352.0,1.524,508.0,1
CUST103125,23,Bekerja,21366,665,1.2,19,0,0,0,Pinjaman Pribadi,Bisnis,12.83,157.0,0.15,0.05,1
CUST103126,49,Bekerja,37541,602,0.1,4,0,0,0,Pinjaman Pribadi,Pendidikan,13.81,371.0,1.42,473.0,0
CUST103127,19,Bekerja,46986,598,1.2,10,0,1,1,Kredit Berjalan,Medis,13.61,253.0,579.0,193.0,0
CUST103128,34,Bekerja,50320,568,14.4,2414,0,0,0,Kartu Kredit,Bisnis,21.41,227.0,793.0,264.0,1
CUST103129,33,Wiraswasta,86090,543,3.5,223,1,3,2,Pinjaman Pribadi,Pendidikan,16.47,446.0,1.064,355.0,0
CUST103130,37,Bekerja,19568,658,16.8,18732,0,0,0,Pinjaman Pribadi,Konsolidasi Hutang,11.71,286.0,1.661,554.0,0
CUST103131,23,Bekerja,15000,737,1.3,15,0,0,0,Kartu Kredit,Medis,16.64,329.0,493.0,164.0,1
CUST103132,41,Bekerja,97243,636,11.0,3141,0,4,0,Pinjaman Pribadi,Medis,14.12,0.15,21.0,7.0,0
CUST103133,52,Wiraswasta,65920,794,12.7,10538,0,0,0,Kartu Kredit,Renovasi Rumah,14.74,247.0,487.0,162.0,1
CUST103134,38,Mahasiswa,15829,615,0.3,0,0,1,0,Kartu Kredit,Bisnis,20.4,91.0,101.0,34.0,1
CUST103135,32,Mahasiswa,15000,604,4.3,10,0,1,0,Pinjaman Pribadi,Pendidikan,13.08,293.0,1.82,607.0,1
CUST103136,37,Wiraswasta,84526,604,8.4,202,0,0,0,Pinjaman Pribadi,Pribadi,14.11,136.0,567.0,189.0,1
CUST103137,24,Bekerja,17767,634,2.9,39,0,3,0,Pinjaman Pribadi,Medis,14.33,0.29,1.902,634.0,0
CUST103138,40,Bekerja,30756,730,7.8,1898,0,0,1,Kredit Berjalan,Pribadi,8.08,172.0,475.0,158.0,1
CUST103139,50,Bekerja,39167,713,0.7,44,0,2,1,Kartu Kredit,Renovasi Rumah,16.21,98.0,924.0,308.0,1
CUST103140,35,Bekerja,44583,677,0.5,11,0,0,0,Kredit Berjalan,Pribadi,10.59,493.0,493.0,164.0,0
CUST103141,29,Bekerja,38932,613,8.4,443,0,0,0,Kredit Berjalan,Renovasi Rumah,11.91,0.53,342.0,114.0,0
CUST103142,19,Bekerja,15000,700,0.7,3,0,0,0,Pinjaman Pribadi,Pribadi,9.56,612.0,1.58,527.0,0
CUST103143,22,Bekerja,15000,552,1.7,40,0,1,0,Kartu Kredit,Pribadi,21.38,0.25,367.0,122.0,0
CUST103144,31,Bekerja,104463,659,10.7,18986,0,0,0,Pinjaman Pribadi,Pribadi,11.71,617.0,957.0,319.0,0
CUST103145,42,Bekerja,66585,797,22.4,675,0,0,0,Kartu Kredit,Pribadi,14.81,362.0,536.0,179.0,1
CUST103146,50,Mahasiswa,15000,645,10.0,752,0,4,2,Kredit Berjalan,Pribadi,11.42,0.13,753.0,251.0,0
CUST103147,45,Bekerja,56709,666,17.1,16433,0,0,0,Kredit Berjalan,Renovasi Rumah,10.07,453.0,718.0,239.0,1
CUST103148,28,Bekerja,42959,743,3.4,51,0,0,1,Kartu Kredit,Medis,16.71,117.0,1.089,363.0,1
CUST103149,26,Wiraswasta,43910,732,6.0,1824,0,1,0,Kredit Berjalan,Bisnis,8.4,69.0,332.0,111.0,1
CUST103150,29,Wiraswasta,36668,745,10.0,612,0,1,0,Pinjaman Pribadi,Bisnis,9.94,503.0,0.6,0.2,0
CUST103151,45,Bekerja,72974,648,12.9,85,0,0,0,Kartu Kredit,Pribadi,20.47,448.0,517.0,172.0,1
CUST103152,28,Bekerja,49842,651,1.1,4023,0,2,0,Pinjaman Pribadi,Pendidikan,12.4,268.0,927.0,309.0,1
CUST103153,43,Bekerja,49915,707,11.0,3970,0,0,0,Pinjaman Pribadi,Renovasi Rumah,9.7,154.0,972.0,324.0,1
CUST103154,53,Bekerja,81644,636,28.9,11623,0,0,0,Kartu Kredit,Medis,19.26,148.0,857.0,286.0,1
CUST103155,49,Bekerja,40653,672,9.7,719,0,0,0,Kartu Kredit,Medis,18.0,241.0,276.0,92.0,1
CUST103156,18,Bekerja,15751,535,0.7,45,0,0,1,Kartu Kredit,Pendidikan,22.64,89.0,457.0,152.0,1
CUST103157,26,Wiraswasta,63919,605,2.3,924,0,2,0,Pinjaman Pribadi,Medis,14.62,242.0,0.64,213.0,0
CUST103158,47,Bekerja,68629,634,12.7,6958,0,1,0,Pinjaman Pribadi,Renovasi Rumah,13.71,231.0,1.176,392.0,0
CUST103159,42,Bekerja,105374,699,13.6,997,0,1,0,Kredit Berjalan,Pribadi,9.48,253.0,294.0,98.0,1
CUST103160,55,Bekerja,55853,621,27.7,15868,0,2,0,Kredit Berjalan,Pribadi,12.74,91.0,247.0,82.0,1
CUST103161,36,Wiraswasta,45768,593,9.7,227,0,2,0,Pinjaman Pribadi,Medis,16.76,395.0,1.403,468.0,0
CUST103162,18,Bekerja,45433,666,0.1,6,0,0,0,Pinjaman Pribadi,Medis,11.53,111.0,456.0,152.0,0
CUST103163,36,Bekerja,32390,629,13.7,1769,0,0,0,Kredit Berjalan,Medis,11.06,192.0,343.0,114.0,1
CUST103164,34,Bekerja,116843,718,9.2,4278,0,0,0,Kredit Berjalan,Pribadi,7.98,93.0,0.37,123.0,1
CUST103165,18,Bekerja,34550,536,1.2,223,0,0,0,Kredit Berjalan,Pendidikan,14.38,192.0,894.0,298.0,0
CUST103166,20,Bekerja,16420,625,0.9,8,0,1,0,Kartu Kredit,Bisnis,20.39,471.0,828.0,276.0,0
CUST103167,55,Bekerja,43075,734,4.1,331,0,0,0,Kredit Berjalan,Medis,8.39,421.0,724.0,241.0,1
CUST103168,25,Bekerja,28648,531,1.8,174,0,2,0,Kartu Kredit,Medis,21.63,253.0,538.0,179.0,0
CUST103169,25,Wiraswasta,67960,654,6.6,1624,0,0,1,Pinjaman Pribadi,Bisnis,11.33,379.0,1.471,0.49,0
CUST103170,30,Bekerja,58831,514,5.4,653,0,2,0,Kartu Kredit,Medis,22.83,0.3,1.142,381.0,0
CUST103171,37,Bekerja,58305,596,4.0,138,0,1,2,Pinjaman Pribadi,Pendidikan,15.08,593.0,1.046,349.0,0
CUST103172,22,Wiraswasta,169101,581,0.4,150,0,0,0,Kartu Kredit,Pendidikan,21.54,436.0,145.0,48.0,1
CUST103173,42,Wiraswasta,69400,640,22.4,13649,0,1,0,Kartu Kredit,Pendidikan,19.31,217.0,0.49,163.0,1
CUST103174,33,Bekerja,33709,665,12.9,1403,0,0,0,Pinjaman Pribadi,Bisnis,12.49,479.0,534.0,178.0,1
CUST103175,49,Bekerja,54804,655,16.2,1421,0,0,0,Kartu Kredit,Pendidikan,17.49,0.42,779.0,0.26,1
CUST103176,32,Bekerja,48815,690,4.0,730,0,0,0,Pinjaman Pribadi,Pendidikan,12.61,468.0,1.084,361.0,1
CUST103177,40,Bekerja,45841,678,2.4,47,0,0,0,Kartu Kredit,Medis,18.92,229.0,1.067,356.0,1
CUST103178,39,Wiraswasta,110605,633,7.5,69849,0,0,0,Pinjaman Pribadi,Renovasi Rumah,13.07,188.0,793.0,264.0,1
CUST103179,41,Bekerja,68194,782,19.9,13726,0,0,0,Kredit Berjalan,Bisnis,6.16,299.0,403.0,134.0,1
CUST103180,38,Wiraswasta,63095,590,19.4,359,0,1,0,Pinjaman Pribadi,Medis,16.36,219.0,612.0,204.0,0
CUST103181,50,Wiraswasta,171516,664,26.0,64615,0,0,0,Kartu Kredit,Pribadi,17.76,381.0,408.0,136.0,1
CUST103182,41,Wiraswasta,103708,662,11.0,3512,0,0,0,Kartu Kredit,Renovasi Rumah,18.53,49.0,675.0,225.0,1
CUST103183,18,Bekerja,19685,677,1.9,329,0,0,0,Kartu Kredit,Renovasi Rumah,17.94,382.0,1.158,386.0,0
CUST103184,28,Bekerja,15000,651,4.7,58,0,0,0,Pinjaman Pribadi,Konsolidasi Hutang,11.87,303.0,747.0,249.0,1
CUST103185,37,Bekerja,83215,595,12.0,1826,0,2,0,Kartu Kredit,Pribadi,22.25,108.0,231.0,77.0,1
CUST103186,40,Bekerja,86311,633,13.5,2043,0,1,1,Kartu Kredit,Pribadi,19.48,395.0,446.0,149.0,1
CUST103187,44,Bekerja,38784,605,2.0,19,0,1,0,Pinjaman Pribadi,Pendidikan,13.83,301.0,1.856,619.0,1
CUST103188,22,Bekerja,42168,728,2.6,2308,0,0,0,Kartu Kredit,Bisnis,17.47,314.0,126.0,42.0,1
CUST103189,51,Bekerja,69870,612,14.9,741,0,0,0,Kartu Kredit,Pendidikan,19.26,181.0,1.002,334.0,1
CUST103190,39,Bekerja,44310,670,14.2,14963,0,2,0,Kartu Kredit,Pribadi,17.99,679.0,59.0,0.02,0
CUST103191,37,Wiraswasta,120753,592,11.8,15845,1,3,0,Pinjaman Pribadi,Pendidikan,16.67,225.0,828.0,276.0,0
CUST103192,51,Bekerja,29935,695,7.8,2480,0,0,0,Pinjaman Pribadi,Pendidikan,12.52,129.0,1.968,656.0,1
CUST103193,48,Bekerja,62828,667,3.9,85,0,0,0,Kartu Kredit,Medis,17.96,126.0,866.0,289.0,1
CUST103194,18,Wiraswasta,92884,558,1.4,7292,0,1,1,Pinjaman Pribadi,Konsolidasi Hutang,16.53,505.0,1.021,0.34,0
CUST103195,52,Bekerja,106931,695,23.3,1934,0,1,0,Kartu Kredit,Renovasi Rumah,18.64,209.0,231.0,77.0,1
CUST103196,57,Bekerja,58866,702,30.0,4698,0,0,0,Pinjaman Pribadi,Renovasi Rumah,11.46,263.0,856.0,285.0,1
CUST103197,25,Wiraswasta,16640,552,2.5,141,0,2,0,Kartu Kredit,Konsolidasi Hutang,22.71,355.0,877.0,292.0,0
CUST103198,39,Bekerja,72653,595,16.0,8052,0,0,0,Pinjaman Pribadi,Pendidikan,16.42,545.0,179.0,0.06,0
CUST103199,36,Bekerja,54398,682,4.2,8144,0,0,0,Pinjaman Pribadi,Konsolidasi Hutang,11.91,535.0,0.11,37.0,0
CUST103200,46,Bekerja,82774,624,20.4,653,0,0,0,Kartu Kredit,Pendidikan,19.65,209.0,846.0,282.0,1
CUST103201,31,Wiraswasta,98443,753,2.8,210,0,0,0,Kredit Berjalan,Pribadi,6.14,343.0,348.0,116.0,1
CUST103202,35,Bekerja,38168,688,9.0,479,0,1,0,Pinjaman Pribadi,Renovasi Rumah,12.24,213.0,393.0,131.0,1
CUST103203,39,Bekerja,37553,658,14.4,313,0,1,0,Kredit Berjalan,Pendidikan,9.78,357.0,487.0,162.0,1
CUST103204,25,Bekerja,29672,620,4.0,49,0,1,0,Kredit Berjalan,Pribadi,11.23,0.19,391.0,0.13,0
CUST103205,34,Bekerja,100910,671,13.2,17097,0,0,0,Kartu Kredit,Pribadi,17.37,333.0,694.0,231.0,1
CUST103206,39,Bekerja,17491,668,18.2,1470,0,0,0,Pinjaman Pribadi,Pribadi,11.11,348.0,1.898,633.0,1
CUST103207,48,Bekerja,70455,660,21.5,393,0,0,0,Kartu Kredit,Renovasi Rumah,18.11,337.0,292.0,97.0,1
CUST103208,37,Bekerja,37467,669,19.0,5883,0,0,0,Kartu Kredit,Pribadi,17.59,316.0,1.385,462.0,1
CUST103209,42,Bekerja,23681,649,4.6,185,0,0,0,Kredit Berjalan,Renovasi Rumah,11.59,191.0,465.0,155.0,0
CUST103210,35,Bekerja,80767,658,15.5,1652,0,0,0,Pinjaman Pribadi,Pendidikan,12.18,299.0,111.0,37.0,1
CUST103211,20,Bekerja,22818,663,0.6,11,0,0,0,Kredit Berjalan,Renovasi Rumah,10.57,557.0,578.0,193.0,0
CUST103212,20,Bekerja,25130,585,1.8,9,0,0,0,Pinjaman Pribadi,Pendidikan,15.67,18.0,1.413,471.0,0
CUST103213,18,Wiraswasta,55338,500,1.2,167,0,1,2,Pinjaman Pribadi,Pendidikan,15.1,406.0,947.0,316.0,0
CUST103214,43,Bekerja,46504,585,19.7,234423,1,3,0,Kredit Berjalan,Medis,14.96,375.0,669.0,223.0,0
CUST103215,18,Mahasiswa,15000,657,0.2,3,0,0,0,Kredit Berjalan,Pribadi,9.24,0.45,333.0,111.0,0
CUST103216,39,Bekerja,32460,562,19.0,1168,0,2,0,Pinjaman Pribadi,Pribadi,16.25,156.0,1.984,661.0,0
CUST103217,19,Bekerja,34561,595,0.5,411,0,0,0,Pinjaman Pribadi,Bisnis,16.76,291.0,1.583,528.0,0
CUST103218,43,Wiraswasta,40689,688,23.6,958,0,0,0,Kredit Berjalan,Pendidikan,10.85,137.0,0.75,0.25,1
CUST103219,34,Bekerja,26796,751,14.7,880,0,0,0,Kartu Kredit,Medis,14.77,391.0,1.205,402.0,1
CUST103220,45,Wiraswasta,112874,619,5.0,15299,0,1,0,Kredit Berjalan,Pribadi,11.42,186.0,0.21,0.07,1
CUST103221,50,Bekerja,59472,686,29.2,42852,0,0,0,Kredit Berjalan,Pribadi,10.16,291.0,738.0,246.0,1
CUST103222,39,Wiraswasta,51279,755,12.8,19030,1,1,0,Kredit Berjalan,Pendidikan,7.74,546.0,645.0,215.0,0
CUST103223,46,Bekerja,142004,670,23.5,43044,0,1,0,Pinjaman Pribadi,Renovasi Rumah,12.83,393.0,704.0,235.0,1
CUST103224,23,Bekerja,20114,668,2.4,90,0,0,0,Kredit Berjalan,Pendidikan,9.13,157.0,631.0,0.21,1
CUST103225,32,Bekerja,32639,738,3.4,1360,0,0,0,Kartu Kredit,Bisnis,16.59,516.0,1.063,354.0,0
CUST103226,29,Bekerja,41609,631,1.2,87,0,0,0,Kredit Berjalan,Medis,12.11,622.0,601.0,0.2,0
CUST103227,48,Bekerja,63635,639,5.6,512,0,4,0,Kartu Kredit,Pribadi,19.13,253.0,878.0,293.0,0
CUST103228,33,Bekerja,111255,657,1.2,95,0,0,0,Kartu Kredit,Pendidikan,18.22,181.0,629.0,0.21,1
CUST103229,18,Bekerja,15000,580,1.3,200,0,1,0,Kartu Kredit,Pendidikan,22.1,472.0,713.0,238.0,0
CUST103230,28,Wiraswasta,41735,516,1.5,31,0,0,0,Pinjaman Pribadi,Pendidikan,15.61,77.0,1.454,485.0,0
CUST103231,62,Wiraswasta,90208,658,2.1,123,0,1,0,Pinjaman Pribadi,Pendidikan,11.7,204.0,156.0,52.0,1
CUST103232,36,Wiraswasta,27483,673,1.1,98,0,0,0,Kredit Berjalan,Medis,9.45,139.0,386.0,129.0,1
CUST103233,24,Bekerja,49243,534,6.0,5099,0,4,0,Kartu Kredit,Renovasi Rumah,22.21,164.0,1.172,391.0,0
CUST103234,25,Bekerja,46020,689,1.0,28,0,0,0,Kartu Kredit,Pendidikan,18.63,148.0,348.0,116.0,1
CUST103235,51,Bekerja,33935,612,28.1,3747,1,3,0,Pinjaman Pribadi,Pendidikan,14.58,527.0,1.762,587.0,0
CUST103236,18,Bekerja,35071,565,0.4,90,1,1,2,Pinjaman Pribadi,Pendidikan,16.25,0.8,673.0,224.0,0
CUST103237,30,Bekerja,41405,601,6.9,272,0,1,0,Kartu Kredit,Pendidikan,19.28,318.0,1.099,366.0,1
CUST103238,32,Bekerja,95178,779,11.1,2173,0,0,2,Kredit Berjalan,Pendidikan,6.44,0.29,525.0,175.0,1
CUST103239,18,Bekerja,20688,511,0.3,185,0,0,1,Kredit Berjalan,Bisnis,14.59,139.0,0.43,143.0,0
CUST103240,39,Bekerja,44119,679,5.1,8751,0,0,1,Pinjaman Pribadi,Pribadi,11.99,206.0,1.031,344.0,1
CUST103241,36,Bekerja,91432,680,10.4,768,0,0,0,Kartu Kredit,Bisnis,18.72,65.0,603.0,201.0,1
CUST103242,44,Wiraswasta,59453,618,17.2,639,0,1,0,Pinjaman Pribadi,Bisnis,14.05,686.0,711.0,237.0,0
CUST103243,41,Bekerja,46477,653,3.7,21,0,1,0,Kartu Kredit,Pribadi,17.83,0.09,168.0,56.0,1
CUST103244,34,Wiraswasta,34666,709,15.0,247,0,0,0,Kartu Kredit,Pribadi,15.61,246.0,707.0,236.0,1
CUST103245,32,Mahasiswa,36900,699,6.1,459,0,0,0,Kredit Berjalan,Pendidikan,10.07,356.0,515.0,172.0,1
CUST103246,18,Bekerja,32001,746,1.3,262,0,0,0,Pinjaman Pribadi,Renovasi Rumah,10.46,112.0,1.966,655.0,1
CUST103247,18,Bekerja,20726,623,1.9,96,0,1,0,Kredit Berjalan,Konsolidasi Hutang,12.06,691.0,632.0,211.0,0
CUST103248,34,Bekerja,63476,672,8.7,4448,0,0,0,Kartu Kredit,Bisnis,18.75,0.23,262.0,87.0,1
CUST103249,18,Bekerja,23603,627,2.0,908,0,1,0,Pinjaman Pribadi,Pribadi,13.36,276.0,1.894,631.0,0
CUST103250,45,Bekerja,34671,671,4.6,559,0,0,0,Kredit Berjalan,Medis,9.97,301.0,407.0,136.0,1
CUST103251,30,Bekerja,25846,692,6.6,780,0,1,1,Kartu Kredit,Bisnis,17.13,0.33,1.308,436.0,1
CUST103252,32,Bekerja,45572,533,0.2,10,0,1,0,Pinjaman Pribadi,Renovasi Rumah,15.26,349.0,1.257,419.0,0
CUST103253,34,Bekerja,27126,556,10.6,1028,1,2,1,Kredit Berjalan,Pendidikan,14.89,409.0,413.0,138.0,0
CUST103254,47,Bekerja,51142,611,0.4,11,1,0,0,Kartu Kredit,Pribadi,20.11,377.0,1.369,456.0,0
CUST103255,40,Bekerja,38897,588,7.9,551,0,0,1,Pinjaman Pribadi,Konsolidasi Hutang,15.28,0.01,1.35,0.45,0
CUST103256,52,Bekerja,52533,600,28.3,6342,0,0,0,Kredit Berjalan,Konsolidasi Hutang,11.75,248.0,329.0,0.11,1
CUST103257,23,Bekerja,16365,554,0.2,23,0,0,0,Kredit Berjalan,Pendidikan,13.18,262.0,513.0,171.0,0
CUST103258,31,Bekerja,50059,612,10.1,2561,1,1,0,Kartu Kredit,Pribadi,19.1,637.0,857.0,286.0,0
CUST103259,57,Bekerja,46178,599,22.9,9842,0,1,0,Pinjaman Pribadi,Pendidikan,16.24,251.0,1.31,437.0,1
CUST103260,41,Bekerja,87737,585,6.4,4268,0,1,1,Kartu Kredit,Renovasi Rumah,22.04,311.0,545.0,182.0,0
CUST103261,57,Bekerja,80569,700,20.3,6185,0,1,0,Kartu Kredit,Pendidikan,15.84,298.0,176.0,59.0,1
CUST103262,18,Mahasiswa,25034,513,0.8,442,1,0,0,Kredit Berjalan,Medis,13.43,302.0,364.0,121.0,0
CUST103263,57,Bekerja,67266,755,13.1,10144,0,0,0,Pinjaman Pribadi,Bisnis,10.0,219.0,1.479,493.0,1
CUST103264,45,Bekerja,52724,678,10.5,9854,0,0,0,Kartu Kredit,Pendidikan,18.6,414.0,899.0,0.3,1
CUST103265,31,Bekerja,26514,593,8.1,151,1,0,0,Kartu Kredit,Medis,22.92,317.0,1.301,434.0,0
CUST103266,24,Bekerja,60231,668,4.0,247,0,0,0,Kredit Berjalan,Bisnis,9.64,486.0,442.0,147.0,0
CUST103267,18,Wiraswasta,16157,623,1.7,198,0,0,0,Pinjaman Pribadi,Konsolidasi Hutang,14.06,138.0,1.021,0.34,0
CUST103268,20,Mahasiswa,15000,641,1.8,92,0,2,0,Kartu Kredit,Renovasi Rumah,20.29,223.0,0.1,33.0,1
CUST103269,18,Bekerja,33677,649,1.6,196,0,1,1,Pinjaman Pribadi,Pendidikan,14.54,345.0,1.927,642.0,0
CUST103270,25,Bekerja,24746,590,0.9,410,0,0,0,Kartu Kredit,Bisnis,21.23,513.0,1.035,345.0,0
CUST103271,55,Wiraswasta,49359,683,7.9,55,0,1,0,Kredit Berjalan,Medis,9.88,182.0,229.0,76.0,1
CUST103272,31,Bekerja,68072,552,7.2,207,0,1,0,Kredit Berjalan,Konsolidasi Hutang,14.91,296.0,247.0,82.0,0
CUST103273,18,Wiraswasta,128930,690,1.6,845,0,0,0,Kredit Berjalan,Pendidikan,9.25,0.6,0.32,107.0,0
CUST103274,25,Bekerja,28081,646,1.1,202,0,1,0,Pinjaman Pribadi,Pendidikan,14.62,151.0,637.0,212.0,1
CUST103275,36,Bekerja,22295,726,3.1,111,0,0,0,Kartu Kredit,Konsolidasi Hutang,16.81,281.0,614.0,205.0,1
CUST103276,28,Bekerja,28954,730,2.1,43,0,0,0,Kredit Berjalan,Pendidikan,8.67,342.0,591.0,197.0,1
CUST103277,18,Mahasiswa,15000,762,1.1,23,0,0,1,Kredit Berjalan,Medis,7.69,0.42,0.42,0.14,1
CUST103278,31,Bekerja,32362,696,7.0,630,0,0,0,Kredit Berjalan,Pribadi,10.69,444.0,742.0,247.0,1
CUST103279,41,Bekerja,44132,610,9.6,17102,0,0,0,Kartu Kredit,Medis,19.43,233.0,1.38,0.46,1
CUST103280,33,Wiraswasta,29783,550,13.2,1490,0,0,0,Kartu Kredit,Renovasi Rumah,22.31,556.0,876.0,292.0,0
CUST103281,50,Mahasiswa,20614,692,29.3,369,0,1,0,Kartu Kredit,Medis,17.47,239.0,102.0,34.0,1
CUST103282,39,Bekerja,45751,706,16.4,957,0,1,0,Pinjaman Pribadi,Medis,10.85,0.01,901.0,0.3,1
CUST103283,40,Bekerja,46217,682,4.4,90,0,0,0,Pinjaman Pribadi,Pribadi,11.01,219.0,385.0,128.0,1
CUST103284,43,Bekerja,21908,777,11.7,1570,0,0,0,Kartu Kredit,Renovasi Rumah,14.53,239.0,1.123,374.0,1
CUST103285,40,Wiraswasta,42676,582,11.4,16205,0,0,0,Kredit Berjalan,Konsolidasi Hutang,14.41,508.0,673.0,224.0,0
CUST103286,24,Bekerja,43223,620,2.8,419,0,0,0,Kartu Kredit,Pribadi,19.08,393.0,146.0,49.0,1
CUST103287,18,Bekerja,28357,603,0.6,7,0,1,0,Kartu Kredit,Renovasi Rumah,19.02,248.0,1.139,0.38,0
CUST103288,62,Bekerja,56531,701,18.9,5554,0,0,0,Pinjaman Pribadi,Pribadi,11.49,328.0,317.0,106.0,1
CUST103289,49,Bekerja,39165,582,14.9,569,1,0,1,Kartu Kredit,Medis,22.22,0.21,901.0,0.3,0
CUST103290,53,Bekerja,101914,735,17.3,6292,0,0,0,Kartu Kredit,Bisnis,16.87,326.0,206.0,69.0,1
CUST103291,44,Bekerja,44122,760,23.6,842,0,0,0,Pinjaman Pribadi,Konsolidasi Hutang,9.24,562.0,0.34,113.0,0
CUST103292,27,Bekerja,22727,703,0.9,77,0,1,0,Kredit Berjalan,Pribadi,9.05,145.0,0.22,73.0,1
CUST103293,36,Wiraswasta,48291,644,8.0,1177,0,2,0,Pinjaman Pribadi,Pribadi,13.16,566.0,64.0,21.0,0
CUST103294,46,Mahasiswa,27083,755,24.1,969,0,0,0,Kredit Berjalan,Renovasi Rumah,6.07,227.0,421.0,0.14,1
CUST103295,21,Wiraswasta,86562,438,2.4,1409,0,0,2,Pinjaman Pribadi,Pribadi,16.67,186.0,1.155,385.0,0
CUST103296,22,Wiraswasta,93515,567,0.5,79,0,2,0,Kredit Berjalan,Pribadi,14.1,471.0,324.0,108.0,0
CUST103297,60,Wiraswasta,115126,721,3.4,109,0,0,0,Kartu Kredit,Pribadi,17.33,634.0,148.0,49.0,0
CUST103298,21,Bekerja,31183,617,2.2,360,0,0,0,Pinjaman Pribadi,Pendidikan,13.18,383.0,183.0,61.0,1
CUST103299,38,Bekerja,17336,641,17.5,210,0,0,0,Kartu Kredit,Medis,19.02,0.27,1.315,438.0,1
CUST103300,35,Bekerja,25925,687,13.0,2279,0,0,1,Kredit Berjalan,Renovasi Rumah,9.93,147.0,347.0,116.0,1
CUST103301,28,Bekerja,23563,621,8.5,693,0,1,0,Kredit Berjalan,Bisnis,12.71,178.0,581.0,194.0,0
CUST103302,34,Bekerja,48083,727,4.8,16905,0,0,0,Pinjaman Pribadi,Bisnis,10.97,302.0,1.992,664.0,1
CUST103303,46,Bekerja,74865,765,11.5,44,0,0,0,Kartu Kredit,Pribadi,14.77,209.0,529.0,176.0,1
CUST103304,40,Mahasiswa,15000,587,14.6,5738,0,1,0,Kartu Kredit,Pendidikan,21.81,246.0,0.1,33.0,1
CUST103305,29,Bekerja,42266,719,6.0,3665,0,0,0,Pinjaman Pribadi,Pendidikan,10.75,167.0,575.0,192.0,1
CUST103306,35,Bekerja,62803,593,9.9,575,1,1,1,Kartu Kredit,Pribadi,22.89,405.0,541.0,0.18,0
CUST103307,29,Bekerja,39231,773,1.6,91,0,0,0,Pinjaman Pribadi,Bisnis,8.25,171.0,0.76,253.0,1
CUST103308,37,Wiraswasta,87156,639,10.4,2025,0,1,0,Kredit Berjalan,Pendidikan,11.05,33.0,574.0,191.0,1
CUST103309,20,Bekerja,29355,716,1.3,216,0,1,0,Kredit Berjalan,Bisnis,8.53,0.31,0.48,0.16,1
CUST103310,28,Bekerja,31175,599,9.3,5122,0,1,0,Kartu Kredit,Renovasi Rumah,22.21,325.0,0.42,0.14,0
CUST103311,48,Bekerja,94199,711,18.8,26082,0,0,0,Kartu Kredit,Bisnis,17.34,265.0,152.0,51.0,1
CUST103312,18,Bekerja,16177,606,1.5,1,0,1,0,Pinjaman Pribadi,Pribadi,13.96,359.0,1.15,383.0,0
CUST103313,51,Wiraswasta,53739,634,19.0,25754,0,1,0,Kartu Kredit,Pribadi,19.53,73.0,1.02,0.34,1
CUST103314,61,Bekerja,53152,675,22.5,3477,0,1,0,Kartu Kredit,Bisnis,17.14,585.0,337.0,112.0,0
CUST103315,25,Bekerja,47650,561,6.5,523,0,0,1,Pinjaman Pribadi,Pribadi,15.86,681.0,1.582,527.0,0
CUST103316,43,Wiraswasta,15000,593,21.4,62,1,1,1,Kredit Berjalan,Pribadi,14.8,221.0,587.0,196.0,0
CUST103317,59,Wiraswasta,63824,751,9.0,163,0,0,0,Kredit Berjalan,Bisnis,7.77,135.0,577.0,192.0,1
CUST103318,35,Wiraswasta,39328,629,7.0,1450,0,0,0,Kartu Kredit,Medis,19.42,489.0,486.0,162.0,0
CUST103319,40,Bekerja,36349,709,19.4,15018,0,0,0,Kartu Kredit,Pendidikan,16.78,105.0,0.52,173.0,1
CUST103320,40,Bekerja,45737,684,1.6,84,0,0,1,Pinjaman Pribadi,Pendidikan,12.76,366.0,57.0,19.0,1
CUST103321,26,Bekerja,15000,666,6.4,150,0,0,1,Kartu Kredit,Bisnis,18.8,207.0,0.16,53.0,1
CUST103322,36,Wiraswasta,83447,709,10.8,4897,1,0,0,Kartu Kredit,Medis,16.14,0.73,839.0,0.28,0
CUST103323,32,Mahasiswa,15000,584,4.2,628,1,2,0,Pinjaman Pribadi,Pendidikan,16.35,223.0,1.493,498.0,0
CUST103324,67,Bekerja,91040,743,18.4,6671,0,0,0,Kartu Kredit,Pendidikan,16.92,0.15,522.0,174.0,1
CUST103325,37,Mahasiswa,36714,725,11.9,511,0,0,0,Kartu Kredit,Pendidikan,16.83,226.0,101.0,34.0,1
CUST103326,22,Bekerja,54669,595,3.0,95,0,0,0,Kartu Kredit,Bisnis,21.5,221.0,1.143,381.0,0
CUST103327,44,Bekerja,43906,526,15.6,16460,0,1,0,Kartu Kredit,Pendidikan,22.64,585.0,1.155,385.0,0
CUST103328,26,Mahasiswa,15000,630,4.2,33,0,0,0,Kartu Kredit,Pribadi,20.77,181.0,0.1,33.0,1
CUST103329,41,Bekerja,67718,642,16.0,4147,0,1,1,Kartu Kredit,Pendidikan,19.43,111.0,1.034,345.0,1
CUST103330,18,Bekerja,15000,520,0.2,26,0,0,0,Kartu Kredit,Renovasi Rumah,22.02,138.0,0.58,193.0,0
CUST103331,40,Mahasiswa,15000,657,14.0,1375,0,0,0,Kartu Kredit,Konsolidasi Hutang,18.76,51.0,0.1,33.0,1
CUST103332,56,Bekerja,85445,599,10.1,20467,0,2,0,Pinjaman Pribadi,Konsolidasi Hutang,16.27,362.0,1.17,0.39,0
CUST103333,70,Bekerja,92601,738,4.3,352,0,0,0,Kartu Kredit,Medis,16.61,149.0,522.0,174.0,1
CUST103334,31,Bekerja,26534,728,11.2,1723,0,0,0,Pinjaman Pribadi,Pendidikan,9.68,487.0,2.001,667.0,1
CUST103335,18,Bekerja,15000,706,0.9,5,0,0,0,Kredit Berjalan,Medis,9.24,252.0,0.34,113.0,1
CUST103336,19,Bekerja,47833,592,0.5,42,0,0,1,Kartu Kredit,Medis,21.8,402.0,891.0,297.0,0
CUST103337,33,Bekerja,37132,741,10.7,380,0,1,0,Kartu Kredit,Pribadi,17.39,295.0,994.0,331.0,1
CUST103338,28,Bekerja,67484,701,7.7,44,0,0,0,Pinjaman Pribadi,Pendidikan,9.82,169.0,1.482,494.0,1
CUST103339,28,Bekerja,46824,712,6.7,8082,0,1,0,Pinjaman Pribadi,Bisnis,9.52,0.19,0.22,73.0,1
CUST103340,58,Bekerja,106030,656,26.1,2024,0,3,0,Kartu Kredit,Pribadi,18.15,289.0,356.0,119.0,0
CUST103341,30,Bekerja,28071,683,0.5,995,0,1,0,Kartu Kredit,Pribadi,18.42,214.0,299.0,0.1,1
CUST103342,19,Bekerja,22316,573,0.8,37,0,2,0,Pinjaman Pribadi,Konsolidasi Hutang,16.06,0.25,1.967,656.0,0
CUST103343,52,Bekerja,41335,687,22.5,1509,0,0,0,Pinjaman Pribadi,Pribadi,12.42,156.0,1.858,619.0,1
CUST103344,48,Bekerja,83217,750,5.2,362,0,0,0,Kredit Berjalan,Bisnis,6.43,413.0,601.0,0.2,1
CUST103345,21,Bekerja,20751,641,1.5,68,0,1,0,Kredit Berjalan,Pribadi,12.54,0.36,0.39,0.13,1
CUST103346,46,Wiraswasta,144637,568,11.5,1888,0,0,0,Kartu Kredit,Medis,21.65,58.0,484.0,161.0,1
CUST103347,20,Wiraswasta,40079,551,0.3,112,0,2,1,Kartu Kredit,Medis,21.48,164.0,1.14,0.38,0
CUST103348,49,Bekerja,65417,730,26.3,1319,0,1,0,Kartu Kredit,Konsolidasi Hutang,15.78,547.0,751.0,0.25,1
CUST103349,34,Wiraswasta,61033,656,5.5,601,0,0,0,Kartu Kredit,Medis,18.14,425.0,72.0,24.0,1
CUST103350,50,Bekerja,32807,667,8.9,1662,0,0,0,Kartu Kredit,Konsolidasi Hutang,18.18,405.0,244.0,81.0,1
CUST103351,42,Bekerja,25124,655,19.6,9860,0,0,0,Kartu Kredit,Renovasi Rumah,18.86,434.0,1.039,346.0,1
CUST103352,30,Bekerja,40242,672,6.5,834,0,1,0,Kartu Kredit,Renovasi Rumah,18.73,102.0,0.39,0.13,1
CUST103353,18,Mahasiswa,31481,694,0.6,472,0,0,0,Kartu Kredit,Bisnis,17.35,125.0,98.0,33.0,1
CUST103354,29,Bekerja,41818,598,10.7,204,0,1,0,Pinjaman Pribadi,Renovasi Rumah,16.22,213.0,1.318,439.0,0
CUST103355,46,Bekerja,82400,712,4.1,143,0,1,0,Kartu Kredit,Bisnis,17.16,66.0,81.0,27.0,1
CUST103356,56,Bekerja,72432,747,15.9,826,0,0,0,Kartu Kredit,Renovasi Rumah,15.63,282.0,64.0,21.0,1
CUST103357,31,Bekerja,19206,587,7.4,290,0,2,4,Pinjaman Pribadi,Bisnis,16.06,75.0,1.921,0.64,0
CUST103358,28,Bekerja,25025,548,1.3,51,0,1,0,Pinjaman Pribadi,Pendidikan,15.25,355.0,416.0,139.0,0
CUST103359,30,Bekerja,82878,691,7.9,1160,0,0,0,Pinjaman Pribadi,Renovasi Rumah,12.0,167.0,1.207,402.0,1
CUST103360,21,Bekerja,55985,648,2.8,353,0,0,0,Pinjaman Pribadi,Pendidikan,13.14,167.0,1.031,344.0,1
CUST103361,32,Mahasiswa,24491,599,6.9,109,0,1,0,Kartu Kredit,Renovasi Rumah,21.61,168.0,98.0,33.0,0
CUST103362,48,Wiraswasta,66985,663,18.4,22138,0,0,0,Kartu Kredit,Renovasi Rumah,18.89,109.0,0.09,0.03,1
CUST103363,29,Bekerja,28695,563,9.7,352,0,1,1,Kartu Kredit,Bisnis,21.27,416.0,1.185,395.0,0
CUST103364,32,Bekerja,45904,700,8.7,231,0,0,0,Pinjaman Pribadi,Medis,11.24,299.0,1.531,0.51,1
CUST103365,26,Bekerja,78289,554,4.2,239,0,0,0,Kartu Kredit,Medis,21.14,167.0,894.0,298.0,1
CUST103366,35,Bekerja,64237,644,11.1,44,0,0,0,Pinjaman Pribadi,Pendidikan,14.27,254.0,825.0,275.0,1
CUST103367,34,Bekerja,27390,684,7.0,4513,0,0,0,Kartu Kredit,Pribadi,17.87,99.0,909.0,303.0,1
CUST103368,31,Wiraswasta,102540,633,0.5,39,0,0,0,Pinjaman Pribadi,Renovasi Rumah,13.72,75.0,339.0,113.0,1
CUST103369,43,Wiraswasta,92387,594,18.4,10859,0,1,1,Kartu Kredit,Bisnis,21.48,264.0,277.0,92.0,1
CUST103370,46,Wiraswasta,42208,681,1.6,215,0,0,0,Kartu Kredit,Medis,18.47,0.29,1.109,0.37,1
CUST103371,58,Bekerja,41167,754,27.7,1063,0,0,0,Kredit Berjalan,Medis,7.25,272.0,488.0,163.0,1
CUST103372,42,Bekerja,40474,630,4.3,125,0,3,0,Pinjaman Pribadi,Renovasi Rumah,14.89,223.0,217.0,72.0,0
CUST103373,31,Wiraswasta,39147,691,9.8,712,0,0,0,Kredit Berjalan,Pribadi,9.61,89.0,593.0,198.0,1
CUST103374,30,Bekerja,17628,553,5.5,264,0,0,0,Kartu Kredit,Medis,21.69,249.0,0.8,267.0,0
CUST103375,26,Bekerja,31095,634,5.4,1646,0,0,0,Kartu Kredit,Pribadi,20.28,469.0,367.0,122.0,0
CUST103376,48,Wiraswasta,62403,680,10.1,1634,0,0,0,Kartu Kredit,Pendidikan,17.54,13.0,375.0,125.0,1
CUST103377,41,Bekerja,75866,737,17.8,14166,0,2,0,Kartu Kredit,Medis,17.05,324.0,923.0,308.0,1
CUST103378,18,Bekerja,19319,693,0.6,8,0,0,0,Kartu Kredit,Konsolidasi Hutang,18.02,462.0,1.222,407.0,0
CUST103379,36,Bekerja,52887,671,14.4,96246,0,0,0,Pinjaman Pribadi,Pendidikan,12.65,546.0,1.428,476.0,1
CUST103380,20,Bekerja,21812,536,0.8,122,0,1,0,Pinjaman Pribadi,Pribadi,15.81,371.0,1.921,0.64,0
CUST103381,58,Bekerja,90561,776,0.5,541,0,0,0,Kredit Berjalan,Konsolidasi Hutang,6.38,0.13,0.24,0.08,1
CUST103382,30,Bekerja,30028,615,3.7,1237,0,0,1,Kartu Kredit,Pribadi,19.21,151.0,363.0,121.0,1
CUST103383,46,Bekerja,24699,651,23.8,1580,0,0,0,Kredit Berjalan,Pendidikan,10.09,83.0,393.0,131.0,1
CUST103384,52,Wiraswasta,58521,678,14.1,81,0,1,0,Pinjaman Pribadi,Pribadi,11.01,192.0,1.316,439.0,1
CUST103385,48,Wiraswasta,89386,690,21.7,20245,0,1,0,Kartu Kredit,Pribadi,18.52,401.0,783.0,261.0,1
CUST103386,26,Bekerja,21616,522,0.4,205,0,2,0,Kartu Kredit,Konsolidasi Hutang,22.81,0.21,458.0,153.0,0
CUST103387,18,Bekerja,67306,664,1.3,832,1,3,0,Kartu Kredit,Renovasi Rumah,17.9,446.0,929.0,0.31,0
CUST103388,18,Bekerja,63322,562,1.2,506,1,0,0,Pinjaman Pribadi,Konsolidasi Hutang,15.21,285.0,1.057,352.0,0
CUST103389,43,Bekerja,22347,566,4.3,421,0,2,0,Kartu Kredit,Medis,21.79,244.0,1.11,0.37,0
CUST103390,37,Mahasiswa,54737,580,10.0,586,0,0,2,Kredit Berjalan,Bisnis,13.39,419.0,493.0,164.0,0
CUST103391,18,Wiraswasta,49386,608,0.2,13,0,1,0,Kartu Kredit,Pendidikan,20.82,466.0,162.0,54.0,0
CUST103392,39,Wiraswasta,75193,591,17.1,9900,0,0,1,Kartu Kredit,Renovasi Rumah,22.17,585.0,931.0,0.31,0
CUST103393,39,Bekerja,19263,743,11.0,463,0,0,0,Kartu Kredit,Pribadi,15.85,247.0,239.0,0.08,1
CUST103394,46,Mahasiswa,42153,679,12.0,1070,0,0,0,Kredit Berjalan,Konsolidasi Hutang,9.33,239.0,657.0,219.0,0
CUST103395,50,Wiraswasta,48974,557,9.4,285,0,0,1,Pinjaman Pribadi,Renovasi Rumah,15.27,411.0,856.0,285.0,0
CUST103396,29,Wiraswasta,19209,599,2.6,114,0,1,1,Kartu Kredit,Medis,22.74,175.0,1.067,356.0,0
CUST103397,41,Bekerja,56220,639,22.0,93,0,0,0,Kartu Kredit,Medis,20.22,189.0,434.0,145.0,1
CUST103398,39,Bekerja,34133,633,0.9,211,0,1,1,Kartu Kredit,Pendidikan,20.09,247.0,1.342,447.0,1
CUST103399,25,Bekerja,34802,697,0.1,0,0,0,0,Kartu Kredit,Medis,18.89,168.0,592.0,197.0,1
CUST103400,28,Wiraswasta,147080,649,8.8,10859,0,1,0,Kartu Kredit,Bisnis,20.66,0.39,476.0,159.0,0
CUST103401,49,Bekerja,44130,742,28.3,8436,0,0,0,Kartu Kredit,Bisnis,16.42,342.0,807.0,269.0,1
CUST103402,44,Bekerja,54444,595,11.9,16584,0,0,0,Kartu Kredit,Pendidikan,21.55,132.0,165.0,55.0,1
CUST103403,30,Bekerja,76576,658,3.5,2185,0,2,1,Kartu Kredit,Medis,17.64,601.0,654.0,218.0,0
CUST103404,18,Wiraswasta,53830,647,0.0,0,0,0,0,Kredit Berjalan,Pribadi,12.99,0.47,464.0,155.0,0
CUST103405,31,Bekerja,68617,575,9.8,2138,0,1,1,Pinjaman Pribadi,Pendidikan,16.73,335.0,1.064,355.0,0
CUST103406,30,Bekerja,56470,596,8.0,406,0,0,1,Kartu Kredit,Renovasi Rumah,21.62,0.04,553.0,184.0,0
CUST103407,41,Bekerja,49842,650,2.0,2244,0,0,0,Pinjaman Pribadi,Renovasi Rumah,12.71,89.0,401.0,134.0,1
CUST103408,18,Bekerja,56160,660,1.5,440,0,0,0,Kartu Kredit,Medis,17.66,152.0,0.18,0.06,1
CUST103409,48,Bekerja,112259,729,4.6,2152,0,0,1,Kredit Berjalan,Pribadi,8.55,439.0,445.0,148.0,1
CUST103410,32,Wiraswasta,41139,712,4.7,93,1,3,0,Kartu Kredit,Pribadi,17.29,118.0,1.344,448.0,0
CUST103411,32,Bekerja,41193,648,11.2,1855,0,1,0,Pinjaman Pribadi,Pribadi,14.46,308.0,1.697,566.0,1
CUST103412,30,Wiraswasta,35830,677,4.7,2344,0,0,0,Pinjaman Pribadi,Bisnis,11.9,0.33,1.719,573.0,0
CUST103413,34,Bekerja,30994,633,8.0,1090,0,2,0,Pinjaman Pribadi,Pribadi,13.63,539.0,119.0,0.04,0
CUST103414,39,Wiraswasta,49853,572,8.8,2523,0,0,0,Pinjaman Pribadi,Renovasi Rumah,16.65,359.0,1.173,391.0,0
CUST103415,28,Bekerja,30167,546,7.3,402,0,2,1,Kartu Kredit,Pendidikan,22.85,0.34,1.091,364.0,0
CUST103416,39,Bekerja,16471,520,9.1,3964,0,1,0,Kredit Berjalan,Konsolidasi Hutang,13.3,444.0,686.0,229.0,0
CUST103417,34,Wiraswasta,50309,720,12.0,1018,0,0,0,Kredit Berjalan,Medis,7.96,201.0,843.0,281.0,1
CUST103418,30,Mahasiswa,23920,688,3.2,16,0,0,0,Pinjaman Pribadi,Pribadi,12.62,176.0,1.702,567.0,0
CUST103419,37,Bekerja,66940,530,11.8,479,0,1,0,Pinjaman Pribadi,Bisnis,15.83,387.0,754.0,251.0,0
CUST103420,49,Bekerja,68883,585,6.3,1010,0,2,0,Pinjaman Pribadi,Pendidikan,15.67,301.0,115.0,38.0,1
CUST103421,30,Bekerja,25972,638,0.0,0,0,1,0,Kredit Berjalan,Konsolidasi Hutang,12.23,0.42,462.0,154.0,0
CUST103422,33,Mahasiswa,15000,554,14.8,2515,0,0,0,Pinjaman Pribadi,Konsolidasi Hutang,16.45,158.0,1.78,593.0,0
CUST103423,18,Bekerja,33326,651,1.8,1260,0,0,0,Kredit Berjalan,Renovasi Rumah,10.06,154.0,228.0,76.0,1
CUST103424,40,Bekerja,55595,749,17.6,1724,0,0,0,Kredit Berjalan,Pendidikan,9.32,223.0,714.0,238.0,1
CUST103425,18,Bekerja,23769,728,1.4,287,0,0,0,Kartu Kredit,Konsolidasi Hutang,16.78,241.0,1.212,404.0,1
CUST103426,57,Bekerja,57530,687,7.7,396,0,0,0,Pinjaman Pribadi,Medis,11.6,0.6,1.039,346.0,0
CUST103427,34,Bekerja,18689,714,7.6,1757,0,0,0,Kartu Kredit,Konsolidasi Hutang,15.77,543.0,0.23,77.0,0
CUST103428,30,Bekerja,37406,719,11.9,3370,0,0,0,Kartu Kredit,Renovasi Rumah,17.3,631.0,1.056,352.0,0
CUST103429,40,Mahasiswa,15000,649,3.7,82,0,0,0,Pinjaman Pribadi,Renovasi Rumah,13.9,202.0,1.653,551.0,0
CUST103430,29,Wiraswasta,31104,586,5.1,1273,0,0,1,Kartu Kredit,Pendidikan,22.75,111.0,354.0,118.0,0
CUST103431,31,Bekerja,22008,706,11.5,419,0,0,0,Kredit Berjalan,Pribadi,8.19,394.0,364.0,121.0,1
CUST103432,29,Bekerja,26674,508,2.2,192,1,0,2,Kartu Kredit,Pribadi,21.31,73.0,0.96,0.32,0
CUST103433,50,Bekerja,51603,699,18.2,456,0,0,0,Kartu Kredit,Pribadi,18.06,147.0,283.0,94.0,1
CUST103434,33,Bekerja,35496,712,13.5,212,0,0,0,Kredit Berjalan,Pribadi,8.06,437.0,358.0,119.0,1
CUST103435,25,Wiraswasta,58769,509,2.2,123,1,1,3,Kartu Kredit,Medis,21.28,369.0,801.0,267.0,0
CUST103436,20,Bekerja,37707,563,0.4,94,0,1,2,Kredit Berjalan,Pribadi,14.71,356.0,652.0,217.0,0
CUST103437,35,Bekerja,36243,606,7.0,1107,0,2,0,Kredit Berjalan,Pribadi,12.94,167.0,157.0,52.0,1
CUST103438,23,Bekerja,20695,576,4.2,19,0,2,1,Kartu Kredit,Pendidikan,21.52,319.0,478.0,159.0,0
CUST103439,42,Wiraswasta,46150,672,23.9,5504,0,0,0,Kartu Kredit,Renovasi Rumah,18.89,66.0,652.0,217.0,1
CUST103440,45,Wiraswasta,65074,656,0.0,0,0,0,1,Pinjaman Pribadi,Pendidikan,11.39,627.0,1.083,361.0,0
CUST103441,37,Wiraswasta,31520,616,8.4,555,0,2,0,Pinjaman Pribadi,Medis,13.47,168.0,492.0,164.0,1
CUST103442,18,Bekerja,39339,642,1.4,267,0,0,0,Pinjaman Pribadi,Renovasi Rumah,13.28,311.0,1.744,581.0,0
CUST103443,36,Bekerja,21961,627,10.4,494,0,0,0,Pinjaman Pribadi,Renovasi Rumah,14.24,181.0,1.603,534.0,1
CUST103444,35,Bekerja,75800,660,16.7,162,0,0,0,Kartu Kredit,Bisnis,17.18,107.0,923.0,308.0,1
CUST103445,34,Wiraswasta,137898,699,12.3,10539,0,0,1,Kartu Kredit,Konsolidasi Hutang,17.41,209.0,508.0,169.0,1
CUST103446,34,Bekerja,76643,566,8.6,4389,0,0,0,Pinjaman Pribadi,Pribadi,15.48,214.0,1.106,369.0,0
CUST103447,34,Bekerja,27515,682,3.1,2019,0,0,0,Kartu Kredit,Pendidikan,17.48,599.0,632.0,211.0,0
CUST103448,40,Wiraswasta,68946,650,15.0,1384,0,0,0,Kartu Kredit,Konsolidasi Hutang,17.68,654.0,432.0,144.0,0
CUST103449,24,Bekerja,30773,451,5.6,669,1,0,1,Pinjaman Pribadi,Pribadi,16.26,408.0,1.29,0.43,0
CUST103450,51,Mahasiswa,24775,658,10.3,53,0,0,0,Pinjaman Pribadi,Renovasi Rumah,11.69,469.0,1.405,468.0,0
CUST103451,31,Bekerja,60260,741,4.5,697,0,0,0,Pinjaman Pribadi,Renovasi Rumah,11.24,253.0,1.659,553.0,1
CUST103452,48,Bekerja,76595,843,4.0,15491,0,1,0,Kartu Kredit,Pendidikan,15.0,0.24,893.0,298.0,1
CUST103453,57,Bekerja,46615,723,11.7,408,0,0,0,Pinjaman Pribadi,Pribadi,10.6,344.0,77.0,26.0,1
CUST103454,29,Bekerja,33905,461,2.1,11,0,2,1,Pinjaman Pribadi,Renovasi Rumah,15.37,201.0,1.106,369.0,0
CUST103455,29,Bekerja,43904,582,2.9,263,0,1,0,Kartu Kredit,Pribadi,21.91,173.0,355.0,118.0,0
CUST103456,22,Bekerja,21391,678,1.4,38,0,0,0,Kartu Kredit,Renovasi Rumah,17.16,545.0,608.0,203.0,0
CUST103457,25,Bekerja,30189,628,4.0,700,0,1,0,Kartu Kredit,Pendidikan,19.01,304.0,616.0,205.0,1
CUST103458,33,Bekerja,17997,734,6.8,781,0,0,0,Kredit Berjalan,Pendidikan,9.42,217.0,533.0,178.0,1
CUST103459,35,Bekerja,27752,662,8.7,751,0,0,0,Kartu Kredit,Renovasi Rumah,17.46,67.0,357.0,119.0,1
CUST103460,41,Wiraswasta,74790,633,19.6,13071,0,0,0,Kartu Kredit,Renovasi Rumah,19.62,432.0,789.0,263.0,1
CUST103461,36,Wiraswasta,64030,722,1.4,2932,0,0,0,Pinjaman Pribadi,Konsolidasi Hutang,9.71,121.0,112.0,37.0,1
CUST103462,39,Mahasiswa,39792,572,1.1,14,1,3,1,Kartu Kredit,Pribadi,22.84,467.0,101.0,34.0,0
CUST103463,33,Bekerja,29546,704,14.2,1765,0,0,0,Pinjaman Pribadi,Renovasi Rumah,11.39,0.1,1.933,644.0,1
CUST103464,30,Wiraswasta,73970,509,8.9,2548,0,0,2,Pinjaman Pribadi,Pendidikan,16.97,409.0,0.46,153.0,0
CUST103465,26,Bekerja,34657,675,1.4,30,0,0,0,Kredit Berjalan,Medis,10.57,308.0,961.0,0.32,1
CUST103466,32,Bekerja,23545,600,0.2,10,0,0,0,Kartu Kredit,Medis,19.2,584.0,1.13,377.0,0
CUST103467,47,Bekerja,64675,665,10.3,3659,0,2,0,Kartu Kredit,Bisnis,17.89,245.0,204.0,68.0,1
CUST103468,29,Bekerja,40280,658,7.5,1129,0,1,0,Pinjaman Pribadi,Bisnis,11.75,586.0,864.0,288.0,0
CUST103469,30,Wiraswasta,109382,624,9.6,9796,0,2,0,Kartu Kredit,Pribadi,19.62,265.0,533.0,178.0,1
CUST103470,34,Bekerja,45229,617,3.5,1080,0,4,0,Pinjaman Pribadi,Pendidikan,14.97,489.0,1.346,449.0,0
CUST103471,27,Mahasiswa,66317,561,2.9,5613,0,2,0,Kredit Berjalan,Pribadi,13.47,255.0,345.0,115.0,0
CUST103472,44,Bekerja,56155,576,3.3,120,0,0,0,Pinjaman Pribadi,Konsolidasi Hutang,16.51,81.0,885.0,295.0,0
CUST103473,32,Bekerja,17939,602,10.9,75,0,2,0,Kartu Kredit,Bisnis,20.29,454.0,1.204,401.0,0
CUST103474,28,Bekerja,35047,781,4.7,342,0,0,0,Kartu Kredit,Medis,15.48,147.0,845.0,282.0,1
CUST103475,32,Bekerja,20788,767,0.8,26,0,0,0,Pinjaman Pribadi,Pribadi,8.31,528.0,144.0,48.0,1
CUST103476,46,Bekerja,76522,645,19.1,3401,0,1,0,Kartu Kredit,Medis,20.41,136.0,706.0,235.0,1
CUST103477,26,Bekerja,19593,572,0.4,60,0,1,0,Pinjaman Pribadi,Medis,15.89,265.0,1.771,0.59,0
CUST103478,24,Bekerja,24945,575,0.2,133,0,3,0,Kredit Berjalan,Renovasi Rumah,13.4,241.0,0.77,257.0,0
CUST103479,46,Bekerja,50609,764,15.3,8917,0,0,0,Kredit Berjalan,Bisnis,6.26,441.0,352.0,117.0,1
CUST103480,37,Bekerja,23390,570,4.6,121,0,0,0,Kredit Berjalan,Medis,14.93,104.0,346.0,115.0,0
CUST103481,48,Bekerja,89099,705,10.9,1517,0,1,0,Kartu Kredit,Pribadi,16.23,517.0,621.0,207.0,1
CUST103482,42,Bekerja,37701,647,22.4,1454,0,0,0,Kredit Berjalan,Renovasi Rumah,11.29,214.0,419.0,0.14,1
CUST103483,37,Mahasiswa,15000,610,3.6,51,0,0,0,Kredit Berjalan,Pendidikan,12.81,78.0,373.0,124.0,1
CUST103484,28,Bekerja,39615,652,8.8,315,0,0,0,Pinjaman Pribadi,Pendidikan,11.39,389.0,1.09,363.0,1
CUST103485,37,Wiraswasta,72923,577,12.5,6619,0,3,0,Pinjaman Pribadi,Bisnis,16.2,128.0,1.081,0.36,0
CUST103486,35,Bekerja,42739,613,6.0,3316,0,1,0,Pinjaman Pribadi,Renovasi Rumah,13.32,354.0,131.0,44.0,1
CUST103487,19,Bekerja,61234,691,0.4,149,0,0,0,Kredit Berjalan,Bisnis,10.95,436.0,637.0,212.0,0
CUST103488,18,Bekerja,62259,675,1.6,274,0,0,0,Kartu Kredit,Bisnis,18.18,176.0,151.0,0.05,1
CUST103489,24,Bekerja,24933,713,1.6,234,0,1,0,Kartu Kredit,Pribadi,15.95,393.0,1.332,444.0,1
CUST103490,55,Bekerja,62093,751,4.7,1953,0,0,0,Kartu Kredit,Pribadi,15.13,502.0,116.0,39.0,1
CUST103491,47,Bekerja,70205,585,14.9,3698,0,0,0,Pinjaman Pribadi,Pribadi,16.82,246.0,1.424,475.0,0
CUST103492,33,Bekerja,28209,730,10.9,1217,0,1,0,Kartu Kredit,Medis,17.46,31.0,638.0,213.0,1
CUST103493,30,Bekerja,45572,661,0.3,340,0,0,0,Kredit Berjalan,Bisnis,9.21,122.0,228.0,76.0,1
CUST103494,35,Bekerja,94975,676,8.6,1634,0,0,0,Kartu Kredit,Konsolidasi Hutang,18.91,159.0,737.0,246.0,1
CUST103495,27,Mahasiswa,19736,554,5.7,37,0,0,0,Kartu Kredit,Pendidikan,22.27,238.0,101.0,34.0,1
CUST103496,49,Bekerja,28245,534,16.0,3635,0,1,0,Pinjaman Pribadi,Pribadi,15.44,218.0,1.271,424.0,0
CUST103497,22,Bekerja,17582,564,1.8,28,0,2,0,Kartu Kredit,Pribadi,21.39,647.0,614.0,205.0,0
CUST103498,59,Bekerja,41644,687,22.8,982,0,0,1,Kartu Kredit,Pendidikan,17.47,319.0,0.05,17.0,1
CUST103499,22,Bekerja,31011,492,2.4,205,0,0,0,Kredit Berjalan,Pendidikan,14.17,339.0,748.0,249.0,1
CUST103500,18,Bekerja,43038,539,1.6,92,0,0,0,Pinjaman Pribadi,Medis,15.67,307.0,1.348,449.0,0
CUST103501,20,Bekerja,20814,668,0.5,122,1,1,0,Kartu Kredit,Pendidikan,17.98,234.0,1.331,444.0,0
CUST103502,25,Mahasiswa,48172,594,0.6,12,0,2,0,Pinjaman Pribadi,Bisnis,15.89,409.0,1.225,408.0,0
CUST103503,42,Bekerja,28564,646,4.4,3879,0,0,0,Kartu Kredit,Renovasi Rumah,19.99,343.0,1.05,0.35,1
CUST103504,18,Bekerja,26908,499,0.3,18,1,1,0,Kartu Kredit,Pribadi,22.4,417.0,736.0,245.0,0
CUST103505,56,Bekerja,39921,665,0.7,532,0,0,0,Kartu Kredit,Medis,18.28,303.0,724.0,241.0,1
CUST103506,37,Bekerja,55067,574,9.9,12318,0,0,1,Kartu Kredit,Medis,22.88,301.0,1.271,424.0,0
CUST103507,47,Wiraswasta,34217,693,5.1,5381,0,0,0,Kartu Kredit,Pendidikan,17.29,84.0,342.0,114.0,1
CUST103508,18,Bekerja,27008,571,0.5,35,0,1,0,Kartu Kredit,Pribadi,22.96,212.0,759.0,253.0,0
CUST103509,60,Bekerja,56242,770,16.8,1670,0,1,0,Kartu Kredit,Medis,15.01,359.0,87.0,29.0,1
CUST103510,48,Bekerja,48431,715,11.9,3556,0,0,0,Kartu Kredit,Pribadi,16.33,0.41,1.367,456.0,1
CUST103511,60,Wiraswasta,100172,832,20.2,9515,0,0,0,Kartu Kredit,Pendidikan,15.58,283.0,699.0,233.0,1
CUST103512,26,Wiraswasta,41143,618,6.7,410,0,1,0,Kredit Berjalan,Konsolidasi Hutang,11.49,211.0,583.0,194.0,0
CUST103513,43,Wiraswasta,176957,683,10.9,8617,0,0,0,Kartu Kredit,Medis,18.2,159.0,303.0,101.0,1
CUST103514,47,Bekerja,39070,675,20.0,3173,0,1,0,Kartu Kredit,Pendidikan,18.51,344.0,1.369,456.0,1
CUST103515,53,Bekerja,55771,765,24.3,16247,0,0,0,Pinjaman Pribadi,Pribadi,9.78,279.0,1.662,554.0,1
CUST103516,46,Bekerja,39584,723,13.5,18017,0,1,0,Kredit Berjalan,Konsolidasi Hutang,7.76,446.0,568.0,189.0,0
CUST103517,26,Bekerja,52021,667,3.5,631,0,0,0,Kartu Kredit,Konsolidasi Hutang,18.62,447.0,0.1,33.0,0
CUST103518,27,Wiraswasta,92794,693,4.0,1067,0,0,0,Kartu Kredit,Pendidikan,18.11,374.0,0.41,137.0,1
CUST103519,23,Mahasiswa,20613,624,2.9,47,0,3,0,Kredit Berjalan,Pribadi,12.9,237.0,0.49,163.0,0
CUST103520,29,Bekerja,52775,698,3.4,1307,0,1,0,Pinjaman Pribadi,Bisnis,12.89,397.0,1.734,578.0,0
CUST103521,38,Bekerja,70190,691,1.4,747,0,0,0,Pinjaman Pribadi,Medis,11.69,179.0,1.425,475.0,1
CUST103522,39,Wiraswasta,47489,737,11.2,23287,0,0,0,Kartu Kredit,Pendidikan,16.01,478.0,1.369,456.0,1
CUST103523,32,Wiraswasta,101958,560,12.7,24918,0,0,2,Kartu Kredit,Renovasi Rumah,22.89,188.0,687.0,229.0,1
CUST103524,45,Bekerja,47986,638,22.6,9792,0,0,0,Kartu Kredit,Renovasi Rumah,20.56,94.0,1.14,0.38,1
CUST103525,34,Bekerja,44112,532,12.0,191,0,0,1,Pinjaman Pribadi,Konsolidasi Hutang,16.53,378.0,1.065,355.0,0
CUST103526,23,Mahasiswa,15000,623,4.7,1650,0,0,0,Kartu Kredit,Renovasi Rumah,20.5,303.0,0.1,33.0,1
CUST103527,30,Mahasiswa,15000,648,10.7,157,0,2,0,Pinjaman Pribadi,Bisnis,13.16,88.0,1.76,587.0,0
CUST103528,70,Bekerja,33088,733,3.1,906,0,0,0,Kartu Kredit,Pribadi,15.62,0.15,0.1,33.0,1
CUST103529,27,Bekerja,30045,627,7.8,1216,0,0,1,Kredit Berjalan,Medis,12.09,353.0,543.0,181.0,0
CUST103530,32,Wiraswasta,95565,686,9.3,3160,0,0,0,Kartu Kredit,Medis,18.59,495.0,722.0,241.0,0
CUST103531,41,Bekerja,31518,651,4.0,741,0,0,0,Kartu Kredit,Medis,17.31,468.0,784.0,261.0,1
CUST103532,46,Bekerja,40904,692,15.4,898,0,0,0,Pinjaman Pribadi,Medis,12.44,158.0,592.0,197.0,1
CUST103533,22,Wiraswasta,48713,537,0.1,10,0,1,1,Kartu Kredit,Konsolidasi Hutang,23.0,299.0,1.016,339.0,0
CUST103534,18,Bekerja,36307,595,0.8,694,0,1,0,Kredit Berjalan,Bisnis,14.14,337.0,388.0,129.0,0
CUST103535,34,Bekerja,42925,551,15.6,2778,0,1,0,Kredit Berjalan,Pribadi,13.3,0.27,433.0,144.0,0
CUST103536,21,Bekerja,75023,630,0.9,20,0,0,0,Kartu Kredit,Pribadi,19.33,13.0,933.0,311.0,1
CUST103537,34,Wiraswasta,145322,675,13.5,5336,0,1,0,Kartu Kredit,Medis,18.32,36.0,334.0,111.0,1
CUST103538,40,Bekerja,46389,698,11.9,5021,0,0,0,Kartu Kredit,Medis,17.15,351.0,1.089,363.0,1
CUST103539,40,Bekerja,54933,756,6.5,515,0,0,0,Pinjaman Pribadi,Pendidikan,9.11,297.0,0.1,33.0,1
CUST103540,37,Bekerja,27070,584,14.8,7423,0,1,1,Pinjaman Pribadi,Pribadi,15.12,375.0,1.866,622.0,0
CUST103541,33,Bekerja,86688,696,5.6,1327,0,0,0,Pinjaman Pribadi,Pendidikan,12.6,347.0,1.154,385.0,1
CUST103542,40,Bekerja,17875,595,1.4,3,0,0,1,Pinjaman Pribadi,Pendidikan,16.47,0.03,1.863,621.0,0
CUST103543,28,Bekerja,46662,663,5.8,837,0,0,0,Kartu Kredit,Pribadi,18.21,168.0,696.0,232.0,1
CUST103544,18,Bekerja,33633,585,0.5,53,0,0,0,Kredit Berjalan,Bisnis,13.62,0.5,0.3,0.1,0
CUST103545,40,Mahasiswa,15000,755,14.0,681,0,0,0,Kartu Kredit,Konsolidasi Hutang,14.72,0.21,0.1,33.0,1
CUST103546,49,Bekerja,37401,683,3.7,426,0,0,0,Pinjaman Pribadi,Bisnis,11.31,0.09,567.0,189.0,1
CUST103547,39,Wiraswasta,49109,644,18.9,429,0,0,0,Kartu Kredit,Pribadi,20.96,0.42,1.326,442.0,1
CUST103548,28,Bekerja,21803,667,0.5,8,0,2,0,Kredit Berjalan,Pribadi,10.38,93.0,404.0,135.0,0
CUST103549,18,Bekerja,23527,561,1.6,29,0,0,0,Pinjaman Pribadi,Pendidikan,16.85,385.0,1.828,609.0,0
CUST103550,53,Wiraswasta,15451,630,16.9,101,0,1,0,Pinjaman Pribadi,Medis,14.21,379.0,615.0,205.0,0
CUST103551,27,Bekerja,37899,611,8.3,9623,0,0,0,Pinjaman Pribadi,Medis,13.65,98.0,1.615,538.0,0
CUST103552,18,Bekerja,30230,594,0.4,92,0,0,0,Kartu Kredit,Renovasi Rumah,21.79,658.0,827.0,276.0,0
CUST103553,36,Wiraswasta,77313,688,2.6,7643,0,0,0,Pinjaman Pribadi,Pendidikan,11.6,99.0,224.0,75.0,1
CUST103554,46,Wiraswasta,20650,623,1.7,109,0,1,0,Kartu Kredit,Medis,20.31,118.0,354.0,118.0,0
CUST103555,40,Mahasiswa,15000,711,17.5,578,0,0,0,Pinjaman Pribadi,Pribadi,10.78,626.0,0.84,0.28,0
CUST103556,31,Bekerja,73965,645,12.5,14353,0,0,0,Kredit Berjalan,Medis,11.57,428.0,166.0,55.0,1
CUST103557,48,Wiraswasta,57333,529,23.1,6908,0,0,0,Pinjaman Pribadi,Bisnis,17.0,131.0,0.97,323.0,0
CUST103558,47,Bekerja,20490,665,1.6,72,0,0,0,Pinjaman Pribadi,Pendidikan,12.56,359.0,1.615,538.0,1
CUST103559,39,Bekerja,37402,689,6.7,3604,0,0,0,Kartu Kredit,Konsolidasi Hutang,18.37,264.0,0.89,297.0,1
CUST103560,36,Bekerja,28866,676,11.6,2376,0,0,0,Pinjaman Pribadi,Konsolidasi Hutang,12.82,671.0,1.895,632.0,0
CUST103561,43,Bekerja,85202,636,18.5,11198,0,0,0,Kartu Kredit,Pribadi,20.81,52.0,822.0,274.0,1
CUST103562,38,Wiraswasta,26469,601,8.7,555,0,1,0,Kartu Kredit,Renovasi Rumah,20.77,252.0,355.0,118.0,1
CUST103563,65,Wiraswasta,93351,742,1.2,171,0,0,0,Pinjaman Pribadi,Renovasi Rumah,10.42,0.22,303.0,101.0,1
CUST103564,29,Wiraswasta,62139,674,0.0,0,0,1,0,Pinjaman Pribadi,Medis,11.43,348.0,1.238,413.0,0
CUST103565,30,Wiraswasta,57459,639,1.1,90,0,0,0,Pinjaman Pribadi,Medis,13.93,208.0,186.0,62.0,1
CUST103566,25,Bekerja,40446,564,0.5,141,0,0,1,Kartu Kredit,Bisnis,22.95,441.0,1.3,433.0,0
CUST103567,45,Bekerja,57848,675,26.2,9809,0,0,0,Pinjaman Pribadi,Pribadi,11.47,145.0,709.0,236.0,1
CUST103568,34,Bekerja,42361,634,14.1,102,0,1,0,Pinjaman Pribadi,Bisnis,13.98,193.0,1.246,415.0,0
CUST103569,49,Bekerja,60463,703,8.1,2920,0,0,0,Kredit Berjalan,Medis,9.03,316.0,676.0,225.0,1
CUST103570,34,Mahasiswa,15000,652,11.8,1,0,0,0,Pinjaman Pribadi,Konsolidasi Hutang,11.21,364.0,1.56,0.52,0
CUST103571,32,Bekerja,130372,728,10.3,1296,0,0,0,Pinjaman Pribadi,Bisnis,9.72,108.0,767.0,256.0,1
CUST103572,31,Bekerja,60670,676,5.5,72,0,1,0,Kartu Kredit,Konsolidasi Hutang,17.7,212.0,562.0,187.0,1
CUST103573,61,Bekerja,66183,703,12.7,5255,0,0,0,Kartu Kredit,Pendidikan,16.57,289.0,0.19,63.0,1
CUST103574,40,Mahasiswa,18155,778,2.0,14,0,0,0,Kartu Kredit,Pendidikan,14.9,301.0,99.0,33.0,1
CUST103575,42,Bekerja,50823,600,0.3,128,0,2,0,Pinjaman Pribadi,Pendidikan,14.44,0.16,1.389,463.0,0
CUST103576,53,Bekerja,51763,653,12.4,564,0,0,0,Kredit Berjalan,Pendidikan,10.95,511.0,153.0,51.0,1
CUST103577,54,Wiraswasta,75978,682,10.4,1606,0,0,0,Kartu Kredit,Bisnis,17.77,93.0,699.0,233.0,1
CUST103578,56,Mahasiswa,43914,733,28.8,1568,0,0,0,Pinjaman Pribadi,Pribadi,10.09,208.0,704.0,235.0,1
CUST103579,44,Mahasiswa,37333,700,7.2,157,0,0,0,Kartu Kredit,Renovasi Rumah,15.6,0.11,99.0,33.0,1
CUST103580,50,Bekerja,38196,678,28.7,10689,0,0,0,Pinjaman Pribadi,Pendidikan,11.87,381.0,1.835,612.0,1
CUST103581,38,Bekerja,40069,691,14.0,37,0,1,1,Kredit Berjalan,Pribadi,10.91,69.0,182.0,61.0,1
CUST103582,40,Bekerja,20350,610,2.1,375,0,0,0,Kartu Kredit,Pendidikan,20.7,315.0,138.0,46.0,1
CUST103583,38,Bekerja,53803,684,1.6,140,0,0,0,Pinjaman Pribadi,Pribadi,11.49,0.15,1.264,421.0,1
CUST103584,51,Bekerja,57692,657,14.8,59994,0,1,0,Pinjaman Pribadi,Bisnis,11.97,271.0,1.317,439.0,1
CUST103585,42,Bekerja,39963,569,5.1,66,0,0,0,Pinjaman Pribadi,Medis,15.06,57.0,443.0,148.0,0
CUST103586,34,Wiraswasta,68246,639,9.3,945,0,0,0,Kartu Kredit,Medis,19.79,403.0,1.026,342.0,1
CUST103587,18,Bekerja,42571,651,0.9,13,0,0,0,Pinjaman Pribadi,Bisnis,11.76,492.0,1.278,426.0,0
CUST103588,18,Bekerja,40989,555,1.6,820,0,0,1,Kartu Kredit,Bisnis,22.02,255.0,1.073,358.0,0
CUST103589,33,Bekerja,100647,731,7.1,3233,0,0,0,Kartu Kredit,Pribadi,17.13,353.0,176.0,59.0,1
CUST103590,32,Bekerja,21474,463,6.7,40,0,1,0,Pinjaman Pribadi,Renovasi Rumah,15.36,174.0,1.313,438.0,0
CUST103591,39,Bekerja,57080,602,16.5,2443,0,1,0,Kredit Berjalan,Medis,11.89,0.16,596.0,199.0,1
CUST103592,29,Bekerja,49947,647,4.3,32,0,1,0,Kartu Kredit,Renovasi Rumah,19.58,47.0,1.133,378.0,0
CUST103593,39,Bekerja,34649,716,8.3,192,0,0,0,Kartu Kredit,Pendidikan,15.68,0.51,1.166,389.0,0
CUST103594,36,Bekerja,76486,652,13.7,11903,0,0,0,Kartu Kredit,Renovasi Rumah,18.94,253.0,915.0,305.0,1
CUST103595,49,Bekerja,20545,726,21.8,91584,0,1,0,Pinjaman Pribadi,Pribadi,10.92,193.0,1.348,449.0,1
CUST103596,25,Wiraswasta,52167,609,1.9,91,0,0,0,Kartu Kredit,Konsolidasi Hutang,19.01,243.0,289.0,96.0,1
CUST103597,48,Wiraswasta,33594,587,2.9,1597,0,3,0,Kartu Kredit,Bisnis,22.85,184.0,1.369,456.0,0
CUST103598,41,Wiraswasta,42619,511,17.3,20804,0,1,0,Pinjaman Pribadi,Renovasi Rumah,16.7,371.0,282.0,94.0,1
CUST103599,43,Bekerja,26981,715,23.2,15781,0,0,0,Kredit Berjalan,Konsolidasi Hutang,8.66,417.0,426.0,142.0,1
CUST103600,36,Wiraswasta,48624,719,12.4,297,0,0,0,Kredit Berjalan,Renovasi Rumah,8.28,94.0,175.0,58.0,1
CUST103601,28,Bekerja,55475,694,4.9,1805,0,1,0,Kredit Berjalan,Pendidikan,9.2,109.0,411.0,137.0,1
CUST103602,50,Bekerja,71035,697,18.0,8249,0,1,0,Kartu Kredit,Pendidikan,17.88,191.0,573.0,191.0,1
CUST103603,28,Bekerja,27208,730,1.6,196,0,0,0,Pinjaman Pribadi,Konsolidasi Hutang,9.53,174.0,753.0,251.0,1
CUST103604,33,Mahasiswa,15609,561,5.4,214,0,1,0,Pinjaman Pribadi,Pendidikan,16.11,283.0,1.57,523.0,0
CUST103605,61,Wiraswasta,58839,636,28.4,1361,0,2,0,Kredit Berjalan,Bisnis,11.24,333.0,471.0,157.0,1
CUST103606,26,Wiraswasta,50234,536,1.0,785,0,0,0,Kredit Berjalan,Pribadi,13.8,178.0,253.0,84.0,0
CUST103607,43,Bekerja,52858,588,22.9,9547,0,0,0,Pinjaman Pribadi,Bisnis,16.04,375.0,965.0,322.0,0
CUST103608,45,Bekerja,102917,643,16.3,3145,0,1,0,Kredit Berjalan,Konsolidasi Hutang,11.94,551.0,449.0,0.15,0
CUST103609,28,Bekerja,37169,627,0.2,63,0,1,0,Kartu Kredit,Pendidikan,19.22,288.0,296.0,99.0,1
CUST103610,28,Mahasiswa,16518,712,8.6,330,0,0,0,Kartu Kredit,Pendidikan,15.7,309.0,103.0,34.0,1
CUST103611,33,Bekerja,39521,742,14.1,1365,0,0,0,Kartu Kredit,Pendidikan,17.47,183.0,1.05,0.35,1
CUST103612,24,Bekerja,78780,656,5.5,34023,0,0,0,Kredit Berjalan,Medis,10.2,252.0,319.0,106.0,1
CUST103613,28,Bekerja,27633,615,2.3,214,0,1,0,Kartu Kredit,Bisnis,19.57,188.0,872.0,291.0,1
CUST103614,54,Bekerja,112254,745,9.8,2158,0,1,0,Kredit Berjalan,Pendidikan,8.85,301.0,371.0,124.0,1
CUST103615,42,Mahasiswa,22024,594,8.0,2471,0,1,1,Kartu Kredit,Pribadi,22.04,208.0,0.1,33.0,1
CUST103616,46,Bekerja,40639,717,0.4,14,0,1,0,Kredit Berjalan,Pendidikan,8.77,483.0,647.0,216.0,1
CUST103617,37,Bekerja,32716,542,3.3,482,0,1,0,Pinjaman Pribadi,Pendidikan,15.58,0.23,1.434,478.0,0
CUST103618,51,Bekerja,48298,552,11.5,1147,0,1,1,Pinjaman Pribadi,Renovasi Rumah,16.69,253.0,0.36,0.12,0
CUST103619,37,Bekerja,80926,682,15.6,3569,0,0,0,Kredit Berjalan,Renovasi Rumah,9.16,224.0,563.0,188.0,1
CUST103620,18,Bekerja,33625,578,1.1,43,0,0,1,Pinjaman Pribadi,Medis,15.52,0.29,1.558,519.0,0
CUST103621,30,Bekerja,43517,683,11.6,5262,0,0,0,Kartu Kredit,Medis,18.5,265.0,533.0,178.0,1
CUST103622,42,Bekerja,30768,761,17.0,8636,0,0,0,Kartu Kredit,Pribadi,14.36,46.0,1.232,411.0,1
CUST103623,18,Wiraswasta,113595,627,1.3,148,0,0,0,Kartu Kredit,Pendidikan,20.22,264.0,616.0,205.0,1
CUST103624,47,Wiraswasta,35528,734,17.4,853,0,0,0,Kartu Kredit,Bisnis,17.21,558.0,0.96,0.32,0
CUST103625,47,Bekerja,49443,660,20.8,1632,0,0,0,Pinjaman Pribadi,Bisnis,11.97,253.0,372.0,124.0,1
CUST103626,32,Wiraswasta,126216,710,1.8,3071,0,0,0,Kartu Kredit,Bisnis,15.82,388.0,555.0,185.0,1
CUST103627,48,Wiraswasta,32292,782,21.1,1808,0,0,0,Kredit Berjalan,Pendidikan,6.2,387.0,461.0,154.0,1
CUST103628,29,Wiraswasta,53778,629,8.7,400,0,3,0,Kartu Kredit,Bisnis,19.95,555.0,1.302,434.0,0
CUST103629,32,Wiraswasta,117997,634,13.7,2466,0,0,0,Pinjaman Pribadi,Pribadi,13.57,499.0,847.0,282.0,1
CUST103630,18,Bekerja,27104,566,2.0,177,1,0,0,Pinjaman Pribadi,Bisnis,16.56,88.0,443.0,148.0,0
CUST103631,33,Mahasiswa,15000,686,6.1,118,0,0,0,Kartu Kredit,Pendidikan,18.47,165.0,0.1,33.0,1
CUST103632,19,Bekerja,60328,576,0.4,165,0,1,0,Kredit Berjalan,Bisnis,13.68,182.0,385.0,128.0,0
CUST103633,56,Wiraswasta,124321,701,17.1,6963,0,1,0,Pinjaman Pribadi,Medis,10.39,431.0,804.0,268.0,1
CUST103634,39,Bekerja,48201,614,15.3,1140,0,1,0,Kartu Kredit,Medis,20.63,345.0,1.037,346.0,1
CUST103635,34,Wiraswasta,42793,592,3.1,1158,0,0,0,Pinjaman Pribadi,Bisnis,16.32,384.0,0.36,0.12,0
CUST103636,49,Bekerja,34306,641,19.7,7496,0,0,0,Kartu Kredit,Pendidikan,19.15,112.0,901.0,0.3,1
CUST103637,51,Bekerja,56588,702,9.2,4830,0,0,0,Pinjaman Pribadi,Renovasi Rumah,11.33,294.0,136.0,45.0,1
CUST103638,39,Bekerja,61238,580,16.6,1618,0,0,0,Pinjaman Pribadi,Pribadi,16.63,183.0,255.0,85.0,1
CUST103639,18,Bekerja,54716,521,0.4,1,0,1,1,Pinjaman Pribadi,Medis,16.28,129.0,652.0,217.0,0
CUST103640,23,Bekerja,26582,615,3.6,478,0,0,0,Kartu Kredit,Pendidikan,20.02,229.0,1.234,411.0,0
CUST103641,18,Bekerja,27136,602,1.7,108,0,0,0,Pinjaman Pribadi,Medis,13.28,193.0,1.902,634.0,0
CUST103642,19,Wiraswasta,61428,723,1.6,756,0,0,0,Pinjaman Pribadi,Bisnis,11.26,178.0,0.07,23.0,1
CUST103643,39,Wiraswasta,55140,647,5.2,89,0,0,0,Kredit Berjalan,Medis,12.31,302.0,615.0,205.0,1
CUST103644,58,Bekerja,74455,666,13.8,4003,0,1,0,Kartu Kredit,Pendidikan,18.89,363.0,539.0,0.18,1
CUST103645,37,Wiraswasta,81794,639,17.0,13493,0,1,0,Kartu Kredit,Pendidikan,19.99,579.0,856.0,285.0,0
CUST103646,33,Bekerja,37104,594,1.9,1993,0,0,0,Kredit Berjalan,Medis,14.2,193.0,838.0,279.0,0
CUST103647,42,Bekerja,53111,729,13.5,7961,0,0,0,Kartu Kredit,Medis,15.73,94.0,0.23,77.0,1
CUST103648,33,Bekerja,47970,641,4.9,3045,0,2,0,Pinjaman Pribadi,Pribadi,13.2,64.0,1.021,0.34,0
CUST103649,36,Mahasiswa,21224,703,2.5,2142,0,0,0,Pinjaman Pribadi,Renovasi Rumah,10.92,301.0,47.0,16.0,1
CUST103650,46,Bekerja,35333,683,27.4,789,0,1,0,Kredit Berjalan,Medis,10.6,489.0,425.0,142.0,0
CUST103651,25,Bekerja,18301,600,5.7,964,0,1,0,Pinjaman Pribadi,Pribadi,13.94,258.0,978.0,326.0,1
CUST103652,30,Bekerja,35649,501,10.5,809,1,0,2,Pinjaman Pribadi,Pendidikan,15.3,352.0,334.0,111.0,0
CUST103653,49,Bekerja,72361,600,15.9,623,0,1,0,Pinjaman Pribadi,Pendidikan,14.79,118.0,1.339,446.0,1
CUST103654,35,Bekerja,50369,625,4.3,28568,0,1,0,Pinjaman Pribadi,Medis,13.18,325.0,0.04,13.0,1
CUST103655,27,Wiraswasta,91195,556,7.9,665,0,2,0,Kredit Berjalan,Pendidikan,13.01,151.0,407.0,136.0,1
CUST103656,55,Bekerja,110113,736,20.5,53743,0,0,0,Kredit Berjalan,Renovasi Rumah,8.33,141.0,211.0,0.07,1
CUST103657,36,Wiraswasta,27343,603,11.3,375,1,1,0,Kartu Kredit,Konsolidasi Hutang,19.21,105.0,44.0,15.0,0
CUST103658,53,Bekerja,51044,772,26.0,434,0,0,0,Kartu Kredit,Bisnis,15.68,505.0,286.0,95.0,1
CUST103659,46,Bekerja,24531,663,4.6,1388,0,0,0,Kartu Kredit,Pribadi,17.59,376.0,167.0,56.0,1
CUST103660,45,Mahasiswa,33693,616,8.4,142,0,1,0,Pinjaman Pribadi,Pendidikan,14.21,417.0,418.0,139.0,1
CUST103661,43,Wiraswasta,67521,695,9.5,10605,0,0,0,Kredit Berjalan,Konsolidasi Hutang,9.34,417.0,388.0,129.0,1
CUST103662,50,Bekerja,31945,698,15.1,3050,0,0,0,Kartu Kredit,Bisnis,18.15,0.43,1.205,402.0,0
CUST103663,41,Bekerja,66174,609,14.5,12523,0,1,0,Kredit Berjalan,Bisnis,12.18,187.0,654.0,218.0,1
CUST103664,18,Bekerja,15000,668,0.2,10,0,0,0,Kartu Kredit,Pribadi,18.96,0.17,0.7,233.0,1
CUST103665,42,Bekerja,78957,730,16.9,158,0,0,0,Pinjaman Pribadi,Pendidikan,9.52,123.0,422.0,141.0,1
CUST103666,18,Bekerja,29804,589,0.9,598,0,0,1,Kredit Berjalan,Pendidikan,14.02,172.0,315.0,105.0,0
CUST103667,27,Bekerja,37483,539,1.9,12,0,0,0,Kartu Kredit,Medis,21.6,132.0,1.048,349.0,0
CUST103668,36,Bekerja,27834,631,6.2,393,0,0,0,Pinjaman Pribadi,Konsolidasi Hutang,13.29,115.0,122.0,41.0,1
CUST103669,27,Bekerja,22617,544,5.8,269,1,2,0,Kartu Kredit,Pendidikan,22.1,41.0,451.0,0.15,0
CUST103670,18,Wiraswasta,55133,538,1.4,704,0,0,0,Kredit Berjalan,Pendidikan,14.79,307.0,256.0,85.0,1
CUST103671,54,Bekerja,46749,682,21.1,19940,0,0,2,Pinjaman Pribadi,Medis,11.44,227.0,329.0,0.11,1
CUST103672,31,Bekerja,18969,576,7.7,129,0,1,0,Pinjaman Pribadi,Renovasi Rumah,16.49,169.0,1.439,0.48,0
CUST103673,19,Bekerja,93601,690,0.7,1486,0,0,0,Pinjaman Pribadi,Konsolidasi Hutang,11.31,405.0,637.0,212.0,0
CUST103674,30,Bekerja,28095,693,6.6,63,0,0,0,Kredit Berjalan,Medis,9.49,334.0,381.0,127.0,1
CUST103675,37,Bekerja,28659,750,4.5,1465,0,0,0,Kartu Kredit,Renovasi Rumah,14.11,67.0,754.0,251.0,1
CUST103676,33,Mahasiswa,27493,501,7.5,699,0,1,0,Kartu Kredit,Renovasi Rumah,21.27,91.0,98.0,33.0,1
CUST103677,27,Bekerja,26426,614,3.9,15,0,1,0,Kartu Kredit,Pribadi,19.4,386.0,1.374,458.0,0
CUST103678,41,Bekerja,24447,679,16.7,1972,0,0,0,Pinjaman Pribadi,Pribadi,12.72,145.0,0.99,0.33,1
CUST103679,28,Bekerja,27580,555,2.6,94,0,2,1,Pinjaman Pribadi,Pendidikan,16.89,214.0,1.519,506.0,0
CUST103680,44,Bekerja,73544,674,19.2,3067,0,0,0,Pinjaman Pribadi,Pribadi,12.55,326.0,878.0,293.0,1
CUST103681,42,Wiraswasta,52182,606,20.1,2339,0,0,0,Kredit Berjalan,Pendidikan,11.68,578.0,563.0,188.0,0
CUST103682,51,Bekerja,91491,741,1.6,1192,0,0,0,Kartu Kredit,Pendidikan,17.0,236.0,659.0,0.22,1
CUST103683,41,Mahasiswa,43656,613,17.0,5835,0,0,0,Kredit Berjalan,Pribadi,12.36,237.0,202.0,67.0,1
CUST103684,34,Bekerja,54785,611,3.2,330,0,1,0,Pinjaman Pribadi,Medis,14.91,359.0,1.725,575.0,0
CUST103685,50,Bekerja,68311,735,23.8,469,0,0,0,Kartu Kredit,Bisnis,16.4,221.0,571.0,0.19,1
CUST103686,53,Bekerja,39530,693,21.7,18499,0,0,0,Kartu Kredit,Medis,18.16,76.0,0.23,77.0,1
CUST103687,51,Bekerja,36108,680,28.0,5713,1,1,0,Kredit Berjalan,Renovasi Rumah,9.08,0.53,546.0,182.0,0
CUST103688,53,Bekerja,146435,776,18.3,1074,0,0,0,Kartu Kredit,Renovasi Rumah,15.07,129.0,478.0,159.0,1
CUST103689,32,Wiraswasta,48290,625,3.8,67,0,1,0,Kartu Kredit,Konsolidasi Hutang,19.39,127.0,847.0,282.0,0
CUST103690,32,Bekerja,27405,710,0.4,277,1,1,0,Pinjaman Pribadi,Medis,11.02,109.0,1.197,399.0,0
CUST103691,38,Wiraswasta,69556,740,16.1,474,0,0,0,Kredit Berjalan,Renovasi Rumah,8.79,362.0,413.0,138.0,1
CUST103692,36,Wiraswasta,15945,646,12.5,2223,0,0,0,Kartu Kredit,Medis,20.71,131.0,245.0,82.0,1
CUST103693,21,Bekerja,27264,688,0.9,36,0,0,1,Kartu Kredit,Pendidikan,18.71,284.0,33.0,11.0,1
CUST103694,37,Bekerja,78859,598,18.9,1241,1,1,1,Pinjaman Pribadi,Pendidikan,16.37,427.0,988.0,329.0,0
CUST103695,45,Bekerja,39314,754,19.0,4496,0,1,0,Kredit Berjalan,Bisnis,6.32,254.0,412.0,137.0,1
CUST103696,28,Bekerja,28113,724,1.6,706,0,0,0,Pinjaman Pribadi,Bisnis,11.29,428.0,1.334,445.0,1
CUST103697,30,Wiraswasta,25726,665,12.0,256,0,0,0,Kartu Kredit,Bisnis,17.11,593.0,579.0,193.0,0
CUST103698,18,Bekerja,31377,590,0.1,4,0,3,0,Pinjaman Pribadi,Medis,15.84,271.0,736.0,245.0,0
CUST103699,35,Mahasiswa,48702,568,10.6,1726,0,2,0,Kartu Kredit,Pribadi,22.83,613.0,101.0,34.0,0
CUST103700,24,Bekerja,38877,632,3.1,331,0,0,0,Pinjaman Pribadi,Bisnis,14.61,524.0,1.35,0.45,0
CUST103701,33,Bekerja,41868,668,14.8,46260,1,2,0,Kartu Kredit,Pribadi,17.44,562.0,1.084,361.0,0
CUST103702,31,Wiraswasta,233857,715,3.6,13811,0,1,0,Kredit Berjalan,Pendidikan,7.8,119.0,214.0,71.0,1
CUST103703,31,Bekerja,16016,590,12.1,401,0,3,0,Pinjaman Pribadi,Medis,15.95,262.0,412.0,137.0,0
CUST103704,18,Bekerja,30080,623,1.4,266,0,1,0,Kredit Berjalan,Pendidikan,11.16,409.0,778.0,259.0,0
CUST103705,34,Bekerja,15000,576,8.7,215,0,0,1,Kredit Berjalan,Medis,13.0,55.0,0.64,213.0,0
CUST103706,39,Bekerja,30156,683,20.1,2016,0,0,1,Pinjaman Pribadi,Renovasi Rumah,12.96,61.0,1.36,453.0,1
CUST103707,39,Bekerja,54688,724,4.0,469,0,1,0,Kartu Kredit,Pendidikan,15.66,115.0,0.98,327.0,1
CUST103708,45,Mahasiswa,15000,661,24.3,126,0,0,0,Kredit Berjalan,Renovasi Rumah,10.85,0.12,767.0,256.0,1
CUST103709,18,Bekerja,19982,722,1.9,184,0,0,0,Kartu Kredit,Bisnis,16.59,273.0,646.0,215.0,1
CUST103710,33,Wiraswasta,122988,601,8.3,2860,0,0,0,Pinjaman Pribadi,Bisnis,13.05,354.0,813.0,271.0,1
CUST103711,41,Bekerja,29025,634,11.6,27894,0,0,1,Pinjaman Pribadi,Pribadi,14.51,266.0,238.0,79.0,1
CUST103712,26,Bekerja,57920,605,1.7,1178,0,0,0,Kartu Kredit,Pribadi,20.76,193.0,112.0,37.0,1
CUST103713,29,Bekerja,74283,511,7.5,1786,0,0,0,Pinjaman Pribadi,Bisnis,15.6,336.0,1.346,449.0,0
CUST103714,39,Bekerja,56917,686,21.0,5756,0,0,0,Pinjaman Pribadi,Pendidikan,12.6,378.0,1.757,586.0,1
CUST103715,34,Wiraswasta,79764,546,6.9,5391,0,0,0,Kartu Kredit,Pendidikan,22.62,116.0,878.0,293.0,1
CUST103716,61,Bekerja,43790,679,21.6,388,0,0,0,Kartu Kredit,Medis,18.18,69.0,372.0,124.0,1
CUST103717,26,Bekerja,55858,573,0.3,339,0,0,0,Pinjaman Pribadi,Pribadi,15.57,501.0,1.695,565.0,0
CUST103718,41,Bekerja,64096,684,18.1,2722,0,0,0,Kredit Berjalan,Medis,10.4,346.0,732.0,244.0,0
CUST103719,28,Wiraswasta,33202,595,0.6,29,0,0,0,Kartu Kredit,Medis,21.76,115.0,1.37,457.0,0
CUST103720,53,Bekerja,67384,588,4.2,81,0,1,0,Kartu Kredit,Konsolidasi Hutang,21.55,544.0,1.039,346.0,0
CUST103721,48,Wiraswasta,54114,784,21.9,206,0,0,0,Kartu Kredit,Pendidikan,15.97,596.0,78.0,26.0,0
CUST103722,37,Bekerja,69248,598,17.1,34970,0,0,0,Kartu Kredit,Renovasi Rumah,21.75,237.0,1.011,337.0,1
CUST103723,26,Mahasiswa,33580,626,1.8,206,0,0,0,Kartu Kredit,Pendidikan,20.14,38.0,101.0,34.0,1
CUST103724,54,Mahasiswa,37587,663,18.5,9668,0,0,0,Pinjaman Pribadi,Bisnis,12.23,313.0,966.0,322.0,1
CUST103725,50,Bekerja,79011,759,15.4,1945,0,0,0,Kartu Kredit,Konsolidasi Hutang,15.81,293.0,411.0,137.0,1
CUST103726,27,Bekerja,57463,548,0.6,486,0,1,1,Kartu Kredit,Pendidikan,21.15,402.0,915.0,305.0,0
CUST103727,24,Bekerja,34710,821,0.3,104,0,0,0,Kredit Berjalan,Pendidikan,6.56,64.0,357.0,119.0,1
CUST103728,35,Mahasiswa,15000,681,16.6,1148,0,1,0,Kredit Berjalan,Bisnis,10.44,453.0,873.0,291.0,0
CUST103729,48,Bekerja,31841,634,3.4,473,0,2,0,Pinjaman Pribadi,Renovasi Rumah,13.41,166.0,1.592,531.0,0
CUST103730,52,Bekerja,69987,580,15.7,824,0,1,0,Pinjaman Pribadi,Pribadi,16.17,377.0,1.405,468.0,0
CUST103731,18,Bekerja,15000,547,0.7,28,1,3,1,Kartu Kredit,Bisnis,22.58,0.05,0.76,253.0,0
CUST103732,48,Bekerja,35909,685,21.4,6974,0,0,0,Kredit Berjalan,Pribadi,10.33,0.47,501.0,167.0,1
CUST103733,18,Bekerja,15000,665,0.3,0,0,0,0,Kartu Kredit,Pendidikan,17.91,243.0,53.0,18.0,1
CUST103734,47,Wiraswasta,81440,713,24.8,20222,0,0,0,Kredit Berjalan,Konsolidasi Hutang,9.26,128.0,378.0,126.0,1
CUST103735,45,Mahasiswa,15000,681,16.1,796,0,0,0,Kartu Kredit,Bisnis,17.62,254.0,0.1,33.0,1
CUST103736,53,Bekerja,33254,648,14.2,392,0,0,0,Kredit Berjalan,Renovasi Rumah,11.23,96.0,689.0,0.23,1
CUST103737,45,Bekerja,57983,521,25.5,676,1,4,0,Kartu Kredit,Pendidikan,22.77,146.0,443.0,148.0,0
CUST103738,19,Bekerja,20194,627,0.8,106,0,0,0,Pinjaman Pribadi,Pribadi,13.68,0.3,911.0,304.0,1
CUST103739,30,Bekerja,51253,683,8.5,6405,0,0,0,Pinjaman Pribadi,Pribadi,12.31,235.0,691.0,0.23,1
CUST103740,20,Bekerja,38402,660,1.9,77,0,3,0,Kartu Kredit,Pendidikan,18.33,182.0,372.0,124.0,0
CUST103741,42,Bekerja,26122,722,17.0,5929,0,0,0,Kartu Kredit,Pendidikan,16.62,294.0,126.0,42.0,1
CUST103742,51,Bekerja,34520,717,12.7,1418,0,0,0,Kredit Berjalan,Renovasi Rumah,8.39,399.0,426.0,142.0,1
CUST103743,26,Bekerja,46774,664,1.0,734,0,0,0,Kartu Kredit,Pribadi,17.35,553.0,505.0,168.0,0
CUST103744,63,Wiraswasta,32058,685,22.4,5556,0,1,0,Kredit Berjalan,Renovasi Rumah,10.52,129.0,711.0,237.0,1
CUST103745,18,Bekerja,20396,610,1.1,1132,0,0,0,Kredit Berjalan,Konsolidasi Hutang,11.23,83.0,775.0,258.0,0
CUST103746,49,Bekerja,38708,692,10.1,20879,0,1,0,Kartu Kredit,Pribadi,18.81,321.0,865.0,288.0,1
CUST103747,56,Bekerja,83895,634,21.3,4789,0,0,0,Pinjaman Pribadi,Pendidikan,14.24,216.0,925.0,308.0,1
CUST103748,41,Bekerja,68358,645,7.3,74,0,0,0,Kartu Kredit,Renovasi Rumah,19.29,528.0,844.0,281.0,0
CUST103749,44,Mahasiswa,15000,535,3.2,202,1,1,0,Pinjaman Pribadi,Pendidikan,16.74,358.0,913.0,304.0,0
CUST103750,34,Mahasiswa,15000,615,14.0,75,0,1,0,Kredit Berjalan,Konsolidasi Hutang,12.91,505.0,687.0,229.0,0
CUST103751,33,Bekerja,35012,634,12.2,1540,0,0,0,Kartu Kredit,Renovasi Rumah,20.18,0.3,423.0,141.0,1
CUST103752,37,Wiraswasta,37906,622,10.2,5272,0,2,1,Kredit Berjalan,Medis,12.41,467.0,367.0,122.0,0
CUST103753,35,Bekerja,27952,667,3.6,83,0,0,0,Kartu Kredit,Renovasi Rumah,17.19,467.0,948.0,316.0,0
CUST103754,18,Wiraswasta,106368,533,1.2,96,0,0,2,Kartu Kredit,Renovasi Rumah,22.06,0.2,658.0,219.0,0
CUST103755,22,Bekerja,112955,505,0.6,1018,0,2,1,Pinjaman Pribadi,Pribadi,15.2,517.0,787.0,262.0,0
CUST103756,39,Wiraswasta,37580,662,12.6,2876,0,0,0,Pinjaman Pribadi,Medis,11.44,291.0,601.0,0.2,1
CUST103757,18,Mahasiswa,18575,439,0.1,37,0,1,1,Pinjaman Pribadi,Konsolidasi Hutang,16.09,188.0,1.4,467.0,0
CUST103758,49,Bekerja,121877,674,28.8,29171,0,0,0,Kartu Kredit,Pribadi,17.98,219.0,574.0,191.0,1
CUST103759,18,Wiraswasta,49391,679,0.1,8,0,0,0,Kartu Kredit,Medis,17.9,361.0,654.0,218.0,0
CUST103760,33,Bekerja,46023,574,7.5,190,0,0,0,Kartu Kredit,Pribadi,22.24,309.0,769.0,256.0,1
CUST103761,36,Bekerja,85490,632,15.6,5488,0,3,0,Pinjaman Pribadi,Bisnis,13.81,228.0,1.081,0.36,0
CUST103762,27,Bekerja,34409,583,1.0,32,1,0,1,Pinjaman Pribadi,Renovasi Rumah,15.04,275.0,886.0,295.0,0
CUST103763,53,Bekerja,123842,750,0.8,920,0,1,0,Kartu Kredit,Pribadi,15.98,267.0,258.0,86.0,1
CUST103764,37,Bekerja,37752,642,5.7,295,0,0,0,Kredit Berjalan,Konsolidasi Hutang,11.09,162.0,501.0,167.0,0
CUST103765,31,Bekerja,73779,651,2.4,244,0,2,0,Kartu Kredit,Bisnis,18.08,392.0,796.0,265.0,0
CUST103766,35,Bekerja,66396,609,3.3,315,0,2,1,Kartu Kredit,Bisnis,19.94,298.0,1.002,334.0,0
CUST103767,34,Wiraswasta,141085,634,15.4,12894,0,0,0,Kartu Kredit,Renovasi Rumah,19.39,174.0,496.0,165.0,1
CUST103768,47,Bekerja,39742,557,14.7,806,0,1,0,Pinjaman Pribadi,Pendidikan,15.75,266.0,287.0,96.0,1
CUST103769,32,Bekerja,32245,695,0.7,350,0,0,0,Kartu Kredit,Bisnis,18.43,541.0,1.399,466.0,0
CUST103770,40,Bekerja,58919,608,15.7,422,0,0,0,Kartu Kredit,Bisnis,20.34,647.0,0.18,0.06,0
CUST103771,30,Wiraswasta,30900,631,2.3,13,0,2,0,Kartu Kredit,Medis,20.37,224.0,181.0,0.06,0
CUST103772,32,Bekerja,26261,656,5.3,120,0,0,0,Kartu Kredit,Pribadi,18.62,376.0,0.19,63.0,1
CUST103773,22,Bekerja,23522,702,2.4,136,0,0,0,Kartu Kredit,Bisnis,17.29,689.0,1.318,439.0,0
CUST103774,42,Bekerja,38716,726,2.2,1330,0,0,0,Kartu Kredit,Konsolidasi Hutang,16.46,538.0,785.0,262.0,0
CUST103775,33,Bekerja,48472,804,3.3,233,0,0,0,Kredit Berjalan,Bisnis,6.87,147.0,596.0,199.0,1
CUST103776,22,Wiraswasta,27832,617,3.5,618,0,1,0,Kredit Berjalan,Medis,12.86,97.0,844.0,281.0,0
CUST103777,51,Wiraswasta,110148,688,9.4,3480,0,0,0,Kredit Berjalan,Pribadi,10.62,47.0,232.0,77.0,1
CUST103778,42,Mahasiswa,20808,678,23.8,1214,0,0,0,Kartu Kredit,Pribadi,18.9,367.0,101.0,34.0,1
CUST103779,34,Bekerja,43907,702,15.2,368,0,0,0,Pinjaman Pribadi,Konsolidasi Hutang,11.35,673.0,1.36,453.0,0
CUST103780,53,Wiraswasta,20128,624,26.7,12424,0,0,0,Pinjaman Pribadi,Pendidikan,13.98,256.0,571.0,0.19,1
CUST103781,40,Bekerja,43047,687,20.1,1716,0,0,0,Kartu Kredit,Renovasi Rumah,18.53,165.0,297.0,99.0,1
CUST103782,39,Wiraswasta,61676,691,1.5,21962,0,0,0,Kredit Berjalan,Renovasi Rumah,9.24,214.0,811.0,0.27,1
CUST103783,32,Bekerja,32229,706,4.5,3445,0,1,0,Pinjaman Pribadi,Konsolidasi Hutang,11.21,403.0,1.567,522.0,0
CUST103784,53,Bekerja,52091,686,14.9,2311,0,0,0,Pinjaman Pribadi,Pribadi,12.66,215.0,1.492,497.0,1
CUST103785,18,Bekerja,16535,632,1.7,73,0,1,0,Kartu Kredit,Bisnis,20.64,128.0,689.0,0.23,0
CUST103786,18,Bekerja,35999,735,0.6,58,0,1,0,Pinjaman Pribadi,Konsolidasi Hutang,10.85,627.0,1.872,624.0,0
CUST103787,22,Bekerja,16683,580,2.7,352,0,0,0,Kredit Berjalan,Pribadi,14.38,0.35,0.3,0.1,0
CUST103788,44,Bekerja,45229,668,16.1,5225,0,0,0,Kartu Kredit,Renovasi Rumah,17.04,381.0,184.0,61.0,1
CUST103789,45,Bekerja,73718,694,25.3,704,0,2,0,Kredit Berjalan,Pribadi,9.53,131.0,635.0,212.0,1
CUST103790,41,Bekerja,47782,675,14.4,3782,0,0,0,Kartu Kredit,Konsolidasi Hutang,17.83,191.0,274.0,91.0,1
CUST103791,40,Bekerja,48289,832,19.2,1317,0,2,0,Kartu Kredit,Pribadi,14.75,278.0,909.0,303.0,1
CUST103792,70,Bekerja,64338,676,22.0,21376,0,0,0,Kartu Kredit,Bisnis,18.86,479.0,121.0,0.04,1
CUST103793,49,Wiraswasta,84691,669,23.2,435,0,0,0,Kartu Kredit,Pribadi,17.87,0.12,827.0,276.0,1
CUST103794,36,Mahasiswa,15000,555,16.1,87,0,0,1,Kartu Kredit,Pribadi,21.88,0.28,0.1,33.0,1
CUST103795,28,Bekerja,17640,552,5.8,354,1,1,0,Kredit Berjalan,Pribadi,13.73,441.0,862.0,287.0,0
CUST103796,35,Bekerja,36681,659,11.8,56094,0,0,0,Kartu Kredit,Renovasi Rumah,18.39,114.0,613.0,204.0,1
CUST103797,46,Mahasiswa,15157,635,26.8,16913,0,1,0,Kartu Kredit,Pribadi,19.24,136.0,59.0,0.02,1
CUST103798,36,Wiraswasta,141511,619,14.0,4374,0,1,0,Kartu Kredit,Medis,20.77,115.0,495.0,165.0,1
CUST103799,28,Bekerja,31095,621,1.8,664,0,1,0,Pinjaman Pribadi,Pribadi,13.92,424.0,1.801,0.6,0
CUST103800,37,Bekerja,58159,734,15.4,581,0,0,1,Kartu Kredit,Pendidikan,17.05,527.0,707.0,236.0,1
CUST103801,35,Mahasiswa,15000,672,1.7,170,0,0,0,Kartu Kredit,Renovasi Rumah,18.61,398.0,0.1,33.0,1
CUST103802,30,Wiraswasta,30776,750,0.6,138,0,0,0,Kartu Kredit,Bisnis,14.15,122.0,136.0,45.0,1
CUST103803,26,Bekerja,28029,712,2.6,701,0,2,0,Pinjaman Pribadi,Medis,9.74,282.0,1.463,488.0,1
CUST103804,24,Bekerja,15000,484,3.7,112,0,0,1,Kartu Kredit,Renovasi Rumah,21.34,0.23,87.0,29.0,0
CUST103805,52,Bekerja,76428,662,13.1,1376,0,0,0,Kredit Berjalan,Renovasi Rumah,9.96,121.0,341.0,114.0,1
CUST103806,37,Bekerja,38736,600,6.3,737,0,0,0,Kartu Kredit,Bisnis,20.43,474.0,328.0,109.0,0
CUST103807,34,Bekerja,39426,568,10.2,78,0,1,0,Kredit Berjalan,Pribadi,13.76,204.0,652.0,217.0,1
CUST103808,51,Wiraswasta,73978,613,16.8,2509,0,1,0,Pinjaman Pribadi,Pendidikan,13.11,281.0,208.0,69.0,1
CUST103809,18,Bekerja,23193,610,0.4,42,0,1,0,Pinjaman Pribadi,Pribadi,14.18,104.0,1.138,379.0,0
CUST103810,41,Bekerja,34444,581,5.4,11256,0,0,0,Pinjaman Pribadi,Konsolidasi Hutang,16.71,329.0,1.696,565.0,0
CUST103811,46,Bekerja,100582,687,27.1,39682,0,0,0,Pinjaman Pribadi,Renovasi Rumah,11.28,447.0,0.11,37.0,1
CUST103812,18,Wiraswasta,36688,723,1.4,246,0,0,1,Kartu Kredit,Pendidikan,17.0,299.0,248.0,83.0,1
CUST103813,24,Wiraswasta,48023,630,1.6,487,0,1,0,Pinjaman Pribadi,Pribadi,13.5,442.0,1.072,357.0,0
CUST103814,31,Mahasiswa,27036,534,8.7,184,0,0,0,Kredit Berjalan,Renovasi Rumah,13.39,196.0,0.3,0.1,0
CUST103815,38,Wiraswasta,27932,710,12.4,771,0,0,1,Kartu Kredit,Renovasi Rumah,16.01,443.0,125.0,42.0,1
CUST103816,35,Bekerja,15866,640,4.6,218,0,0,0,Kredit Berjalan,Konsolidasi Hutang,11.73,94.0,315.0,105.0,0
CUST103817,18,Wiraswasta,54462,582,0.6,487,0,0,0,Kartu Kredit,Renovasi Rumah,22.27,195.0,0.09,0.03,1
CUST103818,31,Mahasiswa,45070,619,9.0,100,0,1,0,Kartu Kredit,Renovasi Rumah,19.73,207.0,0.1,33.0,1
CUST103819,38,Bekerja,41912,629,2.9,440,0,0,0,Pinjaman Pribadi,Pribadi,14.12,0.22,1.861,0.62,1
CUST103820,30,Bekerja,32982,728,0.6,51,0,0,0,Kredit Berjalan,Pendidikan,7.91,111.0,482.0,161.0,1
CUST103821,35,Bekerja,36095,621,5.5,30,0,0,1,Kartu Kredit,Pendidikan,20.05,662.0,183.0,61.0,0
CUST103822,23,Bekerja,31304,635,1.0,344,0,0,0,Kartu Kredit,Medis,20.81,447.0,361.0,0.12,0
CUST103823,20,Bekerja,23820,558,0.4,185,0,2,0,Pinjaman Pribadi,Pribadi,15.54,192.0,1.171,0.39,0
CUST103824,43,Mahasiswa,15000,635,0.2,0,0,0,0,Kredit Berjalan,Renovasi Rumah,11.27,221.0,0.8,267.0,0
CUST103825,18,Wiraswasta,31388,474,0.8,62,0,0,2,Pinjaman Pribadi,Pendidikan,15.83,152.0,1.711,0.57,0
CUST103826,56,Wiraswasta,44722,702,0.1,3,0,0,0,Pinjaman Pribadi,Pendidikan,10.41,425.0,434.0,145.0,1
CUST103827,41,Wiraswasta,32535,577,16.5,865,1,2,0,Kredit Berjalan,Bisnis,13.73,294.0,427.0,142.0,0
CUST103828,28,Wiraswasta,82734,620,4.5,3926,0,1,0,Pinjaman Pribadi,Bisnis,14.55,379.0,1.209,403.0,0
CUST103829,32,Bekerja,51439,647,12.3,224,0,1,0,Kartu Kredit,Renovasi Rumah,20.99,0.04,898.0,299.0,1
CUST103830,31,Mahasiswa,15000,602,3.0,37,0,1,0,Pinjaman Pribadi,Pendidikan,13.37,17.0,447.0,149.0,1
CUST103831,37,Bekerja,35622,651,4.3,542,0,0,0,Kartu Kredit,Renovasi Rumah,17.69,158.0,306.0,102.0,1
CUST103832,46,Bekerja,41401,549,12.7,234,0,2,1,Kartu Kredit,Bisnis,22.0,88.0,159.0,53.0,1
CUST103833,32,Bekerja,21315,647,1.4,43,0,2,0,Kartu Kredit,Pendidikan,19.59,239.0,952.0,317.0,0
CUST103834,66,Bekerja,118570,698,10.2,26670,0,0,0,Kartu Kredit,Pendidikan,18.92,227.0,196.0,65.0,1
CUST103835,44,Wiraswasta,83777,645,12.6,1808,0,0,0,Pinjaman Pribadi,Renovasi Rumah,14.93,0.46,859.0,286.0,0
CUST103836,26,Bekerja,55413,686,2.4,2123,0,1,0,Kartu Kredit,Renovasi Rumah,17.68,195.0,1.263,421.0,1
CUST103837,27,Bekerja,55317,629,2.4,2379,0,1,0,Kredit Berjalan,Pribadi,11.27,204.0,569.0,0.19,1
CUST103838,53,Bekerja,50168,691,29.6,3677,0,0,0,Kartu Kredit,Pribadi,18.52,183.0,1.248,416.0,1
CUST103839,30,Wiraswasta,81695,691,2.6,34,0,0,0,Kartu Kredit,Pendidikan,17.41,298.0,857.0,286.0,1
CUST103840,37,Mahasiswa,32169,659,16.0,3272,0,0,0,Kartu Kredit,Bisnis,17.34,0.48,99.0,33.0,1
CUST103841,36,Mahasiswa,58339,647,8.8,10185,0,0,0,Kartu Kredit,Pendidikan,21.0,0.49,99.0,33.0,1
CUST103842,24,Bekerja,42062,620,5.3,1650,0,1,0,Kartu Kredit,Pendidikan,20.14,244.0,946.0,315.0,1
CUST103843,35,Bekerja,47580,550,1.0,42,0,1,0,Pinjaman Pribadi,Pribadi,17.0,391.0,803.0,268.0,0
CUST103844,35,Bekerja,104867,655,2.4,543,0,2,0,Pinjaman Pribadi,Pribadi,12.43,366.0,0.49,163.0,1
CUST103845,48,Bekerja,72172,687,9.5,11844,0,1,0,Pinjaman Pribadi,Medis,12.74,329.0,586.0,195.0,1
CUST103846,25,Bekerja,21269,626,2.6,24,0,0,0,Pinjaman Pribadi,Renovasi Rumah,13.2,456.0,1.331,444.0,0
CUST103847,39,Bekerja,68221,741,0.7,631,0,0,0,Kredit Berjalan,Pribadi,7.91,354.0,0.21,0.07,1
CUST103848,27,Bekerja,26412,654,0.5,16,0,0,0,Kredit Berjalan,Pribadi,10.92,322.0,447.0,149.0,1
CUST103849,37,Bekerja,40744,722,15.0,534,0,0,0,Kartu Kredit,Pribadi,16.24,156.0,989.0,0.33,1
CUST103850,31,Bekerja,64919,656,11.9,1484,0,0,0,Pinjaman Pribadi,Bisnis,12.96,251.0,964.0,321.0,1
CUST103851,29,Bekerja,31141,549,10.9,611,0,1,1,Kredit Berjalan,Konsolidasi Hutang,14.94,233.0,963.0,321.0,0
CUST103852,37,Mahasiswa,15000,661,6.5,199,0,0,0,Kartu Kredit,Bisnis,17.41,462.0,0.1,33.0,1
CUST103853,18,Bekerja,48443,554,1.6,1322,0,0,0,Kartu Kredit,Konsolidasi Hutang,22.06,0.49,489.0,163.0,0
CUST103854,29,Bekerja,70516,601,11.0,254,0,1,0,Kartu Kredit,Konsolidasi Hutang,19.54,178.0,886.0,295.0,1
CUST103855,34,Mahasiswa,22283,568,14.9,3492,0,2,0,Pinjaman Pribadi,Pendidikan,16.8,96.0,1.351,0.45,0
CUST103856,34,Bekerja,35112,601,14.3,590,0,0,0,Pinjaman Pribadi,Pribadi,14.66,303.0,1.977,659.0,1
CUST103857,27,Bekerja,69464,665,5.8,1891,0,0,0,Pinjaman Pribadi,Pendidikan,12.12,144.0,491.0,164.0,1
CUST103858,38,Wiraswasta,29847,645,19.0,8613,0,1,0,Kartu Kredit,Medis,19.2,174.0,831.0,277.0,1
CUST103859,39,Bekerja,53494,678,2.7,98,0,0,0,Pinjaman Pribadi,Bisnis,12.16,246.0,1.869,623.0,0
CUST103860,18,Bekerja,42860,634,1.3,249,0,3,0,Pinjaman Pribadi,Renovasi Rumah,14.3,379.0,1.797,599.0,0
CUST103861,30,Mahasiswa,26725,689,6.6,256,0,1,1,Kartu Kredit,Pendidikan,18.16,122.0,101.0,34.0,1
CUST103862,35,Bekerja,15000,548,16.1,1813,0,2,1,Kartu Kredit,Konsolidasi Hutang,22.83,594.0,0.66,0.22,0
CUST103863,28,Mahasiswa,26193,711,8.9,241,0,2,0,Kredit Berjalan,Pendidikan,8.74,326.0,863.0,288.0,1
CUST103864,18,Mahasiswa,18528,588,0.1,11,0,0,0,Pinjaman Pribadi,Pribadi,16.97,539.0,1.992,664.0,0
CUST103865,44,Bekerja,66681,708,3.9,93,0,0,0,Kartu Kredit,Pendidikan,17.31,219.0,187.0,62.0,1
CUST103866,30,Bekerja,48468,519,8.9,3774,0,0,1,Kartu Kredit,Pribadi,21.88,0.33,1.263,421.0,0
CUST103867,24,Bekerja,19735,662,4.4,48,0,0,0,Kredit Berjalan,Renovasi Rumah,10.53,372.0,253.0,84.0,1
CUST103868,33,Bekerja,136734,630,0.8,536,0,1,0,Kartu Kredit,Pribadi,20.57,173.0,489.0,163.0,1
CUST103869,48,Wiraswasta,33768,608,12.4,586,0,1,0,Pinjaman Pribadi,Pribadi,13.03,125.0,492.0,164.0,1
CUST103870,43,Bekerja,42104,649,15.5,21411,0,0,0,Pinjaman Pribadi,Pribadi,13.77,0.16,943.0,314.0,1
CUST103871,42,Wiraswasta,57601,649,6.0,684,0,0,0,Pinjaman Pribadi,Medis,14.13,97.0,1.536,512.0,1
CUST103872,37,Bekerja,47817,566,0.0,0,0,2,0,Pinjaman Pribadi,Bisnis,16.32,242.0,1.474,491.0,0
CUST103873,35,Bekerja,16805,644,8.5,2005,0,1,0,Kartu Kredit,Konsolidasi Hutang,20.5,228.0,738.0,246.0,1
CUST103874,46,Bekerja,121300,676,16.3,10603,0,0,0,Pinjaman Pribadi,Pribadi,11.96,304.0,332.0,111.0,1
CUST103875,20,Wiraswasta,41499,557,0.1,103,0,0,1,Pinjaman Pribadi,Bisnis,16.75,228.0,1.694,565.0,0
CUST103876,37,Mahasiswa,40795,652,9.6,1606,0,0,0,Kartu Kredit,Pribadi,18.47,88.0,101.0,34.0,1
CUST103877,35,Mahasiswa,16219,644,14.6,1166,0,0,0,Pinjaman Pribadi,Pendidikan,14.72,0.24,1.659,553.0,1
CUST103878,47,Wiraswasta,53494,602,2.2,341,0,0,0,Kredit Berjalan,Medis,11.02,0.72,738.0,246.0,0
CUST103879,63,Bekerja,132857,652,20.5,8305,0,0,0,Kredit Berjalan,Pribadi,9.42,295.0,303.0,101.0,1
CUST103880,34,Wiraswasta,66868,660,11.3,2003,0,0,0,Pinjaman Pribadi,Pribadi,11.5,502.0,444.0,148.0,1
CUST103881,39,Bekerja,25508,662,8.1,528,0,0,0,Pinjaman Pribadi,Pribadi,12.25,198.0,698.0,233.0,1
CUST103882,42,Bekerja,68444,612,7.9,12908,0,0,0,Kartu Kredit,Pendidikan,19.08,379.0,1.023,341.0,1
CUST103883,45,Wiraswasta,42823,638,23.2,1952,0,1,0,Kredit Berjalan,Medis,11.86,566.0,687.0,229.0,0
CUST103884,41,Bekerja,41739,699,9.1,3129,0,0,0,Pinjaman Pribadi,Pribadi,12.13,319.0,889.0,296.0,1
CUST103885,38,Bekerja,22184,550,19.6,4117,0,2,0,Kartu Kredit,Pribadi,21.48,448.0,929.0,0.31,0
CUST103886,23,Bekerja,22726,640,0.8,17,0,1,0,Kartu Kredit,Pendidikan,19.56,169.0,1.056,352.0,1
CUST103887,18,Wiraswasta,74779,641,1.6,490,0,1,0,Kartu Kredit,Pendidikan,19.73,365.0,639.0,213.0,1
CUST103888,29,Bekerja,52051,560,1.5,33,0,1,0,Pinjaman Pribadi,Konsolidasi Hutang,16.18,576.0,1.122,374.0,0
CUST103889,37,Bekerja,42716,651,14.9,5099,0,0,0,Pinjaman Pribadi,Pribadi,11.6,158.0,733.0,244.0,1
CUST103890,37,Wiraswasta,132088,530,17.9,2163,0,0,0,Kartu Kredit,Bisnis,21.45,43.0,225.0,75.0,1
CUST103891,18,Bekerja,27991,601,1.3,457,0,0,0,Pinjaman Pribadi,Pendidikan,14.26,251.0,1.19,397.0,0
CUST103892,41,Bekerja,40569,649,3.7,565,0,0,0,Kartu Kredit,Pribadi,19.41,395.0,1.385,462.0,1
CUST103893,18,Wiraswasta,58323,552,0.3,806,0,0,1,Kartu Kredit,Medis,21.6,266.0,96.0,32.0,0
CUST103894,20,Bekerja,23860,631,0.3,11,0,2,0,Pinjaman Pribadi,Pendidikan,14.89,77.0,231.0,77.0,1
CUST103895,52,Wiraswasta,65428,711,8.7,3847,0,0,0,Pinjaman Pribadi,Pendidikan,9.54,122.0,0.72,0.24,1
CUST103896,25,Bekerja,16371,634,1.0,261,0,2,0,Kartu Kredit,Renovasi Rumah,19.34,706.0,1.234,411.0,0
CUST103897,52,Bekerja,64759,630,4.2,897,0,1,0,Kartu Kredit,Pribadi,19.53,212.0,1.081,0.36,1
CUST103898,43,Bekerja,116938,652,21.7,5371,0,0,0,Kartu Kredit,Bisnis,18.61,359.0,313.0,104.0,1
CUST103899,18,Bekerja,32092,620,0.8,232,0,3,0,Kartu Kredit,Pribadi,20.82,0.49,751.0,0.25,0
CUST103900,18,Bekerja,55422,592,1.4,2015,1,0,0,Kredit Berjalan,Medis,13.41,124.0,478.0,159.0,0
CUST103901,41,Bekerja,68943,611,6.5,197,0,0,0,Pinjaman Pribadi,Pribadi,14.55,284.0,1.044,348.0,1
CUST103902,18,Wiraswasta,67654,635,0.6,310,0,1,0,Kartu Kredit,Medis,20.82,612.0,485.0,162.0,0
CUST103903,31,Bekerja,55192,640,1.9,245,0,0,0,Pinjaman Pribadi,Bisnis,13.78,199.0,0.48,0.16,0
CUST103904,18,Bekerja,39964,726,1.1,32,0,0,0,Kartu Kredit,Renovasi Rumah,16.93,271.0,0.24,0.08,1
CUST103905,48,Bekerja,43725,737,22.9,342,0,1,0,Pinjaman Pribadi,Konsolidasi Hutang,9.56,397.0,375.0,125.0,1
CUST103906,22,Bekerja,33985,586,3.7,148,1,0,0,Pinjaman Pribadi,Pendidikan,16.05,397.0,724.0,241.0,0
CUST103907,37,Bekerja,39065,655,5.8,40,0,0,0,Kartu Kredit,Pendidikan,18.33,257.0,978.0,326.0,1
CUST103908,50,Bekerja,95027,752,5.1,3176,0,0,0,Kartu Kredit,Pendidikan,15.86,271.0,108.0,36.0,1
CUST103909,58,Bekerja,40391,729,24.5,2185,0,0,1,Kredit Berjalan,Pendidikan,8.18,357.0,129.0,43.0,1
CUST103910,55,Wiraswasta,88226,651,6.5,1632,0,0,0,Kredit Berjalan,Pribadi,10.01,415.0,362.0,121.0,1
CUST103911,39,Bekerja,36267,729,11.3,385,0,0,0,Kartu Kredit,Medis,16.74,366.0,805.0,268.0,1
CUST103912,29,Bekerja,41608,566,10.8,4639,0,1,0,Kartu Kredit,Medis,22.85,488.0,118.0,39.0,0
CUST103913,49,Bekerja,78018,692,6.7,1328,0,0,1,Kredit Berjalan,Medis,9.42,136.0,573.0,191.0,1
CUST103914,22,Bekerja,54961,659,3.1,1118,0,0,0,Pinjaman Pribadi,Konsolidasi Hutang,12.38,234.0,1.119,373.0,0
CUST103915,34,Bekerja,39944,631,10.0,7957,0,1,1,Pinjaman Pribadi,Pribadi,13.48,143.0,268.0,89.0,1
CUST103916,28,Bekerja,15000,628,6.1,64,0,0,1,Kartu Kredit,Konsolidasi Hutang,19.16,47.0,1.073,358.0,0
CUST103917,47,Wiraswasta,215148,713,6.4,1811,0,1,0,Kartu Kredit,Pribadi,15.57,544.0,285.0,95.0,1
CUST103918,24,Bekerja,101017,567,4.1,1026,0,0,0,Pinjaman Pribadi,Pribadi,16.45,0.18,896.0,299.0,0
CUST103919,32,Bekerja,48624,552,3.7,296,0,0,0,Pinjaman Pribadi,Bisnis,15.92,141.0,494.0,165.0,0
CUST103920,61,Bekerja,52021,764,21.4,3658,0,0,0,Pinjaman Pribadi,Pendidikan,8.61,475.0,1.221,407.0,1
CUST103921,38,Bekerja,60071,678,9.8,2027,0,0,0,Kredit Berjalan,Pribadi,9.98,299.0,343.0,114.0,1
CUST103922,28,Bekerja,87401,665,8.0,1853,0,0,0,Kredit Berjalan,Bisnis,9.17,282.0,392.0,131.0,1
CUST103923,18,Wiraswasta,87438,659,0.8,284,0,1,0,Kartu Kredit,Renovasi Rumah,18.69,0.39,747.0,249.0,1
CUST103924,45,Wiraswasta,68335,733,8.2,931,0,0,0,Kartu Kredit,Pendidikan,16.46,689.0,155.0,52.0,0
CUST103925,32,Bekerja,95655,685,6.8,1327,0,0,0,Kredit Berjalan,Renovasi Rumah,9.35,526.0,406.0,135.0,0
CUST103926,39,Mahasiswa,15000,611,17.7,498,0,0,0,Kredit Berjalan,Pribadi,12.74,326.0,0.68,227.0,1
CUST103927,23,Bekerja,15000,640,3.1,165,0,1,0,Kartu Kredit,Medis,19.79,462.0,1.38,0.46,0
CUST103928,34,Bekerja,15000,683,0.2,0,0,0,0,Pinjaman Pribadi,Konsolidasi Hutang,11.28,314.0,1.927,642.0,0
CUST103929,19,Wiraswasta,142629,614,1.3,1012,0,3,0,Kartu Kredit,Medis,20.57,109.0,158.0,53.0,0
CUST103930,36,Wiraswasta,46641,672,3.7,497,0,0,0,Pinjaman Pribadi,Pribadi,12.56,133.0,0.36,0.12,1
CUST103931,29,Bekerja,24016,532,4.1,411,0,0,0,Kredit Berjalan,Pendidikan,14.56,0.67,533.0,178.0,0
CUST103932,45,Bekerja,73284,578,1.9,1075,0,1,1,Kartu Kredit,Pribadi,21.02,524.0,532.0,177.0,0
CUST103933,31,Bekerja,48457,707,1.8,29,0,0,0,Kartu Kredit,Bisnis,16.6,322.0,856.0,285.0,1
CUST103934,46,Mahasiswa,15000,661,6.5,1949,0,0,0,Pinjaman Pribadi,Pendidikan,11.0,474.0,1.72,573.0,0
CUST103935,18,Bekerja,22852,585,0.6,31,0,1,0,Pinjaman Pribadi,Pendidikan,15.22,306.0,1.737,579.0,0
CUST103936,43,Bekerja,52226,616,13.6,1249,0,1,0,Kredit Berjalan,Konsolidasi Hutang,12.42,413.0,0.53,177.0,0
CUST103937,20,Bekerja,18105,602,0.7,259,0,0,0,Kredit Berjalan,Bisnis,11.41,128.0,701.0,234.0,0
CUST103938,18,Bekerja,27380,649,0.0,0,0,4,0,Kartu Kredit,Pribadi,20.38,292.0,22.0,7.0,0
CUST103939,30,Mahasiswa,15000,584,3.7,504,0,1,1,Kredit Berjalan,Pendidikan,13.32,0.35,613.0,204.0,0
CUST103940,40,Wiraswasta,27416,599,17.9,4147,0,3,0,Kartu Kredit,Bisnis,22.74,428.0,1.178,393.0,0
CUST103941,54,Wiraswasta,15000,726,5.8,3110,0,0,0,Kartu Kredit,Konsolidasi Hutang,17.44,53.0,67.0,22.0,1
CUST103942,25,Bekerja,53325,607,2.1,300,0,1,0,Kartu Kredit,Bisnis,19.3,221.0,324.0,108.0,1
CUST103943,47,Wiraswasta,16033,629,6.6,152,0,2,0,Kartu Kredit,Renovasi Rumah,19.98,0.58,586.0,195.0,0
CUST103944,31,Bekerja,29928,707,0.5,207,0,0,1,Pinjaman Pribadi,Pribadi,11.26,77.0,1.129,376.0,1
CUST103945,45,Bekerja,50403,619,0.3,190,0,0,0,Kartu Kredit,Medis,19.5,426.0,684.0,228.0,0
CUST103946,20,Bekerja,17087,660,1.4,187,0,0,0,Kredit Berjalan,Pribadi,10.92,152.0,655.0,218.0,1
CUST103947,20,Bekerja,26874,598,0.8,73,0,0,1,Kartu Kredit,Pendidikan,21.39,429.0,182.0,61.0,1
CUST103948,30,Bekerja,38453,632,8.5,808,0,0,0,Kredit Berjalan,Pribadi,12.18,378.0,518.0,173.0,1
CUST103949,41,Bekerja,20647,610,4.7,1010,0,1,0,Kartu Kredit,Medis,19.6,259.0,1.283,428.0,0
CUST103950,23,Bekerja,29884,528,0.7,99,0,1,0,Kredit Berjalan,Renovasi Rumah,14.81,234.0,693.0,231.0,0
CUST103951,27,Bekerja,33037,735,7.3,11070,0,0,0,Kartu Kredit,Bisnis,15.57,132.0,1.232,411.0,1
CUST103952,38,Bekerja,61159,651,17.2,4326,0,0,1,Kartu Kredit,Bisnis,17.52,222.0,203.0,68.0,1
CUST103953,25,Bekerja,34765,485,2.0,8148,0,0,0,Kartu Kredit,Konsolidasi Hutang,22.4,337.0,426.0,142.0,0
CUST103954,21,Bekerja,23076,617,1.7,23,0,1,0,Pinjaman Pribadi,Bisnis,13.21,0.61,1.668,556.0,0
CUST103955,25,Bekerja,57136,621,6.4,759,0,1,0,Kredit Berjalan,Pendidikan,11.69,77.0,348.0,116.0,1
CUST103956,50,Bekerja,46953,604,3.5,192,0,0,0,Kredit Berjalan,Pribadi,11.55,83.0,345.0,115.0,1
CUST103957,37,Mahasiswa,84044,561,16.5,2697,0,0,0,Kartu Kredit,Medis,21.11,74.0,0.1,33.0,1
CUST103958,32,Bekerja,123222,665,11.9,1831,0,0,0,Pinjaman Pribadi,Bisnis,12.1,498.0,812.0,271.0,1
CUST103959,30,Bekerja,60949,651,8.9,244,0,0,0,Kartu Kredit,Konsolidasi Hutang,18.59,139.0,1.149,383.0,1
CUST103960,33,Wiraswasta,144677,623,2.7,2154,0,0,0,Pinjaman Pribadi,Renovasi Rumah,13.22,0.34,244.0,81.0,1
CUST103961,33,Wiraswasta,16529,543,1.9,106,0,1,0,Pinjaman Pribadi,Renovasi Rumah,16.41,0.07,611.0,204.0,0
CUST103962,27,Bekerja,19489,645,3.0,3799,0,0,0,Pinjaman Pribadi,Medis,14.57,76.0,1.036,345.0,0
CUST103963,27,Bekerja,38836,566,1.7,176,0,0,1,Kartu Kredit,Pendidikan,22.22,677.0,958.0,319.0,0
CUST103964,33,Bekerja,22553,489,6.5,766,0,0,0,Kredit Berjalan,Pendidikan,14.84,161.0,709.0,236.0,0
CUST103965,18,Bekerja,23753,570,1.7,17,0,1,1,Pinjaman Pribadi,Pendidikan,16.54,0.25,1.019,0.34,0
CUST103966,44,Bekerja,77564,629,5.5,9362,0,2,0,Kredit Berjalan,Pendidikan,12.17,186.0,211.0,0.07,1
CUST103967,18,Wiraswasta,59551,645,0.1,38,0,0,0,Pinjaman Pribadi,Konsolidasi Hutang,14.16,0.21,638.0,213.0,0
CUST103968,18,Wiraswasta,111310,523,0.9,11317,0,0,0,Kartu Kredit,Pribadi,21.25,147.0,0.5,167.0,0
CUST103969,48,Bekerja,33753,636,20.7,11056,0,1,0,Kartu Kredit,Medis,19.99,436.0,62.0,21.0,1
CUST103970,63,Bekerja,18933,721,25.6,1837,0,0,0,Pinjaman Pribadi,Medis,10.05,432.0,1.326,442.0,1
CUST103971,37,Bekerja,69239,659,15.4,640,0,1,0,Kartu Kredit,Pendidikan,17.45,166.0,315.0,105.0,1
CUST103972,41,Mahasiswa,63683,654,13.4,1586,0,0,0,Kartu Kredit,Medis,17.22,174.0,0.1,33.0,1
CUST103973,37,Mahasiswa,15000,645,4.9,221,1,1,0,Kartu Kredit,Pribadi,20.89,398.0,0.1,33.0,0
CUST103974,19,Bekerja,22516,636,0.6,375,0,1,0,Pinjaman Pribadi,Medis,13.18,301.0,0.48,0.16,0
CUST103975,27,Wiraswasta,50403,632,2.2,520,0,0,0,Pinjaman Pribadi,Bisnis,13.51,175.0,1.254,418.0,0
CUST103976,33,Wiraswasta,20975,658,10.8,5192,0,0,0,Pinjaman Pribadi,Pendidikan,11.27,177.0,114.0,38.0,1
CUST103977,20,Wiraswasta,69688,633,0.8,513,0,0,0,Pinjaman Pribadi,Pribadi,14.01,292.0,901.0,0.3,1
CUST103978,25,Mahasiswa,22764,591,6.6,224,1,3,0,Kartu Kredit,Bisnis,22.8,0.38,101.0,34.0,0
CUST103979,35,Bekerja,34810,723,4.8,1310,0,0,0,Pinjaman Pribadi,Konsolidasi Hutang,11.24,0.1,1.175,392.0,0
CUST103980,35,Bekerja,35144,777,9.7,254,0,0,0,Kartu Kredit,Bisnis,15.31,0.28,63.0,21.0,1
CUST103981,48,Bekerja,19948,752,9.9,3984,0,0,0,Pinjaman Pribadi,Pendidikan,9.9,177.0,386.0,129.0,1
CUST103982,39,Bekerja,36013,538,4.9,571,0,0,0,Kartu Kredit,Pribadi,21.02,366.0,422.0,141.0,1
CUST103983,47,Bekerja,55500,753,18.2,2413,0,0,0,Kredit Berjalan,Bisnis,6.75,511.0,593.0,198.0,1
CUST103984,35,Bekerja,73035,556,3.7,6140,1,2,1,Kredit Berjalan,Pendidikan,13.16,73.0,349.0,116.0,0
CUST103985,18,Wiraswasta,35739,618,0.8,339,1,0,0,Kartu Kredit,Bisnis,19.31,558.0,1.136,379.0,0
CUST103986,24,Mahasiswa,15000,659,4.2,6,0,1,0,Kartu Kredit,Renovasi Rumah,18.57,0.23,0.1,33.0,1
CUST103987,25,Bekerja,27566,617,4.2,468,0,0,0,Kartu Kredit,Konsolidasi Hutang,20.48,439.0,849.0,283.0,0
CUST103988,35,Bekerja,35932,646,5.3,673,0,2,0,Kartu Kredit,Pendidikan,19.18,302.0,554.0,185.0,1
CUST103989,33,Wiraswasta,92076,714,7.9,4248,0,0,0,Pinjaman Pribadi,Bisnis,9.86,237.0,1.086,362.0,1
CUST103990,24,Mahasiswa,34916,604,0.6,24,0,1,0,Kartu Kredit,Konsolidasi Hutang,20.39,208.0,0.1,33.0,0
CUST103991,30,Bekerja,46814,610,4.5,99,0,1,0,Kartu Kredit,Konsolidasi Hutang,20.73,352.0,472.0,157.0,0
CUST103992,31,Wiraswasta,75692,509,1.9,145,0,2,1,Pinjaman Pribadi,Pendidikan,15.18,187.0,1.321,0.44,0
CUST103993,37,Bekerja,37637,573,9.5,3641,0,0,0,Kartu Kredit,Pendidikan,21.98,358.0,978.0,326.0,1
CUST103994,37,Bekerja,62234,599,7.1,1037,0,0,0,Pinjaman Pribadi,Renovasi Rumah,16.31,0.41,1.022,341.0,0
CUST103995,49,Mahasiswa,26370,691,24.1,717,0,0,0,Pinjaman Pribadi,Pribadi,12.24,148.0,743.0,248.0,1
CUST103996,42,Bekerja,32474,649,6.0,278,0,0,0,Kartu Kredit,Pribadi,20.24,421.0,363.0,121.0,1
CUST103997,18,Wiraswasta,71113,702,1.5,54,0,0,0,Kredit Berjalan,Medis,9.22,62.0,0.35,117.0,1
CUST103998,40,Bekerja,68504,641,17.9,11169,0,1,0,Kredit Berjalan,Pribadi,12.52,195.0,406.0,135.0,1
CUST103999,49,Wiraswasta,179734,622,0.3,1531,0,1,0,Kartu Kredit,Pribadi,20.22,131.0,347.0,116.0,1
CUST104000,45,Bekerja,107280,663,17.6,40459,0,0,0,Kartu Kredit,Pendidikan,18.54,212.0,652.0,217.0,1
CUST104001,33,Bekerja,36937,617,12.1,393,0,1,0,Pinjaman Pribadi,Medis,14.19,291.0,615.0,205.0,1
CUST104002,25,Bekerja,56461,688,1.7,51,0,0,0,Kartu Kredit,Medis,18.34,441.0,845.0,282.0,0
CUST104003,18,Mahasiswa,19851,542,2.0,5,0,1,0,Kartu Kredit,Renovasi Rumah,22.38,112.0,101.0,34.0,1
CUST104004,28,Bekerja,16625,581,6.1,24,0,0,1,Pinjaman Pribadi,Bisnis,16.39,0.21,156.0,52.0,0
CUST104005,40,Bekerja,131861,713,0.9,348,0,0,0,Pinjaman Pribadi,Bisnis,10.21,41.0,758.0,253.0,1
CUST104006,28,Bekerja,71400,537,3.4,21028,0,0,2,Kartu Kredit,Renovasi Rumah,21.06,416.0,0.98,327.0,0
CUST104007,23,Bekerja,19560,592,4.0,227,0,0,0,Pinjaman Pribadi,Bisnis,15.71,0.17,1.84,613.0,0
CUST104008,45,Bekerja,59351,689,1.0,50,0,1,1,Pinjaman Pribadi,Pribadi,11.6,257.0,1.134,378.0,0
CUST104009,25,Bekerja,44895,733,5.4,640,0,0,1,Pinjaman Pribadi,Renovasi Rumah,10.32,341.0,1.953,651.0,1
CUST104010,18,Bekerja,31557,456,0.3,12,0,0,1,Kredit Berjalan,Bisnis,13.56,0.41,513.0,171.0,0
CUST104011,26,Bekerja,34472,624,7.0,857,0,0,0,Kredit Berjalan,Renovasi Rumah,11.13,51.0,0.78,0.26,1
CUST104012,32,Wiraswasta,76145,718,8.9,3861,0,0,0,Kartu Kredit,Medis,17.31,237.0,638.0,213.0,1
CUST104013,21,Bekerja,31064,650,1.6,67,0,0,0,Kartu Kredit,Konsolidasi Hutang,18.28,502.0,19.0,6.0,0
CUST104014,19,Bekerja,69583,542,0.8,183,0,0,0,Kartu Kredit,Bisnis,22.98,175.0,1.006,335.0,0
CUST104015,49,Bekerja,29447,700,27.4,481,0,0,0,Pinjaman Pribadi,Medis,11.44,277.0,1.012,337.0,1
CUST104016,33,Bekerja,87188,707,12.7,14438,0,1,0,Kredit Berjalan,Pendidikan,8.15,0.51,522.0,174.0,1
CUST104017,18,Bekerja,27652,581,1.6,45,0,0,0,Kredit Berjalan,Pribadi,13.24,329.0,474.0,158.0,0
CUST104018,40,Wiraswasta,49636,552,5.9,2381,0,0,0,Pinjaman Pribadi,Bisnis,15.59,536.0,848.0,283.0,0
CUST104019,49,Mahasiswa,15000,604,5.8,136,0,2,0,Kartu Kredit,Pribadi,20.0,297.0,0.1,33.0,1
CUST104020,43,Bekerja,36496,589,18.2,463,0,1,0,Kartu Kredit,Pribadi,22.33,216.0,1.214,405.0,0
CUST104021,18,Mahasiswa,23136,684,1.0,43,0,0,0,Kartu Kredit,Konsolidasi Hutang,17.43,511.0,99.0,33.0,0
CUST104022,37,Bekerja,25065,696,11.3,798,0,0,0,Pinjaman Pribadi,Renovasi Rumah,12.39,752.0,1.775,592.0,0
CUST104023,57,Bekerja,53772,592,10.1,61,0,1,0,Kartu Kredit,Konsolidasi Hutang,22.46,146.0,1.302,434.0,0
CUST104024,28,Bekerja,48152,575,8.2,999,0,1,2,Kartu Kredit,Pendidikan,21.01,364.0,1.045,348.0,0
CUST104025,22,Wiraswasta,250000,737,3.9,2974,0,0,0,Pinjaman Pribadi,Renovasi Rumah,9.89,281.0,0.4,133.0,1
CUST104026,66,Bekerja,67509,697,6.6,7131,1,2,0,Pinjaman Pribadi,Renovasi Rumah,11.24,151.0,1.195,398.0,0
CUST104027,43,Bekerja,78023,679,7.5,15494,0,0,0,Pinjaman Pribadi,Bisnis,11.72,153.0,1.282,427.0,1
CUST104028,43,Wiraswasta,27720,634,5.9,306,0,0,0,Kartu Kredit,Pendidikan,19.01,103.0,509.0,0.17,1
CUST104029,60,Wiraswasta,50089,746,4.2,623,0,0,0,Kartu Kredit,Pribadi,15.9,204.0,721.0,0.24,1
CUST104030,37,Bekerja,47001,571,12.3,822,0,1,0,Kartu Kredit,Konsolidasi Hutang,21.69,164.0,717.0,239.0,0
CUST104031,37,Mahasiswa,37406,586,13.9,1371,0,1,0,Kartu Kredit,Medis,22.04,567.0,99.0,33.0,0
CUST104032,48,Bekerja,57952,678,12.0,1365,0,0,0,Kredit Berjalan,Renovasi Rumah,10.9,304.0,614.0,205.0,1
CUST104033,18,Mahasiswa,15695,569,0.5,29,0,2,1,Pinjaman Pribadi,Renovasi Rumah,16.78,258.0,1.943,648.0,0
CUST104034,42,Bekerja,45800,667,5.5,181,0,1,0,Kartu Kredit,Konsolidasi Hutang,17.77,26.0,509.0,0.17,1
CUST104035,41,Bekerja,23848,595,21.9,868,0,1,1,Kartu Kredit,Pendidikan,21.49,147.0,21.0,7.0,1
CUST104036,18,Wiraswasta,118699,702,1.9,509,0,0,0,Pinjaman Pribadi,Bisnis,9.72,404.0,0.46,153.0,1
CUST104037,20,Bekerja,15536,541,0.6,28,0,0,0,Pinjaman Pribadi,Bisnis,16.29,175.0,206.0,69.0,0
CUST104038,37,Bekerja,37471,621,8.5,833,0,2,0,Kartu Kredit,Medis,19.7,351.0,1.075,358.0,0
CUST104039,41,Bekerja,34990,672,9.7,250,0,1,0,Kartu Kredit,Bisnis,17.79,47.0,0.2,67.0,1
CUST104040,47,Bekerja,43064,628,12.0,2288,0,2,0,Pinjaman Pribadi,Pribadi,13.03,689.0,1.01,337.0,0
CUST104041,31,Bekerja,17372,642,1.1,106,0,0,0,Kartu Kredit,Konsolidasi Hutang,19.65,661.0,0.65,217.0,0
CUST104042,24,Wiraswasta,23508,550,3.8,149,0,0,0,Kartu Kredit,Renovasi Rumah,21.82,338.0,1.383,461.0,0
CUST104043,40,Bekerja,77627,691,19.0,1135,0,0,0,Kartu Kredit,Pribadi,17.18,407.0,277.0,92.0,1
CUST104044,24,Bekerja,24755,625,4.6,21894,0,0,1,Kredit Berjalan,Pribadi,12.95,126.0,0.61,203.0,1
CUST104045,34,Bekerja,52283,678,2.6,418,0,0,0,Kartu Kredit,Renovasi Rumah,18.48,91.0,0.26,87.0,1
CUST104046,47,Bekerja,124022,639,19.0,16348,0,1,0,Kartu Kredit,Konsolidasi Hutang,20.23,282.0,564.0,188.0,1
CUST104047,44,Bekerja,33055,683,9.5,749,0,0,0,Kartu Kredit,Pendidikan,17.19,496.0,239.0,0.08,1
CUST104048,40,Bekerja,36118,614,21.0,14524,0,3,0,Kartu Kredit,Renovasi Rumah,20.02,209.0,1.24,413.0,0
CUST104049,34,Mahasiswa,22825,661,0.4,455,0,1,0,Kartu Kredit,Konsolidasi Hutang,17.45,334.0,101.0,34.0,1
CUST104050,29,Mahasiswa,50151,669,3.5,660,0,0,0,Kredit Berjalan,Pribadi,9.89,207.0,162.0,54.0,1
CUST104051,45,Bekerja,33985,595,21.6,318,0,0,0,Pinjaman Pribadi,Medis,16.13,142.0,138.0,46.0,1
CUST104052,18,Bekerja,31797,691,1.9,40,0,0,0,Kartu Kredit,Bisnis,17.24,157.0,607.0,202.0,1
CUST104053,29,Bekerja,37356,631,1.7,27,0,1,0,Kartu Kredit,Konsolidasi Hutang,20.46,232.0,517.0,172.0,0
CUST104054,62,Bekerja,35296,681,24.8,1393,0,0,0,Pinjaman Pribadi,Pribadi,11.86,483.0,1.258,419.0,0
CUST104055,38,Bekerja,65724,634,10.7,14219,0,0,0,Kartu Kredit,Pendidikan,20.9,579.0,776.0,259.0,0
CUST104056,56,Wiraswasta,41056,627,0.2,11,0,3,0,Pinjaman Pribadi,Pribadi,13.31,302.0,957.0,319.0,0
CUST104057,44,Bekerja,34058,634,19.7,14284,0,0,0,Pinjaman Pribadi,Bisnis,14.25,178.0,672.0,224.0,1
CUST104058,47,Bekerja,115885,644,20.9,8644,0,2,0,Kredit Berjalan,Pendidikan,11.17,211.0,344.0,115.0,1
CUST104059,31,Bekerja,23550,634,5.5,4369,0,1,0,Pinjaman Pribadi,Pendidikan,14.84,0.16,1.631,544.0,1
CUST104060,25,Bekerja,34940,645,6.9,917,0,1,0,Kredit Berjalan,Renovasi Rumah,13.0,182.0,426.0,142.0,0
CUST104061,34,Bekerja,96397,603,11.1,2487,0,0,0,Kartu Kredit,Pribadi,19.36,539.0,706.0,235.0,0
CUST104062,37,Mahasiswa,20811,716,10.6,273,0,0,0,Pinjaman Pribadi,Pribadi,10.57,189.0,1.936,645.0,1
CUST104063,30,Bekerja,32135,609,0.4,141,0,1,0,Kartu Kredit,Pendidikan,19.31,284.0,1.024,341.0,1
CUST104064,55,Wiraswasta,109889,658,25.2,17894,0,0,0,Kartu Kredit,Pribadi,17.06,416.0,637.0,212.0,1
CUST104065,41,Wiraswasta,91516,672,8.7,409,0,0,0,Kredit Berjalan,Pribadi,9.84,177.0,393.0,131.0,1
CUST104066,21,Wiraswasta,40560,601,1.4,1208,0,1,0,Pinjaman Pribadi,Pendidikan,13.44,0.29,1.657,552.0,0
CUST104067,29,Bekerja,57749,649,6.7,16052,0,0,0,Pinjaman Pribadi,Medis,14.08,596.0,68.0,23.0,0
CUST104068,26,Bekerja,15000,655,4.0,32,0,0,0,Kartu Kredit,Bisnis,18.67,369.0,853.0,284.0,1
CUST104069,37,Bekerja,49084,580,11.3,1289,0,0,1,Kredit Berjalan,Medis,13.12,0.43,831.0,277.0,0
CUST104070,29,Mahasiswa,15000,675,3.2,107,0,0,0,Kartu Kredit,Konsolidasi Hutang,18.35,351.0,0.1,33.0,1
CUST104071,38,Bekerja,57581,679,18.8,1374,0,1,0,Kartu Kredit,Pribadi,18.39,148.0,691.0,0.23,1
CUST104072,23,Bekerja,20323,652,0.3,71,0,0,1,Kartu Kredit,Medis,18.66,237.0,89.0,0.03,1
CUST104073,26,Bekerja,71796,618,5.1,102,0,2,0,Kredit Berjalan,Pendidikan,11.37,84.0,0.29,97.0,1
CUST104074,45,Bekerja,63589,679,1.8,9,0,1,0,Pinjaman Pribadi,Medis,12.23,104.0,634.0,211.0,1
CUST104075,37,Mahasiswa,15977,599,13.1,3528,0,0,0,Kredit Berjalan,Bisnis,13.15,389.0,313.0,104.0,0
CUST104076,29,Wiraswasta,32271,653,3.0,4344,0,0,0,Pinjaman Pribadi,Pribadi,12.35,446.0,1.305,435.0,0
CUST104077,26,Bekerja,46702,666,6.9,300,0,0,0,Pinjaman Pribadi,Pendidikan,12.87,241.0,28.0,9.0,1
CUST104078,18,Bekerja,33550,593,0.8,395,0,2,1,Kartu Kredit,Medis,21.44,528.0,924.0,308.0,0
CUST104079,39,Bekerja,57269,577,18.8,176,0,0,0,Pinjaman Pribadi,Pendidikan,16.13,328.0,526.0,175.0,1
CUST104080,29,Bekerja,36903,604,0.3,10,0,2,0,Kartu Kredit,Bisnis,20.19,204.0,122.0,41.0,0
CUST104081,18,Bekerja,33861,678,0.1,33,0,0,0,Kartu Kredit,Medis,18.55,373.0,402.0,134.0,0
CUST104082,28,Bekerja,37495,773,7.5,293,0,1,0,Kredit Berjalan,Pendidikan,6.65,373.0,293.0,98.0,1
CUST104083,51,Wiraswasta,41039,682,6.4,931,0,1,0,Kredit Berjalan,Bisnis,10.07,305.0,314.0,105.0,1
CUST104084,36,Bekerja,39273,686,7.4,3794,0,0,0,Pinjaman Pribadi,Renovasi Rumah,11.81,0.36,1.131,377.0,1
CUST104085,22,Wiraswasta,53501,590,2.1,556,0,2,0,Kartu Kredit,Pribadi,21.18,274.0,1.308,436.0,0
CUST104086,43,Bekerja,105745,662,12.5,13439,0,1,0,Pinjaman Pribadi,Pribadi,11.18,26.0,691.0,0.23,1
CUST104087,24,Bekerja,33036,639,4.1,1434,0,1,0,Kartu Kredit,Medis,19.5,33.0,1.247,416.0,0
CUST104088,52,Bekerja,35542,665,27.5,2754,0,1,0,Kredit Berjalan,Bisnis,9.95,388.0,506.0,169.0,0
CUST104089,18,Wiraswasta,36971,566,1.6,167,0,0,0,Kredit Berjalan,Pendidikan,14.29,332.0,0.3,0.1,1
CUST104090,44,Bekerja,135876,670,19.9,42630,0,0,0,Pinjaman Pribadi,Medis,11.34,77.0,204.0,68.0,1
CUST104091,35,Mahasiswa,36239,702,4.1,159,0,0,0,Kredit Berjalan,Renovasi Rumah,8.59,309.0,397.0,132.0,1
CUST104092,41,Mahasiswa,56729,648,1.9,381,0,0,0,Kartu Kredit,Pribadi,20.86,205.0,0.1,33.0,1
CUST104093,70,Wiraswasta,82383,691,11.6,4391,0,0,0,Pinjaman Pribadi,Konsolidasi Hutang,12.11,449.0,1.214,405.0,0
CUST104094,34,Bekerja,119946,635,13.5,14556,0,2,1,Kredit Berjalan,Renovasi Rumah,12.75,304.0,158.0,53.0,1
CUST104095,60,Wiraswasta,29960,644,23.7,656,0,0,0,Kartu Kredit,Renovasi Rumah,20.29,248.0,147.0,49.0,1
CUST104096,44,Wiraswasta,121570,714,5.2,1325,0,0,0,Pinjaman Pribadi,Medis,10.77,211.0,299.0,0.1,1
CUST104097,24,Mahasiswa,22594,725,1.7,52,0,0,0,Pinjaman Pribadi,Pendidikan,10.7,234.0,1.058,353.0,1
CUST104098,32,Bekerja,56971,609,3.8,293,0,0,0,Kartu Kredit,Pendidikan,19.62,126.0,1.229,0.41,1
CUST104099,18,Bekerja,46053,634,1.9,169,0,0,0,Kredit Berjalan,Pribadi,12.08,119.0,476.0,159.0,1
CUST104100,48,Wiraswasta,47183,657,6.8,864,0,0,0,Kredit Berjalan,Konsolidasi Hutang,9.21,373.0,528.0,176.0,0
CUST104101,27,Bekerja,19592,616,0.4,12,0,1,0,Kartu Kredit,Pendidikan,20.26,332.0,291.0,97.0,1
CUST104102,46,Wiraswasta,15805,714,11.3,10084,0,1,0,Pinjaman Pribadi,Pendidikan,10.5,266.0,1.664,555.0,1
CUST104103,38,Bekerja,36903,583,20.0,21177,0,0,3,Kartu Kredit,Pribadi,22.98,197.0,1.214,405.0,0
CUST104104,31,Wiraswasta,36417,571,8.7,942,0,2,0,Kartu Kredit,Pribadi,22.39,483.0,91.0,0.03,0
CUST104105,60,Bekerja,42276,695,5.2,289,0,0,0,Kartu Kredit,Pendidikan,17.4,417.0,367.0,122.0,1
CUST104106,34,Wiraswasta,71029,587,6.2,2063,0,0,0,Kredit Berjalan,Bisnis,13.09,706.0,0.61,203.0,0
CUST104107,33,Bekerja,69330,655,4.6,578,0,1,0,Kartu Kredit,Bisnis,17.93,354.0,1.01,337.0,0
CUST104108,22,Bekerja,44244,547,2.2,3531,0,1,0,Kartu Kredit,Pribadi,21.26,225.0,1.209,403.0,0
CUST104109,23,Bekerja,15000,528,3.1,77,0,0,0,Kartu Kredit,Bisnis,21.53,424.0,893.0,298.0,0
CUST104110,37,Bekerja,34040,696,15.6,3298,0,0,0,Pinjaman Pribadi,Renovasi Rumah,12.47,228.0,397.0,132.0,1
CUST104111,37,Wiraswasta,63262,642,7.9,1046,0,0,0,Kredit Berjalan,Konsolidasi Hutang,11.36,392.0,362.0,121.0,1
CUST104112,56,Bekerja,101316,704,23.1,7516,0,0,0,Kredit Berjalan,Pendidikan,8.67,0.25,0.42,0.14,1
CUST104113,58,Bekerja,51086,653,23.5,21531,0,0,0,Kartu Kredit,Pendidikan,18.12,0.16,523.0,174.0,1
CUST104114,46,Bekerja,113531,548,19.0,2358,0,0,0,Kartu Kredit,Medis,22.7,21.0,506.0,169.0,1
CUST104115,19,Bekerja,35745,626,0.8,14,0,1,0,Kredit Berjalan,Pribadi,12.95,122.0,0.49,163.0,0
CUST104116,19,Bekerja,36709,589,0.1,0,0,0,0,Kredit Berjalan,Medis,13.84,129.0,825.0,275.0,0
CUST104117,38,Bekerja,25099,638,8.0,1751,0,0,0,Kredit Berjalan,Konsolidasi Hutang,11.63,366.0,622.0,207.0,0
CUST104118,18,Wiraswasta,65354,608,0.3,16,0,1,0,Kartu Kredit,Pribadi,20.88,202.0,346.0,115.0,0
CUST104119,50,Bekerja,88642,623,23.3,4156,0,0,0,Pinjaman Pribadi,Bisnis,13.32,427.0,1.128,376.0,0
CUST104120,26,Bekerja,40566,697,1.7,164,0,0,0,Kartu Kredit,Bisnis,18.2,327.0,1.324,441.0,1
CUST104121,44,Mahasiswa,16237,531,9.3,299,0,1,0,Pinjaman Pribadi,Renovasi Rumah,16.23,306.0,1.152,384.0,0
CUST104122,39,Bekerja,48373,515,1.6,2707,0,0,0,Kartu Kredit,Renovasi Rumah,22.8,452.0,0.86,287.0,0
CUST104123,47,Bekerja,76161,569,17.7,11978,0,2,1,Pinjaman Pribadi,Pendidikan,16.03,262.0,1.313,438.0,0
CUST104124,26,Bekerja,32304,632,2.0,846,0,0,0,Kartu Kredit,Pribadi,20.85,245.0,1.316,439.0,1
CUST104125,41,Bekerja,73347,667,5.9,43577,0,1,0,Pinjaman Pribadi,Medis,12.28,633.0,1.363,454.0,0
CUST104126,58,Bekerja,41631,546,15.7,26384,0,1,1,Kartu Kredit,Pribadi,22.14,196.0,874.0,291.0,1
CUST104127,41,Bekerja,35716,555,0.8,364,0,0,0,Kredit Berjalan,Renovasi Rumah,13.52,176.0,0.61,203.0,0
CUST104128,29,Bekerja,58860,578,5.4,1961,0,1,0,Pinjaman Pribadi,Renovasi Rumah,15.66,431.0,1.259,0.42,0
CUST104129,33,Wiraswasta,84085,648,6.0,2195,0,0,0,Pinjaman Pribadi,Pribadi,14.02,343.0,1.189,396.0,1
CUST104130,20,Bekerja,17222,634,0.4,13,1,3,0,Kartu Kredit,Konsolidasi Hutang,19.78,76.0,1.057,352.0,0
CUST104131,42,Mahasiswa,18825,696,20.6,150,0,0,0,Kredit Berjalan,Pendidikan,10.6,124.0,452.0,151.0,1
CUST104132,20,Bekerja,59512,665,0.4,72,0,0,2,Kredit Berjalan,Pribadi,9.22,53.0,605.0,202.0,1
CUST104133,18,Bekerja,26133,527,0.1,7,0,1,0,Pinjaman Pribadi,Konsolidasi Hutang,15.72,612.0,1.615,538.0,0
CUST104134,31,Wiraswasta,107618,666,2.4,89,0,1,0,Pinjaman Pribadi,Pribadi,12.84,109.0,111.0,37.0,1
CUST104135,30,Bekerja,32416,638,9.7,228,0,0,0,Pinjaman Pribadi,Pendidikan,13.18,0.08,1.786,595.0,0
CUST104136,18,Mahasiswa,15000,605,1.2,69,0,3,0,Kartu Kredit,Renovasi Rumah,19.65,104.0,0.1,33.0,0
CUST104137,23,Bekerja,17091,705,3.2,142,0,0,1,Kartu Kredit,Konsolidasi Hutang,17.09,424.0,1.217,406.0,0
CUST104138,33,Bekerja,59962,650,9.0,28211,0,0,0,Kredit Berjalan,Pribadi,9.93,238.0,834.0,278.0,1
CUST104139,41,Bekerja,85716,759,16.2,3721,0,1,0,Kartu Kredit,Pendidikan,14.6,259.0,517.0,172.0,1
CUST104140,38,Bekerja,23343,679,0.8,9,0,0,0,Kartu Kredit,Pribadi,18.07,374.0,364.0,121.0,1
CUST104141,34,Wiraswasta,35830,731,4.5,82,0,0,0,Pinjaman Pribadi,Pribadi,9.74,353.0,28.0,9.0,1
CUST104142,21,Bekerja,15000,594,2.2,82,0,1,0,Pinjaman Pribadi,Pendidikan,16.03,428.0,533.0,178.0,0
CUST104143,47,Wiraswasta,108939,643,1.8,1026,0,0,0,Kartu Kredit,Renovasi Rumah,20.32,75.0,201.0,67.0,1
CUST104144,25,Bekerja,22803,735,4.3,4,0,0,0,Pinjaman Pribadi,Medis,10.07,124.0,658.0,219.0,1
CUST104145,26,Mahasiswa,18665,554,2.6,14,0,0,0,Kredit Berjalan,Pendidikan,13.32,182.0,659.0,0.22,0
CUST104146,18,Bekerja,15000,528,0.2,4,0,1,0,Pinjaman Pribadi,Bisnis,15.01,248.0,333.0,111.0,0
CUST104147,56,Mahasiswa,15000,566,20.8,3338,1,1,0,Kredit Berjalan,Konsolidasi Hutang,14.72,0.2,333.0,111.0,0
CUST104148,30,Wiraswasta,81121,689,5.2,255,0,1,0,Kartu Kredit,Pendidikan,17.41,207.0,92.0,31.0,1
CUST104149,25,Wiraswasta,54931,606,4.6,89,0,0,0,Kartu Kredit,Pendidikan,19.13,403.0,994.0,331.0,1
CUST104150,19,Bekerja,40472,552,1.5,667,0,1,1,Kredit Berjalan,Medis,13.59,91.0,371.0,124.0,0
CUST104151,39,Mahasiswa,21706,660,19.2,15677,0,0,1,Kartu Kredit,Konsolidasi Hutang,17.79,271.0,55.0,18.0,1
CUST104152,42,Bekerja,73802,753,23.9,3543,0,0,0,Kartu Kredit,Konsolidasi Hutang,15.72,341.0,948.0,316.0,1
CUST104153,42,Bekerja,23112,655,13.7,368,0,1,0,Pinjaman Pribadi,Medis,11.38,226.0,1.54,513.0,1
CUST104154,33,Bekerja,112656,558,7.0,5191,0,2,0,Kredit Berjalan,Pendidikan,13.25,331.0,427.0,142.0,0
CUST104155,23,Mahasiswa,19288,591,1.7,7,0,1,0,Kartu Kredit,Medis,22.03,208.0,99.0,33.0,1
CUST104156,20,Bekerja,33495,643,1.3,76,0,0,0,Kredit Berjalan,Renovasi Rumah,11.7,289.0,1.003,334.0,0
CUST104157,28,Bekerja,23245,586,3.7,428,0,0,0,Pinjaman Pribadi,Konsolidasi Hutang,16.36,341.0,1.45,483.0,0
CUST104158,28,Bekerja,94925,764,3.0,1947,0,0,0,Kartu Kredit,Bisnis,15.39,31.0,465.0,155.0,1
CUST104159,46,Mahasiswa,32282,771,17.9,107,0,0,0,Kartu Kredit,Konsolidasi Hutang,14.62,69.0,99.0,33.0,1
CUST104160,41,Wiraswasta,72981,699,16.6,841,0,0,0,Kartu Kredit,Pendidikan,18.26,502.0,925.0,308.0,1
CUST104161,40,Bekerja,24780,781,5.5,360,0,0,0,Kartu Kredit,Pribadi,14.92,0.22,194.0,65.0,1
CUST104162,59,Bekerja,97443,756,28.4,19380,0,0,0,Kartu Kredit,Pendidikan,14.82,289.0,718.0,239.0,1
CUST104163,27,Bekerja,52225,619,0.4,28,0,1,0,Kartu Kredit,Medis,19.39,591.0,1.34,447.0,0
CUST104164,37,Bekerja,71122,718,8.6,1095,0,1,0,Pinjaman Pribadi,Pendidikan,10.84,553.0,1.13,377.0,0
CUST104165,18,Bekerja,31841,711,1.5,7,0,1,0,Pinjaman Pribadi,Renovasi Rumah,10.17,586.0,1.464,488.0,0
CUST104166,35,Bekerja,42024,705,3.0,1814,0,1,0,Pinjaman Pribadi,Pendidikan,9.64,111.0,1.325,442.0,1
CUST104167,21,Mahasiswa,23446,671,0.7,53,0,0,0,Pinjaman Pribadi,Konsolidasi Hutang,12.09,387.0,2.0,667.0,0
CUST104168,47,Bekerja,123143,671,5.1,155,0,0,0,Kartu Kredit,Renovasi Rumah,17.9,272.0,568.0,189.0,1
CUST104169,29,Wiraswasta,32307,601,5.7,325,0,1,0,Pinjaman Pribadi,Medis,13.02,377.0,1.569,523.0,0
CUST104170,35,Bekerja,29980,648,6.1,2531,0,0,2,Pinjaman Pribadi,Pendidikan,14.42,0.43,1.291,0.43,1
CUST104171,28,Bekerja,36052,537,1.3,52,0,0,0,Pinjaman Pribadi,Pendidikan,15.75,288.0,696.0,232.0,0
CUST104172,18,Bekerja,17802,494,1.5,182,0,1,0,Pinjaman Pribadi,Renovasi Rumah,16.56,236.0,1.073,358.0,0
CUST104173,42,Bekerja,37687,679,22.0,2317,0,0,0,Kredit Berjalan,Bisnis,9.16,119.0,448.0,149.0,1
CUST104174,36,Bekerja,25248,632,17.4,36982,0,0,0,Pinjaman Pribadi,Pribadi,14.17,37.0,1.418,473.0,1
CUST104175,26,Mahasiswa,16876,552,4.5,5,0,0,0,Kartu Kredit,Pribadi,22.92,29.0,101.0,34.0,1
CUST104176,22,Bekerja,26656,575,3.9,178,0,3,1,Kredit Berjalan,Pendidikan,13.22,355.0,383.0,128.0,0
CUST104177,51,Mahasiswa,15000,611,26.3,917,0,1,0,Kredit Berjalan,Pribadi,11.23,201.0,0.5,167.0,1
CUST104178,21,Bekerja,24786,608,1.1,52,0,0,0,Kartu Kredit,Bisnis,20.5,663.0,117.0,39.0,0
CUST104179,36,Bekerja,24670,641,2.7,586,0,1,0,Kredit Berjalan,Renovasi Rumah,12.64,61.0,495.0,165.0,1
CUST104180,41,Bekerja,23459,538,2.6,391,0,0,0,Kartu Kredit,Renovasi Rumah,22.85,242.0,1.373,458.0,0
CUST104181,39,Wiraswasta,30441,636,19.2,2710,0,1,0,Kartu Kredit,Bisnis,19.28,0.19,1.077,359.0,0
CUST104182,66,Bekerja,106286,669,22.9,61083,0,0,0,Pinjaman Pribadi,Pendidikan,12.93,239.0,0.77,257.0,1
CUST104183,44,Wiraswasta,36777,666,23.8,614,0,1,0,Pinjaman Pribadi,Renovasi Rumah,11.9,125.0,859.0,286.0,1
CUST104184,24,Bekerja,44845,605,1.0,97,0,1,0,Kredit Berjalan,Pribadi,12.18,437.0,285.0,95.0,1
CUST104185,20,Bekerja,20387,699,1.9,850,0,0,0,Kredit Berjalan,Pendidikan,10.93,197.0,383.0,128.0,1
CUST104186,35,Wiraswasta,111364,592,7.9,26370,0,1,1,Kartu Kredit,Renovasi Rumah,22.05,404.0,308.0,103.0,1
CUST104187,33,Bekerja,30463,604,8.4,374,0,0,0,Kartu Kredit,Bisnis,19.67,352.0,1.113,371.0,0
CUST104188,22,Mahasiswa,59950,692,1.4,151,0,0,0,Kartu Kredit,Pendidikan,17.92,216.0,0.1,33.0,1
CUST104189,18,Mahasiswa,40312,493,0.5,71,0,1,0,Kartu Kredit,Pribadi,21.16,436.0,99.0,33.0,0
CUST104190,46,Bekerja,69551,745,8.3,1629,0,1,0,Pinjaman Pribadi,Pribadi,10.92,507.0,1.438,479.0,0
CUST104191,39,Bekerja,18907,591,10.6,61,0,1,1,Kartu Kredit,Pribadi,21.58,81.0,1.269,423.0,0
CUST104192,33,Bekerja,18679,521,0.6,9,0,1,1,Pinjaman Pribadi,Pribadi,16.32,0.34,375.0,125.0,0
CUST104193,47,Bekerja,68229,525,9.5,3053,0,0,1,Kartu Kredit,Konsolidasi Hutang,21.55,566.0,91.0,0.03,0
CUST104194,30,Bekerja,41345,566,1.0,43,0,1,0,Pinjaman Pribadi,Pendidikan,16.09,539.0,1.954,651.0,0
CUST104195,48,Bekerja,41292,713,22.5,10318,0,0,0,Kartu Kredit,Medis,16.96,318.0,206.0,69.0,1
CUST104196,47,Mahasiswa,21972,675,27.5,242,0,0,0,Pinjaman Pribadi,Pendidikan,11.37,207.0,1.975,658.0,1
CUST104197,29,Mahasiswa,15000,563,3.4,152,0,2,0,Pinjaman Pribadi,Renovasi Rumah,15.03,568.0,953.0,318.0,0
CUST104198,32,Bekerja,42753,540,7.9,95,0,0,0,Kredit Berjalan,Pribadi,13.81,387.0,419.0,0.14,0
CUST104199,32,Bekerja,31393,576,0.0,0,1,0,1,Kredit Berjalan,Pribadi,14.66,214.0,634.0,211.0,0
CUST104200,34,Mahasiswa,25255,692,15.2,2581,0,0,0,Kartu Kredit,Medis,17.56,393.0,99.0,33.0,1
CUST104201,31,Bekerja,30842,711,7.7,35,0,0,0,Pinjaman Pribadi,Pribadi,10.05,241.0,1.128,376.0,1
CUST104202,27,Bekerja,26847,611,3.7,409,0,0,0,Kredit Berjalan,Pribadi,12.05,246.0,346.0,115.0,1
CUST104203,67,Wiraswasta,106410,721,24.9,1591,0,1,0,Pinjaman Pribadi,Renovasi Rumah,11.35,215.0,0.94,313.0,1
CUST104204,18,Bekerja,38176,620,1.5,145,0,2,0,Pinjaman Pribadi,Pribadi,13.77,247.0,521.0,174.0,0
CUST104205,33,Bekerja,33061,659,12.8,218,0,0,0,Pinjaman Pribadi,Pribadi,11.79,169.0,1.004,335.0,1
CUST104206,46,Mahasiswa,18288,755,0.5,321,0,0,0,Kartu Kredit,Konsolidasi Hutang,14.9,56.0,98.0,33.0,1
CUST104207,35,Wiraswasta,67451,628,3.5,3958,0,1,0,Kartu Kredit,Bisnis,20.81,66.0,1.038,346.0,0
CUST104208,22,Bekerja,15000,562,1.2,31,0,1,0,Kredit Berjalan,Medis,13.43,464.0,0.74,247.0,0
CUST104209,24,Mahasiswa,20819,592,2.5,8,0,0,0,Pinjaman Pribadi,Medis,15.84,277.0,1.273,424.0,0
CUST104210,39,Bekerja,56621,616,15.1,16622,0,2,0,Kredit Berjalan,Medis,12.42,409.0,747.0,249.0,0
CUST104211,30,Mahasiswa,15000,553,0.1,7,0,1,0,Kredit Berjalan,Medis,13.55,415.0,753.0,251.0,0
CUST104212,37,Bekerja,109735,686,18.9,6312,0,0,0,Kredit Berjalan,Pendidikan,9.2,148.0,0.23,77.0,1
CUST104213,30,Wiraswasta,98199,617,4.1,951,0,1,0,Kartu Kredit,Pendidikan,20.35,235.0,713.0,238.0,1
CUST104214,18,Wiraswasta,43621,599,1.0,20,0,0,0,Kartu Kredit,Pendidikan,22.19,351.0,1.139,0.38,0
CUST104215,59,Bekerja,35752,599,13.3,715,0,1,0,Kredit Berjalan,Pribadi,14.12,294.0,571.0,0.19,1
CUST104216,56,Bekerja,60985,739,11.2,17031,0,0,0,Pinjaman Pribadi,Pendidikan,10.77,299.0,113.0,38.0,1
CUST104217,52,Bekerja,30348,694,5.4,1677,0,0,0,Pinjaman Pribadi,Bisnis,12.56,0.18,1.476,492.0,1
CUST104218,30,Bekerja,31256,666,2.4,172,0,0,0,Pinjaman Pribadi,Pendidikan,11.74,255.0,659.0,0.22,1
CUST104219,18,Bekerja,15000,726,1.9,8,0,0,0,Kartu Kredit,Bisnis,16.75,137.0,847.0,282.0,1
CUST104220,42,Mahasiswa,25322,556,2.8,240,0,0,0,Kredit Berjalan,Pendidikan,13.64,313.0,434.0,145.0,1
CUST104221,18,Bekerja,28013,682,0.9,6,0,0,0,Kartu Kredit,Konsolidasi Hutang,18.92,192.0,635.0,212.0,1
CUST104222,34,Bekerja,82383,703,0.0,0,0,0,0,Kartu Kredit,Pendidikan,15.52,452.0,0.85,283.0,1
CUST104223,41,Bekerja,40859,588,10.1,266,0,1,1,Kartu Kredit,Renovasi Rumah,22.17,0.32,1.336,445.0,0
CUST104224,37,Bekerja,47072,695,1.5,52,0,0,0,Kredit Berjalan,Pribadi,9.85,0.24,219.0,73.0,1
CUST104225,34,Bekerja,64097,726,2.2,217,0,0,0,Pinjaman Pribadi,Pribadi,10.17,123.0,685.0,228.0,1
CUST104226,30,Bekerja,49407,691,5.2,313,0,0,0,Pinjaman Pribadi,Renovasi Rumah,12.27,104.0,1.433,478.0,1
CUST104227,38,Bekerja,45221,695,4.1,382,0,1,0,Kartu Kredit,Pendidikan,18.08,0.5,1.097,366.0,0
CUST104228,25,Bekerja,36924,532,5.9,739,1,1,1,Kartu Kredit,Bisnis,22.42,425.0,1.143,381.0,0
CUST104229,51,Bekerja,50427,697,15.2,208,0,0,0,Pinjaman Pribadi,Medis,11.24,322.0,1.517,506.0,1
CUST104230,40,Bekerja,42901,684,10.4,3280,0,1,0,Kredit Berjalan,Bisnis,9.01,79.0,639.0,213.0,1
CUST104231,41,Wiraswasta,47937,710,4.2,153,0,0,0,Kartu Kredit,Pribadi,17.44,611.0,23.0,8.0,0
CUST104232,41,Bekerja,51241,647,9.9,16,0,0,0,Kredit Berjalan,Konsolidasi Hutang,12.33,131.0,568.0,189.0,0
CUST104233,27,Bekerja,42891,719,7.1,589,0,0,0,Kredit Berjalan,Renovasi Rumah,9.1,567.0,324.0,108.0,0
CUST104234,20,Wiraswasta,96197,658,1.3,41,0,0,0,Kartu Kredit,Konsolidasi Hutang,18.96,378.0,714.0,238.0,0
CUST104235,37,Mahasiswa,29646,654,5.1,487,0,1,0,Pinjaman Pribadi,Pendidikan,11.89,129.0,347.0,116.0,1
CUST104236,26,Bekerja,38609,598,7.1,164,0,1,1,Kredit Berjalan,Pribadi,13.01,42.0,334.0,111.0,0
CUST104237,50,Bekerja,113204,671,29.5,2899,0,0,0,Kartu Kredit,Renovasi Rumah,18.89,255.0,484.0,161.0,1
CUST104238,18,Mahasiswa,15000,521,0.2,4,0,1,0,Kartu Kredit,Medis,22.8,427.0,0.1,33.0,0
CUST104239,37,Bekerja,20257,549,4.8,591,0,1,0,Kredit Berjalan,Pribadi,13.69,134.0,731.0,244.0,0
CUST104240,25,Bekerja,33536,701,0.6,16,0,1,0,Kartu Kredit,Pribadi,15.65,204.0,659.0,0.22,1
CUST104241,35,Wiraswasta,53930,581,13.1,1917,0,0,0,Pinjaman Pribadi,Pribadi,15.38,459.0,1.854,618.0,0
CUST104242,52,Bekerja,68453,722,18.9,1907,0,0,0,Pinjaman Pribadi,Konsolidasi Hutang,10.26,257.0,894.0,298.0,1
CUST104243,32,Bekerja,51572,619,2.8,1290,0,0,0,Kredit Berjalan,Bisnis,11.98,167.0,0.43,143.0,1
CUST104244,31,Bekerja,54628,688,5.0,1783,0,0,0,Kartu Kredit,Konsolidasi Hutang,18.5,358.0,877.0,292.0,1
CUST104245,41,Bekerja,20559,686,19.4,202,0,0,0,Pinjaman Pribadi,Konsolidasi Hutang,11.67,253.0,1.484,495.0,1
CUST104246,21,Bekerja,20764,670,0.5,1126,0,0,0,Kredit Berjalan,Pendidikan,10.43,366.0,925.0,308.0,1
CUST104247,35,Wiraswasta,42923,588,10.1,60668,0,0,1,Kartu Kredit,Pribadi,22.72,152.0,983.0,328.0,1
CUST104248,32,Bekerja,34019,653,9.3,66,0,0,0,Pinjaman Pribadi,Pendidikan,12.08,313.0,41.0,14.0,1
CUST104249,18,Bekerja,28070,705,1.9,331,0,0,0,Kartu Kredit,Pendidikan,15.55,339.0,1.347,449.0,1
CUST104250,45,Bekerja,34074,652,6.3,314,0,0,0,Kartu Kredit,Pendidikan,18.34,213.0,696.0,232.0,1
CUST104251,43,Mahasiswa,25861,656,18.5,7782,0,0,0,Pinjaman Pribadi,Pribadi,11.86,489.0,1.377,459.0,1
CUST104252,34,Bekerja,33575,634,10.6,381,0,0,0,Kredit Berjalan,Bisnis,11.22,389.0,661.0,0.22,0
CUST104253,49,Wiraswasta,115320,689,16.5,736,0,1,0,Kartu Kredit,Pribadi,18.31,335.0,224.0,75.0,1
CUST104254,18,Bekerja,18957,583,0.1,28,0,2,1,Pinjaman Pribadi,Pendidikan,16.41,57.0,1.947,649.0,0
CUST104255,48,Bekerja,38068,725,27.3,18643,0,0,0,Pinjaman Pribadi,Pribadi,9.92,206.0,328.0,109.0,1
CUST104256,44,Bekerja,82543,828,4.7,1854,0,1,0,Kredit Berjalan,Pribadi,7.89,415.0,537.0,179.0,1
CUST104257,18,Bekerja,39294,612,0.3,24,0,0,0,Kartu Kredit,Renovasi Rumah,19.01,378.0,1.344,448.0,0
CUST104258,35,Wiraswasta,32203,666,16.2,3256,0,1,0,Kartu Kredit,Medis,18.13,203.0,1.242,414.0,1
CUST104259,43,Wiraswasta,37858,584,23.9,10990,0,0,0,Pinjaman Pribadi,Konsolidasi Hutang,16.58,425.0,203.0,68.0,0
CUST104260,38,Bekerja,40021,676,11.7,1416,0,0,0,Pinjaman Pribadi,Pribadi,11.39,117.0,1.239,413.0,1
CUST104261,26,Mahasiswa,63877,674,7.2,119,0,0,0,Kartu Kredit,Renovasi Rumah,18.0,167.0,0.1,33.0,1
CUST104262,18,Mahasiswa,15000,578,0.3,4,0,1,0,Pinjaman Pribadi,Konsolidasi Hutang,16.39,117.0,273.0,91.0,0
CUST104263,18,Bekerja,20448,685,0.3,68,0,0,0,Pinjaman Pribadi,Bisnis,11.31,509.0,391.0,0.13,0
CUST104264,53,Wiraswasta,76379,747,20.1,5519,0,0,0,Kartu Kredit,Renovasi Rumah,17.19,521.0,916.0,305.0,1
CUST104265,37,Wiraswasta,35751,612,4.7,1259,1,3,0,Pinjaman Pribadi,Pribadi,14.41,573.0,291.0,97.0,0
CUST104266,37,Bekerja,32833,641,9.8,6914,0,3,0,Kartu Kredit,Bisnis,19.32,332.0,1.087,362.0,0
CUST104267,31,Bekerja,32951,673,9.1,797,0,0,0,Pinjaman Pribadi,Bisnis,12.62,131.0,1.117,372.0,0
CUST104268,53,Bekerja,57134,684,30.0,2255,0,0,0,Pinjaman Pribadi,Bisnis,12.69,169.0,672.0,224.0,1
CUST104269,38,Bekerja,46377,655,19.1,201,0,0,0,Kredit Berjalan,Medis,10.64,201.0,686.0,229.0,1
CUST104270,18,Bekerja,23392,661,1.8,55,0,0,0,Pinjaman Pribadi,Konsolidasi Hutang,12.31,343.0,1.308,436.0,0
CUST104271,30,Mahasiswa,24192,612,10.2,848,0,2,1,Pinjaman Pribadi,Pribadi,13.69,201.0,1.529,0.51,0
CUST104272,18,Bekerja,15000,640,0.9,17,0,0,0,Kartu Kredit,Pribadi,20.28,236.0,507.0,169.0,1
CUST104273,46,Bekerja,55437,656,21.3,1271,0,1,0,Pinjaman Pribadi,Medis,11.0,595.0,1.225,408.0,0
CUST104274,36,Mahasiswa,31370,644,16.2,3873,0,0,0,Kredit Berjalan,Medis,11.55,222.0,386.0,129.0,1
CUST104275,18,Mahasiswa,27731,689,1.0,20,0,0,0,Kredit Berjalan,Bisnis,10.78,157.0,808.0,269.0,0
CUST104276,34,Bekerja,26095,622,9.3,191,0,0,0,Pinjaman Pribadi,Renovasi Rumah,13.58,582.0,264.0,88.0,0
CUST104277,38,Wiraswasta,96050,685,9.9,4686,0,0,0,Kartu Kredit,Bisnis,17.78,545.0,0.48,0.16,0
CUST104278,48,Mahasiswa,45630,564,13.9,3613,0,1,0,Kredit Berjalan,Pribadi,14.14,199.0,0.8,267.0,0
CUST104279,36,Bekerja,28995,633,8.8,590,0,1,0,Kredit Berjalan,Renovasi Rumah,12.9,371.0,335.0,112.0,0
CUST104280,66,Bekerja,61613,747,17.7,2239,0,2,0,Kredit Berjalan,Konsolidasi Hutang,8.07,144.0,295.0,98.0,1
CUST104281,37,Bekerja,57811,616,2.6,827,0,1,0,Pinjaman Pribadi,Renovasi Rumah,14.21,394.0,301.0,0.1,0
CUST104282,18,Wiraswasta,51931,628,2.0,462,0,1,0,Kartu Kredit,Pendidikan,19.82,215.0,603.0,201.0,1
CUST104283,43,Bekerja,64994,761,15.7,1209,0,0,1,Kartu Kredit,Medis,15.44,0.08,0.62,207.0,1
CUST104284,37,Bekerja,50917,604,7.4,729,1,1,0,Pinjaman Pribadi,Bisnis,14.25,121.0,187.0,62.0,0
CUST104285,23,Wiraswasta,30971,636,1.6,152,0,3,0,Kartu Kredit,Pendidikan,19.58,463.0,914.0,305.0,0
CUST104286,46,Wiraswasta,25345,646,0.8,9,0,2,0,Pinjaman Pribadi,Bisnis,14.84,544.0,1.602,534.0,0
CUST104287,38,Bekerja,39314,590,0.9,258,0,0,0,Pinjaman Pribadi,Renovasi Rumah,16.07,132.0,1.063,354.0,0
CUST104288,20,Bekerja,24392,681,1.9,24,0,0,0,Kartu Kredit,Renovasi Rumah,17.77,158.0,168.0,56.0,1
CUST104289,42,Wiraswasta,134433,624,18.8,1597,0,2,0,Kredit Berjalan,Konsolidasi Hutang,12.43,189.0,355.0,118.0,0
CUST104290,19,Bekerja,25562,587,1.4,18,0,2,0,Kartu Kredit,Pribadi,21.25,317.0,708.0,236.0,0
CUST104291,35,Wiraswasta,63641,625,0.2,40,0,0,0,Kredit Berjalan,Pendidikan,12.25,596.0,776.0,259.0,0
CUST104292,29,Wiraswasta,26189,580,7.5,358,0,0,1,Kredit Berjalan,Bisnis,13.24,115.0,512.0,171.0,0
CUST104293,35,Mahasiswa,44499,652,9.6,19416,0,0,0,Pinjaman Pribadi,Bisnis,12.58,596.0,1.987,662.0,0
CUST104294,41,Bekerja,32212,617,22.0,5969,0,2,0,Pinjaman Pribadi,Pendidikan,14.83,425.0,1.782,594.0,0
CUST104295,27,Wiraswasta,74104,648,6.2,59,0,0,0,Pinjaman Pribadi,Pendidikan,13.9,264.0,1.349,0.45,1
CUST104296,24,Bekerja,32405,620,2.1,123,0,0,0,Kartu Kredit,Renovasi Rumah,20.66,238.0,339.0,113.0,0
CUST104297,36,Bekerja,29170,655,13.4,627,0,0,0,Kredit Berjalan,Pendidikan,10.27,282.0,377.0,126.0,1
CUST104298,26,Bekerja,50451,609,6.1,1130,0,1,0,Pinjaman Pribadi,Bisnis,14.04,289.0,563.0,188.0,0
CUST104299,32,Wiraswasta,36212,657,7.0,278,0,1,0,Pinjaman Pribadi,Medis,12.74,166.0,1.259,0.42,1
CUST104300,29,Wiraswasta,81750,576,10.2,6236,0,0,0,Pinjaman Pribadi,Bisnis,16.54,274.0,1.223,408.0,0
CUST104301,37,Bekerja,16795,598,18.0,221,0,2,0,Kartu Kredit,Pribadi,21.36,251.0,0.75,0.25,0
CUST104302,40,Wiraswasta,29763,612,16.8,204,0,0,0,Kartu Kredit,Renovasi Rumah,20.54,82.0,484.0,161.0,1
CUST104303,26,Bekerja,25152,633,7.0,4569,0,0,0,Kredit Berjalan,Bisnis,11.39,254.0,199.0,66.0,1
CUST104304,18,Bekerja,15000,696,0.6,81,0,0,0,Pinjaman Pribadi,Renovasi Rumah,12.98,0.37,747.0,249.0,0
CUST104305,27,Bekerja,25697,647,4.1,263,0,0,0,Pinjaman Pribadi,Bisnis,13.49,492.0,346.0,115.0,0
CUST104306,18,Mahasiswa,37350,505,1.0,25,0,0,0,Pinjaman Pribadi,Renovasi Rumah,15.89,337.0,669.0,223.0,0
CUST104307,62,Bekerja,37595,710,20.2,35385,0,0,0,Pinjaman Pribadi,Pribadi,11.21,79.0,0.79,263.0,1
CUST104308,54,Wiraswasta,27732,635,6.3,160,0,1,0,Pinjaman Pribadi,Pribadi,13.76,377.0,938.0,313.0,1
CUST104309,37,Wiraswasta,59781,611,10.1,38964,0,0,0,Kartu Kredit,Medis,20.55,294.0,1.171,0.39,1
CUST104310,40,Bekerja,42619,689,0.7,45,0,0,0,Pinjaman Pribadi,Konsolidasi Hutang,12.23,312.0,0.95,317.0,0
CUST104311,35,Bekerja,35667,555,8.0,1361,0,2,1,Kartu Kredit,Medis,21.38,131.0,1.155,385.0,0
CUST104312,28,Wiraswasta,70363,626,4.7,4211,0,0,0,Kartu Kredit,Pendidikan,19.46,102.0,364.0,121.0,1
CUST104313,48,Bekerja,52773,647,22.7,1562,0,2,0,Kartu Kredit,Pribadi,20.97,499.0,59.0,0.02,1
CUST104314,43,Bekerja,36500,579,22.8,1084,1,1,0,Pinjaman Pribadi,Renovasi Rumah,15.63,567.0,1.811,604.0,0
CUST104315,36,Mahasiswa,15000,738,6.7,35,0,0,0,Kredit Berjalan,Bisnis,7.55,119.0,653.0,218.0,1
CUST104316,29,Bekerja,47890,638,5.2,169,0,0,0,Kartu Kredit,Renovasi Rumah,20.66,304.0,46.0,15.0,1
CUST104317,24,Mahasiswa,23695,676,3.7,320,0,0,0,Pinjaman Pribadi,Pendidikan,12.26,209.0,1.127,376.0,1
CUST104318,63,Bekerja,92276,717,2.9,565,0,0,1,Pinjaman Pribadi,Medis,10.4,375.0,1.084,361.0,0
CUST104319,38,Mahasiswa,15000,613,13.0,33,0,0,0,Kartu Kredit,Renovasi Rumah,19.78,159.0,0.1,33.0,1
CUST104320,38,Mahasiswa,37851,645,14.1,304,0,4,0,Kredit Berjalan,Bisnis,11.1,118.0,465.0,155.0,0
CUST104321,22,Bekerja,36023,565,2.6,66,0,0,0,Kredit Berjalan,Renovasi Rumah,13.62,356.0,494.0,165.0,0
CUST104322,41,Wiraswasta,15000,664,7.6,151,0,0,0,Pinjaman Pribadi,Renovasi Rumah,12.17,144.0,1.52,507.0,1
CUST104323,47,Wiraswasta,51555,695,23.9,1281,0,0,1,Pinjaman Pribadi,Medis,11.66,202.0,1.625,542.0,1
CUST104324,30,Wiraswasta,48938,565,4.0,395,0,2,0,Kredit Berjalan,Pendidikan,13.88,168.0,566.0,189.0,0
CUST104325,31,Wiraswasta,50101,703,7.6,1583,0,0,0,Pinjaman Pribadi,Konsolidasi Hutang,9.63,0.35,784.0,261.0,1
CUST104326,41,Bekerja,38725,585,17.6,2884,0,0,1,Pinjaman Pribadi,Bisnis,15.55,515.0,718.0,239.0,0
CUST104327,29,Wiraswasta,27670,715,7.7,937,0,0,0,Kredit Berjalan,Pribadi,8.59,0.05,842.0,281.0,1
CUST104328,31,Bekerja,31077,570,4.2,125,0,0,0,Kartu Kredit,Konsolidasi Hutang,22.37,0.44,566.0,189.0,0
CUST104329,26,Bekerja,81574,598,7.2,361,0,2,0,Kredit Berjalan,Pribadi,14.83,298.0,613.0,204.0,0
CUST104330,54,Wiraswasta,56891,679,22.4,851,0,0,0,Pinjaman Pribadi,Renovasi Rumah,12.49,481.0,376.0,125.0,1
CUST104331,27,Bekerja,32058,619,1.7,187,0,1,0,Kartu Kredit,Pribadi,19.45,491.0,318.0,106.0,0
CUST104332,27,Bekerja,30956,630,3.0,99,0,0,0,Kartu Kredit,Pribadi,19.19,178.0,811.0,0.27,1
CUST104333,26,Wiraswasta,90920,689,1.5,138,0,0,0,Kartu Kredit,Medis,18.51,323.0,203.0,68.0,1
CUST104334,30,Bekerja,20870,600,0.0,0,0,2,0,Kredit Berjalan,Bisnis,11.96,224.0,858.0,286.0,0
CUST104335,32,Bekerja,62101,632,13.4,6065,0,0,0,Kartu Kredit,Renovasi Rumah,19.78,75.0,575.0,192.0,1
CUST104336,22,Bekerja,31687,545,2.2,26,0,0,0,Kartu Kredit,Medis,21.09,26.0,994.0,331.0,0
CUST104337,46,Mahasiswa,15000,680,13.3,3272,0,1,0,Kartu Kredit,Renovasi Rumah,18.0,279.0,0.1,33.0,1
CUST104338,33,Mahasiswa,75251,627,4.2,1829,0,1,0,Kredit Berjalan,Medis,12.74,231.0,0.34,113.0,0
CUST104339,51,Bekerja,117637,632,25.1,40970,0,0,0,Kredit Berjalan,Konsolidasi Hutang,11.1,57.0,289.0,96.0,1
CUST104340,27,Bekerja,36469,619,5.2,282,0,1,0,Pinjaman Pribadi,Pendidikan,13.01,401.0,1.651,0.55,0
CUST104341,32,Bekerja,83444,674,1.3,55,0,0,0,Pinjaman Pribadi,Medis,11.58,201.0,1.198,399.0,1
CUST104342,18,Bekerja,19905,609,2.0,687,0,0,0,Kartu Kredit,Konsolidasi Hutang,20.04,384.0,1.271,424.0,0
CUST104343,18,Bekerja,15000,574,0.7,168,0,0,0,Pinjaman Pribadi,Medis,16.15,445.0,1.047,349.0,0
CUST104344,19,Bekerja,44963,728,1.2,21,0,0,0,Pinjaman Pribadi,Pribadi,10.95,105.0,821.0,274.0,1
CUST104345,35,Bekerja,35471,619,6.7,746,0,1,0,Pinjaman Pribadi,Bisnis,14.11,369.0,1.266,422.0,0
CUST104346,18,Wiraswasta,65131,658,2.0,124,0,0,0,Kredit Berjalan,Pendidikan,9.73,303.0,745.0,248.0,1
CUST104347,34,Bekerja,31543,574,2.7,480,0,0,0,Pinjaman Pribadi,Konsolidasi Hutang,15.21,525.0,1.316,439.0,0
CUST104348,53,Mahasiswa,15000,727,18.5,1692,0,0,0,Pinjaman Pribadi,Renovasi Rumah,10.48,373.0,1.507,502.0,0
CUST104349,35,Bekerja,48495,722,14.1,8370,0,0,0,Kredit Berjalan,Pribadi,9.27,0.67,433.0,144.0,0
CUST104350,18,Bekerja,21255,575,0.4,27,0,1,0,Kartu Kredit,Pribadi,22.49,369.0,668.0,223.0,0
CUST104351,18,Bekerja,23892,664,1.3,88,0,0,0,Kartu Kredit,Bisnis,17.81,103.0,1.03,343.0,0
CUST104352,43,Wiraswasta,46907,726,23.7,136,0,0,1,Kartu Kredit,Pribadi,15.69,257.0,776.0,259.0,1
CUST104353,40,Mahasiswa,20661,672,8.7,622,0,0,0,Kartu Kredit,Bisnis,18.15,422.0,97.0,32.0,1
CUST104354,65,Mahasiswa,38627,645,21.5,60901,0,2,0,Kredit Berjalan,Bisnis,12.96,315.0,994.0,331.0,1
CUST104355,26,Bekerja,22696,602,0.6,7,0,1,0,Kartu Kredit,Konsolidasi Hutang,19.93,114.0,564.0,188.0,0
CUST104356,33,Bekerja,92246,697,2.7,740,0,0,0,Kartu Kredit,Renovasi Rumah,17.81,205.0,759.0,253.0,1
CUST104357,44,Wiraswasta,43899,766,18.4,823,0,1,0,Kartu Kredit,Renovasi Rumah,14.11,541.0,98.0,33.0,1
CUST104358,37,Wiraswasta,74031,750,0.7,41,0,1,0,Kartu Kredit,Konsolidasi Hutang,14.22,157.0,0.45,0.15,1
CUST104359,21,Bekerja,49414,527,1.9,393,0,1,0,Pinjaman Pribadi,Renovasi Rumah,15.2,314.0,1.135,378.0,0
CUST104360,65,Bekerja,69156,772,28.3,728,0,0,0,Pinjaman Pribadi,Konsolidasi Hutang,9.08,492.0,763.0,254.0,1
CUST104361,25,Bekerja,15596,519,1.1,20,1,0,0,Pinjaman Pribadi,Pendidikan,15.72,534.0,1.609,536.0,0
CUST104362,36,Bekerja,36525,653,13.6,1682,0,0,0,Pinjaman Pribadi,Medis,11.63,175.0,1.634,545.0,1
CUST104363,37,Bekerja,47200,707,1.9,662,0,0,0,Pinjaman Pribadi,Pendidikan,9.92,349.0,1.864,621.0,1
CUST104364,60,Bekerja,72455,758,26.3,18478,0,0,0,Kartu Kredit,Bisnis,15.42,187.0,966.0,322.0,1
CUST104365,36,Bekerja,65105,636,12.2,17776,0,0,0,Kartu Kredit,Bisnis,19.82,128.0,535.0,178.0,1
CUST104366,18,Bekerja,30447,535,1.6,537,0,0,0,Kartu Kredit,Pribadi,22.4,114.0,992.0,331.0,0
CUST104367,39,Bekerja,34791,627,15.7,4746,0,0,0,Pinjaman Pribadi,Pribadi,14.26,168.0,55.0,18.0,1
CUST104368,18,Mahasiswa,26913,637,0.8,342,0,1,0,Kartu Kredit,Medis,19.52,49.0,0.1,33.0,1
CUST104369,43,Bekerja,42360,617,15.8,737,0,1,0,Pinjaman Pribadi,Pendidikan,14.5,117.0,1.44,0.48,1
CUST104370,41,Bekerja,40816,657,13.4,528,0,0,0,Kredit Berjalan,Medis,9.91,201.0,517.0,172.0,1
CUST104371,20,Bekerja,21513,545,1.3,4,0,1,0,Kredit Berjalan,Bisnis,14.02,339.0,0.39,0.13,0
CUST104372,48,Bekerja,38738,591,29.8,1342,0,2,0,Pinjaman Pribadi,Pendidikan,16.12,549.0,0.47,157.0,0
CUST104373,58,Bekerja,60291,679,24.8,7125,1,3,0,Kartu Kredit,Pribadi,17.95,498.0,1.161,387.0,0
CUST104374,31,Bekerja,83639,602,6.9,773,0,1,0,Pinjaman Pribadi,Pribadi,14.29,125.0,995.0,332.0,1
CUST104375,42,Bekerja,22589,517,11.8,1151,0,1,1,Pinjaman Pribadi,Konsolidasi Hutang,15.76,203.0,1.833,611.0,0
CUST104376,39,Bekerja,35549,659,18.4,346,0,1,0,Kredit Berjalan,Medis,10.62,268.0,219.0,73.0,1
CUST104377,18,Bekerja,56315,676,1.8,55,0,1,0,Kartu Kredit,Pribadi,17.92,98.0,46.0,15.0,1
CUST104378,32,Wiraswasta,44005,593,6.6,273,0,0,1,Pinjaman Pribadi,Konsolidasi Hutang,15.12,0.21,986.0,329.0,0
CUST104379,60,Bekerja,34634,762,3.3,1087,0,0,0,Pinjaman Pribadi,Bisnis,8.43,0.12,598.0,199.0,1
CUST104380,22,Bekerja,25769,676,0.1,1,0,0,0,Kredit Berjalan,Pribadi,10.59,0.09,473.0,158.0,1
CUST104381,36,Bekerja,21297,516,4.0,48,0,1,0,Kredit Berjalan,Pribadi,13.21,212.0,263.0,88.0,1
CUST104382,19,Bekerja,40281,620,1.2,119,0,0,0,Kredit Berjalan,Pendidikan,12.22,352.0,598.0,199.0,1
CUST104383,18,Bekerja,38364,623,0.0,0,0,0,0,Pinjaman Pribadi,Medis,14.8,231.0,1.233,411.0,0
CUST104384,20,Mahasiswa,15000,606,1.6,34,0,0,0,Pinjaman Pribadi,Medis,13.62,0.1,67.0,22.0,1
CUST104385,58,Mahasiswa,15000,621,28.1,5741,0,0,0,Kartu Kredit,Renovasi Rumah,19.26,73.0,0.1,33.0,1
CUST104386,32,Bekerja,60816,727,13.1,10832,0,0,0,Pinjaman Pribadi,Renovasi Rumah,10.54,88.0,533.0,178.0,1
CUST104387,48,Bekerja,32402,626,21.2,1305,0,0,0,Pinjaman Pribadi,Bisnis,13.54,215.0,0.09,0.03,1
CUST104388,18,Bekerja,15000,662,0.3,35,0,0,0,Pinjaman Pribadi,Pendidikan,11.42,292.0,1.853,618.0,0
CUST104389,35,Bekerja,39077,753,10.8,785,0,0,0,Kartu Kredit,Medis,14.81,362.0,1.32,0.44,1
CUST104390,24,Bekerja,32076,539,0.8,9,0,2,0,Kartu Kredit,Medis,21.18,0.51,1.294,431.0,0
CUST104391,31,Bekerja,74712,567,9.7,760,0,1,1,Kartu Kredit,Medis,21.1,185.0,937.0,312.0,0
CUST104392,18,Bekerja,15000,569,0.2,63,0,0,0,Pinjaman Pribadi,Pendidikan,16.29,37.0,0.5,167.0,0
CUST104393,32,Bekerja,28587,631,10.7,409,0,0,0,Kartu Kredit,Konsolidasi Hutang,19.75,469.0,668.0,223.0,0
CUST104394,36,Wiraswasta,61826,684,8.3,110,0,1,1,Kredit Berjalan,Pendidikan,10.12,0.33,275.0,92.0,1
CUST104395,29,Bekerja,78328,695,8.9,1023,0,0,0,Kartu Kredit,Medis,17.16,381.0,341.0,114.0,1
CUST104396,32,Wiraswasta,28291,655,6.4,253,0,0,0,Kredit Berjalan,Renovasi Rumah,10.84,303.0,763.0,254.0,1
CUST104397,70,Bekerja,141477,641,23.6,12291,0,0,0,Pinjaman Pribadi,Pribadi,14.89,46.0,151.0,0.05,1
CUST104398,34,Bekerja,44202,592,13.5,2364,0,0,0,Kartu Kredit,Pribadi,22.58,257.0,514.0,171.0,1
CUST104399,40,Wiraswasta,39401,655,21.6,16705,0,2,0,Kartu Kredit,Pribadi,18.97,0.37,1.259,0.42,1
CUST104400,51,Bekerja,58494,694,28.2,1019,0,0,0,Kredit Berjalan,Pendidikan,9.53,348.0,855.0,285.0,1
CUST104401,26,Bekerja,67010,600,2.9,410,0,1,0,Kredit Berjalan,Medis,12.06,547.0,352.0,117.0,0
CUST104402,33,Bekerja,34479,596,14.1,1164,1,3,0,Kartu Kredit,Konsolidasi Hutang,22.93,609.0,1.12,373.0,0
CUST104403,36,Wiraswasta,60935,651,13.0,2412,0,0,0,Kartu Kredit,Pribadi,18.33,315.0,1.149,383.0,1
CUST104404,19,Bekerja,28108,565,1.2,110,0,0,2,Pinjaman Pribadi,Pendidikan,15.42,429.0,317.0,106.0,0
CUST104405,30,Mahasiswa,25815,662,1.0,88,0,1,1,Kartu Kredit,Pribadi,18.03,125.0,101.0,34.0,1
CUST104406,45,Mahasiswa,30877,741,0.3,48,0,0,1,Pinjaman Pribadi,Renovasi Rumah,10.86,364.0,97.0,32.0,0
CUST104407,40,Bekerja,19756,617,16.1,769,0,0,0,Kartu Kredit,Bisnis,19.35,299.0,815.0,272.0,1
CUST104408,31,Wiraswasta,29495,655,0.1,8,0,0,1,Pinjaman Pribadi,Medis,11.07,154.0,1.254,418.0,0
CUST104409,40,Wiraswasta,85247,607,10.0,509,0,1,0,Kartu Kredit,Medis,20.52,179.0,0.07,23.0,1
CUST104410,18,Wiraswasta,18383,633,1.7,220,0,0,0,Kartu Kredit,Pribadi,19.55,671.0,1.039,346.0,0
CUST104411,37,Bekerja,101920,638,10.8,10289,0,0,0,Kartu Kredit,Konsolidasi Hutang,19.61,0.8,687.0,229.0,0
CUST104412,43,Wiraswasta,249071,624,23.6,300000,0,2,0,Pinjaman Pribadi,Bisnis,14.85,363.0,232.0,77.0,1
CUST104413,44,Wiraswasta,34387,688,8.9,1169,0,1,0,Kartu Kredit,Medis,18.32,374.0,0.59,197.0,1
CUST104414,34,Wiraswasta,43589,677,6.7,317,0,0,1,Pinjaman Pribadi,Renovasi Rumah,11.66,345.0,576.0,192.0,1
CUST104415,34,Bekerja,32343,696,10.8,8073,0,0,1,Kredit Berjalan,Pribadi,9.82,67.0,736.0,245.0,1
CUST104416,19,Bekerja,32000,561,1.3,140,0,2,1,Pinjaman Pribadi,Medis,16.1,493.0,669.0,223.0,0
CUST104417,23,Wiraswasta,24378,616,1.1,159,0,0,0,Kredit Berjalan,Konsolidasi Hutang,11.78,109.0,464.0,155.0,0
CUST104418,23,Bekerja,31708,612,4.0,454,0,2,0,Pinjaman Pribadi,Medis,15.0,624.0,281.0,94.0,0
CUST104419,35,Wiraswasta,85503,605,13.7,4368,0,0,0,Kartu Kredit,Bisnis,20.82,329.0,819.0,273.0,1
CUST104420,42,Bekerja,36988,674,22.8,14974,0,0,0,Kartu Kredit,Konsolidasi Hutang,17.68,304.0,1.198,399.0,1
CUST104421,35,Wiraswasta,69135,724,7.4,19507,0,0,0,Kartu Kredit,Pribadi,16.12,85.0,709.0,236.0,1
CUST104422,34,Wiraswasta,48607,629,12.0,1175,0,0,0,Kartu Kredit,Bisnis,19.69,179.0,247.0,82.0,1
CUST104423,18,Bekerja,22404,490,1.8,34,0,1,2,Kredit Berjalan,Pribadi,14.29,447.0,0.83,277.0,0
CUST104424,18,Bekerja,41216,593,1.9,1154,0,0,0,Pinjaman Pribadi,Pendidikan,16.83,174.0,963.0,321.0,0
CUST104425,32,Bekerja,37318,643,5.2,1279,0,1,0,Kartu Kredit,Pendidikan,19.1,288.0,214.0,71.0,1
CUST104426,23,Wiraswasta,46260,604,3.5,131,0,2,0,Kartu Kredit,Medis,19.06,569.0,992.0,331.0,0
CUST104427,40,Bekerja,83119,658,7.3,10034,0,1,1,Kartu Kredit,Pendidikan,18.66,413.0,842.0,281.0,1
CUST104428,18,Bekerja,34454,678,0.6,39,0,0,0,Kartu Kredit,Bisnis,18.67,283.0,221.0,74.0,1
CUST104429,43,Bekerja,25930,677,1.0,53,0,0,0,Kartu Kredit,Konsolidasi Hutang,18.85,116.0,0.59,197.0,0
CUST104430,43,Bekerja,50962,615,18.3,1657,0,0,0,Kartu Kredit,Konsolidasi Hutang,20.32,339.0,1.103,368.0,1
CUST104431,36,Wiraswasta,46746,655,2.8,310,0,0,0,Kartu Kredit,Renovasi Rumah,17.62,256.0,1.04,347.0,1
CUST104432,36,Bekerja,38996,739,7.6,509,0,1,0,Pinjaman Pribadi,Medis,11.24,0.34,495.0,165.0,1
CUST104433,37,Wiraswasta,59784,644,9.1,3802,0,1,0,Kredit Berjalan,Pribadi,11.63,0.31,535.0,178.0,1
CUST104434,35,Bekerja,90081,620,7.4,211,0,0,1,Pinjaman Pribadi,Pendidikan,14.01,309.0,295.0,98.0,1
CUST104435,60,Mahasiswa,28508,675,16.4,8668,0,0,0,Kartu Kredit,Medis,17.81,495.0,102.0,34.0,1
CUST104436,33,Bekerja,17815,649,0.5,83,0,0,0,Kartu Kredit,Medis,19.53,215.0,0.64,213.0,0
CUST104437,36,Bekerja,79861,751,1.7,384,0,0,0,Kartu Kredit,Pribadi,15.39,362.0,609.0,203.0,1
CUST104438,33,Bekerja,32958,617,14.1,938,0,1,0,Kartu Kredit,Pendidikan,19.7,0.61,55.0,18.0,0
CUST104439,42,Bekerja,64587,658,21.9,11253,0,0,0,Pinjaman Pribadi,Medis,11.8,486.0,0.87,0.29,1
CUST104440,36,Bekerja,48015,627,14.6,1608,0,0,0,Kredit Berjalan,Pribadi,11.39,413.0,467.0,156.0,1
CUST104441,38,Mahasiswa,40123,610,14.4,1139,0,1,0,Kredit Berjalan,Pribadi,11.49,462.0,371.0,124.0,0
CUST104442,33,Bekerja,36414,591,4.9,201,0,2,2,Pinjaman Pribadi,Konsolidasi Hutang,15.49,193.0,744.0,248.0,0
CUST104443,33,Mahasiswa,27738,559,13.1,1425,0,1,0,Kredit Berjalan,Konsolidasi Hutang,14.86,156.0,0.44,147.0,0
CUST104444,35,Bekerja,29167,650,4.4,73,0,1,0,Pinjaman Pribadi,Pendidikan,12.86,257.0,69.0,23.0,1
CUST104445,18,Bekerja,57694,549,1.2,98,0,1,0,Kredit Berjalan,Konsolidasi Hutang,14.9,122.0,647.0,216.0,0
CUST104446,43,Bekerja,31023,554,13.0,2156,0,0,0,Kartu Kredit,Medis,22.38,267.0,838.0,279.0,1
CUST104447,19,Wiraswasta,66456,643,0.9,12112,0,1,1,Kartu Kredit,Pendidikan,19.57,293.0,0.62,207.0,1
CUST104448,18,Bekerja,20189,657,0.9,140,0,0,0,Kartu Kredit,Medis,18.09,371.0,1.362,454.0,0
CUST104449,19,Bekerja,28767,522,1.4,99,1,1,0,Kartu Kredit,Medis,21.04,234.0,966.0,322.0,0
CUST104450,34,Bekerja,17541,617,2.3,26,0,1,0,Kartu Kredit,Medis,20.58,314.0,319.0,106.0,1
CUST104451,24,Bekerja,23661,623,5.5,1466,0,1,0,Pinjaman Pribadi,Pendidikan,14.02,309.0,1.281,427.0,1
CUST104452,18,Bekerja,33967,577,0.3,25,0,0,1,Kartu Kredit,Pendidikan,21.25,236.0,1.228,409.0,0
CUST104453,35,Wiraswasta,48266,556,3.7,1572,0,2,0,Pinjaman Pribadi,Pribadi,16.78,216.0,1.546,515.0,0
CUST104454,37,Wiraswasta,198104,735,3.7,971,0,0,0,Pinjaman Pribadi,Bisnis,9.71,418.0,373.0,124.0,1
CUST104455,41,Bekerja,57580,588,6.0,1016,0,1,1,Pinjaman Pribadi,Medis,15.91,289.0,636.0,212.0,0
CUST104456,60,Bekerja,21196,734,4.0,96,0,1,0,Pinjaman Pribadi,Pendidikan,10.58,399.0,1.821,607.0,1
CUST104457,25,Bekerja,37280,673,0.2,28,0,0,0,Pinjaman Pribadi,Pribadi,12.58,304.0,1.459,486.0,1
CUST104458,42,Bekerja,93655,638,5.9,173,0,1,0,Kartu Kredit,Pribadi,19.26,155.0,517.0,172.0,1
CUST104459,50,Bekerja,67886,656,0.3,43,0,0,0,Kredit Berjalan,Medis,9.84,263.0,737.0,246.0,1
CUST104460,57,Bekerja,77865,679,29.5,4980,0,0,0,Kartu Kredit,Pendidikan,17.64,97.0,0.39,0.13,1
CUST104461,25,Bekerja,58662,623,2.3,597,0,0,0,Kartu Kredit,Bisnis,19.7,0.08,419.0,0.14,1
CUST104462,38,Bekerja,30547,821,9.3,1234,0,0,0,Kartu Kredit,Pribadi,15.99,0.28,1.395,465.0,1
CUST104463,40,Wiraswasta,122596,558,14.7,6487,0,0,1,Kartu Kredit,Pribadi,21.62,348.0,571.0,0.19,1
CUST104464,53,Bekerja,61104,748,22.7,4275,0,0,0,Kredit Berjalan,Pribadi,8.24,96.0,191.0,64.0,1
CUST104465,54,Bekerja,39105,612,25.9,62,0,1,0,Kartu Kredit,Pribadi,19.34,94.0,292.0,97.0,1
CUST104466,22,Mahasiswa,30015,517,0.8,30,0,3,1,Kartu Kredit,Pribadi,22.3,554.0,0.1,33.0,0
CUST104467,46,Mahasiswa,20229,728,6.4,176,0,0,0,Kartu Kredit,Medis,16.16,407.0,99.0,33.0,1
CUST104468,26,Bekerja,35957,670,3.8,803,0,0,1,Kartu Kredit,Medis,17.86,341.0,414.0,138.0,1
CUST104469,26,Bekerja,15000,726,4.3,149,0,0,1,Kartu Kredit,Pendidikan,16.83,129.0,1.067,356.0,1
CUST104470,38,Bekerja,59928,715,13.7,15428,0,1,0,Kartu Kredit,Pribadi,16.66,266.0,714.0,238.0,1
CUST104471,37,Wiraswasta,64845,719,2.3,158,0,1,0,Kredit Berjalan,Medis,9.12,171.0,415.0,138.0,1
CUST104472,40,Bekerja,64194,710,14.3,1610,0,0,1,Kredit Berjalan,Renovasi Rumah,8.55,0.51,371.0,124.0,1
CUST104473,28,Bekerja,131725,583,9.2,19348,0,0,1,Kartu Kredit,Pribadi,22.66,488.0,106.0,35.0,0
CUST104474,34,Bekerja,48849,657,1.6,625,0,0,0,Kartu Kredit,Renovasi Rumah,18.45,274.0,463.0,154.0,1
CUST104475,41,Wiraswasta,73677,594,11.1,6220,0,1,0,Kredit Berjalan,Renovasi Rumah,14.76,233.0,327.0,109.0,1
CUST104476,25,Bekerja,17322,658,0.7,1,0,0,1,Kartu Kredit,Medis,17.47,326.0,1.033,344.0,1
CUST104477,37,Bekerja,32078,569,11.4,193,0,1,0,Pinjaman Pribadi,Pribadi,16.04,356.0,795.0,265.0,1
CUST104478,42,Wiraswasta,58097,635,2.9,135,0,1,0,Kredit Berjalan,Medis,11.03,135.0,296.0,99.0,1
CUST104479,46,Wiraswasta,37081,586,23.2,1380,0,0,3,Kartu Kredit,Renovasi Rumah,22.64,437.0,844.0,281.0,0
CUST104480,45,Bekerja,92826,632,5.0,4098,0,2,0,Kartu Kredit,Pribadi,20.94,479.0,195.0,65.0,1
CUST104481,22,Wiraswasta,171895,621,1.6,2712,0,2,0,Kartu Kredit,Pribadi,19.57,326.0,407.0,136.0,1
CUST104482,18,Bekerja,18449,527,1.4,33,1,3,1,Pinjaman Pribadi,Pendidikan,15.94,306.0,862.0,287.0,0
CUST104483,33,Wiraswasta,36375,568,13.6,5151,1,2,0,Pinjaman Pribadi,Renovasi Rumah,15.23,347.0,1.454,485.0,0
CUST104484,22,Bekerja,16545,593,0.5,149,0,2,1,Kartu Kredit,Pendidikan,21.15,268.0,695.0,232.0,0
CUST104485,25,Bekerja,28139,600,4.4,540,0,1,0,Kartu Kredit,Medis,19.96,219.0,146.0,49.0,1
CUST104486,32,Bekerja,56153,643,2.1,493,0,0,0,Kredit Berjalan,Renovasi Rumah,11.74,193.0,671.0,224.0,0
CUST104487,59,Bekerja,53499,685,18.4,22912,0,0,0,Kredit Berjalan,Renovasi Rumah,9.8,0.38,0.51,0.17,1
CUST104488,49,Wiraswasta,17923,745,29.3,30183,0,0,0,Kredit Berjalan,Pribadi,8.91,284.0,279.0,93.0,1
CUST104489,38,Wiraswasta,25888,750,15.2,944,0,0,0,Kartu Kredit,Pendidikan,14.52,139.0,352.0,117.0,1
CUST104490,43,Mahasiswa,15000,609,24.8,543,0,0,1,Kartu Kredit,Renovasi Rumah,20.7,476.0,0.1,33.0,1
CUST104491,24,Bekerja,28362,696,0.9,60,0,0,0,Pinjaman Pribadi,Pendidikan,12.97,291.0,1.724,575.0,1
CUST104492,41,Bekerja,63214,670,6.7,2784,0,1,0,Kartu Kredit,Medis,17.63,462.0,821.0,274.0,1
CUST104493,28,Bekerja,49654,763,9.4,4300,0,0,0,Pinjaman Pribadi,Medis,8.41,586.0,1.547,516.0,0
CUST104494,19,Bekerja,15741,617,1.6,254,0,0,0,Pinjaman Pribadi,Renovasi Rumah,13.67,0.22,1.893,631.0,0
CUST104495,18,Bekerja,45655,573,1.1,236,0,0,1,Kredit Berjalan,Pribadi,14.57,204.0,368.0,123.0,0
CUST104496,63,Wiraswasta,47520,716,17.4,2013,0,1,0,Pinjaman Pribadi,Medis,9.83,329.0,0.72,0.24,1
CUST104497,37,Bekerja,34727,639,15.1,986,0,2,0,Kartu Kredit,Renovasi Rumah,19.32,62.0,1.008,336.0,1
CUST104498,21,Bekerja,19666,551,1.3,30,0,2,1,Kartu Kredit,Konsolidasi Hutang,22.34,236.0,1.139,0.38,0
CUST104499,45,Bekerja,87155,696,0.3,43,0,2,0,Kredit Berjalan,Pribadi,10.22,543.0,238.0,79.0,0
CUST104500,47,Bekerja,54142,609,17.8,763,0,1,0,Pinjaman Pribadi,Renovasi Rumah,13.07,375.0,1.847,616.0,0
CUST104501,34,Wiraswasta,27460,624,7.3,524,0,2,0,Kartu Kredit,Pendidikan,19.18,173.0,401.0,134.0,1
CUST104502,18,Bekerja,20152,623,1.4,43,0,0,0,Kartu Kredit,Pribadi,19.13,484.0,844.0,281.0,1
CUST104503,39,Bekerja,56992,646,16.8,809,0,2,0,Pinjaman Pribadi,Konsolidasi Hutang,13.09,156.0,74.0,25.0,0
CUST104504,18,Bekerja,16837,695,1.2,15,0,0,0,Kartu Kredit,Pribadi,17.72,564.0,784.0,261.0,0
CUST104505,35,Bekerja,114989,639,14.7,5411,0,1,0,Kartu Kredit,Bisnis,20.86,209.0,508.0,169.0,1
CUST104506,21,Wiraswasta,138985,585,0.4,315,0,0,0,Kredit Berjalan,Medis,14.6,576.0,192.0,64.0,0
CUST104507,43,Bekerja,134739,690,15.5,336,0,0,0,Kartu Kredit,Renovasi Rumah,17.59,231.0,0.24,0.08,1
CUST104508,39,Mahasiswa,15000,607,5.8,446,0,1,0,Kartu Kredit,Medis,20.34,401.0,0.1,33.0,1
CUST104509,36,Bekerja,32062,626,7.4,111,0,0,0,Pinjaman Pribadi,Pendidikan,13.7,232.0,742.0,247.0,1
CUST104510,41,Bekerja,70072,612,20.0,3094,0,4,0,Pinjaman Pribadi,Pribadi,14.83,182.0,1.147,382.0,0
CUST104511,37,Bekerja,99547,711,7.4,598,0,0,0,Kartu Kredit,Bisnis,16.75,175.0,703.0,234.0,1
CUST104512,23,Bekerja,41437,681,2.8,12076,0,0,0,Kartu Kredit,Pribadi,18.46,193.0,912.0,304.0,1
CUST104513,44,Bekerja,105995,734,14.5,5254,0,0,0,Kartu Kredit,Medis,16.53,396.0,0.66,0.22,1
CUST104514,41,Bekerja,30194,692,18.7,796,0,0,0,Pinjaman Pribadi,Pribadi,12.43,402.0,1.59,0.53,1
CUST104515,31,Wiraswasta,59811,747,2.2,62,0,0,0,Kartu Kredit,Bisnis,16.61,398.0,1.147,382.0,1
CUST104516,42,Bekerja,24385,709,23.5,4083,0,2,0,Kredit Berjalan,Konsolidasi Hutang,9.21,159.0,636.0,212.0,1
CUST104517,43,Bekerja,35080,606,0.2,49,1,1,0,Kartu Kredit,Bisnis,19.99,378.0,63.0,21.0,0
CUST104518,40,Bekerja,48055,720,10.3,349,0,0,0,Pinjaman Pribadi,Renovasi Rumah,9.6,102.0,1.527,509.0,1
CUST104519,31,Bekerja,59058,709,5.7,420,0,0,0,Kredit Berjalan,Konsolidasi Hutang,8.48,57.0,408.0,136.0,1
CUST104520,41,Bekerja,21015,742,3.7,2496,0,1,0,Kartu Kredit,Pendidikan,16.26,273.0,956.0,319.0,1
CUST104521,44,Bekerja,39917,777,25.6,21283,0,1,0,Kartu Kredit,Renovasi Rumah,14.65,186.0,0.07,23.0,1
CUST104522,19,Bekerja,29247,718,1.3,65,0,0,0,Kartu Kredit,Pendidikan,16.01,198.0,253.0,84.0,1
CUST104523,44,Mahasiswa,15000,706,2.2,10,0,0,0,Kredit Berjalan,Pribadi,7.57,123.0,613.0,204.0,1
CUST104524,38,Mahasiswa,51466,645,10.8,12728,0,2,0,Kredit Berjalan,Medis,12.67,165.0,748.0,249.0,1
CUST104525,46,Bekerja,156671,583,22.7,2276,0,2,0,Pinjaman Pribadi,Bisnis,16.59,29.0,638.0,213.0,0
CUST104526,46,Wiraswasta,118064,669,19.5,2220,0,0,0,Pinjaman Pribadi,Medis,11.86,275.0,423.0,141.0,1
CUST104527,18,Bekerja,18327,623,1.4,29,0,2,0,Kartu Kredit,Bisnis,20.11,345.0,753.0,251.0,0
CUST104528,23,Bekerja,63379,569,0.5,10,0,0,1,Kredit Berjalan,Pendidikan,13.9,65.0,552.0,184.0,0
CUST104529,40,Bekerja,37638,659,0.1,9,0,1,1,Kartu Kredit,Pribadi,17.84,326.0,768.0,256.0,1
CUST104530,31,Bekerja,21267,647,9.7,2458,0,1,0,Pinjaman Pribadi,Pendidikan,14.51,418.0,1.18,393.0,0
CUST104531,30,Mahasiswa,15000,605,8.0,187,0,0,0,Kartu Kredit,Medis,20.41,112.0,0.1,33.0,1
CUST104532,52,Bekerja,54948,756,26.1,1693,0,0,0,Kredit Berjalan,Renovasi Rumah,7.26,263.0,515.0,172.0,1
CUST104533,33,Bekerja,49888,662,7.4,3315,0,0,0,Pinjaman Pribadi,Bisnis,11.86,93.0,704.0,235.0,0
CUST104534,26,Bekerja,30674,601,0.7,18,0,2,0,Pinjaman Pribadi,Pendidikan,13.34,153.0,238.0,79.0,1
CUST104535,25,Wiraswasta,57956,566,1.0,15,0,0,3,Kredit Berjalan,Pendidikan,13.81,351.0,759.0,253.0,0
CUST104536,26,Wiraswasta,38258,687,7.5,349,0,0,0,Pinjaman Pribadi,Konsolidasi Hutang,12.33,275.0,1.09,363.0,1
CUST104537,31,Wiraswasta,111682,646,8.6,1289,0,2,0,Kartu Kredit,Pendidikan,20.65,158.0,627.0,209.0,1
CUST104538,18,Bekerja,15000,611,1.8,16,0,0,0,Kartu Kredit,Pribadi,20.34,136.0,613.0,204.0,1
CUST104539,39,Bekerja,64168,583,1.3,165,0,1,0,Kredit Berjalan,Pribadi,14.09,191.0,728.0,243.0,0
CUST104540,24,Bekerja,43093,610,4.3,5,0,0,0,Pinjaman Pribadi,Konsolidasi Hutang,14.65,328.0,0.81,0.27,0
CUST104541,27,Wiraswasta,48054,695,0.1,36,0,0,0,Pinjaman Pribadi,Bisnis,12.82,296.0,454.0,151.0,1
CUST104542,52,Wiraswasta,96892,634,1.3,110,0,0,0,Kredit Berjalan,Pribadi,12.84,472.0,0.21,0.07,1
CUST104543,40,Bekerja,25595,770,2.1,493,0,0,0,Pinjaman Pribadi,Pribadi,9.55,536.0,676.0,225.0,1
CUST104544,42,Wiraswasta,27213,663,2.2,94,0,0,0,Pinjaman Pribadi,Bisnis,11.46,0.21,327.0,109.0,1
CUST104545,28,Bekerja,21187,613,8.8,333,0,0,0,Pinjaman Pribadi,Pribadi,14.01,243.0,137.0,46.0,1
CUST104546,34,Wiraswasta,71486,718,9.2,1109,0,0,0,Kartu Kredit,Renovasi Rumah,16.22,312.0,291.0,97.0,1
CUST104547,43,Bekerja,50823,685,2.2,1424,0,0,0,Kartu Kredit,Pribadi,18.63,222.0,1.161,387.0,1
CUST104548,48,Wiraswasta,90208,751,19.4,4602,0,0,0,Pinjaman Pribadi,Pribadi,9.81,254.0,111.0,37.0,1
CUST104549,66,Wiraswasta,42632,718,26.1,41806,0,0,0,Kredit Berjalan,Konsolidasi Hutang,7.55,197.0,666.0,222.0,1
CUST104550,35,Bekerja,37740,592,1.6,147,0,1,0,Pinjaman Pribadi,Pendidikan,15.16,0.41,572.0,191.0,0
CUST104551,18,Bekerja,15226,512,1.1,196,0,0,0,Kartu Kredit,Bisnis,21.92,267.0,171.0,57.0,0
CUST104552,34,Bekerja,31075,599,1.5,9,0,0,0,Pinjaman Pribadi,Pribadi,15.91,185.0,0.65,217.0,0
CUST104553,18,Wiraswasta,60941,629,1.2,1005,0,0,0,Kartu Kredit,Konsolidasi Hutang,20.0,167.0,1.149,383.0,0
CUST104554,53,Bekerja,94486,789,8.8,2375,0,1,0,Kartu Kredit,Pribadi,15.82,89.0,396.0,132.0,1
CUST104555,23,Bekerja,17673,574,2.9,8,0,0,0,Kartu Kredit,Pribadi,21.84,528.0,1.171,0.39,0
CUST104556,44,Bekerja,30700,665,25.3,194,0,1,1,Pinjaman Pribadi,Konsolidasi Hutang,12.13,27.0,678.0,226.0,0
CUST104557,55,Wiraswasta,151912,781,1.1,3000,0,0,0,Kartu Kredit,Bisnis,15.26,446.0,461.0,154.0,1
CUST104558,27,Wiraswasta,69430,592,3.9,460,0,2,0,Kartu Kredit,Bisnis,22.44,206.0,1.008,336.0,0
CUST104559,43,Bekerja,56027,716,15.6,459,0,0,1,Kredit Berjalan,Pendidikan,8.62,98.0,366.0,122.0,1
CUST104560,23,Bekerja,107379,723,0.4,929,0,0,0,Kartu Kredit,Konsolidasi Hutang,16.89,357.0,404.0,135.0,1
CUST104561,31,Wiraswasta,84158,682,9.9,1664,0,2,0,Pinjaman Pribadi,Pribadi,12.07,246.0,1.188,396.0,1
CUST104562,18,Bekerja,64133,624,1.8,52,0,2,0,Kredit Berjalan,Medis,12.1,254.0,613.0,204.0,0
CUST104563,34,Mahasiswa,24399,649,13.2,298,0,1,0,Kredit Berjalan,Pendidikan,11.47,529.0,512.0,171.0,0
CUST104564,39,Bekerja,90120,655,9.8,1191,0,0,0,Pinjaman Pribadi,Pendidikan,13.0,88.0,1.025,342.0,1
CUST104565,32,Bekerja,63356,713,8.5,329,0,0,1,Pinjaman Pribadi,Pribadi,10.45,393.0,1.567,522.0,0
CUST104566,56,Mahasiswa,19670,711,27.8,1572,0,1,0,Pinjaman Pribadi,Pribadi,9.68,267.0,824.0,275.0,1
CUST104567,23,Bekerja,18007,490,1.0,108,0,0,0,Pinjaman Pribadi,Pendidikan,16.67,188.0,117.0,39.0,1
CUST104568,36,Bekerja,45696,755,7.7,57,0,0,0,Kartu Kredit,Pribadi,15.38,198.0,1.219,406.0,1
CUST104569,20,Bekerja,53806,570,1.9,20,0,1,1,Kredit Berjalan,Bisnis,14.35,325.0,805.0,268.0,0
CUST104570,20,Bekerja,27393,449,0.3,151,0,0,0,Kredit Berjalan,Pendidikan,14.11,382.0,569.0,0.19,0
CUST104571,41,Bekerja,63224,565,17.3,190,0,2,1,Pinjaman Pribadi,Renovasi Rumah,15.28,676.0,1.582,527.0,0
CUST104572,36,Bekerja,64396,687,9.4,2709,0,0,0,Kartu Kredit,Bisnis,17.64,174.0,1.087,362.0,1
CUST104573,27,Bekerja,44484,617,8.6,1314,0,0,0,Pinjaman Pribadi,Medis,13.28,175.0,1.239,413.0,1
CUST104574,40,Wiraswasta,142765,716,15.4,606,0,0,0,Pinjaman Pribadi,Medis,10.03,211.0,0.7,233.0,1
CUST104575,41,Bekerja,45823,621,22.0,1367,0,0,0,Pinjaman Pribadi,Renovasi Rumah,14.96,355.0,391.0,0.13,1
CUST104576,44,Bekerja,111120,641,16.6,5492,0,1,0,Pinjaman Pribadi,Medis,14.99,118.0,0.9,0.3,1
CUST104577,23,Bekerja,48684,639,1.0,285,0,1,0,Pinjaman Pribadi,Pendidikan,14.18,0.26,906.0,302.0,1
CUST104578,39,Mahasiswa,23365,638,1.7,16,0,0,0,Kartu Kredit,Konsolidasi Hutang,20.72,213.0,98.0,33.0,1
CUST104579,59,Bekerja,82315,708,4.2,2167,0,0,0,Kartu Kredit,Bisnis,16.57,231.0,0.56,187.0,1
CUST104580,49,Bekerja,64061,696,14.6,24302,0,0,0,Kartu Kredit,Konsolidasi Hutang,17.87,461.0,509.0,0.17,1
CUST104581,30,Wiraswasta,27547,700,10.9,495,0,0,0,Kredit Berjalan,Pribadi,8.2,222.0,0.33,0.11,1
CUST104582,18,Bekerja,15000,616,0.8,1110,0,1,0,Kartu Kredit,Bisnis,20.4,542.0,387.0,129.0,0
CUST104583,48,Bekerja,120255,713,20.0,1297,0,0,0,Pinjaman Pribadi,Medis,10.48,143.0,832.0,277.0,1
CUST104584,25,Wiraswasta,74136,633,4.2,1764,0,2,0,Kredit Berjalan,Konsolidasi Hutang,12.92,288.0,674.0,225.0,0
CUST104585,39,Mahasiswa,21525,592,2.4,54,0,1,0,Kredit Berjalan,Medis,13.06,163.0,232.0,77.0,0
CUST104586,28,Bekerja,24304,622,9.4,592,0,1,0,Kartu Kredit,Pribadi,20.51,197.0,691.0,0.23,1
CUST104587,45,Bekerja,78632,727,8.5,3549,0,0,0,Pinjaman Pribadi,Pribadi,9.56,257.0,1.272,424.0,1
CUST104588,28,Wiraswasta,68316,649,5.2,38394,0,1,0,Pinjaman Pribadi,Medis,14.91,379.0,809.0,0.27,0
CUST104589,41,Wiraswasta,105000,719,17.6,2913,0,0,0,Kartu Kredit,Pendidikan,16.25,227.0,667.0,222.0,1
CUST104590,63,Wiraswasta,131921,795,4.6,452,0,0,0,Kredit Berjalan,Medis,7.53,109.0,161.0,54.0,1
CUST104591,51,Wiraswasta,63589,699,13.4,387,0,0,0,Pinjaman Pribadi,Pribadi,11.97,286.0,497.0,166.0,1
CUST104592,29,Bekerja,37669,668,4.2,531,0,0,0,Pinjaman Pribadi,Pribadi,11.65,0.17,101.0,34.0,1
CUST104593,22,Bekerja,35477,573,2.3,9,0,5,1,Kartu Kredit,Renovasi Rumah,22.88,352.0,1.096,365.0,0
CUST104594,34,Bekerja,70764,555,7.5,14851,0,2,1,Kredit Berjalan,Pribadi,14.51,496.0,0.62,207.0,0
CUST104595,27,Mahasiswa,35377,612,4.0,1476,0,1,0,Pinjaman Pribadi,Renovasi Rumah,14.58,125.0,399.0,133.0,1
CUST104596,45,Bekerja,36760,689,18.5,25079,0,0,0,Kredit Berjalan,Pendidikan,10.72,219.0,813.0,271.0,1
CUST104597,41,Mahasiswa,24885,661,10.0,1901,0,2,0,Kredit Berjalan,Medis,10.35,402.0,305.0,102.0,1
CUST104598,27,Wiraswasta,112289,657,3.7,362,0,0,0,Kredit Berjalan,Konsolidasi Hutang,9.38,219.0,445.0,148.0,0
CUST104599,61,Mahasiswa,22003,786,6.3,75,0,1,0,Pinjaman Pribadi,Pendidikan,9.34,273.0,1.327,442.0,1
CUST104600,57,Wiraswasta,40356,707,18.6,2885,0,0,0,Kartu Kredit,Pribadi,16.35,0.44,104.0,35.0,1
CUST104601,60,Bekerja,56536,767,25.7,5406,0,0,0,Kredit Berjalan,Medis,6.66,336.0,154.0,51.0,1
CUST104602,32,Bekerja,29054,661,9.7,1848,0,0,0,Pinjaman Pribadi,Renovasi Rumah,11.15,44.0,1.611,537.0,1
CUST104603,33,Bekerja,96165,699,5.3,1655,0,0,0,Pinjaman Pribadi,Renovasi Rumah,11.44,379.0,0.54,0.18,1
CUST104604,29,Bekerja,72658,666,8.8,2097,1,0,0,Kartu Kredit,Pribadi,17.15,471.0,963.0,321.0,0
CUST104605,22,Bekerja,19029,578,3.7,148,0,2,1,Pinjaman Pribadi,Pendidikan,15.98,318.0,699.0,233.0,0
CUST104606,52,Bekerja,76286,785,14.1,20792,0,0,0,Pinjaman Pribadi,Pendidikan,8.09,0.46,1.311,437.0,1
CUST104607,24,Bekerja,34560,668,1.1,117,0,0,0,Kredit Berjalan,Pendidikan,9.75,26.0,639.0,213.0,1
CUST104608,40,Wiraswasta,29118,609,4.8,150,0,0,0,Kredit Berjalan,Pendidikan,12.65,394.0,0.8,267.0,1
CUST104609,29,Bekerja,15000,585,8.6,14,0,1,0,Kartu Kredit,Pendidikan,22.21,125.0,1.2,0.4,0
CUST104610,46,Bekerja,111695,632,7.0,3199,0,2,0,Kartu Kredit,Medis,20.25,175.0,352.0,117.0,1
CUST104611,18,Bekerja,39437,677,0.5,5,0,0,0,Pinjaman Pribadi,Bisnis,12.16,0.23,1.306,435.0,0
CUST104612,53,Wiraswasta,29172,693,3.1,8,0,0,0,Kredit Berjalan,Renovasi Rumah,10.56,439.0,507.0,169.0,0
CUST104613,24,Bekerja,41492,621,5.7,6373,0,0,0,Kartu Kredit,Bisnis,20.64,212.0,205.0,68.0,1
CUST104614,20,Bekerja,15000,610,1.9,155,0,0,0,Kartu Kredit,Pribadi,19.85,467.0,1.4,467.0,0
CUST104615,44,Wiraswasta,60920,732,17.2,2702,0,0,0,Pinjaman Pribadi,Pribadi,10.07,366.0,53.0,18.0,1
CUST104616,19,Bekerja,29386,710,0.1,3,0,0,0,Kartu Kredit,Bisnis,16.04,418.0,647.0,216.0,1
CUST104617,46,Mahasiswa,15000,638,21.4,9585,0,1,0,Kartu Kredit,Pribadi,20.68,336.0,0.1,33.0,1
CUST104618,37,Bekerja,95306,593,9.8,3851,1,1,1,Kartu Kredit,Bisnis,22.25,452.0,316.0,105.0,0
CUST104619,26,Bekerja,29109,682,0.7,108,1,2,0,Kredit Berjalan,Medis,9.42,0.35,392.0,131.0,0
CUST104620,44,Bekerja,19072,666,26.0,20207,0,1,0,Pinjaman Pribadi,Konsolidasi Hutang,12.14,557.0,461.0,154.0,0
CUST104621,42,Bekerja,35244,710,8.6,42,0,0,0,Kartu Kredit,Medis,15.62,287.0,258.0,86.0,1
CUST104622,23,Wiraswasta,66617,544,1.6,154,0,0,0,Kredit Berjalan,Pribadi,14.61,129.0,204.0,68.0,1
CUST104623,31,Bekerja,65926,555,0.6,62,0,1,1,Pinjaman Pribadi,Pendidikan,16.56,266.0,1.517,506.0,0
CUST104624,50,Wiraswasta,35132,731,13.1,270,0,0,0,Kartu Kredit,Pribadi,17.12,259.0,991.0,0.33,1
CUST104625,51,Bekerja,33105,661,18.9,175,0,0,0,Kartu Kredit,Renovasi Rumah,17.26,195.0,0.58,193.0,1
CUST104626,36,Bekerja,33938,759,14.3,142,0,0,0,Pinjaman Pribadi,Bisnis,9.51,256.0,1.68,0.56,1
CUST104627,33,Bekerja,51377,630,1.8,176,0,0,0,Kartu Kredit,Pendidikan,19.48,287.0,1.359,453.0,1
CUST104628,32,Bekerja,32260,624,8.2,3094,0,0,0,Kredit Berjalan,Pendidikan,11.97,483.0,415.0,138.0,1
CUST104629,52,Bekerja,36163,672,2.0,82,0,0,0,Kartu Kredit,Pendidikan,18.64,204.0,1.3,433.0,1
CUST104630,26,Bekerja,25235,603,2.9,3482,0,0,0,Kredit Berjalan,Bisnis,11.35,219.0,428.0,143.0,0
CUST104631,18,Wiraswasta,36874,589,0.3,491,0,1,1,Pinjaman Pribadi,Konsolidasi Hutang,16.17,118.0,1.888,629.0,0
CUST104632,18,Bekerja,15000,575,0.1,7,0,1,0,Kartu Kredit,Pendidikan,22.19,394.0,1.26,0.42,0
CUST104633,32,Bekerja,46299,663,8.4,3971,0,0,0,Pinjaman Pribadi,Bisnis,12.21,84.0,1.514,505.0,1
CUST104634,35,Bekerja,53424,670,2.4,961,0,0,0,Pinjaman Pribadi,Konsolidasi Hutang,12.32,44.0,168.0,56.0,0
CUST104635,29,Bekerja,49611,753,10.6,12481,0,0,0,Kartu Kredit,Renovasi Rumah,14.29,482.0,1.038,346.0,1
CUST104636,21,Bekerja,49092,614,0.9,104,0,2,0,Kartu Kredit,Renovasi Rumah,19.95,118.0,595.0,198.0,0
CUST104637,52,Bekerja,79121,682,29.5,8149,0,0,0,Kredit Berjalan,Pendidikan,10.81,372.0,547.0,182.0,1
CUST104638,28,Bekerja,43709,629,0.3,29,0,0,1,Pinjaman Pribadi,Pendidikan,13.48,244.0,1.226,409.0,0
CUST104639,52,Bekerja,27414,776,9.8,164,0,0,0,Kredit Berjalan,Konsolidasi Hutang,7.07,365.0,0.58,193.0,1
CUST104640,36,Bekerja,27937,729,12.8,2991,0,1,0,Pinjaman Pribadi,Pendidikan,11.2,0.11,89.0,0.03,1
CUST104641,44,Bekerja,22280,711,3.5,78,0,0,0,Pinjaman Pribadi,Pendidikan,11.4,245.0,1.122,374.0,1
CUST104642,18,Wiraswasta,62532,645,0.1,30,0,0,0,Pinjaman Pribadi,Medis,13.55,85.0,1.359,453.0,0
CUST104643,22,Bekerja,30660,710,3.5,217,0,0,0,Pinjaman Pribadi,Konsolidasi Hutang,10.78,139.0,163.0,54.0,1
CUST104644,51,Wiraswasta,74194,650,24.6,4544,0,0,0,Pinjaman Pribadi,Medis,12.28,109.0,222.0,74.0,1
CUST104645,27,Mahasiswa,35820,617,7.8,131,0,0,0,Pinjaman Pribadi,Renovasi Rumah,13.21,67.0,1.991,664.0,0
CUST104646,23,Bekerja,30262,702,0.1,7,0,0,0,Pinjaman Pribadi,Pendidikan,9.76,182.0,1.735,578.0,1
CUST104647,21,Mahasiswa,18991,596,2.7,500,0,0,1,Kartu Kredit,Pribadi,22.39,168.0,0.1,33.0,1
CUST104648,18,Bekerja,39288,522,0.9,54,0,0,2,Kartu Kredit,Pribadi,22.22,227.0,1.219,406.0,0
CUST104649,26,Bekerja,48032,651,7.8,142,0,0,0,Kartu Kredit,Renovasi Rumah,17.37,85.0,904.0,301.0,1
CUST104650,49,Bekerja,57300,661,2.0,169,0,0,0,Kartu Kredit,Renovasi Rumah,18.41,306.0,632.0,211.0,1
CUST104651,32,Bekerja,52934,648,0.9,170,0,0,0,Kartu Kredit,Renovasi Rumah,19.15,32.0,829.0,276.0,1
CUST104652,22,Bekerja,116002,611,0.9,412,0,0,0,Kartu Kredit,Medis,19.52,189.0,603.0,201.0,1
CUST104653,49,Wiraswasta,82410,656,28.1,1566,0,0,0,Pinjaman Pribadi,Medis,11.53,212.0,1.213,404.0,1
CUST104654,20,Bekerja,15000,530,0.4,17,0,1,1,Kartu Kredit,Renovasi Rumah,21.92,211.0,107.0,36.0,0
CUST104655,36,Mahasiswa,53740,678,3.8,680,0,0,0,Pinjaman Pribadi,Pribadi,12.09,385.0,849.0,283.0,1
CUST104656,53,Bekerja,60596,693,17.5,1154,0,0,0,Pinjaman Pribadi,Pribadi,12.92,611.0,0.79,263.0,0
CUST104657,20,Bekerja,35836,613,0.6,56,0,0,0,Kartu Kredit,Bisnis,20.28,398.0,1.303,434.0,0
CUST104658,20,Bekerja,66812,636,0.8,37,0,0,0,Kartu Kredit,Pendidikan,19.18,141.0,79.0,26.0,1
CUST104659,28,Wiraswasta,98934,716,1.6,405,0,3,0,Kartu Kredit,Pendidikan,16.21,155.0,0.62,207.0,0
CUST104660,37,Bekerja,57408,608,0.1,36,1,0,0,Kartu Kredit,Bisnis,20.53,518.0,213.0,71.0,0
CUST104661,28,Wiraswasta,21268,647,5.3,2018,0,0,0,Kredit Berjalan,Pribadi,11.74,255.0,235.0,78.0,1
CUST104662,27,Bekerja,90290,616,7.6,1364,0,0,0,Pinjaman Pribadi,Pendidikan,14.23,232.0,562.0,187.0,1
CUST104663,49,Wiraswasta,61395,702,19.1,2035,0,0,0,Kartu Kredit,Medis,16.51,442.0,371.0,124.0,1
CUST104664,21,Wiraswasta,41067,604,0.4,86,0,4,0,Pinjaman Pribadi,Bisnis,13.51,0.17,911.0,304.0,0
CUST104665,28,Mahasiswa,24744,690,0.6,102,0,0,0,Pinjaman Pribadi,Renovasi Rumah,11.72,534.0,247.0,82.0,0
CUST104666,44,Bekerja,49179,671,16.8,214,0,1,0,Kartu Kredit,Pendidikan,18.82,571.0,94.0,31.0,0
CUST104667,49,Bekerja,60333,658,10.6,2847,0,0,0,Pinjaman Pribadi,Pendidikan,12.93,0.61,1.657,552.0,0
CUST104668,49,Bekerja,101751,762,7.5,426,0,0,0,Pinjaman Pribadi,Medis,9.69,177.0,983.0,328.0,1
CUST104669,18,Wiraswasta,74844,643,0.1,96,0,3,0,Kredit Berjalan,Bisnis,12.8,32.0,227.0,76.0,0
CUST104670,27,Bekerja,25866,551,1.2,3725,0,0,0,Kredit Berjalan,Pribadi,14.93,385.0,653.0,218.0,0
CUST104671,40,Wiraswasta,46749,733,20.0,3117,0,1,0,Kartu Kredit,Medis,15.53,214.0,188.0,63.0,1
CUST104672,37,Wiraswasta,34610,712,11.3,487,0,0,0,Kartu Kredit,Pendidikan,16.08,0.13,592.0,197.0,1
CUST104673,51,Bekerja,62614,681,26.6,1633,0,0,0,Kartu Kredit,Pribadi,17.9,274.0,0.04,13.0,1
CUST104674,37,Wiraswasta,134534,707,11.9,410,0,0,0,Kartu Kredit,Pribadi,16.58,471.0,242.0,81.0,1
CUST104675,23,Bekerja,28547,583,4.6,178,1,1,0,Kartu Kredit,Renovasi Rumah,21.8,616.0,473.0,158.0,0
CUST104676,28,Bekerja,26024,653,1.2,15,0,0,0,Kartu Kredit,Bisnis,18.49,217.0,0.2,67.0,1
CUST104677,50,Mahasiswa,15000,666,22.7,2991,0,1,0,Kredit Berjalan,Renovasi Rumah,9.11,288.0,567.0,189.0,1
CUST104678,39,Bekerja,29944,640,9.2,105,0,0,0,Pinjaman Pribadi,Pendidikan,14.28,71.0,805.0,268.0,1
CUST104679,41,Bekerja,71683,656,19.7,9982,0,0,0,Kredit Berjalan,Bisnis,9.69,124.0,504.0,168.0,1
CUST104680,56,Bekerja,109497,702,22.6,2070,0,0,0,Kartu Kredit,Medis,16.83,162.0,523.0,174.0,1
CUST104681,48,Bekerja,31263,628,13.4,9479,0,2,0,Kartu Kredit,Pribadi,20.16,426.0,435.0,145.0,1
CUST104682,34,Bekerja,26160,629,6.1,710,0,1,0,Kredit Berjalan,Pendidikan,11.41,0.49,356.0,119.0,0
CUST104683,18,Bekerja,26801,625,0.5,870,0,1,0,Kartu Kredit,Pendidikan,19.76,313.0,276.0,92.0,1
CUST104684,18,Wiraswasta,54635,741,1.0,50,0,0,0,Kredit Berjalan,Pribadi,9.04,291.0,677.0,226.0,1
CUST104685,34,Bekerja,66354,678,11.6,1668,0,1,0,Kartu Kredit,Pribadi,18.55,0.03,0.99,0.33,1
CUST104686,48,Bekerja,71530,598,9.3,6318,0,0,0,Kredit Berjalan,Medis,14.18,288.0,603.0,201.0,0
CUST104687,59,Wiraswasta,27469,672,6.0,689,0,0,0,Kartu Kredit,Pendidikan,17.91,126.0,131.0,44.0,1
CUST104688,37,Bekerja,91159,563,1.0,102,0,0,1,Kredit Berjalan,Pribadi,13.26,433.0,291.0,97.0,0
CUST104689,36,Mahasiswa,30107,559,15.7,6791,0,0,0,Pinjaman Pribadi,Pribadi,16.67,249.0,33.0,11.0,1
CUST104690,26,Bekerja,32284,667,1.1,80,0,0,0,Pinjaman Pribadi,Pribadi,12.72,69.0,1.71,0.57,0
CUST104691,25,Bekerja,19011,644,3.9,85,0,0,1,Kartu Kredit,Medis,20.71,0.21,694.0,231.0,1
CUST104692,25,Bekerja,59809,703,1.3,4366,0,0,0,Pinjaman Pribadi,Pendidikan,11.4,461.0,729.0,243.0,1
CUST104693,33,Bekerja,30471,615,9.4,536,0,0,0,Kredit Berjalan,Pribadi,11.07,244.0,666.0,222.0,1
CUST104694,27,Bekerja,74952,693,6.0,1480,0,1,0,Kartu Kredit,Bisnis,18.83,241.0,272.0,91.0,1
CUST104695,18,Bekerja,15582,621,0.5,3,0,0,0,Kartu Kredit,Pendidikan,19.38,0.22,501.0,167.0,1
CUST104696,39,Bekerja,46531,625,18.5,2736,0,2,0,Kartu Kredit,Konsolidasi Hutang,19.34,385.0,391.0,0.13,0
CUST104697,27,Bekerja,19061,566,6.6,2430,0,0,0,Kartu Kredit,Pribadi,21.68,106.0,866.0,289.0,1
CUST104698,44,Bekerja,77034,554,5.6,587,0,0,0,Kredit Berjalan,Bisnis,13.6,342.0,201.0,67.0,1
CUST104699,28,Mahasiswa,17234,690,7.3,969,0,0,0,Pinjaman Pribadi,Pribadi,11.76,0.19,1.799,0.6,1
CUST104700,39,Bekerja,26240,764,11.9,1165,0,0,0,Kartu Kredit,Medis,15.42,124.0,1.265,422.0,1
CUST104701,56,Bekerja,54158,631,22.4,2797,0,1,1,Pinjaman Pribadi,Pribadi,13.44,471.0,1.647,549.0,0
CUST104702,21,Mahasiswa,16153,579,1.3,48,0,0,0,Kartu Kredit,Medis,22.5,477.0,99.0,33.0,0
CUST104703,27,Bekerja,28875,573,7.4,134,1,0,1,Kartu Kredit,Medis,22.05,524.0,222.0,74.0,0
CUST104704,42,Bekerja,52175,714,18.7,95,0,0,0,Kartu Kredit,Konsolidasi Hutang,17.39,459.0,784.0,261.0,1
CUST104705,32,Wiraswasta,29603,720,7.2,482,0,0,0,Kartu Kredit,Renovasi Rumah,17.19,88.0,128.0,43.0,1
CUST104706,36,Bekerja,32517,699,17.1,337,0,0,0,Kartu Kredit,Konsolidasi Hutang,18.72,407.0,271.0,0.09,1
CUST104707,36,Wiraswasta,134863,624,4.9,3126,0,1,0,Kredit Berjalan,Renovasi Rumah,11.08,98.0,371.0,124.0,0
CUST104708,28,Bekerja,44051,614,6.2,163,0,1,0,Kredit Berjalan,Renovasi Rumah,12.47,73.0,765.0,255.0,1
CUST104709,46,Wiraswasta,68127,642,1.9,823,0,4,0,Pinjaman Pribadi,Renovasi Rumah,13.96,163.0,1.218,406.0,0
CUST104710,32,Bekerja,25771,637,6.0,267,0,1,0,Kartu Kredit,Renovasi Rumah,20.58,353.0,198.0,66.0,1
CUST104711,21,Mahasiswa,15000,522,2.9,420,0,2,1,Kredit Berjalan,Medis,14.96,302.0,533.0,178.0,0
CUST104712,22,Bekerja,45904,592,2.0,285,0,0,0,Kartu Kredit,Renovasi Rumah,21.49,384.0,1.137,379.0,0
CUST104713,24,Bekerja,79772,634,3.9,65,0,0,1,Pinjaman Pribadi,Konsolidasi Hutang,13.01,217.0,1.254,418.0,0
CUST104714,36,Wiraswasta,106151,850,11.6,25907,0,0,0,Kredit Berjalan,Pendidikan,6.36,342.0,366.0,122.0,1
CUST104715,35,Mahasiswa,15826,708,2.6,1573,0,0,0,Kartu Kredit,Pendidikan,15.94,69.0,101.0,34.0,1
CUST104716,25,Mahasiswa,29562,602,0.2,3,0,1,0,Kartu Kredit,Bisnis,19.84,643.0,101.0,34.0,0
CUST104717,32,Bekerja,33333,688,0.8,166,1,2,0,Kredit Berjalan,Pribadi,10.64,124.0,513.0,171.0,0
CUST104718,31,Mahasiswa,16393,610,2.1,13,1,1,0,Kartu Kredit,Medis,20.84,738.0,98.0,33.0,0
CUST104719,33,Bekerja,45456,651,10.1,154,0,0,0,Kartu Kredit,Bisnis,17.72,348.0,156.0,52.0,1
CUST104720,35,Bekerja,15423,583,5.6,428,0,2,0,Pinjaman Pribadi,Bisnis,15.22,141.0,1.148,383.0,0
CUST104721,33,Mahasiswa,40094,604,11.2,815,0,0,0,Pinjaman Pribadi,Pendidikan,13.64,82.0,1.429,476.0,1
CUST104722,37,Bekerja,32574,638,9.2,2685,0,1,0,Kredit Berjalan,Pribadi,11.78,0.37,562.0,187.0,0
CUST104723,35,Bekerja,32418,643,8.5,4262,0,0,0,Kartu Kredit,Pribadi,20.22,361.0,549.0,183.0,1
CUST104724,35,Bekerja,67001,567,3.9,722,0,0,0,Kartu Kredit,Pendidikan,21.38,425.0,458.0,153.0,1
CUST104725,29,Bekerja,84355,691,9.4,1081,0,1,0,Kartu Kredit,Pribadi,18.84,69.0,705.0,235.0,1
CUST104726,51,Bekerja,104598,640,13.8,7604,0,3,0,Pinjaman Pribadi,Pendidikan,14.88,88.0,596.0,199.0,0
CUST104727,25,Bekerja,76466,481,0.9,66,0,0,3,Kredit Berjalan,Pendidikan,14.06,147.0,609.0,203.0,0
CUST104728,18,Wiraswasta,122743,647,0.9,1220,0,0,0,Kredit Berjalan,Medis,11.06,556.0,281.0,94.0,0
CUST104729,55,Bekerja,91017,750,3.6,538,0,0,0,Pinjaman Pribadi,Pribadi,9.09,0.47,609.0,203.0,1
CUST104730,37,Bekerja,48252,668,1.7,439,0,1,0,Kartu Kredit,Renovasi Rumah,17.03,642.0,286.0,95.0,0
CUST104731,52,Bekerja,87914,650,24.5,275,0,0,0,Pinjaman Pribadi,Pribadi,12.9,185.0,118.0,39.0,1
CUST104732,20,Mahasiswa,15000,526,0.8,94,0,1,1,Kredit Berjalan,Medis,13.72,114.0,0.42,0.14,0
CUST104733,19,Bekerja,40445,679,0.1,5,0,0,0,Pinjaman Pribadi,Pendidikan,11.22,211.0,574.0,191.0,1
CUST104734,30,Bekerja,32805,658,6.6,3533,0,0,0,Kartu Kredit,Pribadi,18.51,518.0,576.0,192.0,1
CUST104735,19,Wiraswasta,40017,552,1.5,180,0,1,0,Kredit Berjalan,Pribadi,13.89,143.0,555.0,185.0,0
CUST104736,39,Wiraswasta,41169,638,13.6,5158,1,1,0,Kartu Kredit,Medis,20.93,229.0,838.0,279.0,0
CUST104737,34,Bekerja,43167,699,1.5,631,0,0,0,Kredit Berjalan,Medis,10.52,112.0,537.0,179.0,1
CUST104738,39,Bekerja,70053,742,1.5,439,0,0,0,Kartu Kredit,Pendidikan,16.05,316.0,838.0,279.0,1
CUST104739,38,Wiraswasta,89644,669,6.7,4458,0,1,0,Kartu Kredit,Medis,18.56,564.0,214.0,71.0,0
CUST104740,41,Bekerja,94076,508,13.3,2144,0,0,0,Kartu Kredit,Pendidikan,22.87,615.0,744.0,248.0,0
CUST104741,55,Bekerja,54229,687,9.4,323,0,0,0,Kartu Kredit,Renovasi Rumah,17.54,0.21,1.016,339.0,1
CUST104742,26,Bekerja,55277,551,6.1,224,0,5,0,Pinjaman Pribadi,Konsolidasi Hutang,15.07,94.0,1.621,0.54,0
CUST104743,20,Wiraswasta,55886,650,0.4,91,0,1,0,Kartu Kredit,Pribadi,17.01,111.0,417.0,139.0,1
CUST104744,57,Wiraswasta,116531,647,27.2,241834,0,1,0,Kartu Kredit,Bisnis,19.32,225.0,392.0,131.0,1
CUST104745,18,Bekerja,50126,606,1.4,276,0,1,0,Kredit Berjalan,Medis,12.54,69.0,571.0,0.19,0
CUST104746,29,Bekerja,18653,651,0.2,26,0,1,0,Kartu Kredit,Medis,17.43,419.0,332.0,111.0,0
CUST104747,18,Wiraswasta,39428,569,0.4,88,0,0,0,Kartu Kredit,Konsolidasi Hutang,21.5,482.0,1.195,398.0,0
CUST104748,30,Mahasiswa,20922,622,11.9,76,0,1,0,Kredit Berjalan,Pendidikan,11.98,66.0,712.0,237.0,1
CUST104749,51,Bekerja,38982,675,7.9,627,0,0,0,Kartu Kredit,Pendidikan,17.15,261.0,587.0,196.0,1
CUST104750,18,Bekerja,21229,538,1.9,115,0,1,0,Pinjaman Pribadi,Bisnis,15.9,19.0,1.229,0.41,0
CUST104751,50,Bekerja,76577,613,19.3,14816,0,0,0,Kartu Kredit,Medis,20.07,674.0,392.0,131.0,0
CUST104752,49,Mahasiswa,16695,770,23.7,642,0,0,0,Kartu Kredit,Pribadi,14.24,252.0,102.0,34.0,1
CUST104753,54,Bekerja,79498,719,16.0,2544,0,0,1,Kartu Kredit,Pendidikan,16.74,0.45,0.42,0.14,1
CUST104754,35,Bekerja,56500,557,9.4,1121,0,0,1,Kartu Kredit,Pribadi,22.27,92.0,973.0,324.0,0
CUST104755,43,Bekerja,87159,616,17.3,6821,0,1,0,Kartu Kredit,Konsolidasi Hutang,19.77,133.0,803.0,268.0,1
CUST104756,21,Bekerja,19825,708,1.5,154,0,3,0,Kartu Kredit,Pendidikan,15.5,0.43,515.0,172.0,0
CUST104757,24,Bekerja,35361,614,2.0,72,0,1,0,Kartu Kredit,Bisnis,19.28,552.0,1.383,461.0,0
CUST104758,18,Bekerja,32786,723,0.1,2,0,0,0,Kartu Kredit,Medis,15.71,234.0,49.0,16.0,1
CUST104759,28,Bekerja,51986,524,7.5,2431,0,1,0,Kartu Kredit,Bisnis,22.17,241.0,477.0,159.0,1
CUST104760,45,Wiraswasta,26932,648,14.1,667,0,0,0,Kartu Kredit,Bisnis,19.26,0.13,1.092,364.0,0
CUST104761,32,Wiraswasta,38119,625,13.0,3411,0,0,0,Pinjaman Pribadi,Pendidikan,14.04,268.0,498.0,166.0,1
CUST104762,39,Bekerja,42393,732,11.3,1506,0,0,2,Pinjaman Pribadi,Pribadi,10.19,98.0,392.0,131.0,1
CUST104763,37,Bekerja,35236,510,2.2,52,0,1,0,Pinjaman Pribadi,Renovasi Rumah,15.59,141.0,789.0,263.0,0
CUST104764,46,Bekerja,22757,526,23.6,1684,0,0,1,Pinjaman Pribadi,Konsolidasi Hutang,16.56,317.0,712.0,237.0,0
CUST104765,50,Bekerja,106991,720,28.4,29060,0,0,0,Kartu Kredit,Pendidikan,17.05,85.0,654.0,218.0,1
CUST104766,41,Bekerja,39713,751,18.9,10180,0,1,0,Kartu Kredit,Renovasi Rumah,15.0,383.0,645.0,215.0,1
CUST104767,18,Wiraswasta,48372,535,0.6,52,0,1,0,Pinjaman Pribadi,Pribadi,16.96,299.0,1.021,0.34,0
CUST104768,29,Bekerja,57511,670,0.7,174,0,0,0,Pinjaman Pribadi,Pribadi,11.07,184.0,1.739,0.58,0
CUST104769,39,Bekerja,127799,624,3.5,3928,0,2,1,Kartu Kredit,Pendidikan,20.74,64.0,548.0,183.0,1
CUST104770,28,Wiraswasta,62198,729,7.8,418,0,0,0,Kartu Kredit,Pribadi,17.16,367.0,1.125,375.0,1
CUST104771,35,Wiraswasta,157981,515,0.3,20,0,1,0,Kredit Berjalan,Renovasi Rumah,14.14,547.0,285.0,95.0,0
CUST104772,57,Bekerja,81642,619,16.9,2781,0,0,0,Pinjaman Pribadi,Bisnis,13.09,205.0,1.225,408.0,1
CUST104773,39,Bekerja,40416,803,16.1,1211,1,3,0,Pinjaman Pribadi,Medis,9.57,255.0,1.19,397.0,0
CUST104774,38,Bekerja,69564,720,16.4,1560,0,0,0,Kartu Kredit,Bisnis,15.54,477.0,887.0,296.0,1
CUST104775,41,Wiraswasta,64680,688,8.6,166,1,0,0,Kartu Kredit,Renovasi Rumah,18.95,235.0,1.082,361.0,0
CUST104776,35,Mahasiswa,17645,673,9.5,306,0,0,0,Kredit Berjalan,Medis,10.16,382.0,737.0,246.0,0
CUST104777,30,Bekerja,28879,666,8.5,404,0,0,0,Kartu Kredit,Bisnis,18.16,245.0,547.0,182.0,1
CUST104778,30,Bekerja,15000,506,4.3,265,0,0,0,Kredit Berjalan,Pribadi,14.95,226.0,653.0,218.0,0
CUST104779,36,Bekerja,30298,569,6.8,764,0,1,0,Kartu Kredit,Konsolidasi Hutang,21.44,378.0,172.0,57.0,0
CUST104780,50,Bekerja,92316,635,24.5,5264,0,3,0,Kartu Kredit,Medis,19.6,551.0,758.0,253.0,0
CUST104781,32,Wiraswasta,48988,722,4.5,107,0,0,0,Kartu Kredit,Pendidikan,15.95,172.0,1.298,433.0,1
CUST104782,22,Bekerja,41355,604,3.2,164,0,1,0,Kartu Kredit,Pribadi,19.14,59.0,1.33,443.0,0
CUST104783,57,Bekerja,56602,776,22.6,9231,0,0,1,Kartu Kredit,Pribadi,15.84,227.0,511.0,0.17,1
CUST104784,43,Bekerja,55650,547,19.9,4936,1,2,1,Pinjaman Pribadi,Pribadi,15.78,159.0,1.797,599.0,0
CUST104785,33,Bekerja,29340,668,8.7,719,0,0,0,Kredit Berjalan,Renovasi Rumah,10.0,218.0,767.0,256.0,1
CUST104786,33,Bekerja,24628,596,11.2,446,0,1,2,Pinjaman Pribadi,Konsolidasi Hutang,16.41,295.0,1.178,393.0,0
CUST104787,38,Bekerja,37256,648,8.0,109,0,0,0,Kartu Kredit,Medis,19.98,426.0,1.141,0.38,1
CUST104788,27,Bekerja,21428,621,2.7,120,0,1,0,Kartu Kredit,Bisnis,19.9,0.13,551.0,184.0,0
CUST104789,31,Bekerja,33598,677,3.2,215,0,1,0,Kredit Berjalan,Medis,10.12,414.0,423.0,141.0,1
CUST104790,20,Bekerja,43874,639,1.3,58,1,1,0,Pinjaman Pribadi,Renovasi Rumah,13.91,86.0,0.13,43.0,0
CUST104791,18,Bekerja,50512,546,0.8,1102,0,0,0,Kredit Berjalan,Pendidikan,14.25,0.4,0.78,0.26,0
CUST104792,49,Wiraswasta,16555,752,15.2,450,0,1,0,Kredit Berjalan,Medis,7.14,155.0,447.0,149.0,1
CUST104793,35,Bekerja,48651,606,12.0,1526,0,2,0,Kartu Kredit,Pribadi,20.42,239.0,1.096,365.0,1
CUST104794,32,Bekerja,29187,693,12.0,5864,0,0,0,Kartu Kredit,Renovasi Rumah,17.33,17.0,884.0,295.0,1
CUST104795,46,Bekerja,35977,646,5.2,154,0,2,0,Kredit Berjalan,Renovasi Rumah,11.2,284.0,845.0,282.0,0
CUST104796,29,Bekerja,59591,637,2.3,5064,0,0,0,Kartu Kredit,Pribadi,19.69,203.0,414.0,138.0,1
CUST104797,53,Bekerja,62574,654,3.7,626,0,0,0,Kartu Kredit,Pendidikan,17.51,175.0,99.0,33.0,1
CUST104798,24,Mahasiswa,27929,600,4.3,364,0,1,0,Pinjaman Pribadi,Pendidikan,13.61,357.0,0.43,143.0,1
CUST104799,36,Bekerja,112227,673,12.7,1459,0,0,0,Kartu Kredit,Bisnis,17.32,132.0,545.0,182.0,1
CUST104800,31,Bekerja,66816,623,6.3,2105,0,1,0,Kartu Kredit,Medis,20.73,152.0,1.048,349.0,1
CUST104801,44,Wiraswasta,59750,708,3.2,5638,0,0,0,Kartu Kredit,Pendidikan,17.04,713.0,487.0,162.0,0
CUST104802,26,Bekerja,61331,824,0.7,60,0,0,0,Kartu Kredit,Bisnis,14.87,85.0,973.0,324.0,1
CUST104803,51,Bekerja,43896,629,12.4,775,0,0,0,Kredit Berjalan,Pribadi,11.7,226.0,194.0,65.0,1
CUST104804,52,Wiraswasta,21807,641,0.4,2,0,1,0,Pinjaman Pribadi,Bisnis,13.17,316.0,1.536,512.0,0
CUST104805,22,Bekerja,46276,686,2.7,350,0,0,0,Pinjaman Pribadi,Bisnis,12.84,0.8,1.699,566.0,0
CUST104806,49,Bekerja,199854,850,21.5,11250,0,0,0,Pinjaman Pribadi,Konsolidasi Hutang,9.97,482.0,81.0,27.0,1
CUST104807,59,Bekerja,49181,666,5.3,1147,0,0,0,Kredit Berjalan,Pendidikan,9.51,0.23,138.0,46.0,1
CUST104808,37,Bekerja,60533,620,0.3,46,0,0,0,Kredit Berjalan,Bisnis,12.68,421.0,826.0,275.0,0
CUST104809,29,Bekerja,57382,806,10.7,854,0,0,0,Pinjaman Pribadi,Medis,8.95,249.0,1.734,578.0,1
CUST104810,32,Wiraswasta,75765,594,0.4,87,0,0,0,Pinjaman Pribadi,Pendidikan,15.79,87.0,362.0,121.0,1
CUST104811,49,Bekerja,122018,747,10.8,42954,0,0,0,Kredit Berjalan,Renovasi Rumah,7.81,55.0,307.0,102.0,1
CUST104812,36,Bekerja,42914,613,11.9,4346,0,1,0,Kartu Kredit,Konsolidasi Hutang,19.34,325.0,627.0,209.0,1
CUST104813,31,Bekerja,27577,639,12.1,114,0,0,0,Kartu Kredit,Bisnis,19.06,422.0,192.0,64.0,1
CUST104814,35,Bekerja,30339,753,2.0,40,0,0,0,Pinjaman Pribadi,Pribadi,9.2,356.0,264.0,88.0,1
CUST104815,22,Bekerja,15000,595,1.7,50,1,0,3,Kartu Kredit,Pribadi,21.77,224.0,1.047,349.0,0
CUST104816,29,Bekerja,24024,724,6.2,927,0,0,0,Kartu Kredit,Pribadi,16.44,446.0,0.35,117.0,1
CUST104817,43,Bekerja,58373,713,22.5,13072,0,0,0,Kartu Kredit,Pribadi,16.18,274.0,1.042,347.0,1
CUST104818,41,Wiraswasta,62991,641,16.7,17410,0,1,0,Kartu Kredit,Konsolidasi Hutang,19.8,0.18,37.0,12.0,1
CUST104819,39,Wiraswasta,91864,765,8.3,99,1,2,0,Pinjaman Pribadi,Pribadi,8.92,319.0,1.089,363.0,0
CUST104820,30,Bekerja,79754,565,4.5,25,0,0,2,Pinjaman Pribadi,Pribadi,15.87,264.0,0.27,0.09,1
CUST104821,33,Bekerja,30471,691,11.9,1194,0,0,0,Kredit Berjalan,Bisnis,10.9,529.0,1.053,351.0,0
CUST104822,56,Bekerja,82178,652,27.0,1357,0,0,0,Pinjaman Pribadi,Pribadi,11.7,152.0,617.0,206.0,1
CUST104823,33,Bekerja,107295,613,9.1,2760,0,0,0,Kartu Kredit,Pribadi,19.13,85.0,652.0,217.0,1
CUST104824,35,Bekerja,39919,700,14.7,4084,0,0,0,Pinjaman Pribadi,Pribadi,11.05,138.0,0.18,0.06,1
CUST104825,33,Bekerja,67207,669,5.7,659,0,0,0,Kartu Kredit,Renovasi Rumah,17.29,101.0,0.67,223.0,1
CUST104826,31,Bekerja,41694,543,1.8,359,0,1,0,Kartu Kredit,Pribadi,21.27,188.0,1.084,361.0,0
CUST104827,31,Wiraswasta,22598,762,11.2,575,0,0,0,Kartu Kredit,Bisnis,15.53,218.0,1.367,456.0,1
CUST104828,27,Bekerja,55375,612,1.0,15,0,0,0,Pinjaman Pribadi,Pendidikan,13.07,296.0,1.0,333.0,0
CUST104829,46,Bekerja,33065,722,4.9,983,0,0,0,Pinjaman Pribadi,Bisnis,10.32,234.0,127.0,42.0,1
CUST104830,30,Wiraswasta,90302,679,6.6,16,0,0,0,Pinjaman Pribadi,Renovasi Rumah,12.53,179.0,1.107,369.0,1
CUST104831,19,Bekerja,37686,544,0.4,18,0,0,0,Kredit Berjalan,Bisnis,13.15,326.0,178.0,59.0,0
CUST104832,37,Bekerja,39793,622,14.9,2799,0,1,0,Kartu Kredit,Pribadi,20.3,453.0,1.096,365.0,1
CUST104833,25,Bekerja,19955,684,1.6,50,0,0,0,Kartu Kredit,Renovasi Rumah,18.2,195.0,712.0,237.0,1
CUST104834,32,Wiraswasta,62597,644,0.4,420,1,1,0,Pinjaman Pribadi,Bisnis,13.47,0.31,1.598,533.0,0
CUST104835,35,Bekerja,21086,654,3.6,89,0,0,0,Kredit Berjalan,Pribadi,9.35,233.0,711.0,237.0,1
CUST104836,56,Bekerja,48618,721,11.4,11848,0,0,0,Pinjaman Pribadi,Bisnis,10.35,0.1,1.283,428.0,1
CUST104837,18,Bekerja,43005,673,0.9,54,0,0,0,Kartu Kredit,Pendidikan,17.22,334.0,814.0,271.0,1
CUST104838,43,Wiraswasta,67382,694,2.9,2365,0,0,0,Pinjaman Pribadi,Pendidikan,12.53,455.0,1.484,495.0,1
CUST104839,46,Wiraswasta,103515,663,11.5,1071,0,0,0,Kredit Berjalan,Pribadi,9.32,135.0,403.0,134.0,1
CUST104840,29,Bekerja,30218,681,1.4,820,0,0,0,Pinjaman Pribadi,Pribadi,11.27,173.0,109.0,36.0,1
CUST104841,57,Wiraswasta,152948,689,28.1,7171,0,1,0,Pinjaman Pribadi,Medis,12.43,0.04,654.0,218.0,1
CUST104842,48,Bekerja,52296,639,10.5,6933,0,0,0,Kartu Kredit,Pribadi,19.16,208.0,176.0,59.0,1
CUST104843,41,Bekerja,92679,651,15.8,6928,0,0,0,Pinjaman Pribadi,Bisnis,11.89,358.0,672.0,224.0,1
CUST104844,47,Bekerja,90109,707,22.4,1671,0,0,0,Kartu Kredit,Pendidikan,16.47,188.0,777.0,259.0,1
CUST104845,26,Bekerja,19071,527,7.9,1173,0,3,0,Kartu Kredit,Pendidikan,21.67,244.0,1.264,421.0,0
CUST104846,28,Mahasiswa,31315,658,0.7,97,0,0,0,Kartu Kredit,Pribadi,17.9,25.0,99.0,33.0,1
CUST104847,39,Wiraswasta,79449,654,13.1,11417,0,0,1,Pinjaman Pribadi,Konsolidasi Hutang,11.8,0.56,159.0,53.0,0
CUST104848,36,Bekerja,48409,626,11.2,11977,0,1,0,Pinjaman Pribadi,Pribadi,14.55,416.0,1.204,401.0,1
CUST104849,37,Wiraswasta,105293,717,16.5,21395,0,0,0,Kartu Kredit,Medis,16.4,318.0,385.0,128.0,1
CUST104850,22,Bekerja,94061,614,0.0,0,0,2,0,Pinjaman Pribadi,Konsolidasi Hutang,13.13,236.0,435.0,145.0,0
CUST104851,40,Bekerja,90803,623,11.0,1532,0,2,0,Kartu Kredit,Pribadi,19.46,113.0,184.0,61.0,1
CUST104852,38,Bekerja,30127,552,19.0,2077,0,2,1,Pinjaman Pribadi,Pendidikan,16.96,389.0,1.749,583.0,0
CUST104853,22,Mahasiswa,15000,557,0.8,14,0,1,1,Kartu Kredit,Renovasi Rumah,21.57,328.0,0.1,33.0,1
CUST104854,33,Bekerja,35001,722,10.2,382,0,0,1,Kartu Kredit,Konsolidasi Hutang,17.46,477.0,1.391,464.0,0
CUST104855,18,Bekerja,28962,606,0.9,1,0,0,0,Kredit Berjalan,Medis,11.76,489.0,242.0,81.0,0
CUST104856,26,Wiraswasta,44281,691,6.9,202,0,0,0,Pinjaman Pribadi,Pendidikan,11.77,375.0,1.439,0.48,1
CUST104857,21,Bekerja,15827,651,1.0,157,0,0,0,Kartu Kredit,Medis,18.42,0.42,284.0,95.0,1
CUST104858,38,Wiraswasta,34553,491,2.2,31174,0,1,1,Pinjaman Pribadi,Konsolidasi Hutang,15.58,228.0,1.742,581.0,0
CUST104859,42,Bekerja,54926,706,0.2,4,1,1,0,Pinjaman Pribadi,Pendidikan,11.12,722.0,1.362,454.0,0
CUST104860,43,Bekerja,37392,641,22.6,14458,0,1,0,Kredit Berjalan,Bisnis,11.87,64.0,808.0,269.0,1
CUST104861,18,Bekerja,75632,612,0.3,18,0,0,0,Pinjaman Pribadi,Medis,13.47,171.0,424.0,141.0,0
CUST104862,22,Wiraswasta,68109,648,0.4,112,0,1,1,Pinjaman Pribadi,Renovasi Rumah,13.42,0.41,0.2,67.0,0
CUST104863,39,Bekerja,30166,493,16.4,3564,0,1,0,Pinjaman Pribadi,Pribadi,16.0,471.0,564.0,188.0,0
CUST104864,41,Bekerja,89612,625,14.6,3095,0,1,0,Kartu Kredit,Medis,20.92,212.0,781.0,0.26,1
CUST104865,61,Bekerja,71547,647,21.3,4023,0,0,0,Kartu Kredit,Pendidikan,20.23,166.0,978.0,326.0,1
CUST104866,53,Bekerja,53670,685,19.5,2811,0,0,0,Kartu Kredit,Medis,18.24,327.0,851.0,284.0,1
CUST104867,39,Wiraswasta,53466,599,7.0,223,1,1,1,Kartu Kredit,Pendidikan,22.88,114.0,0.2,67.0,0
CUST104868,47,Bekerja,39576,531,4.8,264,1,1,0,Pinjaman Pribadi,Konsolidasi Hutang,16.39,333.0,637.0,212.0,0
CUST104869,29,Bekerja,39753,623,5.7,85,0,0,1,Kredit Berjalan,Pendidikan,11.66,428.0,0.78,0.26,1
CUST104870,27,Mahasiswa,28295,636,6.0,65,0,2,0,Kartu Kredit,Bisnis,20.93,567.0,99.0,33.0,0
CUST104871,47,Bekerja,61996,658,4.2,98,0,0,0,Kartu Kredit,Bisnis,18.62,184.0,1.129,376.0,1
CUST104872,46,Bekerja,37498,664,0.4,113,0,0,0,Kredit Berjalan,Pendidikan,10.56,212.0,347.0,116.0,1
CUST104873,59,Bekerja,83446,737,15.8,797,0,0,0,Pinjaman Pribadi,Renovasi Rumah,10.5,84.0,0.81,0.27,1
CUST104874,48,Bekerja,54711,655,22.7,9048,0,0,0,Kredit Berjalan,Pendidikan,10.32,209.0,492.0,164.0,1
CUST104875,20,Bekerja,20472,723,0.1,0,1,0,0,Pinjaman Pribadi,Renovasi Rumah,11.39,126.0,1.744,581.0,0
CUST104876,30,Bekerja,32004,629,2.4,50,0,1,1,Kredit Berjalan,Medis,11.12,342.0,706.0,235.0,1
CUST104877,34,Wiraswasta,22093,665,11.2,490,0,0,0,Kredit Berjalan,Pribadi,10.06,58.0,588.0,196.0,1
CUST104878,33,Wiraswasta,66137,672,9.5,12800,0,0,0,Kartu Kredit,Pendidikan,18.52,377.0,1.058,353.0,1
CUST104879,46,Bekerja,46853,553,12.7,5731,0,0,0,Pinjaman Pribadi,Pribadi,15.95,472.0,519.0,173.0,0
CUST104880,33,Mahasiswa,18161,532,9.9,869,0,1,1,Kredit Berjalan,Pribadi,14.72,147.0,716.0,239.0,0
CUST104881,32,Bekerja,54111,690,9.7,2766,0,0,0,Pinjaman Pribadi,Medis,11.29,399.0,1.41,0.47,1
CUST104882,49,Bekerja,69008,674,13.6,544,0,0,0,Kredit Berjalan,Pribadi,10.94,406.0,361.0,0.12,1
CUST104883,47,Wiraswasta,46192,545,21.4,961,0,0,0,Kartu Kredit,Medis,22.0,203.0,946.0,315.0,0
CUST104884,36,Bekerja,117338,647,5.2,7465,0,0,0,Kredit Berjalan,Pribadi,12.22,284.0,161.0,54.0,1
CUST104885,61,Bekerja,62646,774,16.3,4373,0,2,0,Pinjaman Pribadi,Pribadi,8.42,42.0,1.548,516.0,1
CUST104886,26,Bekerja,23833,652,3.3,413,0,0,0,Pinjaman Pribadi,Renovasi Rumah,12.95,739.0,671.0,224.0,0
CUST104887,44,Mahasiswa,16889,688,13.5,122,0,0,0,Kredit Berjalan,Pendidikan,10.18,81.0,296.0,99.0,1
CUST104888,41,Bekerja,43110,738,20.6,300,0,1,0,Kredit Berjalan,Pribadi,9.42,537.0,186.0,62.0,1
CUST104889,41,Wiraswasta,35103,554,11.3,1369,0,0,2,Kartu Kredit,Pendidikan,21.54,354.0,245.0,82.0,1
CUST104890,39,Bekerja,40445,654,13.3,17127,0,1,0,Pinjaman Pribadi,Renovasi Rumah,11.41,0.1,0.66,0.22,1
CUST104891,34,Bekerja,30506,618,4.4,21,0,1,0,Kartu Kredit,Bisnis,20.44,292.0,393.0,131.0,1
CUST104892,31,Bekerja,36896,638,11.1,12839,0,0,0,Pinjaman Pribadi,Konsolidasi Hutang,13.72,232.0,0.55,183.0,0
CUST104893,23,Wiraswasta,95496,737,4.6,1734,0,0,0,Kartu Kredit,Renovasi Rumah,16.02,0.36,105.0,35.0,1
CUST104894,42,Mahasiswa,51651,677,23.1,68020,0,0,0,Kartu Kredit,Pribadi,17.59,326.0,101.0,34.0,1
CUST104895,33,Bekerja,49503,593,1.8,161,0,1,1,Pinjaman Pribadi,Renovasi Rumah,16.38,0.43,1.618,539.0,0
CUST104896,32,Wiraswasta,87295,649,0.1,11,0,2,0,Kartu Kredit,Pribadi,20.21,541.0,292.0,97.0,0
CUST104897,40,Bekerja,37363,598,16.8,502,0,2,0,Kredit Berjalan,Pendidikan,14.43,226.0,945.0,315.0,1
CUST104898,31,Bekerja,40453,603,7.4,634,0,1,0,Pinjaman Pribadi,Pendidikan,14.71,0.36,1.562,521.0,1
CUST104899,42,Bekerja,60044,585,20.1,375,0,0,0,Pinjaman Pribadi,Medis,16.89,352.0,1.665,555.0,0
CUST104900,44,Bekerja,73758,630,20.3,755,0,1,0,Pinjaman Pribadi,Medis,14.43,675.0,1.356,452.0,0
CUST104901,58,Wiraswasta,17656,659,12.2,440,0,0,0,Kredit Berjalan,Medis,10.1,0.34,1.031,344.0,1
CUST104902,22,Bekerja,15000,618,0.4,21,0,0,0,Kartu Kredit,Pribadi,20.04,49.0,253.0,84.0,1
CUST104903,28,Bekerja,51799,593,6.4,1661,0,0,1,Pinjaman Pribadi,Konsolidasi Hutang,16.98,345.0,1.411,0.47,0
CUST104904,47,Bekerja,55150,678,1.5,348,1,3,0,Kartu Kredit,Pendidikan,18.51,63.0,359.0,0.12,0
CUST104905,18,Bekerja,40214,548,0.1,6,0,1,0,Kartu Kredit,Pendidikan,22.68,178.0,1.246,415.0,0
CUST104906,41,Bekerja,61306,659,1.0,1654,0,0,0,Kartu Kredit,Bisnis,18.69,261.0,0.32,107.0,1
CUST104907,35,Mahasiswa,22524,702,14.4,2308,0,0,0,Kredit Berjalan,Pribadi,8.27,165.0,408.0,136.0,1
CUST104908,55,Bekerja,68788,717,26.8,99313,0,1,0,Kredit Berjalan,Pribadi,9.44,119.0,727.0,242.0,1
CUST104909,24,Bekerja,53006,589,1.4,71,0,0,3,Kartu Kredit,Konsolidasi Hutang,22.56,0.11,187.0,62.0,0
CUST104910,27,Bekerja,17521,595,4.9,245,0,1,0,Kredit Berjalan,Renovasi Rumah,14.05,296.0,731.0,244.0,0
CUST104911,35,Wiraswasta,56175,610,11.2,220,0,2,0,Kredit Berjalan,Renovasi Rumah,11.95,459.0,274.0,91.0,0
CUST104912,28,Wiraswasta,55080,605,8.2,255,0,3,0,Pinjaman Pribadi,Bisnis,14.18,167.0,1.451,484.0,0
CUST104913,31,Bekerja,52893,578,9.9,1523,0,2,1,Kredit Berjalan,Medis,13.93,585.0,0.79,263.0,0
CUST104914,34,Bekerja,43451,603,9.5,3518,1,1,1,Kartu Kredit,Pribadi,19.3,504.0,0.38,127.0,0
CUST104915,21,Bekerja,20661,685,0.5,29,0,0,0,Pinjaman Pribadi,Medis,12.66,552.0,1.534,511.0,0
CUST104916,45,Bekerja,38765,626,11.0,2064,1,1,0,Pinjaman Pribadi,Pendidikan,13.54,0.09,862.0,287.0,0
CUST104917,36,Bekerja,49654,574,11.0,5388,0,0,1,Kartu Kredit,Pribadi,21.54,141.0,1.283,428.0,1
CUST104918,36,Bekerja,31551,680,13.0,533,0,0,0,Kartu Kredit,Pribadi,17.62,222.0,1.084,361.0,1
CUST104919,35,Wiraswasta,34016,630,0.1,1,1,0,0,Kartu Kredit,Bisnis,19.52,169.0,679.0,226.0,0
CUST104920,45,Bekerja,21839,569,15.3,2308,0,1,0,Pinjaman Pribadi,Bisnis,15.98,437.0,646.0,215.0,0
CUST104921,26,Bekerja,40515,597,2.7,818,0,2,2,Kartu Kredit,Renovasi Rumah,21.43,319.0,197.0,66.0,0
CUST104922,56,Bekerja,51358,678,20.5,333,0,0,0,Pinjaman Pribadi,Medis,11.08,496.0,775.0,258.0,1
CUST104923,42,Bekerja,137934,766,14.8,657,0,0,1,Pinjaman Pribadi,Pribadi,9.68,0.32,725.0,242.0,1
CUST104924,45,Bekerja,75318,588,17.6,616,0,0,0,Pinjaman Pribadi,Bisnis,16.91,405.0,1.328,443.0,0
CUST104925,48,Bekerja,96137,696,1.2,124,0,0,0,Kredit Berjalan,Pribadi,9.55,98.0,478.0,159.0,1
CUST104926,40,Bekerja,46894,688,2.6,53,0,0,0,Pinjaman Pribadi,Pribadi,11.94,329.0,1.363,454.0,1
CUST104927,47,Wiraswasta,36888,744,18.2,2360,0,0,0,Pinjaman Pribadi,Konsolidasi Hutang,10.29,354.0,1.635,545.0,1
CUST104928,38,Wiraswasta,65348,609,2.3,79,0,1,0,Pinjaman Pribadi,Pribadi,13.61,93.0,1.53,0.51,1
CUST104929,43,Bekerja,45638,758,4.0,496,0,1,0,Pinjaman Pribadi,Pribadi,8.76,316.0,1.67,557.0,1
CUST104930,27,Wiraswasta,18239,663,2.6,1385,0,0,0,Kartu Kredit,Pribadi,17.51,522.0,587.0,196.0,0
CUST104931,46,Bekerja,186168,748,27.7,10256,0,0,0,Kredit Berjalan,Pribadi,8.5,239.0,102.0,34.0,1
CUST104932,18,Bekerja,20286,517,0.0,0,0,0,0,Kartu Kredit,Pendidikan,22.03,211.0,468.0,156.0,0
CUST104933,24,Bekerja,20527,588,3.5,39,0,1,0,Pinjaman Pribadi,Pribadi,16.98,592.0,677.0,226.0,0
CUST104934,25,Bekerja,50888,659,4.5,77,0,0,0,Pinjaman Pribadi,Pendidikan,12.35,414.0,1.521,507.0,1
CUST104935,28,Bekerja,29590,605,7.4,90,0,0,0,Kartu Kredit,Pendidikan,19.94,207.0,1.193,398.0,1
CUST104936,18,Bekerja,16929,632,1.1,11,0,0,0,Kartu Kredit,Bisnis,20.16,535.0,419.0,0.14,0
CUST104937,62,Bekerja,87533,814,18.4,7075,0,0,0,Kredit Berjalan,Pribadi,7.39,341.0,487.0,162.0,1
CUST104938,18,Bekerja,36119,649,0.3,13,0,2,0,Pinjaman Pribadi,Pribadi,14.46,345.0,626.0,209.0,0
CUST104939,48,Bekerja,65765,684,10.1,547,0,0,0,Kredit Berjalan,Bisnis,9.19,0.12,339.0,113.0,1
CUST104940,40,Bekerja,65583,642,18.6,3363,0,1,0,Kartu Kredit,Pendidikan,19.76,109.0,1.067,356.0,1
CUST104941,37,Wiraswasta,55435,665,10.0,727,0,0,0,Pinjaman Pribadi,Pendidikan,12.62,386.0,1.793,598.0,1
CUST104942,41,Wiraswasta,28753,531,16.2,6579,0,1,0,Kredit Berjalan,Bisnis,14.33,58.0,543.0,181.0,0
CUST104943,50,Wiraswasta,40993,615,10.7,1611,0,4,0,Kartu Kredit,Konsolidasi Hutang,19.32,771.0,639.0,213.0,0
CUST104944,40,Bekerja,25312,666,5.2,90,0,0,0,Pinjaman Pribadi,Pendidikan,11.95,687.0,636.0,212.0,0
CUST104945,33,Bekerja,44045,609,9.9,621,0,0,0,Kartu Kredit,Renovasi Rumah,20.21,168.0,688.0,229.0,1
CUST104946,22,Bekerja,41369,534,3.5,71,0,1,0,Pinjaman Pribadi,Pribadi,15.23,339.0,1.52,507.0,0
CUST104947,42,Bekerja,30718,652,7.6,2795,0,0,0,Kartu Kredit,Bisnis,18.55,271.0,1.344,448.0,1
CUST104948,23,Bekerja,61341,567,3.5,415,0,0,0,Kartu Kredit,Pendidikan,21.23,255.0,272.0,91.0,1
CUST104949,37,Bekerja,28736,549,3.1,739,0,0,0,Kartu Kredit,Pendidikan,22.07,9.0,449.0,0.15,0
CUST104950,57,Bekerja,39580,801,16.1,6831,0,0,0,Pinjaman Pribadi,Medis,8.72,122.0,1.764,588.0,1
CUST104951,29,Bekerja,35926,541,10.9,762,0,0,1,Pinjaman Pribadi,Konsolidasi Hutang,16.58,293.0,868.0,289.0,0
CUST104952,23,Bekerja,20838,538,2.4,20,0,1,0,Pinjaman Pribadi,Bisnis,16.6,0.13,806.0,269.0,0
CUST104953,45,Bekerja,116722,754,23.4,2715,0,0,0,Pinjaman Pribadi,Renovasi Rumah,8.56,269.0,201.0,67.0,1
CUST104954,54,Wiraswasta,40157,617,2.5,19,0,0,0,Kartu Kredit,Medis,19.99,166.0,478.0,159.0,1
CUST104955,34,Bekerja,46357,609,6.9,741,0,0,0,Pinjaman Pribadi,Bisnis,14.73,448.0,1.296,432.0,0
CUST104956,52,Bekerja,144864,697,17.2,280,0,1,0,Kredit Berjalan,Pendidikan,10.29,571.0,345.0,115.0,0
CUST104957,40,Mahasiswa,19310,602,18.3,1553,0,0,0,Kartu Kredit,Bisnis,19.45,618.0,98.0,33.0,0
CUST104958,33,Bekerja,29702,704,11.4,144,0,1,0,Kredit Berjalan,Bisnis,9.35,306.0,407.0,136.0,1
CUST104959,18,Bekerja,43692,688,1.4,137,0,1,0,Pinjaman Pribadi,Pendidikan,12.75,308.0,467.0,156.0,1
CUST104960,54,Bekerja,61546,682,4.9,455,0,0,0,Kredit Berjalan,Pendidikan,10.38,424.0,328.0,109.0,1
CUST104961,18,Bekerja,29611,523,0.4,7,0,0,0,Kartu Kredit,Pendidikan,21.42,101.0,51.0,17.0,1
CUST104962,21,Bekerja,24015,673,1.4,20,0,1,0,Kartu Kredit,Konsolidasi Hutang,18.06,67.0,1.299,433.0,0
CUST104963,43,Bekerja,44686,649,3.8,2676,0,0,0,Kredit Berjalan,Konsolidasi Hutang,12.58,195.0,866.0,289.0,1
CUST104964,43,Bekerja,137738,749,0.4,15,0,0,0,Kartu Kredit,Pendidikan,16.87,161.0,508.0,169.0,1
CUST104965,36,Wiraswasta,95065,660,6.3,659,0,0,0,Pinjaman Pribadi,Renovasi Rumah,12.59,351.0,1.052,351.0,1
CUST104966,54,Bekerja,248846,696,18.8,29339,0,0,0,Kartu Kredit,Pribadi,17.44,169.0,281.0,94.0,1
CUST104967,34,Wiraswasta,50882,617,1.6,98,0,0,0,Kartu Kredit,Pribadi,20.45,223.0,0.77,257.0,1
CUST104968,41,Bekerja,23830,678,18.8,768,0,0,0,Pinjaman Pribadi,Medis,11.64,0.05,1.196,399.0,1
CUST104969,29,Bekerja,35480,643,10.6,2494,0,1,0,Kartu Kredit,Renovasi Rumah,20.89,372.0,476.0,159.0,0
CUST104970,43,Wiraswasta,69829,644,22.7,84056,0,0,0,Kartu Kredit,Pribadi,19.75,423.0,135.0,45.0,1
CUST104971,36,Wiraswasta,115271,658,17.0,8869,0,1,0,Kredit Berjalan,Pribadi,9.75,526.0,115.0,38.0,1
CUST104972,51,Bekerja,36424,654,7.0,128,0,1,0,Kartu Kredit,Renovasi Rumah,18.85,562.0,1.23,0.41,0
CUST104973,42,Bekerja,29231,616,23.1,8459,0,2,0,Kartu Kredit,Bisnis,20.3,86.0,89.0,0.03,1
CUST104974,18,Bekerja,20605,582,0.9,48,1,1,1,Kartu Kredit,Pribadi,21.71,121.0,1.281,427.0,0
CUST104975,18,Wiraswasta,97757,584,0.2,190,0,0,0,Pinjaman Pribadi,Pendidikan,15.88,0.07,194.0,65.0,0
CUST104976,34,Bekerja,28722,676,9.0,1606,0,0,0,Pinjaman Pribadi,Bisnis,11.48,326.0,1.713,571.0,1
CUST104977,38,Bekerja,32475,736,9.2,36,0,0,0,Pinjaman Pribadi,Renovasi Rumah,10.52,0.42,1.878,626.0,1
CUST104978,34,Bekerja,44267,719,0.1,12,0,0,0,Pinjaman Pribadi,Bisnis,11.13,445.0,1.353,451.0,0
CUST104979,55,Bekerja,33902,765,8.0,1261,0,0,0,Pinjaman Pribadi,Konsolidasi Hutang,9.35,0.35,1.265,422.0,1
CUST104980,49,Bekerja,74439,556,17.2,971,0,0,0,Pinjaman Pribadi,Pribadi,16.74,248.0,1.343,448.0,0
CUST104981,57,Wiraswasta,89228,744,8.8,959,0,1,0,Kartu Kredit,Pendidikan,16.57,211.0,785.0,262.0,1
CUST104982,30,Wiraswasta,57095,666,9.3,343,0,0,0,Kredit Berjalan,Pribadi,10.35,59.0,389.0,0.13,1
CUST104983,27,Bekerja,15000,657,6.2,446,0,0,0,Kredit Berjalan,Konsolidasi Hutang,9.21,69.0,333.0,111.0,1
CUST104984,52,Bekerja,31933,688,12.7,141,0,0,0,Kartu Kredit,Pribadi,18.08,431.0,244.0,81.0,1
CUST104985,38,Bekerja,71225,613,3.2,299,0,0,0,Kartu Kredit,Pendidikan,20.19,234.0,234.0,78.0,1
CUST104986,53,Bekerja,79756,677,1.0,50,0,0,0,Kartu Kredit,Pribadi,17.92,41.0,878.0,293.0,1
CUST104987,57,Bekerja,61432,686,16.7,136,0,1,0,Pinjaman Pribadi,Medis,11.69,0.23,1.628,543.0,1
CUST104988,25,Wiraswasta,28273,666,6.7,1571,0,0,0,Kredit Berjalan,Pribadi,10.51,0.12,722.0,241.0,1
CUST104989,48,Bekerja,54068,688,10.8,613,0,0,1,Pinjaman Pribadi,Renovasi Rumah,12.19,417.0,777.0,259.0,0
CUST104990,21,Wiraswasta,123960,683,0.4,93,0,0,0,Pinjaman Pribadi,Pribadi,11.72,351.0,807.0,269.0,1
CUST104991,20,Bekerja,16456,608,1.4,44,0,1,0,Pinjaman Pribadi,Pendidikan,13.8,604.0,723.0,241.0,0
CUST104992,59,Bekerja,94973,709,25.4,662,0,0,0,Kredit Berjalan,Konsolidasi Hutang,9.47,368.0,476.0,159.0,1
CUST104993,44,Wiraswasta,58705,628,7.4,7538,0,2,0,Kartu Kredit,Pribadi,20.43,52.0,916.0,305.0,1
CUST104994,18,Wiraswasta,40022,557,1.0,2231,1,0,0,Kredit Berjalan,Medis,13.61,381.0,317.0,106.0,0
CUST104995,37,Bekerja,61557,642,0.2,15,0,0,0,Kartu Kredit,Medis,19.36,0.76,128.0,43.0,0
CUST104996,18,Bekerja,17742,551,0.8,130,0,1,0,Pinjaman Pribadi,Renovasi Rumah,15.87,361.0,254.0,85.0,0
CUST104997,48,Wiraswasta,99633,708,17.4,22816,0,0,0,Pinjaman Pribadi,Pribadi,10.03,192.0,591.0,197.0,1
CUST104998,63,Bekerja,102589,723,2.5,1186,0,0,0,Kartu Kredit,Pendidikan,16.98,152.0,362.0,121.0,1
CUST104999,37,Wiraswasta,144527,663,8.9,3715,0,0,0,Pinjaman Pribadi,Pribadi,12.32,392.0,402.0,134.0,1
CUST105000,37,Wiraswasta,250000,665,4.9,122,0,0,0,Kartu Kredit,Medis,18.24,409.0,0.28,93.0,1
CUST105001,19,Mahasiswa,20630,579,1.7,40,0,2,0,Kartu Kredit,Bisnis,21.93,375.0,102.0,34.0,0
CUST105002,60,Bekerja,40028,708,7.4,920,0,0,0,Kartu Kredit,Renovasi Rumah,16.47,418.0,407.0,136.0,1
CUST105003,37,Bekerja,49692,652,3.2,3164,0,1,0,Kredit Berjalan,Pribadi,9.63,519.0,467.0,156.0,1
CUST105004,47,Bekerja,63684,605,26.0,45100,0,1,0,Pinjaman Pribadi,Pribadi,14.34,369.0,769.0,256.0,1
CUST105005,36,Bekerja,35544,657,11.4,948,0,1,0,Pinjaman Pribadi,Renovasi Rumah,12.93,233.0,563.0,188.0,1
CUST105006,42,Bekerja,131601,720,1.9,825,0,1,0,Kredit Berjalan,Bisnis,9.02,411.0,68.0,23.0,1
CUST105007,18,Bekerja,15000,616,1.5,430,0,3,0,Kartu Kredit,Bisnis,19.92,323.0,1.4,467.0,0
CUST105008,24,Bekerja,16491,609,2.9,1340,0,2,0,Kartu Kredit,Renovasi Rumah,20.26,339.0,261.0,87.0,1
CUST105009,35,Bekerja,59225,548,7.5,374,0,1,1,Kartu Kredit,Pribadi,22.79,123.0,1.182,394.0,0
CUST105010,36,Bekerja,25574,690,7.9,141,0,0,0,Kartu Kredit,Medis,18.73,46.0,489.0,163.0,1
CUST105011,24,Bekerja,20587,596,1.2,20,0,1,1,Kredit Berjalan,Pribadi,13.72,275.0,398.0,133.0,0
CUST105012,18,Wiraswasta,51912,648,0.0,0,0,1,0,Kartu Kredit,Medis,19.32,231.0,1.293,431.0,0
CUST105013,46,Bekerja,51351,692,18.0,12152,0,0,0,Kartu Kredit,Pendidikan,18.42,0.06,676.0,225.0,1
CUST105014,18,Mahasiswa,15000,714,1.9,1330,0,1,0,Kartu Kredit,Bisnis,15.65,403.0,0.1,33.0,1
CUST105015,36,Mahasiswa,38740,772,7.5,1306,0,0,0,Kredit Berjalan,Pendidikan,6.47,236.0,537.0,179.0,1
CUST105016,46,Bekerja,40252,643,18.7,763,0,1,0,Pinjaman Pribadi,Pendidikan,14.05,137.0,1.058,353.0,1
CUST105017,50,Bekerja,91300,636,6.5,920,0,1,0,Pinjaman Pribadi,Bisnis,14.64,283.0,165.0,55.0,1
CUST105018,18,Bekerja,15000,630,1.1,91,0,1,0,Pinjaman Pribadi,Konsolidasi Hutang,13.89,0.64,1.66,553.0,0
CUST105019,23,Bekerja,29446,628,2.7,525,0,0,0,Pinjaman Pribadi,Bisnis,14.74,181.0,299.0,0.1,1
CUST105020,31,Wiraswasta,57294,664,2.7,416,0,0,0,Pinjaman Pribadi,Bisnis,11.11,453.0,0.45,0.15,0
CUST105021,34,Bekerja,27578,682,2.4,204,0,0,0,Pinjaman Pribadi,Pendidikan,11.62,0.6,1.349,0.45,0
CUST105022,46,Bekerja,61123,655,27.4,2961,0,0,1,Pinjaman Pribadi,Renovasi Rumah,11.67,409.0,1.636,545.0,0
CUST105023,29,Wiraswasta,60676,654,1.6,644,0,0,0,Kartu Kredit,Konsolidasi Hutang,18.12,526.0,653.0,218.0,0
CUST105024,52,Wiraswasta,38810,677,0.9,16,0,0,0,Kartu Kredit,Konsolidasi Hutang,18.9,178.0,1.121,374.0,0
CUST105025,29,Bekerja,28618,615,8.9,2722,0,0,0,Kartu Kredit,Pribadi,20.33,0.37,1.216,405.0,1
CUST105026,41,Bekerja,38646,641,7.3,4659,0,1,0,Pinjaman Pribadi,Konsolidasi Hutang,13.04,444.0,1.969,656.0,0
CUST105027,36,Wiraswasta,16281,603,3.9,334,0,1,0,Kartu Kredit,Pendidikan,19.85,0.11,68.0,23.0,1
CUST105028,27,Mahasiswa,33802,718,1.5,16,0,0,0,Kredit Berjalan,Pribadi,9.4,145.0,444.0,148.0,1
CUST105029,39,Wiraswasta,129533,671,10.8,71743,0,0,0,Kredit Berjalan,Konsolidasi Hutang,10.29,345.0,386.0,129.0,1
CUST105030,63,Bekerja,57283,850,17.7,9064,0,0,0,Kredit Berjalan,Bisnis,7.78,415.0,194.0,65.0,1
CUST105031,40,Bekerja,61825,655,14.7,14224,0,1,0,Kartu Kredit,Pendidikan,17.5,369.0,765.0,255.0,1
CUST105032,25,Bekerja,15000,659,5.0,1327,0,1,0,Kartu Kredit,Pribadi,17.07,745.0,507.0,169.0,0
CUST105033,33,Bekerja,47067,561,12.0,2654,0,0,0,Kredit Berjalan,Renovasi Rumah,14.69,246.0,701.0,234.0,0
CUST105034,32,Bekerja,46313,620,10.6,537,0,0,0,Pinjaman Pribadi,Pendidikan,13.94,208.0,911.0,304.0,1
CUST105035,41,Bekerja,28918,560,4.6,664,1,0,0,Pinjaman Pribadi,Renovasi Rumah,16.69,173.0,1.47,0.49,0
CUST105036,41,Wiraswasta,91406,622,13.0,2917,0,0,0,Pinjaman Pribadi,Pribadi,14.3,327.0,723.0,241.0,1
CUST105037,51,Bekerja,39376,583,7.6,2800,0,0,1,Pinjaman Pribadi,Medis,16.86,395.0,1.552,517.0,0
CUST105038,21,Bekerja,43729,773,2.1,733,0,4,1,Kartu Kredit,Pendidikan,14.83,193.0,169.0,56.0,0
CUST105039,18,Bekerja,22825,631,0.5,0,0,3,0,Pinjaman Pribadi,Medis,13.92,235.0,1.998,666.0,0
CUST105040,24,Bekerja,31475,594,5.4,1254,0,2,1,Kartu Kredit,Pendidikan,22.3,424.0,527.0,176.0,0
CUST105041,50,Bekerja,80402,699,14.5,20510,0,0,0,Pinjaman Pribadi,Renovasi Rumah,11.01,454.0,808.0,269.0,1
CUST105042,18,Bekerja,21239,580,0.8,28,0,1,1,Kartu Kredit,Bisnis,22.34,297.0,1.224,408.0,0
CUST105043,50,Bekerja,93079,744,14.2,3003,0,1,0,Kartu Kredit,Pendidikan,16.66,151.0,752.0,251.0,1
CUST105044,24,Bekerja,18536,584,4.0,90,0,0,0,Kartu Kredit,Pribadi,22.57,548.0,469.0,156.0,0
CUST105045,28,Bekerja,51113,610,7.4,217,0,1,0,Pinjaman Pribadi,Renovasi Rumah,13.63,179.0,847.0,282.0,1
CUST105046,22,Bekerja,33946,577,3.3,269,0,1,1,Kartu Kredit,Renovasi Rumah,22.65,268.0,586.0,195.0,0
CUST105047,37,Wiraswasta,77751,664,12.2,1846,0,0,0,Pinjaman Pribadi,Konsolidasi Hutang,12.3,333.0,1.286,429.0,0
CUST105048,30,Bekerja,26700,729,1.5,668,0,0,0,Pinjaman Pribadi,Renovasi Rumah,10.63,231.0,1.071,357.0,1
CUST105049,30,Bekerja,45323,591,5.8,1137,0,0,1,Kartu Kredit,Pribadi,22.64,339.0,439.0,146.0,0
CUST105050,59,Bekerja,89578,839,22.5,1300,0,0,0,Kredit Berjalan,Pribadi,6.87,566.0,249.0,83.0,0
CUST105051,23,Bekerja,31736,573,3.7,242,0,0,0,Pinjaman Pribadi,Pendidikan,16.05,277.0,1.396,465.0,0
CUST105052,41,Wiraswasta,62719,651,2.2,61,0,0,0,Kartu Kredit,Renovasi Rumah,17.07,206.0,843.0,281.0,1
CUST105053,23,Bekerja,18807,575,3.9,625,0,4,0,Pinjaman Pribadi,Pendidikan,16.35,173.0,1.265,422.0,0
CUST105054,37,Bekerja,23880,645,18.0,237,0,2,0,Kartu Kredit,Bisnis,19.98,0.36,389.0,0.13,0
CUST105055,55,Bekerja,85306,612,2.5,500,0,3,0,Pinjaman Pribadi,Pendidikan,13.22,206.0,1.013,338.0,0
CUST105056,36,Bekerja,16347,672,14.5,563,0,0,0,Kredit Berjalan,Bisnis,9.2,196.0,453.0,151.0,1
CUST105057,45,Bekerja,53721,741,21.5,889,0,1,0,Pinjaman Pribadi,Bisnis,9.63,0.41,1.253,418.0,0
CUST105058,37,Bekerja,50160,738,4.4,349,0,0,0,Kartu Kredit,Pribadi,16.45,257.0,855.0,285.0,1
CUST105059,22,Wiraswasta,39867,613,1.6,58,0,0,0,Pinjaman Pribadi,Bisnis,13.41,125.0,0.87,0.29,0
CUST105060,18,Bekerja,28880,590,0.3,23,0,0,2,Pinjaman Pribadi,Pribadi,15.47,72.0,1.603,534.0,0
CUST105061,32,Bekerja,33044,653,5.6,361,0,0,0,Pinjaman Pribadi,Medis,11.95,469.0,642.0,214.0,0
CUST105062,32,Wiraswasta,137010,649,8.0,10157,0,1,0,Kredit Berjalan,Pribadi,12.32,271.0,163.0,54.0,1
CUST105063,38,Bekerja,73439,539,0.7,50,0,4,0,Kartu Kredit,Konsolidasi Hutang,21.6,311.0,749.0,0.25,0
CUST105064,36,Wiraswasta,40497,593,9.7,6378,0,1,0,Kredit Berjalan,Renovasi Rumah,13.85,379.0,541.0,0.18,0
CUST105065,26,Wiraswasta,34691,627,0.1,1,0,1,0,Kredit Berjalan,Pendidikan,11.43,392.0,406.0,135.0,0
CUST105066,19,Mahasiswa,28178,643,0.4,28,0,0,0,Kartu Kredit,Renovasi Rumah,20.04,225.0,99.0,33.0,1
CUST105067,37,Bekerja,19249,739,8.7,212,0,0,0,Kredit Berjalan,Bisnis,7.83,569.0,535.0,178.0,0
CUST105068,40,Bekerja,43562,576,12.4,567,0,0,0,Pinjaman Pribadi,Konsolidasi Hutang,16.14,642.0,168.0,56.0,0
CUST105069,25,Bekerja,17277,701,3.3,56,0,0,0,Kartu Kredit,Pendidikan,15.59,428.0,133.0,44.0,1
CUST105070,24,Bekerja,25876,645,0.2,7,0,0,0,Kredit Berjalan,Konsolidasi Hutang,12.8,0.46,444.0,148.0,0
CUST105071,18,Wiraswasta,55738,638,1.3,402,0,2,0,Kartu Kredit,Pribadi,20.45,129.0,526.0,175.0,1
CUST105072,33,Wiraswasta,41851,549,3.8,1504,0,0,1,Kartu Kredit,Konsolidasi Hutang,21.34,391.0,812.0,271.0,0
CUST105073,50,Wiraswasta,31282,672,11.5,254,0,0,0,Pinjaman Pribadi,Pribadi,12.76,265.0,147.0,49.0,1
CUST105074,22,Mahasiswa,15000,611,0.7,56,0,0,1,Kredit Berjalan,Pendidikan,11.48,416.0,0.58,193.0,0
CUST105075,26,Bekerja,16268,634,4.6,108,0,0,0,Kartu Kredit,Renovasi Rumah,19.66,202.0,0.91,303.0,1
CUST105076,35,Bekerja,18707,623,6.5,124,0,7,0,Kredit Berjalan,Medis,11.64,157.0,331.0,0.11,0
CUST105077,31,Bekerja,33948,574,9.6,539,0,0,1,Pinjaman Pribadi,Pendidikan,16.12,353.0,1.856,619.0,0
CUST105078,39,Bekerja,22507,602,3.5,437,0,1,0,Kartu Kredit,Renovasi Rumah,19.93,34.0,1.204,401.0,1
CUST105079,34,Bekerja,28255,684,16.0,798,0,0,0,Kartu Kredit,Pribadi,18.62,0.42,499.0,166.0,1
CUST105080,34,Bekerja,38059,546,0.8,57,0,2,1,Pinjaman Pribadi,Renovasi Rumah,16.22,392.0,1.973,658.0,0
CUST105081,18,Bekerja,18543,604,1.2,31,0,0,0,Kredit Berjalan,Konsolidasi Hutang,12.37,0.34,469.0,156.0,1
CUST105082,42,Bekerja,62009,745,5.7,1221,0,0,1,Pinjaman Pribadi,Pendidikan,10.71,169.0,1.613,538.0,1
CUST105083,42,Bekerja,39244,658,10.9,943,0,0,0,Kartu Kredit,Medis,17.87,0.08,125.0,42.0,1
CUST105084,25,Wiraswasta,59675,700,2.1,477,0,0,1,Kartu Kredit,Pribadi,15.54,0.54,1.173,391.0,0
CUST105085,18,Bekerja,44276,532,2.0,135,1,4,0,Kartu Kredit,Bisnis,21.99,339.0,897.0,299.0,0
CUST105086,20,Wiraswasta,58253,551,1.7,776,0,2,0,Kartu Kredit,Konsolidasi Hutang,22.44,109.0,211.0,0.07,0
CUST105087,34,Mahasiswa,25352,558,8.9,3244,0,1,0,Pinjaman Pribadi,Bisnis,16.7,399.0,83.0,28.0,0
CUST105088,30,Bekerja,52524,555,10.4,2587,0,1,0,Kredit Berjalan,Pendidikan,14.32,719.0,505.0,168.0,0
CUST105089,53,Bekerja,27629,618,28.9,4458,0,0,0,Kartu Kredit,Renovasi Rumah,20.17,625.0,25.0,8.0,0
CUST105090,24,Bekerja,36421,498,0.8,10,0,1,0,Kredit Berjalan,Pribadi,13.7,0.18,502.0,167.0,0
CUST105091,35,Wiraswasta,30788,581,6.7,1532,1,2,1,Pinjaman Pribadi,Medis,16.02,157.0,1.816,605.0,0
CUST105092,58,Bekerja,47049,759,21.3,1117,0,0,0,Pinjaman Pribadi,Pribadi,9.54,0.15,699.0,233.0,1
CUST105093,18,Bekerja,69933,587,0.6,557,0,2,0,Kredit Berjalan,Konsolidasi Hutang,14.53,0.13,255.0,85.0,0
CUST105094,49,Bekerja,153954,766,26.4,1328,0,0,0,Kartu Kredit,Renovasi Rumah,15.32,59.0,0.42,0.14,1
CUST105095,18,Bekerja,37861,578,1.4,39,0,0,1,Kartu Kredit,Medis,22.23,533.0,1.038,346.0,0
CUST105096,47,Mahasiswa,22993,632,16.1,189,0,1,0,Pinjaman Pribadi,Pribadi,13.7,15.0,1.509,503.0,1
CUST105097,38,Wiraswasta,151515,664,8.8,2287,0,0,0,Kredit Berjalan,Renovasi Rumah,10.08,304.0,327.0,109.0,1
CUST105098,40,Mahasiswa,15000,756,0.2,0,0,1,0,Kartu Kredit,Bisnis,15.41,119.0,0.1,33.0,1
CUST105099,29,Mahasiswa,48025,696,8.2,639,0,0,0,Kredit Berjalan,Pribadi,10.69,102.0,658.0,219.0,1
CUST105100,18,Bekerja,32501,666,0.6,71,0,0,1,Kartu Kredit,Pribadi,18.19,428.0,298.0,99.0,1
CUST105101,53,Bekerja,51325,750,24.8,3395,0,0,0,Pinjaman Pribadi,Pendidikan,9.67,409.0,1.471,0.49,1
CUST105102,36,Wiraswasta,250000,827,4.7,2970,0,0,0,Pinjaman Pribadi,Pribadi,9.47,89.0,0.4,133.0,1
CUST105103,31,Bekerja,47606,675,6.2,82,0,0,0,Pinjaman Pribadi,Konsolidasi Hutang,11.65,534.0,1.067,356.0,0
CUST105104,51,Bekerja,73227,603,28.3,971,0,0,0,Pinjaman Pribadi,Medis,14.6,326.0,552.0,184.0,1
CUST105105,40,Bekerja,74714,705,2.6,1098,0,0,0,Kartu Kredit,Pribadi,16.71,0.06,937.0,312.0,1
CUST105106,50,Bekerja,28282,620,18.7,1194,0,0,0,Kredit Berjalan,Pendidikan,11.91,172.0,774.0,258.0,1
CUST105107,24,Bekerja,15000,635,4.3,370,0,0,0,Pinjaman Pribadi,Renovasi Rumah,13.88,412.0,1.227,409.0,0
CUST105108,38,Mahasiswa,36201,503,6.1,2090,0,3,1,Pinjaman Pribadi,Renovasi Rumah,16.41,76.0,1.116,372.0,0
CUST105109,49,Bekerja,69176,641,25.1,1265,0,2,0,Kartu Kredit,Medis,19.26,489.0,0.39,0.13,1
CUST105110,24,Bekerja,47475,658,2.5,24,0,0,0,Kartu Kredit,Pendidikan,18.98,149.0,451.0,0.15,1
CUST105111,38,Bekerja,46991,598,0.8,123,1,2,0,Kartu Kredit,Pribadi,21.73,317.0,1.362,454.0,0
CUST105112,23,Bekerja,77966,601,4.7,578,0,0,0,Kartu Kredit,Renovasi Rumah,20.27,293.0,568.0,189.0,1
CUST105113,27,Bekerja,18761,596,6.9,51,0,1,0,Pinjaman Pribadi,Medis,16.61,372.0,741.0,247.0,0
CUST105114,31,Bekerja,37435,612,4.9,893,0,0,0,Kartu Kredit,Pendidikan,20.25,377.0,1.165,388.0,1
CUST105115,23,Wiraswasta,34100,547,0.6,26,0,1,0,Pinjaman Pribadi,Konsolidasi Hutang,15.12,258.0,1.053,351.0,0
CUST105116,42,Wiraswasta,27756,706,21.2,880,0,0,0,Pinjaman Pribadi,Medis,10.23,357.0,1.484,495.0,1
CUST105117,42,Bekerja,65290,537,7.4,300,0,0,0,Kartu Kredit,Pribadi,21.75,234.0,597.0,199.0,1
CUST105118,33,Wiraswasta,63331,674,13.4,575,0,0,0,Kredit Berjalan,Konsolidasi Hutang,9.6,329.0,0.36,0.12,1
CUST105119,32,Wiraswasta,22262,676,0.2,10,0,0,0,Kredit Berjalan,Pendidikan,9.7,198.0,0.4,133.0,1
CUST105120,18,Bekerja,44575,672,1.1,29,0,0,0,Pinjaman Pribadi,Konsolidasi Hutang,11.81,121.0,1.75,583.0,0
CUST105121,49,Wiraswasta,43729,809,23.1,991,0,0,0,Kredit Berjalan,Renovasi Rumah,7.71,316.0,613.0,204.0,1
CUST105122,31,Bekerja,35065,621,11.8,788,0,2,0,Pinjaman Pribadi,Medis,13.5,211.0,66.0,22.0,1
CUST105123,39,Wiraswasta,85936,691,12.5,1984,0,0,0,Kredit Berjalan,Konsolidasi Hutang,9.9,152.0,266.0,89.0,1
CUST105124,29,Bekerja,29562,612,8.6,220,0,1,0,Kredit Berjalan,Pribadi,12.36,141.0,585.0,195.0,1
CUST105125,63,Bekerja,127880,645,22.5,3748,0,1,0,Pinjaman Pribadi,Konsolidasi Hutang,14.97,588.0,744.0,248.0,0
CUST105126,66,Bekerja,77425,751,7.0,6203,1,1,0,Kredit Berjalan,Bisnis,7.85,291.0,646.0,215.0,0
CUST105127,22,Bekerja,39236,680,3.3,507,0,0,0,Pinjaman Pribadi,Pendidikan,12.25,417.0,38.0,13.0,1
CUST105128,46,Bekerja,45436,606,25.7,248,0,0,0,Kartu Kredit,Pendidikan,19.56,412.0,724.0,241.0,1
CUST105129,26,Bekerja,63996,649,6.5,12,0,1,0,Kartu Kredit,Pribadi,19.71,134.0,291.0,97.0,1
CUST105130,39,Wiraswasta,30821,770,6.9,2693,0,0,0,Kartu Kredit,Medis,14.87,505.0,448.0,149.0,1
CUST105131,40,Bekerja,94731,696,0.4,366,0,0,1,Pinjaman Pribadi,Konsolidasi Hutang,12.22,216.0,722.0,241.0,0
CUST105132,24,Bekerja,44066,627,0.1,21,0,1,0,Kartu Kredit,Pribadi,19.31,113.0,581.0,194.0,1
CUST105133,33,Bekerja,55430,582,12.1,73,1,1,0,Pinjaman Pribadi,Pendidikan,16.58,405.0,1.804,601.0,0
CUST105134,18,Bekerja,18278,549,1.8,18,1,1,1,Kartu Kredit,Medis,21.59,236.0,0.12,0.04,0
CUST105135,33,Bekerja,31456,557,12.8,1452,0,2,0,Pinjaman Pribadi,Bisnis,15.43,134.0,773.0,258.0,0
CUST105136,38,Wiraswasta,44193,694,0.8,30,0,0,0,Pinjaman Pribadi,Pribadi,11.24,56.0,1.634,545.0,0
CUST105137,20,Bekerja,19204,643,1.3,15,0,1,0,Pinjaman Pribadi,Pribadi,14.19,163.0,901.0,0.3,1
CUST105138,41,Bekerja,20896,715,2.6,28,0,0,1,Pinjaman Pribadi,Pendidikan,9.84,14.0,1.216,405.0,1
CUST105139,20,Bekerja,32587,537,1.0,12,0,1,0,Pinjaman Pribadi,Pendidikan,16.25,215.0,463.0,154.0,0
CUST105140,28,Wiraswasta,50940,706,5.7,1149,0,1,0,Pinjaman Pribadi,Pribadi,10.02,0.29,1.317,439.0,1
CUST105141,43,Wiraswasta,83119,628,10.1,492,0,0,0,Pinjaman Pribadi,Konsolidasi Hutang,14.77,268.0,202.0,67.0,0
CUST105142,44,Bekerja,41230,701,8.8,85,0,0,0,Kartu Kredit,Pendidikan,16.35,415.0,463.0,154.0,1
CUST105143,41,Mahasiswa,25475,682,8.7,307,1,1,0,Kredit Berjalan,Renovasi Rumah,10.28,195.0,459.0,153.0,0
CUST105144,53,Bekerja,40688,672,0.4,373,0,1,0,Pinjaman Pribadi,Pribadi,11.82,125.0,138.0,46.0,1
CUST105145,45,Bekerja,100613,666,4.7,6799,0,0,0,Pinjaman Pribadi,Renovasi Rumah,11.96,373.0,994.0,331.0,1
CUST105146,30,Bekerja,36615,570,5.7,339,1,1,0,Kartu Kredit,Renovasi Rumah,22.77,232.0,1.295,432.0,0
CUST105147,26,Bekerja,36115,622,3.9,405,0,0,0,Kredit Berjalan,Konsolidasi Hutang,12.15,82.0,512.0,171.0,0
CUST105148,46,Bekerja,32319,686,3.4,296,0,1,0,Kartu Kredit,Bisnis,17.19,311.0,532.0,177.0,0
CUST105149,34,Bekerja,34438,650,6.0,448,0,1,0,Kartu Kredit,Pendidikan,18.85,287.0,302.0,101.0,1
CUST105150,47,Bekerja,62085,743,10.0,9729,0,1,0,Pinjaman Pribadi,Renovasi Rumah,10.79,0.37,989.0,0.33,1
CUST105151,25,Bekerja,50998,655,6.6,4279,0,0,0,Kartu Kredit,Pribadi,18.09,345.0,1.157,386.0,1
CUST105152,46,Bekerja,28403,789,22.6,3834,0,0,0,Kredit Berjalan,Konsolidasi Hutang,7.58,413.0,275.0,92.0,1
CUST105153,26,Bekerja,26185,703,1.4,415,0,0,0,Pinjaman Pribadi,Renovasi Rumah,10.67,451.0,955.0,318.0,1
CUST105154,24,Wiraswasta,35586,740,5.2,2724,0,0,0,Kartu Kredit,Renovasi Rumah,15.71,61.0,0.27,0.09,1
CUST105155,41,Wiraswasta,23479,661,8.0,263,0,0,0,Kartu Kredit,Pendidikan,18.24,12.0,124.0,41.0,1
CUST105156,26,Bekerja,73674,594,1.0,1503,0,0,0,Kartu Kredit,Bisnis,22.91,106.0,748.0,249.0,0
CUST105157,24,Bekerja,29522,651,1.0,46,0,0,0,Pinjaman Pribadi,Pribadi,12.9,112.0,213.0,71.0,1
CUST105158,31,Wiraswasta,88154,617,0.7,638,0,0,0,Kredit Berjalan,Pendidikan,12.86,255.0,567.0,189.0,0
CUST105159,18,Bekerja,24488,609,1.2,175,0,1,1,Kredit Berjalan,Medis,11.99,244.0,449.0,0.15,0
CUST105160,58,Bekerja,27337,699,14.3,6183,0,0,0,Pinjaman Pribadi,Pendidikan,11.46,0.07,1.511,504.0,1
CUST105161,30,Bekerja,32544,531,1.8,275,1,2,0,Kartu Kredit,Bisnis,21.46,232.0,584.0,195.0,0
CUST105162,33,Mahasiswa,66543,670,5.5,1092,0,0,0,Pinjaman Pribadi,Bisnis,12.06,238.0,1.503,501.0,0
CUST105163,26,Wiraswasta,45587,659,0.4,86,0,0,0,Pinjaman Pribadi,Pendidikan,12.21,543.0,583.0,194.0,0
CUST105164,18,Wiraswasta,79808,615,1.6,140,0,2,0,Kartu Kredit,Pribadi,19.11,231.0,382.0,127.0,1
CUST105165,22,Bekerja,31127,679,3.1,185,0,0,0,Kartu Kredit,Bisnis,18.55,32.0,504.0,168.0,1
CUST105166,23,Bekerja,29722,643,2.6,5957,0,2,0,Kartu Kredit,Bisnis,20.91,74.0,596.0,199.0,0
CUST105167,52,Wiraswasta,45414,565,17.5,1592,1,3,0,Pinjaman Pribadi,Pribadi,16.41,107.0,1.383,461.0,0
CUST105168,51,Bekerja,39663,671,14.9,4689,0,0,0,Pinjaman Pribadi,Pendidikan,12.51,103.0,406.0,135.0,1
CUST105169,31,Wiraswasta,48195,652,2.8,55,0,1,0,Pinjaman Pribadi,Pribadi,11.99,179.0,1.992,664.0,1
CUST105170,30,Mahasiswa,54021,646,9.3,1384,0,0,0,Pinjaman Pribadi,Pribadi,13.76,223.0,0.12,0.04,1
CUST105171,45,Bekerja,34261,639,3.6,54,0,1,0,Pinjaman Pribadi,Medis,13.88,401.0,1.643,548.0,0
CUST105172,60,Bekerja,104173,672,2.8,2473,0,1,0,Pinjaman Pribadi,Pendidikan,11.48,186.0,893.0,298.0,1
CUST105173,39,Bekerja,42579,653,4.7,454,0,0,0,Pinjaman Pribadi,Renovasi Rumah,11.04,403.0,33.0,11.0,1
CUST105174,18,Bekerja,34081,542,1.5,279,1,1,0,Pinjaman Pribadi,Bisnis,15.49,654.0,164.0,55.0,0
CUST105175,34,Bekerja,42446,640,14.8,10781,0,0,0,Pinjaman Pribadi,Renovasi Rumah,14.68,201.0,1.861,0.62,1
CUST105176,33,Bekerja,35809,682,7.5,704,0,0,0,Kartu Kredit,Pribadi,17.67,153.0,271.0,0.09,1
CUST105177,23,Wiraswasta,28855,587,3.5,697,0,1,0,Pinjaman Pribadi,Pendidikan,15.4,472.0,267.0,89.0,0
CUST105178,30,Bekerja,34157,694,6.3,201,0,0,0,Kartu Kredit,Pendidikan,17.95,203.0,1.276,425.0,1
CUST105179,23,Bekerja,23865,554,1.7,396,0,0,0,Kredit Berjalan,Pribadi,14.62,179.0,541.0,0.18,0
CUST105180,22,Bekerja,19017,565,1.5,16,0,1,1,Pinjaman Pribadi,Pribadi,16.75,319.0,1.509,503.0,0
CUST105181,37,Bekerja,83325,747,14.8,38502,0,0,0,Pinjaman Pribadi,Pribadi,9.68,238.0,572.0,191.0,1
CUST105182,27,Bekerja,46650,558,3.4,906,1,2,1,Kartu Kredit,Pendidikan,21.2,565.0,883.0,294.0,0
CUST105183,43,Bekerja,48229,698,7.5,462,0,0,0,Kartu Kredit,Pribadi,18.67,492.0,1.028,343.0,0
CUST105184,40,Bekerja,19947,652,21.3,162,0,0,0,Pinjaman Pribadi,Pribadi,11.71,115.0,461.0,154.0,1
CUST105185,26,Wiraswasta,131338,664,7.0,287,0,0,1,Kartu Kredit,Pribadi,18.64,504.0,533.0,178.0,0
CUST105186,46,Mahasiswa,16337,595,14.0,1310,0,0,0,Pinjaman Pribadi,Bisnis,16.67,577.0,0.9,0.3,0
CUST105187,26,Wiraswasta,52347,567,6.2,520,0,1,0,Kredit Berjalan,Pribadi,13.73,328.0,529.0,176.0,0
CUST105188,43,Bekerja,31290,763,4.8,495,0,0,0,Pinjaman Pribadi,Pendidikan,8.27,495.0,515.0,172.0,1
CUST105189,31,Bekerja,34299,545,1.3,1040,0,0,0,Pinjaman Pribadi,Renovasi Rumah,15.09,211.0,1.95,0.65,0
CUST105190,21,Mahasiswa,15000,626,0.2,259,0,1,0,Kredit Berjalan,Medis,12.62,363.0,0.6,0.2,0
CUST105191,30,Bekerja,39518,526,7.3,338,0,0,1,Pinjaman Pribadi,Bisnis,16.51,504.0,787.0,262.0,0
CUST105192,47,Bekerja,51613,635,6.3,302,0,0,1,Pinjaman Pribadi,Pendidikan,14.24,55.0,1.881,627.0,1
CUST105193,47,Mahasiswa,46270,675,16.8,4662,0,0,0,Pinjaman Pribadi,Pendidikan,12.34,339.0,1.625,542.0,0
CUST105194,29,Bekerja,78460,618,5.1,593,0,0,0,Kartu Kredit,Bisnis,19.5,372.0,892.0,297.0,0
CUST105195,18,Wiraswasta,60815,660,1.7,25,0,0,0,Pinjaman Pribadi,Pribadi,11.39,428.0,531.0,177.0,0
CUST105196,25,Bekerja,15213,647,1.9,34,0,1,0,Pinjaman Pribadi,Konsolidasi Hutang,13.73,134.0,1.696,565.0,0
CUST105197,35,Bekerja,43649,640,2.1,79,0,3,0,Kartu Kredit,Bisnis,20.24,334.0,387.0,129.0,0
CUST105198,28,Mahasiswa,20491,630,3.7,206,0,0,0,Kartu Kredit,Pribadi,20.29,195.0,98.0,33.0,1
CUST105199,18,Bekerja,26963,539,1.1,18,0,3,0,Kartu Kredit,Medis,22.45,182.0,41.0,14.0,0
CUST105200,26,Bekerja,24746,671,2.0,114,0,0,0,Kartu Kredit,Renovasi Rumah,17.83,364.0,1.309,436.0,1
CUST105201,35,Bekerja,32218,621,2.1,269,1,3,0,Kartu Kredit,Renovasi Rumah,19.07,392.0,813.0,271.0,0
CUST105202,30,Bekerja,44609,735,9.2,990,0,0,0,Kartu Kredit,Pribadi,17.38,0.8,338.0,113.0,0
CUST105203,20,Mahasiswa,49254,665,1.5,323,0,0,0,Kartu Kredit,Pendidikan,18.52,0.24,99.0,33.0,1
CUST105204,25,Bekerja,27748,546,3.3,418,0,0,1,Kartu Kredit,Bisnis,21.6,267.0,0.45,0.15,0
CUST105205,38,Bekerja,58339,608,1.2,19,0,0,0,Pinjaman Pribadi,Medis,13.77,395.0,1.049,0.35,0
CUST105206,38,Bekerja,15000,608,17.5,634,0,1,0,Pinjaman Pribadi,Bisnis,13.72,471.0,1.98,0.66,0
CUST105207,34,Bekerja,59002,599,2.3,567,1,0,2,Pinjaman Pribadi,Renovasi Rumah,16.73,0.09,729.0,243.0,0
CUST105208,23,Bekerja,32980,589,4.0,258,0,0,0,Kartu Kredit,Medis,21.88,352.0,1.273,424.0,0
CUST105209,30,Wiraswasta,37028,618,7.0,129,0,1,0,Pinjaman Pribadi,Pendidikan,13.88,0.42,1.961,654.0,1
CUST105210,37,Wiraswasta,64040,682,5.1,1385,0,1,0,Kartu Kredit,Medis,17.61,134.0,959.0,0.32,1
CUST105211,29,Bekerja,15001,547,7.5,2475,0,1,0,Pinjaman Pribadi,Pendidikan,15.76,222.0,1.02,0.34,0
CUST105212,32,Wiraswasta,25221,559,12.9,474,1,1,1,Kredit Berjalan,Bisnis,14.8,101.0,381.0,127.0,0
CUST105213,38,Bekerja,26948,690,9.5,1575,0,0,0,Pinjaman Pribadi,Pribadi,12.24,285.0,824.0,275.0,1
CUST105214,49,Bekerja,77877,731,10.7,9226,0,0,0,Pinjaman Pribadi,Pendidikan,10.69,0.55,1.284,428.0,0
CUST105215,18,Bekerja,25042,549,0.6,335,0,1,0,Kredit Berjalan,Pribadi,14.21,449.0,543.0,181.0,0
CUST105216,39,Bekerja,16646,663,6.9,456,0,0,0,Kartu Kredit,Medis,17.04,164.0,529.0,176.0,1
CUST105217,29,Mahasiswa,21262,625,7.2,1182,0,1,0,Kartu Kredit,Pribadi,19.69,459.0,99.0,33.0,1
CUST105218,36,Bekerja,43057,622,15.7,31275,0,0,0,Pinjaman Pribadi,Pendidikan,14.18,176.0,1.359,453.0,1
CUST105219,27,Bekerja,95891,630,6.1,373,0,1,0,Kredit Berjalan,Pendidikan,12.14,81.0,0.23,77.0,1
CUST105220,19,Bekerja,15000,604,0.7,130,0,0,0,Kartu Kredit,Medis,19.25,73.0,267.0,89.0,1
CUST105221,25,Bekerja,41583,527,4.6,640,0,1,0,Pinjaman Pribadi,Pendidikan,15.02,6.0,1.226,409.0,0
CUST105222,38,Bekerja,25477,674,16.8,1604,0,1,0,Kartu Kredit,Renovasi Rumah,18.84,343.0,39.0,13.0,1
CUST105223,18,Wiraswasta,15000,693,1.0,11,0,0,1,Kartu Kredit,Bisnis,17.82,295.0,0.72,0.24,0
CUST105224,23,Wiraswasta,37495,654,1.9,16,0,0,0,Kartu Kredit,Pendidikan,18.41,66.0,1.248,416.0,1
CUST105225,31,Bekerja,23907,605,0.5,12,0,2,0,Pinjaman Pribadi,Renovasi Rumah,14.58,433.0,1.113,371.0,0
CUST105226,47,Bekerja,34314,687,23.2,17115,0,0,0,Kartu Kredit,Medis,17.52,25.0,589.0,196.0,1
CUST105227,29,Bekerja,41042,678,2.7,38,0,0,0,Pinjaman Pribadi,Pribadi,12.03,415.0,166.0,55.0,1
CUST105228,29,Wiraswasta,60382,587,3.6,522,0,0,0,Kredit Berjalan,Pendidikan,14.45,386.0,474.0,158.0,0
CUST105229,33,Bekerja,26117,578,11.4,68,1,1,0,Kartu Kredit,Konsolidasi Hutang,21.18,187.0,739.0,246.0,0
CUST105230,47,Mahasiswa,28691,694,11.4,10631,0,0,0,Kartu Kredit,Pribadi,18.84,454.0,17.0,6.0,1
CUST105231,39,Bekerja,23443,749,13.3,154,0,0,0,Kredit Berjalan,Pribadi,8.64,0.39,746.0,249.0,1
CUST105232,47,Bekerja,48349,623,27.0,2794,0,0,1,Pinjaman Pribadi,Pribadi,13.79,133.0,1.928,643.0,1
CUST105233,38,Wiraswasta,125808,651,7.0,1220,0,0,0,Pinjaman Pribadi,Pendidikan,11.73,121.0,96.0,32.0,1
CUST105234,38,Bekerja,30907,660,1.5,10,0,0,0,Pinjaman Pribadi,Pendidikan,12.78,402.0,1.343,448.0,1
CUST105235,19,Bekerja,60666,639,1.4,54,0,0,0,Pinjaman Pribadi,Pendidikan,13.77,0.22,1.205,402.0,0
CUST105236,22,Mahasiswa,15000,566,1.7,555,0,1,0,Kartu Kredit,Konsolidasi Hutang,22.75,267.0,0.1,33.0,1
CUST105237,37,Bekerja,26750,647,16.4,363,0,1,0,Pinjaman Pribadi,Bisnis,13.97,0.11,1.308,436.0,1
CUST105238,29,Bekerja,20405,563,2.7,1284,0,1,0,Kartu Kredit,Bisnis,21.9,465.0,951.0,317.0,0
CUST105239,47,Bekerja,42876,666,12.0,8463,0,0,0,Kredit Berjalan,Pendidikan,10.0,284.0,126.0,42.0,1
CUST105240,18,Bekerja,16637,700,0.8,7,0,0,0,Kredit Berjalan,Pribadi,8.21,167.0,631.0,0.21,1
CUST105241,40,Bekerja,34758,721,20.6,6418,0,0,0,Kartu Kredit,Bisnis,16.91,281.0,35.0,12.0,1
CUST105242,38,Bekerja,21782,587,1.0,108,0,1,0,Pinjaman Pribadi,Pribadi,16.73,344.0,1.171,0.39,0
CUST105243,19,Bekerja,23395,621,1.6,230,0,0,0,Pinjaman Pribadi,Pendidikan,14.82,269.0,1.389,463.0,0
CUST105244,28,Bekerja,15000,644,1.5,156,0,1,0,Pinjaman Pribadi,Konsolidasi Hutang,14.42,195.0,513.0,171.0,0
CUST105245,34,Mahasiswa,57637,594,4.0,224,0,0,0,Pinjaman Pribadi,Pribadi,15.95,0.2,1.735,578.0,0
CUST105246,40,Bekerja,73229,520,17.1,10511,1,0,2,Pinjaman Pribadi,Pendidikan,16.2,147.0,1.366,455.0,0
CUST105247,29,Bekerja,46051,589,10.2,246,0,2,2,Kartu Kredit,Bisnis,22.8,263.0,1.333,444.0,0
CUST105248,29,Bekerja,58095,684,9.6,2298,0,0,0,Kartu Kredit,Pribadi,18.34,507.0,1.095,365.0,0
CUST105249,35,Wiraswasta,25193,653,3.2,124,0,1,0,Kartu Kredit,Renovasi Rumah,17.9,531.0,0.04,13.0,0
CUST105250,40,Bekerja,102021,607,8.0,1935,0,3,0,Kartu Kredit,Medis,20.24,371.0,571.0,0.19,0
CUST105251,31,Bekerja,38297,638,6.4,411,0,1,0,Kartu Kredit,Medis,19.88,371.0,256.0,85.0,1
CUST105252,48,Bekerja,110982,591,3.9,68,0,0,1,Kredit Berjalan,Pribadi,14.03,182.0,0.26,87.0,1
CUST105253,26,Mahasiswa,39001,661,1.5,100,0,0,0,Kartu Kredit,Pribadi,18.07,0.34,0.1,33.0,1
CUST105254,47,Bekerja,67916,765,1.2,101,0,0,1,Kartu Kredit,Renovasi Rumah,14.72,155.0,1.013,338.0,1
CUST105255,50,Bekerja,24033,687,10.0,128,0,1,0,Kartu Kredit,Pendidikan,17.89,249.0,1.307,436.0,1
CUST105256,48,Mahasiswa,21884,691,26.5,811,0,0,0,Kredit Berjalan,Pribadi,9.01,74.0,489.0,163.0,1
CUST105257,18,Bekerja,55469,666,0.5,9,0,0,0,Kredit Berjalan,Bisnis,10.75,363.0,173.0,58.0,1
CUST105258,29,Wiraswasta,68951,637,6.8,870,0,0,0,Pinjaman Pribadi,Pribadi,14.23,102.0,1.45,483.0,0
CUST105259,63,Bekerja,75517,652,0.2,54,0,0,0,Kartu Kredit,Konsolidasi Hutang,17.85,0.13,924.0,308.0,0
CUST105260,24,Bekerja,57926,620,2.0,229,0,2,0,Kredit Berjalan,Medis,11.64,0.36,461.0,154.0,0
CUST105261,54,Bekerja,56361,633,11.0,1788,0,0,0,Kredit Berjalan,Medis,11.61,151.0,277.0,92.0,1
CUST105262,44,Bekerja,68657,702,14.6,1194,0,0,0,Kartu Kredit,Pendidikan,16.97,454.0,1.02,0.34,1
CUST105263,37,Bekerja,19484,595,8.8,129,0,0,0,Kartu Kredit,Medis,22.09,741.0,1.191,397.0,0
CUST105264,56,Bekerja,120704,652,1.9,1912,0,0,0,Pinjaman Pribadi,Pribadi,11.03,768.0,828.0,276.0,0
CUST105265,25,Bekerja,17612,686,2.9,147,0,0,0,Kartu Kredit,Renovasi Rumah,18.21,368.0,1.363,454.0,1
CUST105266,36,Bekerja,72220,714,4.6,109,0,0,0,Pinjaman Pribadi,Pendidikan,9.55,347.0,756.0,252.0,1
CUST105267,42,Wiraswasta,47042,690,9.3,2469,0,1,0,Kartu Kredit,Renovasi Rumah,17.75,164.0,1.241,414.0,1
CUST105268,26,Bekerja,17175,656,3.4,850,0,0,1,Kartu Kredit,Pribadi,18.98,401.0,0.71,237.0,1
CUST105269,48,Bekerja,33721,663,29.2,1232,0,0,0,Pinjaman Pribadi,Pribadi,12.98,442.0,0.24,0.08,1
CUST105270,38,Bekerja,31088,631,16.6,2062,0,1,0,Kartu Kredit,Bisnis,19.95,263.0,1.107,369.0,0
CUST105271,45,Wiraswasta,163314,732,13.0,928,0,0,0,Kartu Kredit,Bisnis,16.9,373.0,216.0,72.0,1
CUST105272,51,Bekerja,49982,649,27.0,2340,0,0,0,Pinjaman Pribadi,Medis,13.62,0.29,1.719,573.0,0
CUST105273,34,Bekerja,39624,576,5.6,2114,1,1,0,Kartu Kredit,Pribadi,21.48,321.0,999.0,333.0,0
CUST105274,42,Wiraswasta,34813,634,1.0,234,0,3,0,Kartu Kredit,Pribadi,19.54,421.0,362.0,121.0,0
CUST105275,39,Mahasiswa,15000,682,20.1,178,0,0,0,Pinjaman Pribadi,Bisnis,11.92,551.0,1.54,513.0,0
CUST105276,44,Wiraswasta,86965,646,21.9,440,0,0,0,Pinjaman Pribadi,Medis,13.28,192.0,37.0,12.0,1
CUST105277,35,Wiraswasta,19299,560,2.4,108,0,2,0,Kredit Berjalan,Pendidikan,13.92,86.0,347.0,116.0,0
CUST105278,22,Bekerja,32772,644,1.0,55,0,1,0,Pinjaman Pribadi,Medis,13.87,262.0,1.861,0.62,0
CUST105279,40,Bekerja,90921,759,15.2,1792,0,0,0,Pinjaman Pribadi,Medis,8.72,43.0,387.0,129.0,1
CUST105280,30,Wiraswasta,28253,601,0.5,56,0,0,0,Kredit Berjalan,Pribadi,11.09,407.0,209.0,0.07,0
CUST105281,40,Wiraswasta,50735,553,17.1,5265,0,2,1,Pinjaman Pribadi,Bisnis,16.35,273.0,339.0,113.0,0
CUST105282,29,Bekerja,62239,741,9.9,2454,0,0,0,Pinjaman Pribadi,Pribadi,10.7,448.0,0.84,0.28,1
CUST105283,46,Bekerja,110492,750,25.5,3380,0,1,0,Kartu Kredit,Konsolidasi Hutang,15.43,123.0,206.0,69.0,1
CUST105284,30,Bekerja,37127,641,7.6,316,0,3,0,Kredit Berjalan,Medis,12.16,285.0,162.0,54.0,0
CUST105285,36,Wiraswasta,66407,670,3.7,845,0,1,0,Kartu Kredit,Medis,17.57,87.0,1.054,351.0,1
CUST105286,41,Bekerja,31266,768,23.0,6726,0,1,0,Pinjaman Pribadi,Renovasi Rumah,8.67,274.0,1.9,633.0,1
CUST105287,27,Bekerja,39209,624,3.7,386,0,0,0,Kartu Kredit,Pribadi,20.7,431.0,115.0,38.0,1
CUST105288,44,Bekerja,56025,731,8.4,667,0,0,0,Pinjaman Pribadi,Medis,11.36,316.0,469.0,156.0,1
CUST105289,35,Mahasiswa,25232,587,6.5,18,0,1,3,Pinjaman Pribadi,Medis,15.56,368.0,916.0,305.0,0
CUST105290,45,Bekerja,82410,657,11.4,814,0,0,0,Pinjaman Pribadi,Pribadi,11.96,133.0,1.213,404.0,1
CUST105291,31,Wiraswasta,59987,648,1.9,482,0,3,0,Kartu Kredit,Pendidikan,20.66,608.0,725.0,242.0,0
CUST105292,34,Bekerja,63533,619,6.9,911,0,0,0,Kartu Kredit,Medis,20.72,356.0,129.0,43.0,1
CUST105293,33,Bekerja,17814,597,9.0,103,1,2,0,Kartu Kredit,Pendidikan,22.16,107.0,354.0,118.0,0
CUST105294,38,Mahasiswa,15000,658,8.3,22,0,0,0,Pinjaman Pribadi,Pendidikan,11.24,238.0,1.293,431.0,1
CUST105295,35,Bekerja,90608,651,8.8,3323,0,0,0,Kredit Berjalan,Pribadi,10.08,429.0,416.0,139.0,1
CUST105296,46,Bekerja,32183,609,1.9,208,0,1,0,Pinjaman Pribadi,Pribadi,14.88,207.0,1.392,464.0,0
CUST105297,20,Mahasiswa,59901,570,1.4,108,0,1,1,Kartu Kredit,Pendidikan,22.77,472.0,0.1,33.0,0
CUST105298,31,Bekerja,33869,695,11.1,354,0,1,0,Kartu Kredit,Medis,17.62,401.0,493.0,164.0,0
CUST105299,31,Wiraswasta,43706,771,9.3,2375,0,0,0,Pinjaman Pribadi,Renovasi Rumah,9.13,132.0,565.0,188.0,1
CUST105300,30,Bekerja,50674,752,1.5,22,0,0,0,Pinjaman Pribadi,Pribadi,9.94,291.0,1.687,562.0,1
CUST105301,28,Bekerja,28219,634,6.9,365,0,2,0,Kredit Berjalan,Renovasi Rumah,12.06,0.24,624.0,208.0,0
CUST105302,37,Bekerja,22824,630,3.1,1643,0,0,0,Kartu Kredit,Renovasi Rumah,19.84,31.0,539.0,0.18,1
CUST105303,34,Bekerja,24213,664,1.9,154,0,0,0,Kartu Kredit,Medis,17.95,321.0,99.0,33.0,1
CUST105304,25,Mahasiswa,45907,682,4.4,537,0,0,0,Pinjaman Pribadi,Medis,11.64,747.0,991.0,0.33,0
CUST105305,18,Bekerja,34808,605,0.6,8,0,1,1,Kartu Kredit,Medis,19.46,364.0,0.73,243.0,0
CUST105306,26,Mahasiswa,21327,672,1.3,52,0,0,0,Pinjaman Pribadi,Pendidikan,11.44,209.0,1.388,463.0,0
CUST105307,34,Bekerja,59870,699,12.3,103,0,0,0,Kartu Kredit,Renovasi Rumah,17.58,587.0,438.0,146.0,0
CUST105308,30,Wiraswasta,69495,613,6.5,8293,0,0,0,Kartu Kredit,Medis,19.47,636.0,1.007,336.0,0
CUST105309,39,Bekerja,52204,767,3.6,489,0,0,0,Kartu Kredit,Pribadi,15.06,547.0,965.0,322.0,1
CUST105310,36,Bekerja,37218,536,6.7,348,0,0,0,Pinjaman Pribadi,Pendidikan,16.59,464.0,443.0,148.0,0
CUST105311,27,Bekerja,15000,612,7.6,136,0,0,0,Pinjaman Pribadi,Pendidikan,13.06,499.0,1.427,476.0,0
CUST105312,18,Bekerja,16420,617,1.7,129,0,1,0,Kartu Kredit,Bisnis,20.94,483.0,1.133,378.0,0
CUST105313,37,Wiraswasta,72590,770,10.7,283,0,1,0,Kartu Kredit,Pribadi,14.69,86.0,964.0,321.0,1
CUST105314,25,Wiraswasta,31245,757,6.3,559,0,0,0,Kartu Kredit,Medis,15.79,346.0,1.271,424.0,1
CUST105315,18,Bekerja,26447,670,0.4,42,0,0,0,Kartu Kredit,Pendidikan,17.46,263.0,1.395,465.0,1
CUST105316,28,Bekerja,57833,679,4.8,218,0,0,0,Kartu Kredit,Pribadi,17.67,113.0,1.005,335.0,1
CUST105317,18,Wiraswasta,83483,580,1.4,21,0,2,0,Pinjaman Pribadi,Pribadi,16.87,85.0,188.0,63.0,1
CUST105318,32,Bekerja,72709,706,4.1,1111,0,0,0,Kartu Kredit,Renovasi Rumah,16.81,513.0,776.0,259.0,0
CUST105319,21,Bekerja,15000,695,0.8,137,0,0,0,Kartu Kredit,Pendidikan,18.12,26.0,667.0,222.0,1
CUST105320,25,Bekerja,15000,665,0.6,4,0,0,0,Kartu Kredit,Bisnis,18.01,207.0,1.0,333.0,0
CUST105321,28,Wiraswasta,91353,659,4.0,1970,0,0,1,Kredit Berjalan,Medis,10.67,217.0,416.0,139.0,1
CUST105322,37,Bekerja,43213,703,4.9,2561,0,0,0,Kartu Kredit,Renovasi Rumah,17.07,233.0,1.328,443.0,1
CUST105323,38,Mahasiswa,42218,580,10.2,2468,1,0,0,Kartu Kredit,Medis,22.64,333.0,99.0,33.0,0
CUST105324,20,Wiraswasta,33454,649,0.1,93,0,1,0,Kredit Berjalan,Pribadi,11.04,391.0,583.0,194.0,0
CUST105325,27,Bekerja,23224,743,5.3,3575,0,0,0,Pinjaman Pribadi,Bisnis,10.27,293.0,1.628,543.0,0
CUST105326,18,Bekerja,80458,664,0.8,639,0,0,0,Kredit Berjalan,Renovasi Rumah,10.24,156.0,339.0,113.0,1
CUST105327,48,Bekerja,37325,617,13.2,787,0,0,0,Kredit Berjalan,Renovasi Rumah,12.9,252.0,0.37,123.0,1
CUST105328,48,Bekerja,29501,704,12.2,2747,0,1,0,Kredit Berjalan,Renovasi Rumah,9.26,246.0,898.0,299.0,1
CUST105329,31,Bekerja,30567,660,8.9,2357,0,0,0,Kredit Berjalan,Konsolidasi Hutang,10.79,206.0,559.0,186.0,0
CUST105330,43,Bekerja,36656,626,22.1,4934,0,0,0,Pinjaman Pribadi,Konsolidasi Hutang,14.21,182.0,622.0,207.0,1
CUST105331,27,Bekerja,15000,690,2.1,3,0,0,0,Kredit Berjalan,Pribadi,10.44,597.0,533.0,178.0,0
CUST105332,34,Bekerja,59514,606,10.2,2692,0,0,0,Pinjaman Pribadi,Pribadi,13.38,251.0,652.0,217.0,1
CUST105333,41,Bekerja,77952,695,13.5,4539,0,1,0,Pinjaman Pribadi,Medis,12.36,348.0,455.0,152.0,1
CUST105334,21,Bekerja,38583,530,1.3,200,0,0,1,Pinjaman Pribadi,Pribadi,15.66,406.0,1.532,511.0,0
CUST105335,18,Mahasiswa,17600,629,1.5,670,0,2,0,Kartu Kredit,Pribadi,19.53,304.0,102.0,34.0,1
CUST105336,29,Bekerja,38992,581,2.8,32,0,0,1,Kartu Kredit,Renovasi Rumah,21.84,303.0,749.0,0.25,0
CUST105337,37,Bekerja,21000,626,12.3,400,1,1,0,Pinjaman Pribadi,Pribadi,14.0,0.27,157.0,52.0,0
CUST105338,32,Bekerja,35605,594,7.2,1280,0,2,0,Kredit Berjalan,Bisnis,14.17,222.0,579.0,193.0,0
CUST105339,44,Bekerja,75613,685,19.5,30382,0,0,0,Kredit Berjalan,Pribadi,9.17,0.2,274.0,91.0,1
CUST105340,18,Bekerja,34854,613,1.4,528,0,0,0,Kartu Kredit,Pendidikan,20.69,298.0,103.0,34.0,1
CUST105341,49,Bekerja,31159,614,5.1,337,0,2,0,Kartu Kredit,Renovasi Rumah,20.87,55.0,58.0,19.0,1
CUST105342,40,Bekerja,89920,672,0.9,394,0,0,0,Pinjaman Pribadi,Konsolidasi Hutang,11.74,262.0,1.112,371.0,0
CUST105343,27,Bekerja,25125,629,1.0,2,0,0,0,Kartu Kredit,Pribadi,19.12,0.59,1.043,348.0,0
CUST105344,42,Bekerja,66200,659,16.4,83193,0,0,0,Pinjaman Pribadi,Pendidikan,11.83,114.0,1.051,0.35,1
CUST105345,29,Bekerja,77666,679,0.2,138,0,0,0,Kartu Kredit,Pendidikan,18.81,0.26,901.0,0.3,1
CUST105346,39,Bekerja,65836,723,6.2,2093,0,0,0,Kartu Kredit,Pribadi,15.91,0.34,316.0,105.0,1
CUST105347,34,Bekerja,38860,612,4.3,142,0,1,1,Kredit Berjalan,Medis,12.17,347.0,425.0,142.0,0
CUST105348,47,Bekerja,74606,726,4.1,714,0,0,0,Kredit Berjalan,Pendidikan,9.06,177.0,284.0,95.0,1
CUST105349,26,Bekerja,16428,670,2.7,24,0,0,0,Kartu Kredit,Renovasi Rumah,18.69,381.0,986.0,329.0,1
CUST105350,46,Bekerja,39531,732,8.5,142,0,0,0,Kartu Kredit,Pribadi,16.5,264.0,119.0,0.04,1
CUST105351,19,Bekerja,28839,641,1.8,13,0,0,0,Pinjaman Pribadi,Renovasi Rumah,13.43,265.0,1.526,509.0,0
CUST105352,18,Bekerja,23446,600,0.6,56,0,0,0,Kartu Kredit,Pendidikan,19.2,241.0,938.0,313.0,0
CUST105353,49,Bekerja,19083,597,13.4,245,0,0,0,Kartu Kredit,Medis,22.57,519.0,686.0,229.0,0
CUST105354,18,Wiraswasta,68484,531,0.2,267,0,0,0,Kartu Kredit,Medis,22.55,366.0,0.78,0.26,0
CUST105355,25,Bekerja,48103,603,2.1,1636,0,3,0,Pinjaman Pribadi,Konsolidasi Hutang,13.24,178.0,906.0,302.0,0
CUST105356,36,Mahasiswa,84037,683,5.6,56,0,1,0,Kredit Berjalan,Renovasi Rumah,9.39,16.0,481.0,0.16,0
CUST105357,32,Bekerja,38213,671,0.6,135,0,1,0,Kredit Berjalan,Pribadi,9.36,371.0,508.0,169.0,1
CUST105358,36,Bekerja,36425,732,14.2,636,0,0,0,Kartu Kredit,Konsolidasi Hutang,16.73,115.0,1.051,0.35,1
CUST105359,23,Bekerja,55298,726,3.7,391,0,0,1,Kredit Berjalan,Bisnis,9.44,116.0,546.0,182.0,0
CUST105360,30,Bekerja,42663,596,0.0,0,0,1,0,Kartu Kredit,Pendidikan,22.19,314.0,1.341,447.0,0
CUST105361,28,Wiraswasta,131480,602,6.4,286,0,0,0,Pinjaman Pribadi,Pribadi,13.35,646.0,605.0,202.0,0
CUST105362,38,Mahasiswa,44113,621,2.3,252,0,2,0,Kartu Kredit,Konsolidasi Hutang,19.5,506.0,0.1,33.0,0
CUST105363,35,Bekerja,30400,648,5.2,568,0,0,0,Kartu Kredit,Bisnis,20.36,165.0,1.161,387.0,1
CUST105364,43,Mahasiswa,24623,671,15.4,431,0,0,0,Pinjaman Pribadi,Medis,11.27,274.0,1.978,659.0,1
CUST105365,47,Bekerja,84905,641,12.9,1159,0,1,0,Pinjaman Pribadi,Pribadi,14.62,228.0,562.0,187.0,1
CUST105366,20,Wiraswasta,54226,636,1.5,46,0,1,0,Kredit Berjalan,Pribadi,12.43,0.27,402.0,134.0,0
CUST105367,42,Bekerja,23215,669,11.6,14,0,0,0,Kartu Kredit,Pendidikan,18.95,231.0,1.357,452.0,1
CUST105368,35,Wiraswasta,36687,712,12.4,16643,0,0,0,Pinjaman Pribadi,Medis,10.74,372.0,0.12,0.04,1
CUST105369,47,Bekerja,39831,618,13.9,139,0,0,0,Kartu Kredit,Pribadi,20.22,342.0,919.0,306.0,1
CUST105370,36,Bekerja,21736,660,8.9,4566,0,0,0,Kartu Kredit,Konsolidasi Hutang,18.76,664.0,419.0,0.14,0
CUST105371,64,Bekerja,48746,622,21.1,1534,0,0,0,Pinjaman Pribadi,Bisnis,14.98,354.0,51.0,17.0,0
CUST105372,51,Bekerja,65105,721,28.4,1412,0,0,0,Pinjaman Pribadi,Pribadi,11.1,235.0,676.0,225.0,1
CUST105373,39,Bekerja,45615,708,10.2,1964,0,1,0,Kredit Berjalan,Pribadi,8.58,342.0,471.0,157.0,1
CUST105374,52,Bekerja,35564,635,13.9,2972,0,1,0,Kredit Berjalan,Bisnis,12.32,224.0,821.0,274.0,1
CUST105375,36,Bekerja,20098,629,4.6,398,0,1,0,Kartu Kredit,Renovasi Rumah,20.57,426.0,254.0,85.0,1
CUST105376,33,Mahasiswa,27024,626,9.5,138,0,1,0,Kartu Kredit,Renovasi Rumah,20.09,361.0,0.1,33.0,1
CUST105377,60,Bekerja,49986,648,28.4,33846,0,1,0,Kartu Kredit,Medis,20.81,15.0,0.29,97.0,1
CUST105378,18,Bekerja,18028,591,1.1,127,0,0,0,Kartu Kredit,Pribadi,21.91,323.0,704.0,235.0,0
CUST105379,24,Mahasiswa,17739,563,5.2,688,0,1,0,Pinjaman Pribadi,Konsolidasi Hutang,15.45,202.0,124.0,41.0,0
CUST105380,42,Bekerja,23226,648,9.1,53,0,3,0,Kartu Kredit,Pendidikan,19.9,0.43,542.0,181.0,0
CUST105381,56,Wiraswasta,17507,598,28.8,2499,0,0,1,Kartu Kredit,Pribadi,22.33,442.0,343.0,114.0,0
CUST105382,18,Wiraswasta,54140,561,0.3,145,0,1,0,Kredit Berjalan,Pendidikan,14.1,0.28,475.0,158.0,0
CUST105383,28,Bekerja,87430,696,7.2,1387,0,0,0,Pinjaman Pribadi,Renovasi Rumah,12.26,634.0,1.144,381.0,0
CUST105384,35,Bekerja,29332,575,9.7,60,0,1,1,Kredit Berjalan,Konsolidasi Hutang,14.62,169.0,433.0,144.0,0
CUST105385,18,Bekerja,20059,584,0.5,114,0,0,0,Pinjaman Pribadi,Pendidikan,15.33,113.0,1.83,0.61,0
CUST105386,40,Bekerja,43153,603,1.7,122,0,2,0,Kartu Kredit,Pendidikan,20.58,199.0,466.0,155.0,1
CUST105387,18,Wiraswasta,222686,729,0.0,0,0,1,0,Kartu Kredit,Bisnis,15.52,258.0,314.0,105.0,1
CUST105388,40,Bekerja,57367,760,18.7,41253,0,0,0,Pinjaman Pribadi,Pribadi,8.02,352.0,601.0,0.2,1
CUST105389,34,Bekerja,27138,607,14.8,381,0,0,0,Kartu Kredit,Medis,20.11,108.0,1.378,459.0,1
CUST105390,33,Bekerja,53335,635,7.3,2677,0,0,0,Kredit Berjalan,Pribadi,11.18,267.0,874.0,291.0,1
CUST105391,30,Bekerja,52118,618,0.0,0,0,2,0,Pinjaman Pribadi,Renovasi Rumah,14.82,69.0,1.919,0.64,0
CUST105392,51,Bekerja,68727,542,1.2,671,1,1,0,Kredit Berjalan,Medis,13.98,433.0,191.0,64.0,0
CUST105393,41,Bekerja,91920,706,5.6,357,0,0,0,Kredit Berjalan,Renovasi Rumah,8.15,195.0,86.0,29.0,1
CUST105394,62,Bekerja,107308,761,1.1,511,0,0,0,Pinjaman Pribadi,Medis,9.25,277.0,932.0,311.0,1
CUST105395,32,Bekerja,61601,726,2.0,3408,0,0,0,Pinjaman Pribadi,Pribadi,10.95,599.0,167.0,56.0,0
CUST105396,52,Wiraswasta,134966,700,24.7,4631,0,0,0,Kartu Kredit,Renovasi Rumah,16.44,723.0,519.0,173.0,0
CUST105397,42,Bekerja,37102,585,14.7,3060,0,0,1,Kartu Kredit,Pribadi,21.95,298.0,415.0,138.0,0
CUST105398,25,Bekerja,30201,550,4.9,641,0,0,0,Kartu Kredit,Konsolidasi Hutang,21.76,104.0,801.0,267.0,0
CUST105399,18,Mahasiswa,34493,504,1.7,25,1,1,2,Pinjaman Pribadi,Konsolidasi Hutang,15.82,107.0,1.734,578.0,0
CUST105400,27,Wiraswasta,60825,569,5.6,312,1,0,0,Kartu Kredit,Pendidikan,21.53,434.0,182.0,61.0,0
CUST105401,30,Bekerja,36205,594,6.2,3107,0,0,1,Kartu Kredit,Bisnis,22.82,121.0,0.45,0.15,0
CUST105402,39,Bekerja,56759,581,0.3,19,0,1,0,Pinjaman Pribadi,Renovasi Rumah,15.25,323.0,971.0,324.0,0
CUST105403,33,Wiraswasta,50176,691,11.1,1284,0,0,0,Kartu Kredit,Konsolidasi Hutang,18.28,201.0,337.0,112.0,1
CUST105404,30,Wiraswasta,151344,656,6.0,1820,0,0,0,Pinjaman Pribadi,Pribadi,11.85,195.0,661.0,0.22,1
CUST105405,41,Bekerja,18720,660,6.0,120,0,0,1,Pinjaman Pribadi,Pendidikan,11.42,449.0,716.0,239.0,1
CUST105406,19,Bekerja,22772,625,0.4,729,0,0,0,Pinjaman Pribadi,Medis,14.94,271.0,1.836,612.0,0
CUST105407,43,Wiraswasta,104971,598,12.0,1587,0,0,0,Kartu Kredit,Pribadi,22.87,222.0,667.0,222.0,1
CUST105408,35,Bekerja,36419,668,1.6,320,0,1,0,Kartu Kredit,Renovasi Rumah,18.2,128.0,612.0,204.0,1
CUST105409,53,Bekerja,48907,667,1.8,57,0,0,0,Pinjaman Pribadi,Pendidikan,12.22,199.0,1.317,439.0,1
CUST105410,26,Bekerja,32289,657,4.0,420,0,0,1,Pinjaman Pribadi,Bisnis,11.78,308.0,1.003,334.0,0
CUST105411,38,Bekerja,15000,732,16.8,2308,0,1,0,Kredit Berjalan,Pribadi,7.79,107.0,593.0,198.0,1
CUST105412,39,Bekerja,30765,600,1.3,45,0,1,0,Kartu Kredit,Bisnis,20.86,321.0,98.0,33.0,0
CUST105413,29,Bekerja,20282,648,7.6,62,0,1,0,Kartu Kredit,Pribadi,19.77,342.0,444.0,148.0,1
CUST105414,21,Bekerja,20986,668,2.1,173,0,0,1,Kredit Berjalan,Medis,9.22,336.0,334.0,111.0,1
CUST105415,40,Mahasiswa,44052,599,12.7,673,0,0,2,Kartu Kredit,Pribadi,21.83,297.0,0.1,33.0,1
CUST105416,18,Bekerja,18404,519,0.3,12,0,0,0,Kredit Berjalan,Pendidikan,13.04,257.0,467.0,156.0,0
CUST105417,28,Bekerja,27826,636,0.8,111,0,0,0,Pinjaman Pribadi,Pribadi,14.3,253.0,503.0,168.0,0
CUST105418,35,Mahasiswa,15000,635,16.8,753,0,0,0,Kartu Kredit,Konsolidasi Hutang,20.83,239.0,0.1,33.0,1
CUST105419,28,Bekerja,58725,636,5.3,2256,0,0,0,Pinjaman Pribadi,Pribadi,13.9,334.0,398.0,133.0,1
CUST105420,49,Bekerja,62404,721,18.7,382,0,0,0,Pinjaman Pribadi,Konsolidasi Hutang,10.28,342.0,1.433,478.0,1
CUST105421,19,Bekerja,32348,623,1.8,327,0,1,0,Kartu Kredit,Pribadi,20.62,323.0,0.76,253.0,1
CUST105422,18,Wiraswasta,20114,602,0.3,0,0,1,0,Pinjaman Pribadi,Bisnis,14.81,371.0,1.745,582.0,0
CUST105423,42,Mahasiswa,23896,682,3.7,28,0,0,0,Pinjaman Pribadi,Renovasi Rumah,11.66,323.0,833.0,278.0,1
CUST105424,23,Wiraswasta,75252,603,4.3,254,0,0,0,Kredit Berjalan,Bisnis,11.49,332.0,326.0,109.0,0
CUST105425,30,Bekerja,73649,692,2.5,2641,0,2,0,Pinjaman Pribadi,Medis,12.72,284.0,407.0,136.0,1
CUST105426,47,Bekerja,144672,728,26.8,3170,0,0,0,Kartu Kredit,Pendidikan,16.13,319.0,484.0,161.0,1
CUST105427,38,Bekerja,23008,528,3.6,586,0,1,0,Kartu Kredit,Bisnis,22.25,223.0,991.0,0.33,0
CUST105428,31,Bekerja,30081,603,12.7,246,0,0,0,Kredit Berjalan,Konsolidasi Hutang,11.77,122.0,465.0,155.0,0
CUST105429,42,Wiraswasta,129264,669,0.9,419,0,0,0,Kartu Kredit,Pribadi,17.71,68.0,396.0,132.0,1
CUST105430,37,Mahasiswa,45405,645,15.5,1599,0,0,0,Pinjaman Pribadi,Bisnis,14.13,361.0,403.0,134.0,1
CUST105431,23,Bekerja,51910,708,1.7,17,0,0,0,Pinjaman Pribadi,Konsolidasi Hutang,9.62,281.0,1.196,399.0,1
CUST105432,30,Bekerja,40490,694,10.4,72,0,1,0,Kartu Kredit,Renovasi Rumah,17.56,491.0,437.0,146.0,1
CUST105433,45,Bekerja,55785,657,26.2,50546,0,0,1,Kredit Berjalan,Medis,9.41,148.0,559.0,186.0,1
CUST105434,18,Bekerja,24071,570,0.4,51,0,0,0,Kartu Kredit,Pendidikan,22.42,0.18,893.0,298.0,0
CUST105435,18,Wiraswasta,75969,564,1.5,81,0,1,1,Pinjaman Pribadi,Pendidikan,15.75,253.0,908.0,303.0,0
CUST105436,47,Bekerja,46468,604,4.0,635,0,0,0,Pinjaman Pribadi,Pendidikan,14.85,544.0,652.0,217.0,0
CUST105437,18,Bekerja,29450,685,1.9,16,0,0,0,Pinjaman Pribadi,Bisnis,12.55,83.0,574.0,191.0,1
CUST105438,37,Bekerja,55729,575,18.9,2623,0,0,0,Pinjaman Pribadi,Renovasi Rumah,16.12,141.0,1.794,598.0,0
CUST105439,25,Mahasiswa,15000,648,3.5,261,0,1,0,Kredit Berjalan,Renovasi Rumah,11.01,117.0,493.0,164.0,1
CUST105440,30,Bekerja,77618,584,8.7,470,0,0,0,Kartu Kredit,Pendidikan,22.58,558.0,82.0,27.0,0
CUST105441,38,Bekerja,34123,763,19.7,2791,0,0,0,Kredit Berjalan,Konsolidasi Hutang,7.86,33.0,322.0,107.0,1
CUST105442,40,Bekerja,33501,596,16.9,452,0,2,1,Pinjaman Pribadi,Pendidikan,15.31,171.0,1.624,541.0,0
CUST105443,20,Bekerja,21034,689,1.8,401,0,0,0,Kredit Berjalan,Pribadi,9.34,0.31,0.67,223.0,1
CUST105444,36,Mahasiswa,20668,622,2.8,60,0,2,0,Kartu Kredit,Bisnis,19.36,564.0,102.0,34.0,0
CUST105445,33,Wiraswasta,15533,550,15.0,1172,0,1,0,Kredit Berjalan,Medis,14.62,234.0,727.0,242.0,0
CUST105446,39,Bekerja,46310,725,6.1,598,0,0,0,Kartu Kredit,Renovasi Rumah,16.53,535.0,0.78,0.26,1
CUST105447,35,Bekerja,41847,674,5.2,4319,0,0,0,Pinjaman Pribadi,Pribadi,11.84,352.0,1.446,482.0,1
CUST105448,35,Wiraswasta,28152,660,5.7,2886,0,1,0,Kredit Berjalan,Pendidikan,9.51,206.0,746.0,249.0,1
CUST105449,34,Wiraswasta,28971,641,11.7,1198,0,1,0,Pinjaman Pribadi,Renovasi Rumah,13.35,155.0,911.0,304.0,1
CUST105450,22,Bekerja,31297,621,3.7,1128,0,0,0,Kartu Kredit,Medis,20.45,262.0,789.0,263.0,1
CUST105451,21,Bekerja,29686,591,0.4,127,0,3,0,Pinjaman Pribadi,Pribadi,15.23,273.0,1.277,426.0,0
CUST105452,34,Bekerja,24739,651,13.0,419,0,0,0,Pinjaman Pribadi,Bisnis,11.76,102.0,1.738,579.0,0
CUST105453,19,Wiraswasta,93574,630,0.6,723,0,0,0,Kartu Kredit,Bisnis,19.73,325.0,245.0,82.0,1
CUST105454,52,Bekerja,34520,758,0.9,2010,0,0,0,Pinjaman Pribadi,Pendidikan,9.39,385.0,1.341,447.0,1
CUST105455,33,Bekerja,61369,590,8.0,797,0,0,0,Pinjaman Pribadi,Medis,16.47,0.22,1.629,543.0,0
CUST105456,49,Bekerja,56030,741,12.3,244,0,0,0,Pinjaman Pribadi,Pribadi,10.67,444.0,386.0,129.0,1
CUST105457,19,Wiraswasta,138626,572,1.1,18491,1,4,0,Kartu Kredit,Konsolidasi Hutang,22.34,577.0,243.0,81.0,0
CUST105458,23,Mahasiswa,15557,692,0.9,87,0,0,0,Pinjaman Pribadi,Pribadi,12.77,451.0,643.0,214.0,0
CUST105459,40,Bekerja,72061,649,8.7,385,0,2,0,Kartu Kredit,Pendidikan,19.36,58.0,717.0,239.0,1
CUST105460,34,Wiraswasta,23724,625,3.7,135,0,0,0,Kredit Berjalan,Medis,11.14,0.18,641.0,214.0,0
CUST105461,18,Bekerja,40804,590,1.2,19,0,0,0,Kredit Berjalan,Bisnis,14.46,632.0,647.0,216.0,0
CUST105462,22,Bekerja,26020,661,3.8,235,0,1,0,Kartu Kredit,Pribadi,17.86,213.0,0.68,227.0,1
CUST105463,35,Wiraswasta,100198,647,11.7,1035,0,1,0,Kartu Kredit,Renovasi Rumah,20.49,0.1,699.0,233.0,1
CUST105464,38,Mahasiswa,19825,745,3.1,1360,0,0,0,Kartu Kredit,Pribadi,17.15,169.0,101.0,34.0,1
CUST105465,35,Bekerja,19954,525,1.4,362,0,0,0,Pinjaman Pribadi,Pendidikan,16.1,21.0,1.98,0.66,0
CUST105466,25,Bekerja,49465,716,4.5,169,0,0,0,Kartu Kredit,Medis,16.14,0.31,354.0,118.0,1
CUST105467,21,Wiraswasta,67083,650,0.2,153,0,0,0,Pinjaman Pribadi,Bisnis,12.76,0.36,1.124,375.0,0
CUST105468,56,Bekerja,53124,692,14.0,4096,0,1,0,Kartu Kredit,Konsolidasi Hutang,18.79,81.0,585.0,195.0,1
CUST105469,50,Bekerja,68225,649,26.5,869,0,0,0,Pinjaman Pribadi,Renovasi Rumah,14.81,0.21,1.444,481.0,1
CUST105470,34,Bekerja,25254,632,9.2,3338,0,0,1,Kartu Kredit,Pribadi,19.06,393.0,851.0,284.0,1
CUST105471,26,Bekerja,43034,593,4.4,3024,0,1,1,Pinjaman Pribadi,Pribadi,15.97,244.0,795.0,265.0,0
CUST105472,22,Wiraswasta,50337,687,1.1,136,0,0,0,Pinjaman Pribadi,Pribadi,12.95,227.0,884.0,295.0,1
CUST105473,49,Mahasiswa,15000,640,29.9,4171,0,0,0,Kredit Berjalan,Pribadi,12.14,91.0,707.0,236.0,1
CUST105474,29,Bekerja,34385,583,0.5,7,0,0,0,Pinjaman Pribadi,Pribadi,15.14,229.0,396.0,132.0,0
CUST105475,33,Bekerja,23365,623,11.2,7384,0,0,0,Pinjaman Pribadi,Renovasi Rumah,13.68,104.0,1.314,438.0,0
CUST105476,70,Bekerja,48877,662,19.1,1593,0,0,0,Pinjaman Pribadi,Bisnis,12.81,0.11,986.0,329.0,0
CUST105477,45,Bekerja,71188,658,22.4,4921,0,0,0,Kredit Berjalan,Konsolidasi Hutang,10.84,98.0,0.34,113.0,1
CUST105478,31,Mahasiswa,15000,607,6.9,59,0,0,0,Pinjaman Pribadi,Pendidikan,14.18,218.0,733.0,244.0,1
CUST105479,46,Wiraswasta,71009,754,19.6,308,0,1,0,Pinjaman Pribadi,Renovasi Rumah,9.12,0.61,1.408,469.0,0
CUST105480,52,Bekerja,91634,651,13.2,8850,0,1,0,Kartu Kredit,Renovasi Rumah,17.64,287.0,146.0,49.0,1
CUST105481,50,Wiraswasta,88371,655,17.1,1888,0,0,0,Kredit Berjalan,Pendidikan,9.2,372.0,566.0,189.0,1
CUST105482,18,Bekerja,33747,538,1.1,53,0,1,1,Pinjaman Pribadi,Pribadi,16.64,69.0,0.37,123.0,0
CUST105483,18,Bekerja,39200,613,1.1,81,0,0,0,Pinjaman Pribadi,Renovasi Rumah,14.54,319.0,1.383,461.0,0
CUST105484,52,Bekerja,48488,642,14.8,7190,0,1,0,Pinjaman Pribadi,Konsolidasi Hutang,13.47,353.0,1.747,582.0,0
CUST105485,21,Mahasiswa,22288,704,2.7,27,0,0,0,Kartu Kredit,Pendidikan,17.41,284.0,99.0,33.0,1
CUST105486,31,Bekerja,37037,606,2.7,285,0,0,0,Kartu Kredit,Renovasi Rumah,20.17,263.0,1.199,0.4,0
CUST105487,23,Mahasiswa,27063,665,4.7,461,0,1,0,Pinjaman Pribadi,Pendidikan,12.31,647.0,462.0,154.0,0
CUST105488,43,Bekerja,28504,668,14.2,4616,0,0,0,Pinjaman Pribadi,Medis,12.12,585.0,1.544,515.0,0
CUST105489,27,Bekerja,68328,720,8.2,30,0,1,0,Kartu Kredit,Pendidikan,15.52,428.0,553.0,184.0,1
CUST105490,55,Wiraswasta,113133,631,16.9,19629,0,2,0,Kartu Kredit,Pendidikan,20.72,291.0,619.0,206.0,1
CUST105491,24,Bekerja,62411,595,4.9,1871,0,1,0,Pinjaman Pribadi,Bisnis,15.67,405.0,274.0,91.0,0
CUST105492,40,Wiraswasta,73415,553,13.4,4536,0,1,0,Kredit Berjalan,Renovasi Rumah,14.31,285.0,0.21,0.07,0
CUST105493,45,Bekerja,72580,758,7.0,351,0,0,0,Kartu Kredit,Medis,14.42,278.0,637.0,212.0,1
CUST105494,46,Bekerja,38533,678,8.6,34,1,0,0,Kartu Kredit,Bisnis,17.26,185.0,607.0,202.0,0
CUST105495,36,Bekerja,40929,598,17.7,13954,0,0,1,Pinjaman Pribadi,Pribadi,15.25,212.0,547.0,182.0,0
CUST105496,18,Bekerja,54735,609,1.5,82,0,2,0,Kartu Kredit,Pribadi,20.65,441.0,638.0,213.0,0
CUST105497,32,Bekerja,31422,652,8.4,850,0,0,0,Kartu Kredit,Pribadi,17.37,491.0,261.0,87.0,1
CUST105498,23,Bekerja,34840,670,4.6,1155,0,1,0,Pinjaman Pribadi,Pribadi,12.35,421.0,428.0,143.0,1
CUST105499,54,Wiraswasta,53928,786,3.4,151,0,0,0,Kredit Berjalan,Konsolidasi Hutang,6.0,174.0,237.0,79.0,1
CUST105500,40,Bekerja,26673,673,0.2,10,0,2,0,Kartu Kredit,Pribadi,18.2,365.0,277.0,92.0,0
CUST105501,26,Bekerja,15000,618,2.7,82,0,0,0,Pinjaman Pribadi,Renovasi Rumah,13.32,365.0,1.347,449.0,0
CUST105502,29,Bekerja,45019,685,5.0,58,0,0,0,Kartu Kredit,Bisnis,18.79,526.0,1.355,452.0,0
CUST105503,23,Bekerja,51126,648,0.7,12,0,2,0,Pinjaman Pribadi,Bisnis,14.45,444.0,767.0,256.0,0
CUST105504,56,Bekerja,66835,724,15.0,3797,0,0,0,Kartu Kredit,Bisnis,17.26,115.0,361.0,0.12,1
CUST105505,28,Wiraswasta,34592,605,7.7,748,0,3,0,Kartu Kredit,Pendidikan,20.45,309.0,327.0,109.0,0
CUST105506,18,Bekerja,23012,524,0.0,0,0,1,0,Pinjaman Pribadi,Bisnis,16.04,328.0,1.208,403.0,0
CUST105507,33,Mahasiswa,15000,661,12.9,229,0,0,0,Pinjaman Pribadi,Renovasi Rumah,12.64,0.51,553.0,184.0,0
CUST105508,35,Bekerja,28669,689,16.9,416,0,0,0,Kartu Kredit,Medis,18.0,216.0,1.214,405.0,1
CUST105509,32,Mahasiswa,23991,654,13.9,7192,0,0,0,Kartu Kredit,Pendidikan,18.99,213.0,0.1,33.0,1
CUST105510,38,Bekerja,74758,575,19.9,20027,0,1,2,Pinjaman Pribadi,Konsolidasi Hutang,15.52,414.0,1.003,334.0,0
CUST105511,33,Mahasiswa,22764,843,7.4,1934,0,0,0,Kartu Kredit,Konsolidasi Hutang,15.11,178.0,31.0,0.01,1
CUST105512,58,Bekerja,57801,666,13.3,40544,0,0,0,Kredit Berjalan,Renovasi Rumah,9.01,133.0,796.0,265.0,1
CUST105513,29,Wiraswasta,80269,645,1.2,404,0,0,0,Pinjaman Pribadi,Pendidikan,14.09,391.0,1.246,415.0,0
CUST105514,39,Wiraswasta,53839,558,11.5,7594,0,0,0,Kredit Berjalan,Medis,14.86,121.0,801.0,267.0,0
CUST105515,52,Bekerja,100190,589,29.5,63219,0,1,0,Kartu Kredit,Renovasi Rumah,21.07,465.0,0.69,0.23,0
CUST105516,18,Bekerja,15000,629,2.0,25,0,3,0,Kartu Kredit,Konsolidasi Hutang,19.64,533.0,33.0,11.0,0
CUST105517,31,Wiraswasta,36298,640,10.9,362,0,1,0,Pinjaman Pribadi,Pendidikan,13.56,133.0,237.0,79.0,1
CUST105518,18,Bekerja,30982,592,1.7,44,0,1,0,Kartu Kredit,Pribadi,21.14,224.0,1.059,353.0,0
CUST105519,35,Bekerja,25223,640,15.9,180,0,1,0,Kartu Kredit,Pribadi,20.81,323.0,916.0,305.0,1
CUST105520,37,Bekerja,71136,598,7.1,7203,0,2,0,Kartu Kredit,Konsolidasi Hutang,22.87,369.0,198.0,66.0,0
CUST105521,40,Bekerja,40537,660,19.6,5025,0,0,0,Kartu Kredit,Konsolidasi Hutang,18.26,343.0,575.0,192.0,1
CUST105522,38,Wiraswasta,58080,668,17.2,32996,0,1,0,Pinjaman Pribadi,Pribadi,12.68,44.0,1.722,574.0,1
CUST105523,36,Bekerja,32122,666,1.3,8,0,0,0,Kredit Berjalan,Renovasi Rumah,10.38,499.0,725.0,242.0,0
CUST105524,46,Bekerja,19594,723,23.0,2606,0,0,0,Kartu Kredit,Pribadi,16.7,144.0,1.179,393.0,1
CUST105525,27,Bekerja,31600,609,1.7,54,0,1,0,Kartu Kredit,Medis,20.11,643.0,1.377,459.0,0
CUST105526,40,Bekerja,36425,513,16.0,264,0,1,0,Kartu Kredit,Pribadi,21.27,381.0,1.156,385.0,0
CUST105527,34,Bekerja,34296,664,0.9,107,0,0,0,Kartu Kredit,Medis,17.04,0.44,971.0,324.0,1
CUST105528,35,Mahasiswa,34383,676,11.6,5137,0,1,0,Pinjaman Pribadi,Renovasi Rumah,11.22,277.0,1.841,614.0,0
CUST105529,54,Bekerja,99491,702,28.9,164802,0,0,0,Kartu Kredit,Bisnis,15.88,322.0,704.0,235.0,1
CUST105530,36,Mahasiswa,21864,559,3.2,29,0,3,1,Pinjaman Pribadi,Bisnis,15.37,654.0,1.93,643.0,0
CUST105531,33,Bekerja,26220,641,3.0,415,0,0,0,Kartu Kredit,Medis,19.17,134.0,0.08,27.0,1
CUST105532,18,Bekerja,18291,713,0.2,2,0,0,0,Kartu Kredit,Bisnis,16.14,54.0,1.192,397.0,0
CUST105533,22,Mahasiswa,15000,501,1.7,62,0,0,1,Pinjaman Pribadi,Konsolidasi Hutang,16.22,299.0,993.0,331.0,0
CUST105534,22,Mahasiswa,27287,615,0.5,5,0,0,0,Kartu Kredit,Bisnis,19.14,329.0,99.0,33.0,0
CUST105535,45,Mahasiswa,15000,604,17.7,12636,0,1,0,Kartu Kredit,Konsolidasi Hutang,19.41,0.12,0.1,33.0,1
CUST105536,27,Bekerja,38714,519,5.4,2316,0,2,0,Kredit Berjalan,Pendidikan,14.01,0.24,586.0,195.0,0
CUST105537,22,Mahasiswa,15000,640,2.8,85,0,2,0,Pinjaman Pribadi,Medis,14.58,85.0,333.0,111.0,1
CUST105538,29,Wiraswasta,62324,603,1.7,1540,0,1,0,Pinjaman Pribadi,Medis,13.89,656.0,501.0,167.0,0
CUST105539,24,Bekerja,27866,484,4.5,837,1,3,0,Kredit Berjalan,Bisnis,14.08,138.0,725.0,242.0,0
CUST105540,31,Wiraswasta,37725,751,2.4,670,0,0,0,Kartu Kredit,Medis,15.66,228.0,1.341,447.0,1
CUST105541,36,Bekerja,106446,707,16.3,4199,0,0,0,Pinjaman Pribadi,Renovasi Rumah,10.09,103.0,478.0,159.0,1
CUST105542,18,Wiraswasta,33160,540,1.0,10,0,0,0,Pinjaman Pribadi,Pendidikan,16.13,353.0,1.677,559.0,0
CUST105543,27,Bekerja,53163,604,0.7,621,0,0,0,Kartu Kredit,Pendidikan,19.28,125.0,865.0,288.0,1
CUST105544,24,Bekerja,100553,658,3.0,4797,0,0,0,Pinjaman Pribadi,Renovasi Rumah,11.41,124.0,995.0,332.0,1
CUST105545,41,Bekerja,68189,745,9.9,3645,0,0,0,Kartu Kredit,Renovasi Rumah,16.45,0.08,893.0,298.0,1
CUST105546,20,Bekerja,65913,631,0.3,874,0,0,0,Pinjaman Pribadi,Pendidikan,14.82,322.0,1.065,355.0,0
CUST105547,26,Bekerja,23568,494,3.3,69,0,1,0,Pinjaman Pribadi,Pribadi,15.69,166.0,963.0,321.0,0
CUST105548,37,Bekerja,50947,650,6.4,107,0,0,0,Pinjaman Pribadi,Konsolidasi Hutang,11.61,135.0,1.005,335.0,1
CUST105549,64,Bekerja,52257,689,12.6,939,0,1,0,Pinjaman Pribadi,Bisnis,11.17,694.0,157.0,52.0,0
CUST105550,26,Bekerja,31770,613,4.0,393,0,0,0,Kredit Berjalan,Pribadi,12.92,205.0,456.0,152.0,0
CUST105551,23,Mahasiswa,15000,599,4.2,892,0,0,0,Pinjaman Pribadi,Konsolidasi Hutang,16.34,289.0,0.24,0.08,0
CUST105552,39,Bekerja,27022,546,10.5,146,0,0,0,Kartu Kredit,Pendidikan,22.65,129.0,315.0,105.0,1
CUST105553,32,Mahasiswa,35390,605,1.7,24,0,0,0,Kredit Berjalan,Pribadi,11.1,364.0,345.0,115.0,0
CUST105554,33,Mahasiswa,16654,606,4.8,109,0,1,0,Pinjaman Pribadi,Pribadi,14.23,302.0,0.57,0.19,0
CUST105555,27,Mahasiswa,42237,785,2.9,17,0,1,0,Pinjaman Pribadi,Pribadi,8.64,289.0,1.546,515.0,1
CUST105556,19,Mahasiswa,18075,577,0.8,292,0,1,0,Kartu Kredit,Pribadi,22.48,403.0,0.1,33.0,1
CUST105557,36,Bekerja,43755,619,1.0,185,0,1,0,Kartu Kredit,Pendidikan,19.16,163.0,1.241,414.0,1
CUST105558,64,Bekerja,58394,656,28.4,1542,0,1,0,Kartu Kredit,Pendidikan,17.07,203.0,241.0,0.08,1
CUST105559,18,Bekerja,32656,591,0.9,7,0,1,0,Pinjaman Pribadi,Pribadi,16.4,241.0,1.185,395.0,0
CUST105560,18,Bekerja,20034,577,1.2,212,0,1,1,Kartu Kredit,Pribadi,21.11,364.0,1.123,374.0,0
CUST105561,35,Bekerja,33243,639,5.2,706,0,3,0,Pinjaman Pribadi,Bisnis,14.8,277.0,1.612,537.0,0
CUST105562,58,Bekerja,96260,768,22.0,1435,0,0,0,Kredit Berjalan,Pribadi,7.11,207.0,519.0,173.0,1
CUST105563,18,Wiraswasta,67901,698,1.9,1073,0,1,1,Kartu Kredit,Pribadi,17.56,215.0,1.031,344.0,1
CUST105564,26,Bekerja,32196,632,0.3,7,0,1,0,Kartu Kredit,Bisnis,19.58,426.0,155.0,52.0,0
CUST105565,28,Bekerja,81218,646,1.8,25,0,0,0,Pinjaman Pribadi,Pribadi,14.58,182.0,1.231,0.41,0
CUST105566,20,Wiraswasta,31078,583,1.7,419,0,1,1,Pinjaman Pribadi,Konsolidasi Hutang,15.68,443.0,376.0,125.0,0
CUST105567,18,Bekerja,42644,613,0.8,407,0,0,0,Pinjaman Pribadi,Pribadi,13.81,0.33,509.0,0.17,0
CUST105568,30,Bekerja,75114,689,5.3,12232,0,0,0,Kartu Kredit,Pendidikan,18.75,256.0,932.0,311.0,1
CUST105569,47,Bekerja,63495,445,21.3,975,0,2,1,Kartu Kredit,Renovasi Rumah,22.94,345.0,1.102,367.0,0
CUST105570,30,Bekerja,38967,631,6.0,641,0,0,0,Pinjaman Pribadi,Pribadi,14.05,464.0,1.94,647.0,0
CUST105571,58,Wiraswasta,44080,702,13.3,126,0,0,0,Kredit Berjalan,Bisnis,8.53,286.0,279.0,93.0,1
CUST105572,30,Bekerja,34615,579,4.0,199,0,3,0,Kartu Kredit,Pribadi,22.2,351.0,162.0,54.0,0
CUST105573,30,Bekerja,45646,665,9.2,1205,0,0,0,Kartu Kredit,Medis,17.52,536.0,1.225,408.0,0
CUST105574,22,Wiraswasta,38239,562,1.6,318,0,1,0,Kartu Kredit,Pendidikan,22.24,0.71,0.11,37.0,0
CUST105575,27,Mahasiswa,15000,669,4.7,1100,0,0,0,Pinjaman Pribadi,Medis,12.44,679.0,1.913,638.0,0
CUST105576,36,Bekerja,23097,621,2.3,1142,0,1,0,Kartu Kredit,Pribadi,19.41,584.0,1.026,342.0,0
CUST105577,22,Bekerja,24711,567,0.9,74,0,1,2,Kredit Berjalan,Medis,13.65,361.0,413.0,138.0,0
CUST105578,36,Bekerja,40643,767,10.9,4255,0,0,0,Kartu Kredit,Renovasi Rumah,15.63,337.0,1.331,444.0,1
CUST105579,44,Mahasiswa,20579,589,7.9,203,0,0,0,Kartu Kredit,Bisnis,21.91,152.0,102.0,34.0,0
CUST105580,50,Bekerja,41132,590,4.8,343,1,0,2,Pinjaman Pribadi,Renovasi Rumah,16.63,646.0,1.899,633.0,0
CUST105581,40,Bekerja,74145,606,13.6,143,0,1,0,Pinjaman Pribadi,Bisnis,14.5,79.0,283.0,94.0,1
CUST105582,42,Bekerja,41097,685,11.0,893,0,0,0,Kartu Kredit,Pendidikan,17.55,143.0,964.0,321.0,1
CUST105583,18,Mahasiswa,28508,637,1.4,12,0,1,0,Pinjaman Pribadi,Medis,14.1,245.0,1.828,609.0,0
CUST105584,28,Bekerja,34878,707,9.9,244,0,0,0,Pinjaman Pribadi,Pendidikan,10.37,575.0,1.385,462.0,0
CUST105585,58,Bekerja,35797,704,25.2,63584,0,0,0,Kartu Kredit,Pribadi,17.11,32.0,662.0,221.0,1
CUST105586,21,Bekerja,31047,617,2.2,98,0,1,0,Pinjaman Pribadi,Renovasi Rumah,13.33,86.0,435.0,145.0,1
CUST105587,25,Mahasiswa,69471,645,5.9,132,0,1,0,Kartu Kredit,Pribadi,20.5,296.0,99.0,33.0,1
CUST105588,26,Bekerja,29450,600,2.9,3189,0,0,0,Pinjaman Pribadi,Pendidikan,13.71,243.0,1.379,0.46,1
CUST105589,31,Bekerja,36155,670,5.8,644,0,1,1,Kartu Kredit,Pendidikan,17.29,203.0,686.0,229.0,1
CUST105590,35,Wiraswasta,129382,612,9.9,4648,0,0,0,Pinjaman Pribadi,Konsolidasi Hutang,14.19,136.0,216.0,72.0,1
CUST105591,28,Bekerja,16240,652,7.2,4320,0,0,0,Pinjaman Pribadi,Bisnis,12.95,315.0,1.915,638.0,0
CUST105592,22,Bekerja,15632,480,0.3,13,0,1,1,Kartu Kredit,Pribadi,22.63,361.0,416.0,139.0,0
CUST105593,27,Bekerja,70859,530,8.3,53,0,2,1,Kredit Berjalan,Medis,13.49,316.0,706.0,235.0,0
CUST105594,29,Mahasiswa,16245,782,6.7,30,0,0,1,Kartu Kredit,Pribadi,15.53,0.78,98.0,33.0,0
CUST105595,55,Bekerja,30251,625,3.3,8929,0,1,0,Kredit Berjalan,Bisnis,11.79,426.0,529.0,176.0,0
CUST105596,27,Mahasiswa,15000,577,3.5,63,0,0,0,Pinjaman Pribadi,Konsolidasi Hutang,16.39,165.0,1.427,476.0,0
CUST105597,25,Bekerja,17694,597,5.2,367,0,1,1,Kartu Kredit,Renovasi Rumah,22.84,188.0,0.3,0.1,0
CUST105598,38,Bekerja,35906,628,16.5,941,0,1,0,Kredit Berjalan,Pribadi,11.95,453.0,418.0,139.0,1
CUST105599,30,Bekerja,62170,715,7.1,292,0,0,0,Kartu Kredit,Pendidikan,16.41,145.0,534.0,178.0,1
CUST105600,18,Bekerja,31014,610,1.1,854,0,0,0,Kredit Berjalan,Pribadi,11.87,265.0,326.0,109.0,1
CUST105601,18,Bekerja,15000,591,1.5,225,0,1,1,Kartu Kredit,Pendidikan,22.9,458.0,273.0,91.0,0
CUST105602,35,Bekerja,47833,624,0.1,12,0,0,0,Kartu Kredit,Pribadi,20.97,326.0,316.0,105.0,1
CUST105603,32,Wiraswasta,70220,595,7.6,112,1,0,1,Kartu Kredit,Pendidikan,21.68,285.0,944.0,315.0,0
CUST105604,36,Bekerja,46040,565,8.6,124,0,1,0,Kartu Kredit,Medis,21.6,385.0,999.0,333.0,0
CUST105605,36,Wiraswasta,114306,686,14.5,1236,0,1,0,Kartu Kredit,Pribadi,18.45,79.0,612.0,204.0,1
CUST105606,27,Bekerja,30212,628,0.5,17,0,0,0,Pinjaman Pribadi,Pendidikan,13.08,0.26,1.576,525.0,1
CUST105607,49,Bekerja,41101,615,9.2,3305,0,0,0,Pinjaman Pribadi,Pribadi,14.49,249.0,1.89,0.63,1
CUST105608,43,Bekerja,26661,630,11.8,531,0,1,0,Kartu Kredit,Bisnis,19.69,376.0,1.215,405.0,0
CUST105609,33,Bekerja,33074,665,3.8,3,0,0,0,Kartu Kredit,Pribadi,18.3,125.0,487.0,162.0,1
CUST105610,34,Bekerja,70779,676,1.6,1512,0,0,0,Pinjaman Pribadi,Pendidikan,12.74,159.0,1.413,471.0,1
CUST105611,29,Bekerja,44779,683,0.1,2,0,0,0,Pinjaman Pribadi,Renovasi Rumah,12.5,407.0,1.565,522.0,0
CUST105612,48,Bekerja,34143,718,29.6,27182,0,0,0,Kartu Kredit,Pribadi,17.1,246.0,308.0,103.0,1
CUST105613,48,Bekerja,64573,681,17.7,1960,0,0,0,Kredit Berjalan,Medis,10.69,686.0,647.0,216.0,0
CUST105614,25,Bekerja,15000,548,4.9,47,0,0,0,Pinjaman Pribadi,Bisnis,16.22,277.0,113.0,38.0,0
CUST105615,28,Mahasiswa,40795,726,3.4,305,0,1,0,Kredit Berjalan,Medis,8.89,115.0,659.0,0.22,1
CUST105616,28,Bekerja,23549,647,7.2,423,0,3,0,Pinjaman Pribadi,Medis,14.88,197.0,1.52,507.0,0
CUST105617,21,Bekerja,67196,512,0.8,2296,0,0,0,Pinjaman Pribadi,Pendidikan,16.64,274.0,1.475,492.0,0
CUST105618,37,Bekerja,19741,692,8.2,60,0,0,1,Pinjaman Pribadi,Renovasi Rumah,11.1,0.25,1.206,402.0,1
CUST105619,42,Bekerja,62493,683,1.8,1412,0,2,0,Kartu Kredit,Medis,17.01,625.0,768.0,256.0,0
CUST105620,21,Bekerja,21770,557,2.7,528,0,0,0,Kartu Kredit,Pendidikan,21.11,389.0,234.0,78.0,0
CUST105621,31,Wiraswasta,41096,587,8.5,177,0,0,0,Kartu Kredit,Pribadi,22.37,0.1,1.192,397.0,1
CUST105622,35,Bekerja,33467,784,16.9,1018,0,1,0,Kredit Berjalan,Konsolidasi Hutang,7.09,92.0,651.0,217.0,1
CUST105623,28,Bekerja,45687,669,4.9,996,0,1,0,Pinjaman Pribadi,Pendidikan,11.26,73.0,68.0,23.0,1
CUST105624,58,Bekerja,40569,787,10.7,106,0,0,0,Kartu Kredit,Pribadi,14.91,194.0,0.72,0.24,1
CUST105625,40,Bekerja,54690,555,15.0,1986,0,2,0,Kartu Kredit,Pribadi,21.01,128.0,598.0,199.0,0
CUST105626,42,Bekerja,57350,693,11.1,907,0,1,0,Kredit Berjalan,Pendidikan,9.68,248.0,253.0,84.0,1
CUST105627,52,Bekerja,42884,643,24.1,859,0,0,0,Kredit Berjalan,Bisnis,11.94,93.0,569.0,0.19,1
CUST105628,41,Bekerja,48317,697,16.8,958,0,0,0,Kredit Berjalan,Bisnis,10.92,323.0,362.0,121.0,1
CUST105629,22,Bekerja,38183,582,2.7,703,0,1,1,Kartu Kredit,Pendidikan,21.32,426.0,285.0,95.0,1
CUST105630,51,Bekerja,59700,706,16.9,1977,0,0,0,Kredit Berjalan,Bisnis,8.91,0.07,754.0,251.0,1
CUST105631,23,Bekerja,53577,626,0.6,690,0,1,0,Pinjaman Pribadi,Renovasi Rumah,14.47,176.0,1.167,389.0,0
CUST105632,37,Bekerja,32580,682,5.8,1534,0,0,0,Pinjaman Pribadi,Pendidikan,12.33,324.0,1.409,0.47,1
CUST105633,18,Bekerja,104516,643,1.8,2544,0,1,0,Pinjaman Pribadi,Pendidikan,13.25,155.0,845.0,282.0,1
CUST105634,45,Bekerja,30434,740,6.2,431,0,1,1,Kredit Berjalan,Bisnis,7.79,0.4,414.0,138.0,0
CUST105635,36,Bekerja,35152,707,9.2,284,0,1,1,Kredit Berjalan,Pribadi,8.89,596.0,538.0,179.0,0
CUST105636,23,Bekerja,23223,565,1.6,68,0,1,0,Kartu Kredit,Pribadi,22.16,148.0,22.0,7.0,0
CUST105637,40,Bekerja,51584,646,13.4,9284,0,1,0,Kartu Kredit,Pribadi,19.97,516.0,677.0,226.0,0
CUST105638,26,Wiraswasta,144964,700,2.2,1778,0,0,0,Pinjaman Pribadi,Konsolidasi Hutang,9.58,512.0,387.0,129.0,0
CUST105639,37,Bekerja,39471,633,11.6,1955,0,1,0,Kartu Kredit,Pribadi,20.39,597.0,1.13,377.0,0
CUST105640,41,Bekerja,52647,656,19.8,4029,0,0,0,Kredit Berjalan,Pendidikan,10.89,479.0,427.0,142.0,1
CUST105641,37,Bekerja,52317,713,2.8,370,0,0,0,Kartu Kredit,Renovasi Rumah,16.8,0.16,0.25,83.0,1
CUST105642,46,Bekerja,95498,645,17.1,1764,0,1,0,Kartu Kredit,Medis,19.49,301.0,129.0,43.0,1
CUST105643,34,Bekerja,34072,651,12.6,553,0,0,0,Kredit Berjalan,Bisnis,9.7,38.0,173.0,58.0,1
CUST105644,41,Bekerja,30388,613,19.1,2081,0,2,0,Kredit Berjalan,Konsolidasi Hutang,12.15,161.0,701.0,234.0,0
CUST105645,51,Bekerja,60023,649,19.6,12451,0,2,0,Kredit Berjalan,Medis,11.8,14.0,352.0,117.0,1
CUST105646,18,Bekerja,21237,588,0.7,305,1,2,0,Kredit Berjalan,Medis,14.63,49.0,457.0,152.0,0
CUST105647,37,Bekerja,37898,721,14.9,2761,0,1,0,Kartu Kredit,Bisnis,16.75,486.0,1.008,336.0,1
CUST105648,32,Bekerja,66457,704,6.5,6974,0,0,0,Pinjaman Pribadi,Pribadi,10.54,179.0,641.0,214.0,1
CUST105649,18,Bekerja,26822,610,0.8,9,0,0,0,Kredit Berjalan,Medis,12.86,153.0,209.0,0.07,0
CUST105650,30,Bekerja,40896,602,1.5,170,0,0,0,Kartu Kredit,Pendidikan,20.71,0.3,333.0,111.0,1
CUST105651,30,Bekerja,96978,559,7.9,159,0,0,0,Kartu Kredit,Bisnis,22.64,417.0,0.52,173.0,0
CUST105652,47,Bekerja,50869,752,5.5,1099,0,1,0,Pinjaman Pribadi,Konsolidasi Hutang,9.58,279.0,875.0,292.0,1
CUST105653,26,Wiraswasta,32738,594,4.0,236,0,1,0,Kartu Kredit,Pribadi,22.39,95.0,92.0,31.0,0
CUST105654,41,Wiraswasta,65055,681,4.6,215,0,0,0,Pinjaman Pribadi,Medis,11.11,351.0,1.537,512.0,1
CUST105655,39,Wiraswasta,43887,613,12.0,3791,0,0,0,Kartu Kredit,Pendidikan,20.93,121.0,827.0,276.0,1
CUST105656,24,Bekerja,24388,604,5.4,2483,0,0,0,Kredit Berjalan,Medis,11.44,108.0,521.0,174.0,1
CUST105657,25,Bekerja,47091,592,5.7,61,0,1,0,Pinjaman Pribadi,Bisnis,16.42,17.0,1.45,483.0,0
CUST105658,26,Mahasiswa,23965,641,1.6,3,0,0,0,Kartu Kredit,Konsolidasi Hutang,19.01,145.0,0.1,33.0,0
CUST105659,19,Wiraswasta,48684,570,1.9,1848,1,0,0,Kartu Kredit,Pribadi,22.7,147.0,1.076,359.0,0
CUST105660,23,Bekerja,22871,653,2.9,192,0,0,0,Kartu Kredit,Pendidikan,17.39,319.0,1.246,415.0,1
CUST105661,21,Bekerja,15000,473,1.3,32,0,5,1,Kredit Berjalan,Renovasi Rumah,14.63,0.31,527.0,176.0,0
CUST105662,26,Mahasiswa,27682,618,4.7,2979,0,0,0,Pinjaman Pribadi,Pendidikan,14.25,264.0,213.0,71.0,1
CUST105663,32,Wiraswasta,85988,502,7.5,765,0,2,0,Kartu Kredit,Renovasi Rumah,22.99,267.0,814.0,271.0,0
CUST105664,40,Mahasiswa,15000,666,5.2,2661,0,0,0,Kartu Kredit,Medis,18.41,451.0,0.1,33.0,1
CUST105665,37,Wiraswasta,36643,663,10.2,1012,0,0,0,Kredit Berjalan,Renovasi Rumah,10.33,62.0,835.0,278.0,1
CUST105666,28,Bekerja,74521,663,9.3,722,0,0,0,Pinjaman Pribadi,Renovasi Rumah,11.1,397.0,1.342,447.0,0
CUST105667,41,Bekerja,19350,608,3.7,696,0,1,0,Kartu Kredit,Medis,19.4,138.0,749.0,0.25,1
CUST105668,37,Bekerja,26553,655,11.7,2159,0,0,0,Pinjaman Pribadi,Bisnis,12.43,151.0,1.393,464.0,0
CUST105669,64,Bekerja,123737,678,24.2,10458,0,0,0,Pinjaman Pribadi,Bisnis,11.28,519.0,808.0,269.0,0
CUST105670,25,Bekerja,43965,676,4.6,112,0,0,0,Kredit Berjalan,Renovasi Rumah,9.92,508.0,289.0,96.0,0
CUST105671,18,Bekerja,26869,500,1.6,412,0,0,1,Kredit Berjalan,Pribadi,13.96,634.0,614.0,205.0,0
CUST105672,29,Bekerja,21233,604,8.1,4993,0,0,0,Pinjaman Pribadi,Konsolidasi Hutang,14.27,187.0,1.079,0.36,0
CUST105673,18,Bekerja,37672,583,1.7,267,0,0,0,Kartu Kredit,Konsolidasi Hutang,21.37,565.0,35.0,12.0,0
CUST105674,49,Wiraswasta,43899,813,29.8,1704,0,0,0,Kartu Kredit,Renovasi Rumah,15.3,594.0,351.0,117.0,0
CUST105675,47,Bekerja,64142,716,22.3,3840,0,0,0,Kredit Berjalan,Konsolidasi Hutang,8.68,292.0,652.0,217.0,1
CUST105676,32,Bekerja,32188,678,6.1,2226,0,0,1,Kartu Kredit,Pendidikan,17.48,285.0,652.0,217.0,1
CUST105677,36,Bekerja,89561,585,3.0,52,1,1,0,Pinjaman Pribadi,Pribadi,16.98,314.0,1.117,372.0,0
CUST105678,41,Bekerja,58449,654,2.3,1876,0,0,0,Kartu Kredit,Pendidikan,18.37,461.0,56.0,19.0,1
CUST105679,34,Bekerja,47640,725,12.8,3147,0,1,0,Pinjaman Pribadi,Pribadi,10.11,214.0,88.0,29.0,1
CUST105680,34,Mahasiswa,25162,535,13.3,2788,0,0,2,Kartu Kredit,Bisnis,21.39,228.0,99.0,33.0,1
CUST105681,25,Bekerja,15000,624,1.2,31,0,0,0,Kredit Berjalan,Pribadi,12.48,244.0,693.0,231.0,0
CUST105682,24,Bekerja,30865,634,4.0,438,0,0,0,Kredit Berjalan,Pribadi,12.03,0.07,697.0,232.0,1
CUST105683,43,Bekerja,135336,634,12.7,4225,0,0,0,Kredit Berjalan,Pribadi,11.74,146.0,0.3,0.1,1
CUST105684,18,Bekerja,15000,704,0.4,189,0,0,0,Kartu Kredit,Pribadi,17.14,147.0,187.0,62.0,1
CUST105685,42,Mahasiswa,28807,696,21.2,36271,0,0,0,Kartu Kredit,Pribadi,18.96,339.0,101.0,34.0,1
CUST105686,26,Bekerja,33829,690,0.9,121,0,3,0,Kartu Kredit,Renovasi Rumah,18.57,421.0,248.0,83.0,0
CUST105687,18,Bekerja,15000,652,1.8,902,0,0,0,Kartu Kredit,Pendidikan,18.24,707.0,0.62,207.0,0
CUST105688,18,Bekerja,33828,568,0.4,48,0,1,0,Pinjaman Pribadi,Renovasi Rumah,15.76,445.0,121.0,0.04,0
CUST105689,21,Wiraswasta,50133,610,2.5,1131,0,0,0,Kartu Kredit,Pendidikan,20.1,278.0,1.291,0.43,1
CUST105690,28,Bekerja,34931,592,8.6,708,0,0,0,Pinjaman Pribadi,Pendidikan,15.01,0.21,535.0,178.0,1
CUST105691,33,Bekerja,34089,655,13.0,121,0,0,0,Pinjaman Pribadi,Pribadi,12.15,357.0,185.0,62.0,1
CUST105692,41,Bekerja,43934,703,22.8,5224,0,1,0,Pinjaman Pribadi,Renovasi Rumah,9.55,441.0,444.0,148.0,1
CUST105693,36,Bekerja,83786,676,1.9,90,0,0,0,Kredit Berjalan,Pribadi,10.06,393.0,597.0,199.0,0
CUST105694,52,Bekerja,44647,744,21.2,1236,0,0,0,Pinjaman Pribadi,Bisnis,10.48,311.0,1.579,526.0,1
CUST105695,44,Bekerja,39969,692,25.6,5110,0,1,0,Kredit Berjalan,Medis,10.79,243.0,673.0,224.0,1
CUST105696,35,Bekerja,22913,618,3.3,88,0,1,0,Kartu Kredit,Pendidikan,19.35,136.0,288.0,96.0,1
CUST105697,41,Bekerja,51391,640,18.0,147,0,0,0,Kartu Kredit,Bisnis,19.38,84.0,181.0,0.06,1
CUST105698,18,Wiraswasta,57824,577,0.7,7,0,0,1,Kredit Berjalan,Pendidikan,14.91,119.0,759.0,253.0,0
CUST105699,39,Bekerja,155118,688,6.0,4685,0,1,0,Kartu Kredit,Medis,18.94,85.0,451.0,0.15,1
CUST105700,43,Wiraswasta,57884,610,12.0,137,0,0,0,Pinjaman Pribadi,Bisnis,13.93,301.0,273.0,91.0,1
CUST105701,43,Bekerja,34668,774,4.3,3352,0,1,0,Kartu Kredit,Renovasi Rumah,15.76,158.0,603.0,201.0,1
CUST105702,56,Bekerja,67290,806,24.6,9421,0,1,0,Kartu Kredit,Konsolidasi Hutang,14.47,118.0,95.0,32.0,1
CUST105703,42,Mahasiswa,41245,732,5.8,113,0,0,0,Pinjaman Pribadi,Medis,10.5,183.0,1.656,552.0,1
CUST105704,37,Bekerja,46580,594,6.4,853,0,1,0,Pinjaman Pribadi,Renovasi Rumah,16.77,356.0,728.0,243.0,0
CUST105705,66,Bekerja,43631,695,5.1,313,0,0,0,Kartu Kredit,Konsolidasi Hutang,18.69,0.25,791.0,264.0,1
CUST105706,26,Wiraswasta,66999,601,5.2,1005,0,1,0,Kartu Kredit,Pendidikan,19.74,305.0,1.045,348.0,1
CUST105707,34,Bekerja,36313,670,11.1,1497,0,1,0,Kartu Kredit,Pribadi,18.22,76.0,0.03,0.01,1
CUST105708,68,Wiraswasta,63994,751,1.5,465,0,0,0,Kartu Kredit,Pribadi,15.44,71.0,1.094,365.0,1
CUST105709,44,Bekerja,127542,635,22.6,25921,0,1,0,Pinjaman Pribadi,Medis,13.31,166.0,131.0,44.0,1
CUST105710,32,Bekerja,250000,653,0.6,50,0,0,0,Pinjaman Pribadi,Pribadi,11.14,159.0,158.0,53.0,1
CUST105711,31,Bekerja,51172,652,9.4,2109,0,0,0,Pinjaman Pribadi,Bisnis,11.71,339.0,688.0,229.0,1
CUST105712,23,Bekerja,42003,613,1.7,252,0,1,0,Kredit Berjalan,Pribadi,12.23,218.0,574.0,191.0,1
CUST105713,38,Bekerja,36911,604,7.6,1811,0,1,0,Kartu Kredit,Pendidikan,20.86,576.0,0.87,0.29,0
CUST105714,25,Bekerja,38517,613,6.5,4180,0,0,0,Kartu Kredit,Konsolidasi Hutang,19.06,182.0,854.0,285.0,1
CUST105715,33,Bekerja,37461,741,8.1,124,0,3,0,Kredit Berjalan,Konsolidasi Hutang,7.83,246.0,742.0,247.0,0
CUST105716,20,Bekerja,39375,499,0.3,2,0,0,1,Pinjaman Pribadi,Pendidikan,16.07,0.4,1.519,506.0,0
CUST105717,19,Bekerja,15000,614,0.9,431,0,1,0,Kartu Kredit,Pendidikan,19.73,204.0,193.0,64.0,1
CUST105718,19,Bekerja,15000,552,1.3,201,0,1,0,Pinjaman Pribadi,Pendidikan,15.14,317.0,827.0,276.0,0
CUST105719,32,Bekerja,48703,647,13.5,9123,0,2,0,Pinjaman Pribadi,Pendidikan,14.4,296.0,255.0,85.0,1
CUST105720,33,Bekerja,15000,683,7.6,47,0,0,0,Kartu Kredit,Medis,17.36,139.0,0.3,0.1,1
CUST105721,36,Wiraswasta,54345,694,6.8,249,0,0,0,Kartu Kredit,Konsolidasi Hutang,17.29,0.09,1.288,429.0,1
CUST105722,34,Bekerja,22904,646,13.9,1453,0,0,0,Kartu Kredit,Medis,19.43,189.0,1.157,386.0,1
CUST105723,35,Bekerja,30979,593,12.2,1976,0,2,2,Kredit Berjalan,Pribadi,14.03,699.0,462.0,154.0,0
CUST105724,45,Wiraswasta,52253,633,1.5,482,0,2,0,Pinjaman Pribadi,Medis,13.72,174.0,306.0,102.0,0
CUST105725,45,Wiraswasta,35280,636,7.4,2197,0,0,0,Kartu Kredit,Bisnis,19.35,556.0,1.224,408.0,0
CUST105726,46,Mahasiswa,18554,764,20.3,228,0,0,0,Kredit Berjalan,Pribadi,6.61,134.0,458.0,153.0,1
CUST105727,33,Bekerja,50987,501,0.2,9,1,0,2,Pinjaman Pribadi,Pendidikan,16.25,381.0,314.0,105.0,0
CUST105728,32,Bekerja,41141,694,1.9,346,0,1,0,Pinjaman Pribadi,Medis,11.68,653.0,523.0,174.0,0
CUST105729,52,Bekerja,50515,699,22.5,1615,0,0,0,Kartu Kredit,Medis,18.69,415.0,1.265,422.0,1
CUST105730,28,Bekerja,52874,548,0.7,3053,0,0,0,Pinjaman Pribadi,Konsolidasi Hutang,15.14,495.0,1.057,352.0,0
CUST105731,31,Bekerja,48206,639,5.0,391,0,0,0,Kredit Berjalan,Medis,12.68,75.0,313.0,104.0,1
CUST105732,47,Bekerja,79145,677,3.1,2343,0,0,0,Kredit Berjalan,Konsolidasi Hutang,9.83,229.0,632.0,211.0,0
CUST105733,29,Bekerja,25280,607,3.4,19,0,1,0,Kredit Berjalan,Bisnis,11.15,327.0,198.0,66.0,1
CUST105734,18,Bekerja,15000,594,1.8,38,0,2,0,Pinjaman Pribadi,Renovasi Rumah,15.44,137.0,1.753,584.0,0
CUST105735,28,Bekerja,18121,635,2.8,102,0,1,0,Kartu Kredit,Konsolidasi Hutang,20.32,575.0,497.0,166.0,0
CUST105736,39,Bekerja,46411,651,3.9,145,0,0,0,Kartu Kredit,Medis,18.62,477.0,927.0,309.0,1
CUST105737,34,Bekerja,47781,789,10.1,30819,0,0,0,Kredit Berjalan,Renovasi Rumah,7.58,215.0,814.0,271.0,1
CUST105738,33,Bekerja,125515,715,13.4,962,0,0,0,Kartu Kredit,Pendidikan,17.02,566.0,336.0,112.0,0
CUST105739,39,Wiraswasta,86709,583,1.3,595,0,2,0,Kredit Berjalan,Medis,14.08,554.0,221.0,74.0,0
CUST105740,42,Bekerja,79856,717,0.5,598,0,0,0,Kartu Kredit,Pribadi,15.86,364.0,766.0,255.0,1
CUST105741,30,Bekerja,26850,613,1.1,193,0,0,1,Pinjaman Pribadi,Konsolidasi Hutang,13.9,478.0,1.415,472.0,0
CUST105742,21,Wiraswasta,60650,577,1.4,97,0,0,0,Kredit Berjalan,Konsolidasi Hutang,13.23,295.0,663.0,221.0,0
CUST105743,38,Bekerja,33153,719,1.2,6,0,0,0,Kartu Kredit,Pendidikan,16.13,391.0,1.394,465.0,1
CUST105744,34,Bekerja,35030,593,8.8,3817,0,0,2,Kredit Berjalan,Pribadi,14.75,275.0,614.0,205.0,0
CUST105745,52,Bekerja,84843,748,21.4,4866,0,0,0,Kartu Kredit,Pribadi,16.18,311.0,825.0,275.0,1
CUST105746,37,Wiraswasta,75881,603,17.4,6515,0,3,0,Kartu Kredit,Bisnis,19.28,73.0,548.0,183.0,0
CUST105747,18,Bekerja,40221,603,1.4,57,0,0,0,Pinjaman Pribadi,Pribadi,14.43,299.0,1.077,359.0,0
CUST105748,41,Wiraswasta,232848,684,8.7,11860,0,1,0,Pinjaman Pribadi,Medis,12.53,73.0,429.0,143.0,1
CUST105749,36,Bekerja,47460,630,8.8,185,0,0,0,Pinjaman Pribadi,Pendidikan,14.29,496.0,1.528,509.0,0
CUST105750,18,Bekerja,45226,604,0.9,30,0,1,0,Pinjaman Pribadi,Konsolidasi Hutang,13.53,288.0,1.371,457.0,0
CUST105751,58,Wiraswasta,48837,485,10.3,1287,0,5,0,Kartu Kredit,Medis,22.01,66.0,356.0,119.0,0
CUST105752,30,Bekerja,76555,647,9.0,84,0,0,0,Kredit Berjalan,Pribadi,12.1,755.0,273.0,91.0,0
CUST105753,38,Wiraswasta,43021,605,10.2,3403,0,3,0,Kartu Kredit,Konsolidasi Hutang,20.6,298.0,1.283,428.0,0
CUST105754,32,Bekerja,77399,616,1.8,248,0,0,0,Kredit Berjalan,Pribadi,12.85,259.0,388.0,129.0,1
CUST105755,46,Wiraswasta,46525,653,3.3,2720,0,0,0,Pinjaman Pribadi,Bisnis,11.64,105.0,0.8,267.0,1
CUST105756,25,Wiraswasta,250000,721,0.1,1,0,0,0,Kartu Kredit,Bisnis,15.83,275.0,0.28,93.0,1
CUST105757,27,Wiraswasta,39846,573,3.5,36,0,0,0,Kartu Kredit,Bisnis,21.81,273.0,138.0,46.0,0
CUST105758,32,Mahasiswa,41447,658,4.4,1637,0,0,1,Pinjaman Pribadi,Renovasi Rumah,11.15,425.0,555.0,185.0,0
CUST105759,32,Mahasiswa,15000,776,2.7,563,0,0,0,Kartu Kredit,Bisnis,14.71,175.0,0.1,33.0,1
CUST105760,34,Bekerja,29928,786,10.1,936,0,0,0,Kartu Kredit,Pendidikan,14.57,196.0,1.206,402.0,1
CUST105761,23,Bekerja,49422,605,3.2,4783,0,0,0,Kartu Kredit,Pribadi,20.85,0.22,977.0,326.0,1
CUST105762,41,Mahasiswa,15261,542,6.2,255,0,1,2,Kartu Kredit,Pribadi,21.85,0.17,98.0,33.0,1
CUST105763,47,Bekerja,131164,656,16.9,2154,0,0,0,Kredit Berjalan,Pribadi,10.6,321.0,314.0,105.0,1
CUST105764,41,Bekerja,40500,677,8.8,5402,0,1,0,Kartu Kredit,Pribadi,18.55,508.0,706.0,235.0,1
CUST105765,35,Bekerja,50655,591,14.7,8245,0,0,0,Kredit Berjalan,Pribadi,13.54,325.0,788.0,263.0,1
CUST105766,48,Bekerja,54510,672,28.1,5462,0,0,0,Kartu Kredit,Pribadi,17.31,29.0,0.75,0.25,1
CUST105767,32,Wiraswasta,35693,597,1.0,940,0,1,0,Kartu Kredit,Pendidikan,22.72,132.0,1.278,426.0,0
CUST105768,35,Bekerja,40248,629,9.2,474,0,0,0,Kartu Kredit,Bisnis,19.01,363.0,959.0,0.32,1
CUST105769,22,Bekerja,15000,555,3.4,63,0,0,0,Kartu Kredit,Medis,22.76,223.0,453.0,151.0,0
CUST105770,32,Mahasiswa,35645,658,1.9,387,0,1,0,Kartu Kredit,Medis,17.25,182.0,101.0,34.0,1
CUST105771,25,Bekerja,21067,619,3.8,735,0,1,0,Pinjaman Pribadi,Pendidikan,14.03,429.0,1.291,0.43,1
CUST105772,47,Bekerja,110447,753,12.9,3908,0,0,0,Kredit Berjalan,Medis,6.77,446.0,385.0,128.0,1
CUST105773,34,Bekerja,47697,598,7.6,652,0,1,0,Kredit Berjalan,Medis,14.18,379.0,382.0,127.0,0
CUST105774,28,Wiraswasta,48249,557,0.1,1,0,1,0,Kredit Berjalan,Pribadi,13.07,412.0,499.0,166.0,0
CUST105775,40,Wiraswasta,160479,700,4.2,1016,0,1,1,Kartu Kredit,Medis,16.06,548.0,436.0,145.0,0
CUST105776,25,Wiraswasta,180754,610,1.9,452,0,0,0,Kartu Kredit,Bisnis,20.32,498.0,154.0,51.0,0
CUST105777,39,Mahasiswa,32865,636,10.4,4474,0,3,0,Kartu Kredit,Pribadi,20.0,544.0,0.1,33.0,0
CUST105778,38,Bekerja,58751,611,13.1,19715,0,3,0,Kartu Kredit,Pribadi,20.18,189.0,0.47,157.0,0
CUST105779,38,Bekerja,37453,553,14.7,21163,0,0,1,Kartu Kredit,Medis,22.2,89.0,1.234,411.0,1
CUST105780,41,Bekerja,39588,691,23.0,458,0,0,0,Pinjaman Pribadi,Renovasi Rumah,12.2,92.0,1.142,381.0,1
CUST105781,38,Wiraswasta,44712,576,11.2,13717,0,1,1,Kartu Kredit,Medis,22.16,212.0,906.0,302.0,1
CUST105782,18,Bekerja,21220,578,1.8,119,0,0,0,Kartu Kredit,Bisnis,21.14,502.0,259.0,86.0,0
CUST105783,23,Bekerja,22107,606,2.2,1212,1,1,0,Pinjaman Pribadi,Medis,13.82,42.0,1.683,561.0,0
CUST105784,55,Mahasiswa,50102,676,3.3,182,0,0,0,Kartu Kredit,Konsolidasi Hutang,18.96,257.0,0.1,33.0,1
CUST105785,26,Mahasiswa,15000,712,5.2,19,0,0,0,Kredit Berjalan,Pendidikan,7.64,0.32,0.78,0.26,1
CUST105786,29,Bekerja,63681,726,5.9,3261,0,0,0,Kartu Kredit,Medis,15.87,0.55,1.098,366.0,0
CUST105787,29,Bekerja,77039,702,8.1,1422,0,0,0,Kredit Berjalan,Konsolidasi Hutang,8.4,281.0,291.0,97.0,1
CUST105788,35,Bekerja,20412,608,8.8,63,0,0,0,Pinjaman Pribadi,Pendidikan,14.34,0.26,1.729,576.0,1
CUST105789,43,Bekerja,61428,606,22.8,245,0,1,0,Kredit Berjalan,Bisnis,12.73,341.0,142.0,47.0,1
CUST105790,18,Bekerja,32945,644,0.9,191,0,1,0,Kredit Berjalan,Renovasi Rumah,12.42,0.15,601.0,0.2,0
CUST105791,18,Bekerja,34968,729,0.7,6,0,1,0,Kredit Berjalan,Renovasi Rumah,8.89,336.0,558.0,186.0,1
CUST105792,42,Bekerja,22721,540,20.2,798,0,1,1,Pinjaman Pribadi,Bisnis,15.48,573.0,304.0,101.0,0
CUST105793,44,Bekerja,112059,714,20.3,335,0,1,1,Kredit Berjalan,Pendidikan,7.74,0.28,446.0,149.0,1
CUST105794,59,Bekerja,89817,697,16.5,23714,0,0,0,Kartu Kredit,Renovasi Rumah,17.69,254.0,779.0,0.26,1
CUST105795,23,Wiraswasta,51005,653,4.6,1627,0,0,0,Kartu Kredit,Pendidikan,18.34,465.0,506.0,169.0,1
CUST105796,23,Wiraswasta,61194,574,2.2,115,0,2,1,Pinjaman Pribadi,Pribadi,15.04,222.0,1.634,545.0,0
CUST105797,33,Bekerja,17192,650,1.8,156,0,0,0,Kartu Kredit,Bisnis,17.01,621.0,215.0,72.0,0
CUST105798,27,Bekerja,31252,664,2.6,919,0,0,0,Pinjaman Pribadi,Konsolidasi Hutang,12.19,0.11,925.0,308.0,0
CUST105799,19,Bekerja,70479,577,1.6,187,0,1,1,Kartu Kredit,Medis,22.49,538.0,993.0,331.0,0
CUST105800,43,Bekerja,56273,702,18.9,16901,0,0,0,Pinjaman Pribadi,Bisnis,10.94,402.0,87.0,29.0,1
CUST105801,53,Bekerja,24858,691,1.4,21,0,0,0,Pinjaman Pribadi,Pribadi,11.26,652.0,97.0,32.0,0
CUST105802,33,Bekerja,48743,702,8.9,2861,0,0,1,Kartu Kredit,Pribadi,16.88,132.0,1.354,451.0,1
CUST105803,37,Bekerja,45256,712,4.4,2548,0,0,0,Pinjaman Pribadi,Renovasi Rumah,10.79,183.0,0.51,0.17,1
CUST105804,53,Bekerja,49482,729,14.8,1787,0,0,0,Kredit Berjalan,Pribadi,9.07,219.0,479.0,0.16,1
CUST105805,33,Bekerja,65543,648,12.6,24154,0,3,1,Kartu Kredit,Pendidikan,19.95,197.0,1.068,356.0,0
CUST105806,65,Bekerja,53187,687,13.8,1485,0,0,0,Kartu Kredit,Pendidikan,17.18,364.0,402.0,134.0,1
CUST105807,33,Bekerja,30445,618,9.3,201,0,1,0,Pinjaman Pribadi,Konsolidasi Hutang,14.76,127.0,1.514,505.0,0
CUST105808,45,Bekerja,64622,683,13.8,23455,0,0,0,Kartu Kredit,Pendidikan,17.16,289.0,339.0,113.0,1
CUST105809,44,Bekerja,42900,728,23.6,1023,0,0,0,Pinjaman Pribadi,Medis,11.13,588.0,1.583,528.0,0
CUST105810,21,Bekerja,37833,628,1.5,140,0,1,0,Pinjaman Pribadi,Bisnis,13.68,379.0,0.79,263.0,0
CUST105811,48,Wiraswasta,18826,665,28.8,2291,0,1,0,Kartu Kredit,Bisnis,17.26,245.0,0.76,253.0,1
CUST105812,54,Wiraswasta,49889,580,14.6,388,0,0,1,Kartu Kredit,Konsolidasi Hutang,21.29,504.0,0.83,277.0,0
CUST105813,36,Bekerja,163112,738,5.4,648,0,0,1,Kredit Berjalan,Medis,9.36,162.0,143.0,48.0,1
CUST105814,33,Mahasiswa,32723,697,2.8,46,0,0,0,Kartu Kredit,Konsolidasi Hutang,17.02,264.0,101.0,34.0,1
CUST105815,31,Bekerja,39404,470,0.1,17,1,4,0,Kredit Berjalan,Bisnis,13.81,499.0,152.0,51.0,0
CUST105816,49,Bekerja,143624,704,3.1,340,0,0,0,Pinjaman Pribadi,Medis,10.16,99.0,696.0,232.0,1
CUST105817,24,Bekerja,80534,683,2.1,147,0,0,0,Kredit Berjalan,Pendidikan,9.05,194.0,425.0,142.0,1
CUST105818,28,Bekerja,49981,714,9.3,1663,0,0,0,Kartu Kredit,Pribadi,16.25,354.0,0.86,287.0,1
CUST105819,23,Wiraswasta,250000,625,3.9,2472,0,0,0,Kartu Kredit,Pendidikan,19.52,108.0,0.28,93.0,1
CUST105820,40,Wiraswasta,18416,593,9.8,615,0,0,0,Kartu Kredit,Pribadi,22.7,188.0,874.0,291.0,0
CUST105821,49,Wiraswasta,83942,676,24.4,54457,0,1,0,Pinjaman Pribadi,Pendidikan,11.77,329.0,347.0,116.0,1
CUST105822,39,Bekerja,61894,749,8.9,4114,0,0,0,Pinjaman Pribadi,Pendidikan,10.0,213.0,1.389,463.0,1
CUST105823,19,Bekerja,21684,555,0.1,2,0,0,0,Pinjaman Pribadi,Bisnis,16.49,134.0,1.171,0.39,0
CUST105824,21,Bekerja,29006,604,1.9,111,0,1,0,Pinjaman Pribadi,Bisnis,14.71,0.18,1.907,636.0,0
CUST105825,39,Bekerja,49278,671,13.4,330,0,0,0,Pinjaman Pribadi,Konsolidasi Hutang,11.44,362.0,2.001,667.0,1
CUST105826,39,Mahasiswa,22513,683,14.0,3945,0,0,0,Kartu Kredit,Medis,17.93,243.0,102.0,34.0,1
CUST105827,47,Mahasiswa,15000,643,10.0,1164,0,2,0,Kartu Kredit,Pribadi,20.83,142.0,0.1,33.0,1
CUST105828,30,Wiraswasta,48584,551,5.0,226,0,2,0,Kartu Kredit,Medis,21.55,254.0,0.5,167.0,0
CUST105829,30,Mahasiswa,17756,702,2.1,18,0,0,0,Kartu Kredit,Pribadi,15.93,236.0,101.0,34.0,1
CUST105830,29,Wiraswasta,74748,636,8.2,249,0,2,1,Kartu Kredit,Pribadi,20.84,242.0,764.0,255.0,1
CUST105831,18,Mahasiswa,32624,471,1.1,531,0,1,0,Pinjaman Pribadi,Pribadi,15.51,541.0,343.0,114.0,0
CUST105832,22,Bekerja,15000,623,0.9,16,0,4,0,Pinjaman Pribadi,Pribadi,13.21,178.0,1.947,649.0,0
CUST105833,46,Bekerja,121070,736,9.6,613,0,0,0,Kartu Kredit,Pribadi,16.33,498.0,0.12,0.04,1
CUST105834,19,Wiraswasta,20296,632,0.4,0,0,0,0,Kartu Kredit,Pribadi,20.24,0.19,1.271,424.0,0
CUST105835,27,Bekerja,40408,672,6.0,3238,0,0,0,Kredit Berjalan,Bisnis,10.75,181.0,205.0,68.0,1
CUST105836,39,Wiraswasta,146732,599,6.6,103,0,0,0,Kredit Berjalan,Pendidikan,14.32,286.0,261.0,87.0,1
CUST105837,32,Bekerja,84089,649,5.3,70058,0,0,0,Pinjaman Pribadi,Medis,13.27,0.41,241.0,0.08,1
CUST105838,28,Bekerja,49110,707,4.2,177,0,0,0,Pinjaman Pribadi,Pendidikan,9.56,445.0,1.884,628.0,1
CUST105839,37,Mahasiswa,15000,702,5.8,551,0,0,0,Kartu Kredit,Pribadi,17.41,584.0,93.0,31.0,0
CUST105840,41,Bekerja,35836,658,3.6,3656,0,0,0,Kartu Kredit,Konsolidasi Hutang,18.3,141.0,179.0,0.06,1
CUST105841,18,Bekerja,40095,529,1.4,10,1,0,0,Kartu Kredit,Konsolidasi Hutang,22.05,174.0,748.0,249.0,0
CUST105842,19,Bekerja,40034,636,1.8,27,0,1,0,Pinjaman Pribadi,Bisnis,13.68,178.0,0.47,157.0,0
CUST105843,38,Bekerja,28511,568,3.5,2518,0,2,0,Kartu Kredit,Pendidikan,22.35,261.0,1.392,464.0,0
CUST105844,25,Bekerja,29551,621,6.9,942,0,0,0,Pinjaman Pribadi,Konsolidasi Hutang,14.37,88.0,213.0,71.0,1
CUST105845,31,Bekerja,17026,656,9.9,1499,0,0,0,Kartu Kredit,Bisnis,17.75,589.0,552.0,184.0,0
CUST105846,42,Wiraswasta,116802,681,5.3,506,0,0,0,Kartu Kredit,Bisnis,17.4,0.14,87.0,29.0,1
CUST105847,45,Bekerja,57758,619,4.5,3032,0,1,0,Kartu Kredit,Medis,20.46,389.0,421.0,0.14,1
CUST105848,50,Bekerja,94038,706,13.7,1718,0,0,0,Pinjaman Pribadi,Pendidikan,9.86,81.0,1.063,354.0,1
CUST105849,42,Wiraswasta,32195,629,8.4,465,0,1,0,Kartu Kredit,Konsolidasi Hutang,20.24,93.0,103.0,34.0,1
CUST105850,36,Bekerja,38803,665,5.0,1552,0,1,0,Kartu Kredit,Pendidikan,17.16,429.0,946.0,315.0,1
CUST105851,20,Bekerja,17202,532,1.3,15,0,0,0,Pinjaman Pribadi,Bisnis,16.01,388.0,1.203,401.0,0
CUST105852,20,Mahasiswa,37483,536,1.2,5,0,1,1,Pinjaman Pribadi,Konsolidasi Hutang,15.39,174.0,1.542,514.0,0
CUST105853,44,Bekerja,48647,618,24.0,371,0,1,0,Kredit Berjalan,Bisnis,11.2,444.0,0.73,243.0,0
CUST105854,28,Wiraswasta,31006,580,6.3,223,0,0,1,Kartu Kredit,Bisnis,22.49,401.0,1.258,419.0,0
CUST105855,43,Bekerja,37044,585,0.8,36,0,0,0,Pinjaman Pribadi,Konsolidasi Hutang,16.43,615.0,1.701,567.0,0
CUST105856,27,Bekerja,30812,722,3.7,1126,0,0,0,Pinjaman Pribadi,Pribadi,11.14,25.0,1.71,0.57,1
CUST105857,29,Bekerja,21594,674,8.4,99,0,0,0,Kartu Kredit,Medis,17.2,619.0,1.111,0.37,0
CUST105858,18,Bekerja,22588,503,1.1,135,0,0,0,Pinjaman Pribadi,Konsolidasi Hutang,15.94,204.0,1.319,0.44,0
CUST105859,23,Bekerja,17733,539,1.4,65,0,0,0,Pinjaman Pribadi,Renovasi Rumah,16.1,245.0,987.0,329.0,0
CUST105860,46,Bekerja,15000,680,5.7,417,0,0,0,Kartu Kredit,Pendidikan,18.49,133.0,913.0,304.0,1
CUST105861,55,Wiraswasta,62150,525,23.7,1670,0,1,1,Pinjaman Pribadi,Bisnis,16.06,76.0,639.0,213.0,0
CUST105862,41,Bekerja,46120,689,17.2,621,0,0,0,Kredit Berjalan,Bisnis,10.11,118.0,0.16,53.0,1
CUST105863,37,Mahasiswa,15000,660,1.8,495,0,0,0,Pinjaman Pribadi,Bisnis,12.93,315.0,1.293,431.0,0
CUST105864,41,Bekerja,49000,664,4.1,3139,0,0,0,Kartu Kredit,Medis,18.56,484.0,33.0,11.0,0
CUST105865,44,Bekerja,26764,648,1.7,194,0,1,1,Kartu Kredit,Medis,19.32,0.23,0.62,207.0,0
CUST105866,18,Bekerja,15000,657,0.9,2,0,0,0,Pinjaman Pribadi,Bisnis,11.01,264.0,0.28,93.0,1
CUST105867,55,Bekerja,56362,605,5.5,1743,0,2,0,Pinjaman Pribadi,Pendidikan,14.09,414.0,1.332,444.0,0
CUST105868,36,Bekerja,34212,542,16.3,73329,0,1,1,Pinjaman Pribadi,Pribadi,15.35,204.0,1.225,408.0,0
CUST105869,27,Bekerja,32619,545,3.4,178,0,0,0,Kartu Kredit,Medis,21.62,224.0,187.0,62.0,1
CUST105870,32,Wiraswasta,91716,659,8.5,20880,0,1,0,Kartu Kredit,Konsolidasi Hutang,18.59,299.0,763.0,254.0,1
CUST105871,44,Bekerja,40626,645,13.8,12943,1,2,0,Kartu Kredit,Renovasi Rumah,20.81,446.0,1.332,444.0,0
CUST105872,18,Bekerja,18008,723,1.1,47,0,0,0,Pinjaman Pribadi,Pendidikan,11.31,93.0,122.0,41.0,1
CUST105873,32,Mahasiswa,15000,714,11.3,719,0,1,0,Kartu Kredit,Konsolidasi Hutang,17.46,0.08,0.1,33.0,1
CUST105874,54,Bekerja,75544,696,14.0,1301,0,0,1,Pinjaman Pribadi,Pendidikan,12.87,135.0,1.227,409.0,0
CUST105875,49,Bekerja,82240,618,26.8,5590,0,1,0,Kartu Kredit,Pribadi,20.9,91.0,13.0,4.0,1
CUST105876,49,Bekerja,19443,565,7.5,776,0,0,0,Kartu Kredit,Pribadi,22.62,232.0,26.0,9.0,1
CUST105877,40,Bekerja,50328,622,12.9,582,0,2,0,Kartu Kredit,Konsolidasi Hutang,19.83,469.0,761.0,254.0,0
CUST105878,37,Bekerja,81720,568,12.9,8231,1,2,0,Kredit Berjalan,Pribadi,14.8,296.0,417.0,139.0,0
CUST105879,36,Mahasiswa,18680,599,16.8,943,0,0,0,Kartu Kredit,Pribadi,21.21,166.0,102.0,34.0,1
CUST105880,22,Bekerja,17694,614,3.9,340,0,1,0,Pinjaman Pribadi,Medis,13.93,431.0,588.0,196.0,0
CUST105881,39,Mahasiswa,15000,486,17.0,257,0,0,0,Kredit Berjalan,Medis,14.61,741.0,1.013,338.0,0
CUST105882,34,Bekerja,49423,735,10.1,331,0,0,1,Pinjaman Pribadi,Medis,10.76,192.0,1.845,615.0,1
CUST105883,50,Bekerja,130594,731,8.5,2592,0,0,0,Kartu Kredit,Medis,17.38,331.0,179.0,0.06,1
CUST105884,18,Bekerja,62172,646,0.2,12,0,1,0,Pinjaman Pribadi,Pribadi,13.38,172.0,27.0,9.0,1
CUST105885,18,Wiraswasta,37691,630,0.2,43,0,0,0,Pinjaman Pribadi,Pribadi,14.23,507.0,541.0,0.18,0
CUST105886,23,Wiraswasta,42389,593,4.6,900,0,0,0,Kartu Kredit,Pribadi,21.78,653.0,149.0,0.05,0
CUST105887,21,Bekerja,38225,702,1.5,141,0,0,0,Kredit Berjalan,Bisnis,8.17,197.0,466.0,155.0,1
CUST105888,64,Bekerja,60994,650,18.9,15555,0,0,0,Kartu Kredit,Pendidikan,18.17,0.22,1.148,383.0,1
CUST105889,18,Bekerja,38776,562,0.3,32,0,2,1,Kartu Kredit,Bisnis,22.69,222.0,382.0,127.0,0
CUST105890,33,Bekerja,29307,716,10.8,1116,0,0,0,Kartu Kredit,Medis,16.57,278.0,676.0,225.0,1
CUST105891,46,Bekerja,105393,686,12.7,5615,0,0,0,Kartu Kredit,Konsolidasi Hutang,18.64,185.0,39.0,13.0,1
CUST105892,25,Bekerja,25372,630,1.6,74,0,1,0,Kartu Kredit,Medis,20.6,141.0,504.0,168.0,1
CUST105893,37,Bekerja,31444,702,9.4,7359,0,1,0,Kredit Berjalan,Konsolidasi Hutang,8.83,113.0,786.0,262.0,1
CUST105894,31,Bekerja,47492,714,3.9,2273,0,0,0,Pinjaman Pribadi,Bisnis,10.4,157.0,581.0,194.0,1
CUST105895,45,Bekerja,17935,729,25.7,6097,0,0,0,Kartu Kredit,Renovasi Rumah,15.63,68.0,792.0,264.0,1
CUST105896,70,Bekerja,38886,624,23.1,4012,0,0,0,Kartu Kredit,Pribadi,19.92,572.0,699.0,233.0,0
CUST105897,53,Wiraswasta,19082,727,18.3,1383,0,2,0,Kartu Kredit,Konsolidasi Hutang,16.07,461.0,335.0,112.0,0
CUST105898,32,Wiraswasta,45075,587,6.8,5609,0,0,0,Kartu Kredit,Pendidikan,22.88,0.5,275.0,92.0,0
CUST105899,42,Bekerja,66009,727,9.3,483,0,0,0,Kartu Kredit,Pendidikan,16.3,183.0,1.06,353.0,1
CUST105900,37,Bekerja,49534,743,13.9,21700,0,0,0,Kartu Kredit,Renovasi Rumah,16.75,418.0,1.349,0.45,1
CUST105901,54,Bekerja,131914,733,5.4,6772,0,0,0,Pinjaman Pribadi,Pribadi,10.89,104.0,216.0,72.0,1
CUST105902,38,Bekerja,49367,678,9.3,1867,0,0,0,Kartu Kredit,Pribadi,17.7,356.0,265.0,88.0,1
CUST105903,34,Bekerja,15000,587,0.4,283,0,0,0,Kartu Kredit,Pendidikan,21.3,43.0,0.8,267.0,0
CUST105904,36,Bekerja,16508,714,17.4,446,1,1,0,Kartu Kredit,Bisnis,16.64,699.0,1.066,355.0,0
CUST105905,18,Bekerja,20859,605,0.3,3,0,2,0,Pinjaman Pribadi,Renovasi Rumah,13.38,165.0,1.711,0.57,0
CUST105906,43,Bekerja,23693,630,23.8,325,0,0,0,Kartu Kredit,Pribadi,19.91,14.0,899.0,0.3,1
CUST105907,31,Bekerja,36694,577,10.5,2060,0,0,0,Kredit Berjalan,Medis,13.65,0.38,335.0,112.0,0
CUST105908,30,Bekerja,73426,559,0.8,152,0,0,0,Kredit Berjalan,Renovasi Rumah,13.58,325.0,646.0,215.0,0
CUST105909,33,Wiraswasta,35745,666,13.1,659,0,1,0,Kartu Kredit,Pendidikan,17.57,136.0,143.0,48.0,1
CUST105910,45,Bekerja,50043,688,16.6,447,0,1,1,Pinjaman Pribadi,Pribadi,12.85,197.0,1.361,454.0,1
CUST105911,35,Bekerja,46455,659,7.6,107,0,0,0,Pinjaman Pribadi,Konsolidasi Hutang,12.13,421.0,1.511,504.0,0
CUST105912,29,Bekerja,34725,465,10.4,1023,0,0,0,Kartu Kredit,Konsolidasi Hutang,22.24,263.0,1.333,444.0,0
CUST105913,37,Bekerja,49370,689,12.5,212,0,0,0,Kartu Kredit,Medis,17.77,302.0,207.0,69.0,1
CUST105914,25,Bekerja,28265,621,0.9,120,0,0,0,Kartu Kredit,Renovasi Rumah,20.37,477.0,368.0,123.0,0
CUST105915,27,Bekerja,34506,634,7.4,2677,0,0,0,Kredit Berjalan,Medis,11.18,366.0,403.0,134.0,0
CUST105916,55,Bekerja,39347,730,19.4,660,0,0,0,Kredit Berjalan,Pendidikan,9.08,495.0,379.0,126.0,1
CUST105917,18,Bekerja,22130,603,1.1,32,0,0,0,Pinjaman Pribadi,Pribadi,13.56,256.0,1.369,456.0,0
CUST105918,40,Bekerja,24776,637,17.8,465,0,0,0,Kartu Kredit,Medis,19.9,269.0,145.0,48.0,1
CUST105919,48,Bekerja,27466,688,10.9,228,0,0,0,Kartu Kredit,Pribadi,17.85,242.0,1.107,369.0,1
CUST105920,46,Bekerja,32797,776,13.7,217,0,1,1,Pinjaman Pribadi,Pendidikan,9.13,244.0,1.223,408.0,1
CUST105921,18,Wiraswasta,61775,660,1.6,306,0,0,0,Pinjaman Pribadi,Medis,11.01,0.33,845.0,282.0,1
CUST105922,26,Bekerja,20380,552,4.6,132,0,0,0,Kartu Kredit,Medis,22.42,0.04,201.0,67.0,1
CUST105923,47,Bekerja,19879,599,26.8,559,0,1,1,Pinjaman Pribadi,Medis,16.47,213.0,563.0,188.0,0
CUST105924,18,Bekerja,15000,518,0.3,0,1,1,0,Pinjaman Pribadi,Pribadi,15.73,438.0,1.5,0.5,0
CUST105925,39,Bekerja,29790,606,0.1,0,0,0,0,Kredit Berjalan,Pribadi,11.25,107.0,749.0,0.25,0
CUST105926,39,Mahasiswa,40363,750,13.9,1115,0,0,0,Kredit Berjalan,Pribadi,6.85,264.0,451.0,0.15,1
CUST105927,46,Wiraswasta,88390,628,0.3,132,0,1,0,Pinjaman Pribadi,Konsolidasi Hutang,14.24,282.0,563.0,188.0,0
CUST105928,41,Bekerja,16276,642,16.9,430,0,1,0,Kartu Kredit,Pendidikan,19.32,74.0,504.0,168.0,1
CUST105929,38,Bekerja,32389,714,2.2,48,0,1,0,Kredit Berjalan,Medis,8.07,269.0,389.0,0.13,1
CUST105930,28,Mahasiswa,50142,495,8.2,906,0,1,1,Pinjaman Pribadi,Bisnis,16.74,0.24,1.703,568.0,0
CUST105931,32,Mahasiswa,21099,617,3.4,49,0,0,0,Kredit Berjalan,Pribadi,12.8,359.0,716.0,239.0,0
CUST105932,18,Bekerja,32098,569,0.8,23,0,0,0,Kartu Kredit,Medis,22.4,222.0,695.0,232.0,0
CUST105933,21,Bekerja,15000,669,1.3,623,0,1,0,Pinjaman Pribadi,Pendidikan,11.51,0.34,0.44,147.0,1
CUST105934,27,Bekerja,31747,610,4.7,210,0,1,0,Kartu Kredit,Pribadi,19.69,141.0,94.0,31.0,1
CUST105935,51,Bekerja,94278,700,9.2,1309,0,0,0,Pinjaman Pribadi,Pribadi,10.77,597.0,785.0,262.0,0
CUST105936,20,Wiraswasta,61975,564,1.9,85,0,0,2,Pinjaman Pribadi,Medis,15.97,549.0,0.75,0.25,0
CUST105937,51,Bekerja,35150,594,24.1,431,0,1,1,Pinjaman Pribadi,Konsolidasi Hutang,16.07,78.0,765.0,255.0,0
CUST105938,39,Bekerja,70518,621,9.8,585,0,0,0,Kartu Kredit,Medis,20.21,355.0,546.0,182.0,1
CUST105939,50,Bekerja,88876,761,28.6,6676,0,1,0,Kartu Kredit,Medis,15.89,209.0,667.0,222.0,1
CUST105940,69,Bekerja,49065,657,3.7,667,0,0,0,Kartu Kredit,Pribadi,18.65,108.0,1.386,462.0,1
CUST105941,38,Mahasiswa,23169,663,13.0,716,0,1,0,Kartu Kredit,Konsolidasi Hutang,18.68,456.0,99.0,33.0,1
CUST105942,28,Bekerja,32067,566,0.0,0,0,0,0,Kartu Kredit,Pribadi,22.08,239.0,0.96,0.32,0
CUST105943,31,Bekerja,31729,654,11.1,177,0,0,0,Kartu Kredit,Bisnis,18.67,527.0,0.46,153.0,0
CUST105944,42,Wiraswasta,100839,624,8.8,896,0,4,0,Kartu Kredit,Pendidikan,20.8,419.0,656.0,219.0,0
CUST105945,25,Bekerja,15654,585,4.2,325,0,1,0,Pinjaman Pribadi,Pendidikan,15.09,317.0,1.22,407.0,0
CUST105946,26,Bekerja,20405,619,2.2,13,0,0,0,Pinjaman Pribadi,Renovasi Rumah,14.51,495.0,1.544,515.0,0
CUST105947,27,Bekerja,24590,593,7.7,1654,1,1,0,Kredit Berjalan,Pendidikan,14.4,321.0,472.0,157.0,0
CUST105948,31,Wiraswasta,126001,622,1.4,404,0,2,0,Pinjaman Pribadi,Konsolidasi Hutang,13.73,709.0,794.0,265.0,0
CUST105949,41,Wiraswasta,40587,613,21.1,8109,0,0,0,Kredit Berjalan,Medis,11.13,191.0,333.0,111.0,1
CUST105950,36,Wiraswasta,117617,754,16.6,15387,0,0,0,Kartu Kredit,Renovasi Rumah,15.33,763.0,528.0,176.0,0
CUST105951,41,Mahasiswa,25642,592,0.9,32,0,0,2,Pinjaman Pribadi,Medis,16.8,189.0,394.0,131.0,0
CUST105952,35,Bekerja,34081,698,6.8,535,0,2,1,Kartu Kredit,Konsolidasi Hutang,17.51,124.0,907.0,302.0,0
CUST105953,28,Bekerja,106042,604,5.8,213,0,0,0,Pinjaman Pribadi,Pribadi,14.25,307.0,559.0,186.0,1
CUST105954,51,Bekerja,88884,746,7.5,7489,0,0,0,Pinjaman Pribadi,Renovasi Rumah,9.96,361.0,1.125,375.0,1
CUST105955,50,Bekerja,76032,703,18.0,12967,0,0,0,Kartu Kredit,Bisnis,16.41,284.0,921.0,307.0,1
CUST105956,50,Bekerja,66987,607,7.2,135,0,1,0,Kartu Kredit,Pribadi,20.36,389.0,991.0,0.33,1
CUST105957,46,Wiraswasta,38205,751,25.8,65631,0,0,0,Kartu Kredit,Konsolidasi Hutang,14.53,0.26,521.0,174.0,1
CUST105958,18,Wiraswasta,77101,672,1.7,1699,0,0,0,Kredit Berjalan,Pribadi,10.72,57.0,358.0,119.0,1
CUST105959,30,Wiraswasta,39007,633,1.5,7,0,1,0,Kartu Kredit,Pribadi,20.25,205.0,1.049,0.35,0
CUST105960,32,Wiraswasta,99258,669,9.0,951,0,0,0,Pinjaman Pribadi,Pribadi,11.65,561.0,827.0,276.0,0
CUST105961,32,Bekerja,36801,609,8.8,71,0,0,0,Kartu Kredit,Pendidikan,20.81,436.0,329.0,0.11,1
CUST105962,24,Bekerja,27789,663,4.2,114,0,1,0,Pinjaman Pribadi,Renovasi Rumah,12.49,244.0,1.45,483.0,0
CUST105963,31,Bekerja,34055,687,8.7,1147,0,0,0,Kartu Kredit,Bisnis,18.29,296.0,505.0,168.0,1
CUST105964,45,Bekerja,64856,584,19.3,10583,0,1,0,Pinjaman Pribadi,Bisnis,15.21,348.0,1.368,456.0,0
CUST105965,43,Bekerja,131494,682,9.1,1246,0,0,0,Pinjaman Pribadi,Konsolidasi Hutang,11.11,177.0,529.0,176.0,1
CUST105966,23,Bekerja,24317,554,3.8,93,0,0,0,Kartu Kredit,Pribadi,21.09,0.26,662.0,221.0,1
CUST105967,45,Bekerja,31048,670,2.8,491,0,0,0,Kartu Kredit,Renovasi Rumah,18.26,0.07,132.0,44.0,1
CUST105968,39,Bekerja,67040,697,13.5,1389,0,0,0,Pinjaman Pribadi,Konsolidasi Hutang,11.61,123.0,333.0,111.0,1
CUST105969,28,Bekerja,15000,724,7.0,1097,0,0,0,Kartu Kredit,Bisnis,16.6,75.0,0.76,253.0,1
CUST105970,45,Bekerja,87983,693,23.4,11337,0,0,0,Kredit Berjalan,Medis,9.79,277.0,568.0,189.0,1
CUST105971,52,Bekerja,85594,726,17.7,2682,0,0,0,Kartu Kredit,Bisnis,16.08,155.0,257.0,86.0,1
CUST105972,20,Bekerja,26884,623,0.5,35,0,1,0,Kartu Kredit,Renovasi Rumah,20.8,337.0,193.0,64.0,1
CUST105973,31,Bekerja,38252,710,9.2,1150,0,0,0,Kartu Kredit,Bisnis,16.81,0.23,434.0,145.0,1
CUST105974,26,Bekerja,23096,596,2.6,107,0,0,2,Pinjaman Pribadi,Konsolidasi Hutang,15.78,297.0,1.628,543.0,0
CUST105975,22,Bekerja,23031,642,2.2,378,0,0,1,Kredit Berjalan,Renovasi Rumah,12.08,112.0,747.0,249.0,0
CUST105976,53,Bekerja,69447,628,16.0,6704,0,0,0,Kredit Berjalan,Pribadi,11.87,133.0,288.0,96.0,1
CUST105977,39,Wiraswasta,40592,725,12.7,2087,0,0,0,Pinjaman Pribadi,Konsolidasi Hutang,10.09,18.0,1.352,451.0,1
CUST105978,19,Bekerja,23260,577,0.8,51,0,1,1,Kartu Kredit,Pribadi,22.08,373.0,1.109,0.37,0
CUST105979,43,Mahasiswa,15000,634,22.9,288,0,2,0,Kartu Kredit,Pendidikan,20.95,262.0,87.0,29.0,1
CUST105980,18,Bekerja,17021,620,1.6,123,0,1,0,Pinjaman Pribadi,Pribadi,14.03,338.0,875.0,292.0,0
CUST105981,24,Bekerja,34386,685,3.4,1499,0,0,1,Pinjaman Pribadi,Medis,12.18,0.4,1.815,605.0,0
CUST105982,37,Bekerja,82093,681,12.4,917,0,0,0,Kartu Kredit,Pendidikan,17.57,117.0,516.0,172.0,1
CUST105983,41,Bekerja,53011,709,13.9,30730,0,0,0,Pinjaman Pribadi,Pendidikan,10.35,502.0,1.886,629.0,1
CUST105984,49,Wiraswasta,20052,582,17.0,1943,0,0,0,Kredit Berjalan,Pendidikan,13.71,249.0,409.0,136.0,1
CUST105985,20,Wiraswasta,25701,550,0.0,0,0,1,1,Pinjaman Pribadi,Pribadi,16.69,541.0,1.7,567.0,0
CUST105986,38,Bekerja,54691,568,2.0,1230,0,2,0,Kartu Kredit,Renovasi Rumah,21.36,287.0,845.0,282.0,0
CUST105987,35,Bekerja,72180,613,5.3,1541,0,0,0,Kredit Berjalan,Medis,11.87,0.4,644.0,215.0,0
CUST105988,27,Wiraswasta,223249,669,0.9,365,0,0,0,Kredit Berjalan,Bisnis,9.65,256.0,104.0,35.0,1
CUST105989,38,Wiraswasta,102581,670,17.0,4390,0,0,0,Kartu Kredit,Pribadi,18.14,191.0,682.0,227.0,1
CUST105990,33,Bekerja,16645,656,2.7,52,0,0,0,Kredit Berjalan,Pribadi,10.93,364.0,931.0,0.31,1
CUST105991,28,Bekerja,67568,547,6.1,1500,0,0,0,Kredit Berjalan,Pendidikan,13.34,694.0,604.0,201.0,0
CUST105992,33,Wiraswasta,60317,660,5.2,84,0,0,0,Kartu Kredit,Pendidikan,18.09,288.0,1.161,387.0,1
CUST105993,41,Bekerja,43854,565,20.2,386,0,3,2,Pinjaman Pribadi,Pribadi,16.16,195.0,1.74,0.58,0
CUST105994,31,Bekerja,27512,588,1.3,83,0,1,1,Pinjaman Pribadi,Pendidikan,15.12,369.0,491.0,164.0,0
CUST105995,31,Bekerja,70729,650,4.3,10221,0,0,0,Kartu Kredit,Renovasi Rumah,17.66,528.0,0.99,0.33,0
CUST105996,29,Bekerja,62009,632,8.4,231,0,2,0,Kartu Kredit,Bisnis,20.4,53.0,753.0,251.0,0
CUST105997,25,Bekerja,38043,571,6.0,1420,0,2,0,Pinjaman Pribadi,Pribadi,16.21,358.0,1.325,442.0,0
CUST105998,30,Wiraswasta,114120,636,4.8,1317,0,3,0,Kredit Berjalan,Pendidikan,11.61,295.0,438.0,146.0,0
CUST105999,27,Bekerja,16092,609,7.6,52,0,0,0,Pinjaman Pribadi,Pendidikan,13.26,227.0,1.087,362.0,1
CUST106000,48,Wiraswasta,49292,596,14.3,421,0,1,0,Kartu Kredit,Pribadi,21.32,255.0,0.74,247.0,1
CUST106001,32,Bekerja,20061,693,0.3,1,0,0,0,Kartu Kredit,Bisnis,18.72,542.0,1.002,334.0,0
CUST106002,18,Mahasiswa,26627,546,0.8,18,0,2,0,Kredit Berjalan,Bisnis,14.54,61.0,518.0,173.0,0
CUST106003,34,Bekerja,30565,588,13.9,268,0,0,1,Kartu Kredit,Medis,22.43,412.0,406.0,135.0,0
CUST106004,45,Bekerja,75656,643,24.3,529,0,0,0,Pinjaman Pribadi,Medis,14.3,475.0,1.322,441.0,0
CUST106005,35,Wiraswasta,35102,681,9.5,5465,0,1,0,Kartu Kredit,Pendidikan,18.08,262.0,1.33,443.0,1
CUST106006,42,Bekerja,77461,581,22.7,68266,0,0,0,Kredit Berjalan,Pendidikan,14.66,434.0,645.0,215.0,0
CUST106007,31,Bekerja,79043,583,0.8,110,0,1,0,Kredit Berjalan,Pendidikan,13.21,608.0,335.0,112.0,0
CUST106008,39,Bekerja,50075,654,9.3,6829,0,0,0,Pinjaman Pribadi,Konsolidasi Hutang,12.43,191.0,413.0,138.0,1
CUST106009,50,Mahasiswa,15000,746,25.1,1201,0,0,0,Kartu Kredit,Pribadi,16.84,327.0,0.1,33.0,1
CUST106010,29,Bekerja,38245,624,7.9,2355,0,0,0,Pinjaman Pribadi,Pribadi,14.42,369.0,792.0,264.0,1
CUST106011,27,Bekerja,74567,688,1.3,433,0,0,0,Pinjaman Pribadi,Bisnis,12.88,139.0,864.0,288.0,0
CUST106012,36,Mahasiswa,75708,579,15.6,1946,0,0,1,Kredit Berjalan,Renovasi Rumah,14.77,193.0,284.0,95.0,0
CUST106013,38,Bekerja,28787,673,14.7,588,0,0,0,Pinjaman Pribadi,Bisnis,12.4,277.0,1.303,434.0,0
CUST106014,59,Bekerja,83994,729,27.4,9189,0,0,0,Pinjaman Pribadi,Konsolidasi Hutang,11.41,0.16,1.191,397.0,1
CUST106015,34,Bekerja,48632,567,5.9,336,1,2,0,Kartu Kredit,Konsolidasi Hutang,21.41,355.0,113.0,38.0,0
CUST106016,18,Wiraswasta,176380,670,1.7,127,0,0,0,Kartu Kredit,Medis,17.52,95.0,397.0,132.0,1
CUST106017,53,Wiraswasta,110210,742,5.5,1607,0,1,0,Pinjaman Pribadi,Pribadi,10.51,62.0,907.0,302.0,1
CUST106018,42,Mahasiswa,24393,696,19.9,1965,0,0,0,Kartu Kredit,Bisnis,18.75,791.0,98.0,33.0,0
CUST106019,42,Bekerja,56255,729,21.4,1750,0,0,1,Kredit Berjalan,Pribadi,7.53,229.0,537.0,179.0,1
CUST106020,28,Bekerja,54699,659,7.2,834,0,0,0,Pinjaman Pribadi,Bisnis,11.8,237.0,863.0,288.0,0
CUST106021,26,Bekerja,96006,499,4.7,1599,0,0,0,Kredit Berjalan,Medis,14.86,102.0,521.0,174.0,0
CUST106022,28,Bekerja,56813,670,2.9,124,0,0,0,Kartu Kredit,Konsolidasi Hutang,18.65,364.0,1.127,376.0,0
CUST106023,39,Bekerja,51593,709,11.2,1052,0,0,0,Kredit Berjalan,Renovasi Rumah,8.4,0.7,729.0,243.0,0
CUST106024,37,Wiraswasta,26294,696,17.1,824,0,0,0,Pinjaman Pribadi,Konsolidasi Hutang,11.69,626.0,1.038,346.0,0
CUST106025,41,Bekerja,43611,599,5.3,467,0,0,0,Kredit Berjalan,Bisnis,13.13,425.0,225.0,75.0,0
CUST106026,34,Bekerja,19610,636,14.9,129,0,1,0,Kredit Berjalan,Pribadi,12.58,278.0,291.0,97.0,1
CUST106027,20,Bekerja,18781,496,0.8,2,0,2,0,Kartu Kredit,Konsolidasi Hutang,21.62,124.0,59.0,0.02,0
CUST106028,19,Bekerja,30390,510,1.5,19,0,2,1,Kredit Berjalan,Medis,13.93,289.0,513.0,171.0,0
CUST106029,37,Bekerja,27306,656,14.6,118,0,0,0,Kartu Kredit,Renovasi Rumah,18.15,381.0,443.0,148.0,1
CUST106030,35,Bekerja,84211,695,10.7,100,0,1,0,Kartu Kredit,Medis,18.11,144.0,831.0,277.0,1
CUST106031,51,Bekerja,105399,708,23.7,5245,0,0,0,Pinjaman Pribadi,Konsolidasi Hutang,10.45,462.0,949.0,316.0,0
CUST106032,28,Wiraswasta,64084,574,10.0,5925,0,1,0,Pinjaman Pribadi,Bisnis,15.7,173.0,1.56,0.52,0
CUST106033,33,Mahasiswa,15000,553,13.2,136,0,1,0,Kartu Kredit,Pribadi,21.11,357.0,0.1,33.0,1
CUST106034,19,Wiraswasta,76611,528,0.1,65,0,0,0,Pinjaman Pribadi,Renovasi Rumah,15.49,426.0,1.305,435.0,0
CUST106035,18,Wiraswasta,75816,614,0.7,176,0,0,0,Pinjaman Pribadi,Konsolidasi Hutang,14.53,317.0,1.319,0.44,0
CUST106036,27,Bekerja,47788,537,6.4,176,0,1,0,Pinjaman Pribadi,Pribadi,15.82,317.0,1.186,395.0,0
CUST106037,54,Bekerja,73117,738,13.4,1594,0,2,0,Pinjaman Pribadi,Bisnis,9.76,0.6,1.126,375.0,0
CUST106038,25,Bekerja,40595,665,4.2,6756,0,0,0,Pinjaman Pribadi,Renovasi Rumah,11.07,231.0,1.232,411.0,0
CUST106039,42,Bekerja,18957,666,9.2,601,0,0,0,Kartu Kredit,Pendidikan,17.59,197.0,84.0,28.0,1
CUST106040,46,Bekerja,39929,634,19.9,517,0,1,0,Kartu Kredit,Medis,20.23,366.0,458.0,153.0,1
CUST106041,36,Wiraswasta,37781,658,0.5,79,0,0,0,Pinjaman Pribadi,Pribadi,12.89,266.0,1.81,603.0,1
CUST106042,49,Bekerja,109628,747,28.5,10974,0,0,0,Pinjaman Pribadi,Pendidikan,10.3,347.0,912.0,304.0,1
CUST106043,20,Wiraswasta,52330,596,0.1,5,0,2,1,Pinjaman Pribadi,Renovasi Rumah,15.6,94.0,101.0,34.0,0
CUST106044,24,Bekerja,60281,544,1.4,302,0,1,2,Pinjaman Pribadi,Pendidikan,15.56,0.18,1.435,478.0,0
CUST106045,28,Bekerja,29526,570,1.2,1803,0,0,0,Pinjaman Pribadi,Medis,16.08,343.0,1.829,0.61,0
CUST106046,46,Mahasiswa,15000,675,19.0,95,0,0,0,Kartu Kredit,Medis,18.83,186.0,0.1,33.0,1
CUST106047,23,Bekerja,51857,603,4.5,102,0,0,0,Kartu Kredit,Medis,20.93,505.0,202.0,67.0,0
CUST106048,32,Wiraswasta,38433,592,11.2,191,0,2,0,Kartu Kredit,Bisnis,22.15,179.0,1.35,0.45,0
CUST106049,18,Wiraswasta,39195,586,1.8,1153,0,1,0,Kredit Berjalan,Renovasi Rumah,13.15,312.0,584.0,195.0,0
CUST106050,30,Bekerja,38749,657,1.8,28,0,1,0,Kredit Berjalan,Medis,10.19,109.0,493.0,164.0,1
CUST106051,32,Bekerja,24317,651,9.5,563,0,0,0,Pinjaman Pribadi,Renovasi Rumah,11.61,35.0,132.0,44.0,1
CUST106052,30,Bekerja,29192,687,0.3,163,0,0,0,Kartu Kredit,Medis,18.5,242.0,623.0,208.0,1
CUST106053,40,Bekerja,45245,733,16.3,9422,0,0,0,Kredit Berjalan,Renovasi Rumah,9.33,0.1,535.0,178.0,1
CUST106054,29,Bekerja,46350,518,6.2,52,1,3,0,Kartu Kredit,Medis,22.66,179.0,1.305,435.0,0
CUST106055,41,Bekerja,71534,629,9.5,9133,0,0,0,Pinjaman Pribadi,Bisnis,14.65,292.0,127.0,42.0,1
CUST106056,36,Bekerja,40759,618,2.1,133,0,1,0,Pinjaman Pribadi,Pribadi,13.82,141.0,466.0,155.0,1
CUST106057,41,Bekerja,95994,689,6.3,42192,0,0,0,Pinjaman Pribadi,Pribadi,11.48,374.0,0.12,0.04,1
CUST106058,64,Mahasiswa,27955,784,4.8,58,0,0,0,Kartu Kredit,Bisnis,14.72,181.0,0.1,33.0,1
CUST106059,36,Bekerja,65556,548,11.1,3507,0,0,0,Kartu Kredit,Bisnis,21.28,304.0,1.068,356.0,0
CUST106060,36,Bekerja,29026,599,9.4,1259,0,1,0,Pinjaman Pribadi,Pendidikan,15.89,192.0,1.712,571.0,0
CUST106061,49,Wiraswasta,47932,701,0.1,10,0,0,0,Kartu Kredit,Renovasi Rumah,16.08,248.0,396.0,132.0,1
CUST106062,20,Bekerja,55958,580,1.4,20,1,0,1,Kredit Berjalan,Pribadi,13.61,212.0,622.0,207.0,0
CUST106063,55,Bekerja,73115,628,18.5,1536,0,1,0,Kartu Kredit,Pribadi,19.46,365.0,97.0,32.0,1
CUST106064,44,Wiraswasta,44405,729,2.8,18517,0,0,1,Pinjaman Pribadi,Bisnis,11.3,0.22,306.0,102.0,1
CUST106065,21,Bekerja,26739,618,2.1,121,0,2,0,Pinjaman Pribadi,Konsolidasi Hutang,14.43,181.0,0.92,307.0,0
CUST106066,42,Bekerja,49355,665,21.8,50802,0,0,0,Kartu Kredit,Medis,17.73,47.0,894.0,298.0,1
CUST106067,44,Bekerja,63530,661,20.9,2244,0,1,0,Kredit Berjalan,Bisnis,9.35,102.0,286.0,95.0,1
CUST106068,38,Mahasiswa,26539,650,2.3,187,0,0,0,Kartu Kredit,Konsolidasi Hutang,17.43,392.0,102.0,34.0,1
CUST106069,43,Bekerja,40228,633,23.8,806,0,1,0,Pinjaman Pribadi,Pendidikan,14.47,287.0,1.705,568.0,1
CUST106070,44,Bekerja,34950,621,0.6,110,0,1,0,Kartu Kredit,Pendidikan,20.82,0.52,17.0,6.0,0
CUST106071,35,Wiraswasta,80915,656,8.9,221,0,0,0,Kartu Kredit,Konsolidasi Hutang,18.42,386.0,865.0,288.0,1
CUST106072,32,Bekerja,39802,670,7.9,5360,0,0,0,Kredit Berjalan,Pribadi,10.59,366.0,568.0,189.0,1
CUST106073,29,Bekerja,27300,597,2.6,786,0,0,0,Kredit Berjalan,Renovasi Rumah,13.44,553.0,729.0,243.0,0
CUST106074,36,Bekerja,29250,636,16.9,2718,0,2,0,Pinjaman Pribadi,Pribadi,13.81,0.03,1.884,628.0,1
CUST106075,39,Mahasiswa,15000,618,1.1,25,0,0,0,Kartu Kredit,Konsolidasi Hutang,20.2,66.0,93.0,31.0,1
CUST106076,33,Bekerja,34574,750,13.3,182,0,1,0,Pinjaman Pribadi,Medis,9.57,68.0,333.0,111.0,1
CUST106077,33,Mahasiswa,25264,702,13.1,393,0,0,0,Kredit Berjalan,Pribadi,8.06,576.0,538.0,179.0,0
CUST106078,33,Mahasiswa,23034,669,13.1,1000,0,0,0,Pinjaman Pribadi,Pribadi,11.98,405.0,326.0,109.0,1
CUST106079,41,Bekerja,80369,671,14.2,2968,0,0,0,Kartu Kredit,Pendidikan,17.31,218.0,447.0,149.0,1
CUST106080,51,Wiraswasta,69198,694,6.1,4032,0,0,0,Pinjaman Pribadi,Renovasi Rumah,11.76,332.0,318.0,106.0,1
CUST106081,44,Bekerja,56403,697,2.9,2949,0,0,0,Kartu Kredit,Konsolidasi Hutang,17.6,201.0,963.0,321.0,1
CUST106082,35,Wiraswasta,75672,544,4.0,6741,0,1,0,Pinjaman Pribadi,Renovasi Rumah,16.45,89.0,1.302,434.0,0
CUST106083,24,Bekerja,34825,666,5.0,204,0,0,0,Kartu Kredit,Bisnis,17.38,447.0,1.169,0.39,0
CUST106084,24,Bekerja,24360,464,1.9,269,0,0,0,Kartu Kredit,Medis,21.77,0.18,0.78,0.26,0
CUST106085,21,Bekerja,26383,579,0.4,2,0,1,0,Pinjaman Pribadi,Pribadi,16.15,0.52,466.0,155.0,0
CUST106086,30,Bekerja,28514,674,6.8,1812,0,1,0,Pinjaman Pribadi,Pribadi,11.34,113.0,361.0,0.12,1
CUST106087,52,Bekerja,29891,631,20.0,362,0,0,0,Pinjaman Pribadi,Pribadi,14.39,349.0,1.328,443.0,1
CUST106088,36,Wiraswasta,120474,675,9.9,940,0,0,0,Kartu Kredit,Pendidikan,18.39,113.0,164.0,55.0,1
CUST106089,39,Wiraswasta,36034,637,6.8,7046,0,0,0,Kredit Berjalan,Medis,12.02,137.0,278.0,93.0,1
CUST106090,22,Wiraswasta,99498,715,1.8,355,0,1,0,Kartu Kredit,Medis,16.72,687.0,96.0,32.0,0
CUST106091,18,Wiraswasta,151204,641,0.4,47,0,1,0,Kartu Kredit,Pendidikan,20.91,615.0,463.0,154.0,0
CUST106092,28,Bekerja,23750,671,5.7,1076,0,0,0,Kartu Kredit,Renovasi Rumah,18.62,247.0,0.48,0.16,1
CUST106093,42,Bekerja,93932,724,0.2,12,0,0,0,Pinjaman Pribadi,Pribadi,10.7,115.0,1.006,335.0,1
CUST106094,34,Bekerja,38121,583,8.1,96,0,1,0,Pinjaman Pribadi,Medis,15.01,153.0,357.0,119.0,0
CUST106095,42,Bekerja,35096,688,10.7,302,0,0,0,Kartu Kredit,Pribadi,17.23,0.73,1.191,397.0,0
CUST106096,32,Wiraswasta,35166,618,5.4,1963,0,3,0,Kartu Kredit,Pendidikan,20.35,0.26,225.0,75.0,0
CUST106097,21,Bekerja,52633,561,2.3,20,0,1,0,Kredit Berjalan,Pribadi,14.23,351.0,823.0,274.0,0
CUST106098,28,Wiraswasta,125684,634,0.9,84,0,2,0,Kartu Kredit,Medis,20.52,181.0,557.0,186.0,1
CUST106099,27,Bekerja,57615,468,1.9,2620,0,0,0,Kartu Kredit,Pribadi,21.26,259.0,634.0,211.0,0
CUST106100,42,Bekerja,54627,673,11.2,65,0,0,0,Pinjaman Pribadi,Pendidikan,12.23,162.0,317.0,106.0,1
CUST106101,21,Mahasiswa,54080,693,0.8,46,0,1,1,Pinjaman Pribadi,Medis,12.9,183.0,464.0,155.0,1
CUST106102,52,Mahasiswa,23453,658,24.4,304,0,0,0,Kredit Berjalan,Medis,9.24,265.0,814.0,271.0,1
CUST106103,18,Bekerja,48243,540,1.2,30,1,0,3,Pinjaman Pribadi,Medis,16.35,671.0,1.385,462.0,0
CUST106104,25,Bekerja,15000,593,6.4,258,0,1,0,Pinjaman Pribadi,Renovasi Rumah,16.56,88.0,0.76,253.0,0
CUST106105,27,Bekerja,36905,631,4.7,1905,0,1,0,Pinjaman Pribadi,Konsolidasi Hutang,13.88,354.0,377.0,126.0,0
CUST106106,50,Bekerja,78959,667,9.3,4499,0,0,0,Kartu Kredit,Pribadi,17.39,0.14,0.06,0.02,1
CUST106107,34,Bekerja,47180,661,12.1,4099,0,1,0,Kredit Berjalan,Pribadi,9.31,91.0,0.36,0.12,1
CUST106108,28,Bekerja,62673,662,5.0,2407,0,0,0,Kartu Kredit,Pendidikan,18.85,148.0,811.0,0.27,1
CUST106109,41,Bekerja,60987,747,22.4,18929,0,0,0,Kartu Kredit,Bisnis,16.52,0.56,443.0,148.0,0
CUST106110,43,Bekerja,58486,695,5.7,141,0,0,0,Pinjaman Pribadi,Medis,11.65,477.0,1.383,461.0,0
CUST106111,25,Bekerja,66517,609,3.0,1486,0,0,0,Pinjaman Pribadi,Bisnis,13.34,191.0,77.0,26.0,1
CUST106112,21,Bekerja,34302,565,2.6,10,0,1,0,Pinjaman Pribadi,Pendidikan,16.63,263.0,178.0,59.0,1
CUST106113,18,Bekerja,35579,760,0.6,6,0,1,0,Pinjaman Pribadi,Renovasi Rumah,8.7,139.0,722.0,241.0,1
CUST106114,40,Bekerja,50979,600,9.0,786,0,1,0,Pinjaman Pribadi,Medis,14.62,209.0,1.724,575.0,0
CUST106115,29,Bekerja,21234,651,1.2,12,0,1,0,Kredit Berjalan,Medis,10.3,51.0,235.0,78.0,1
CUST106116,43,Bekerja,128024,680,16.3,1418,0,0,0,Kartu Kredit,Renovasi Rumah,17.52,358.0,547.0,182.0,1
CUST106117,46,Mahasiswa,15000,638,15.0,155,0,1,0,Kartu Kredit,Pribadi,20.33,69.0,0.1,33.0,1
CUST106118,22,Bekerja,33330,629,0.9,16,0,1,0,Kredit Berjalan,Pribadi,12.16,341.0,387.0,129.0,1
CUST106119,23,Bekerja,37301,581,4.3,877,0,0,0,Kartu Kredit,Pribadi,21.93,222.0,196.0,65.0,1
CUST106120,27,Bekerja,25997,561,3.2,38,1,0,0,Kartu Kredit,Konsolidasi Hutang,22.61,222.0,1.254,418.0,0
CUST106121,18,Bekerja,17725,636,1.8,795,0,0,0,Kartu Kredit,Medis,19.06,385.0,671.0,224.0,0
CUST106122,53,Bekerja,167318,712,23.0,2697,0,0,0,Pinjaman Pribadi,Bisnis,10.25,27.0,598.0,199.0,1
CUST106123,28,Bekerja,64855,674,8.0,11564,0,0,0,Kartu Kredit,Konsolidasi Hutang,18.49,191.0,1.079,0.36,1
CUST106124,47,Wiraswasta,172243,820,3.3,85551,0,0,0,Kredit Berjalan,Bisnis,6.31,63.0,242.0,81.0,1
CUST106125,37,Mahasiswa,56488,635,4.3,3776,0,0,1,Kredit Berjalan,Pendidikan,11.18,0.54,264.0,88.0,0
CUST106126,33,Bekerja,45010,548,5.1,2815,0,0,0,Kredit Berjalan,Pendidikan,14.37,416.0,0.38,127.0,0
CUST106127,49,Mahasiswa,15242,630,17.2,111,0,0,1,Pinjaman Pribadi,Pribadi,14.66,238.0,577.0,192.0,1
CUST106128,49,Mahasiswa,23379,640,3.7,132,0,1,0,Pinjaman Pribadi,Renovasi Rumah,14.06,409.0,1.086,362.0,0
CUST106129,40,Mahasiswa,36486,791,3.6,876,0,0,0,Kredit Berjalan,Pribadi,7.26,422.0,597.0,199.0,1
CUST106130,39,Bekerja,32127,593,20.7,17120,0,1,0,Kartu Kredit,Renovasi Rumah,22.9,172.0,227.0,76.0,1
CUST106131,42,Bekerja,23967,695,1.4,91,0,1,0,Kartu Kredit,Pribadi,18.8,0.11,1.398,466.0,1
CUST106132,30,Bekerja,31848,630,1.1,72,0,0,0,Pinjaman Pribadi,Pendidikan,14.78,184.0,1.991,664.0,1
CUST106133,37,Wiraswasta,46002,724,3.9,43,0,0,0,Kartu Kredit,Bisnis,16.85,396.0,1.259,0.42,1
CUST106134,33,Mahasiswa,16103,591,2.2,471,0,1,0,Kartu Kredit,Pribadi,21.87,307.0,99.0,33.0,1
CUST106135,19,Bekerja,40555,504,1.9,48,0,2,0,Kartu Kredit,Bisnis,22.97,269.0,1.221,407.0,0
CUST106136,48,Bekerja,80857,653,11.2,684,0,1,1,Kredit Berjalan,Pendidikan,10.09,594.0,618.0,206.0,0
CUST106137,31,Bekerja,46473,711,1.6,31,0,0,0,Kartu Kredit,Pendidikan,17.07,0.47,0.91,303.0,1
CUST106138,18,Wiraswasta,75276,619,0.9,1447,0,0,1,Kredit Berjalan,Pribadi,11.76,191.0,511.0,0.17,0
CUST106139,36,Wiraswasta,250000,615,8.7,32190,0,1,0,Pinjaman Pribadi,Konsolidasi Hutang,14.81,99.0,289.0,96.0,1
CUST106140,36,Bekerja,181698,579,3.5,377,0,2,0,Kartu Kredit,Pendidikan,21.3,391.0,347.0,116.0,0
CUST106141,18,Bekerja,21929,683,0.8,2,0,0,0,Kredit Berjalan,Konsolidasi Hutang,10.96,597.0,306.0,102.0,0
CUST106142,49,Wiraswasta,52360,557,26.3,7117,1,1,1,Kartu Kredit,Medis,21.62,384.0,1.337,446.0,0
CUST106143,19,Mahasiswa,16934,547,0.3,2,1,0,0,Pinjaman Pribadi,Medis,16.21,37.0,1.234,411.0,0
CUST106144,36,Bekerja,38472,710,3.3,1924,0,0,0,Kartu Kredit,Pendidikan,17.31,457.0,0.4,133.0,1
CUST106145,38,Wiraswasta,110983,693,11.8,9826,0,2,0,Kartu Kredit,Pendidikan,17.86,511.0,631.0,0.21,1
CUST106146,24,Wiraswasta,69170,634,0.7,187,0,0,0,Kartu Kredit,Pendidikan,19.48,0.11,108.0,36.0,1
CUST106147,49,Bekerja,180046,573,18.2,96100,0,1,0,Kredit Berjalan,Medis,14.9,258.0,153.0,51.0,1
CUST106148,40,Bekerja,48979,617,1.5,10,0,0,0,Pinjaman Pribadi,Medis,14.76,384.0,1.286,429.0,0
CUST106149,31,Bekerja,76411,573,1.6,162,0,0,1,Kredit Berjalan,Pribadi,13.49,495.0,653.0,218.0,0
CUST106150,38,Bekerja,102794,589,7.1,515,0,1,0,Kredit Berjalan,Pribadi,13.21,379.0,376.0,125.0,0
CUST106151,30,Mahasiswa,35363,594,2.1,286,0,1,1,Pinjaman Pribadi,Pendidikan,15.38,462.0,229.0,76.0,0
CUST106152,48,Bekerja,93318,714,5.2,4930,0,2,0,Kredit Berjalan,Pribadi,8.64,26.0,329.0,0.11,1
CUST106153,18,Bekerja,15000,662,0.4,1,0,0,0,Kartu Kredit,Medis,18.31,151.0,0.64,213.0,1
CUST106154,18,Bekerja,19107,577,0.7,246,0,0,1,Kredit Berjalan,Pribadi,13.86,326.0,424.0,141.0,0
CUST106155,43,Bekerja,29290,555,15.6,2930,0,1,0,Kredit Berjalan,Pendidikan,13.36,157.0,563.0,188.0,1
CUST106156,31,Bekerja,61544,534,4.5,134,0,0,1,Kredit Berjalan,Pendidikan,13.13,35.0,552.0,184.0,0
CUST106157,56,Bekerja,58861,678,19.5,9065,0,0,0,Kredit Berjalan,Pendidikan,9.93,253.0,477.0,159.0,1
CUST106158,18,Bekerja,19352,559,1.1,4,0,0,0,Kartu Kredit,Medis,22.15,435.0,682.0,227.0,0
CUST106159,26,Bekerja,40132,518,1.4,389,0,0,0,Kartu Kredit,Pribadi,22.11,273.0,655.0,218.0,0
CUST106160,30,Wiraswasta,91330,695,4.3,5394,0,0,0,Pinjaman Pribadi,Pendidikan,11.49,98.0,424.0,141.0,1
CUST106161,28,Bekerja,36424,607,2.5,603,0,1,0,Kartu Kredit,Pendidikan,20.13,314.0,714.0,238.0,1
CUST106162,30,Bekerja,57360,651,5.1,616,0,0,0,Pinjaman Pribadi,Konsolidasi Hutang,12.96,193.0,999.0,333.0,0
CUST106163,44,Bekerja,77692,740,8.4,2002,0,0,0,Kartu Kredit,Bisnis,16.12,615.0,277.0,92.0,0
CUST106164,32,Wiraswasta,137516,572,3.3,1443,0,1,1,Kartu Kredit,Pribadi,22.52,585.0,509.0,0.17,0
CUST106165,27,Bekerja,46732,601,0.6,35,0,1,0,Kartu Kredit,Pendidikan,20.11,136.0,982.0,327.0,1
CUST106166,46,Bekerja,115159,713,12.9,1495,0,0,0,Kartu Kredit,Bisnis,16.08,372.0,608.0,203.0,1
CUST106167,38,Bekerja,48031,728,19.7,269,0,0,0,Pinjaman Pribadi,Konsolidasi Hutang,11.07,92.0,1.786,595.0,1
CUST106168,34,Bekerja,27422,481,6.8,249,0,2,1,Pinjaman Pribadi,Medis,16.98,736.0,697.0,232.0,0
CUST106169,33,Bekerja,28461,663,10.5,2656,1,1,0,Pinjaman Pribadi,Bisnis,12.15,336.0,1.795,598.0,0
CUST106170,41,Mahasiswa,15089,677,5.2,71,0,0,0,Kartu Kredit,Pribadi,18.12,345.0,99.0,33.0,1
CUST106171,26,Bekerja,44810,675,6.3,466,0,0,0,Pinjaman Pribadi,Renovasi Rumah,12.48,305.0,1.401,467.0,1
CUST106172,32,Bekerja,60372,617,11.5,2146,0,0,0,Pinjaman Pribadi,Bisnis,13.67,112.0,1.656,552.0,1
CUST106173,56,Bekerja,117663,697,23.8,1101,0,0,0,Kartu Kredit,Pendidikan,17.02,43.0,595.0,198.0,1
CUST106174,28,Bekerja,23223,589,2.6,378,0,0,0,Kredit Berjalan,Pribadi,13.33,73.0,693.0,231.0,0
CUST106175,38,Wiraswasta,24779,680,16.9,104,0,1,0,Pinjaman Pribadi,Pribadi,11.99,505.0,383.0,128.0,0
CUST106176,18,Bekerja,76626,650,1.7,3649,1,1,0,Kartu Kredit,Pendidikan,18.47,454.0,914.0,305.0,0
CUST106177,59,Bekerja,43681,681,0.2,20,0,0,0,Kartu Kredit,Medis,18.2,226.0,108.0,36.0,1
CUST106178,26,Bekerja,54730,649,4.8,5245,1,6,0,Kartu Kredit,Pribadi,20.56,207.0,965.0,322.0,0
CUST106179,44,Bekerja,15000,630,1.6,39,0,1,0,Kartu Kredit,Renovasi Rumah,20.94,99.0,33.0,11.0,0
CUST106180,38,Wiraswasta,55337,625,10.3,58,0,2,0,Pinjaman Pribadi,Pribadi,14.96,126.0,1.807,602.0,0
CUST106181,29,Bekerja,26491,604,6.2,1562,0,0,0,Pinjaman Pribadi,Medis,14.97,597.0,174.0,58.0,0
CUST106182,44,Bekerja,45419,582,7.8,1140,0,0,0,Kartu Kredit,Renovasi Rumah,22.32,34.0,368.0,123.0,0
CUST106183,18,Bekerja,57494,714,1.2,380,0,0,0,Kartu Kredit,Pendidikan,16.6,443.0,1.218,406.0,0
CUST106184,23,Bekerja,34323,620,2.7,291,0,0,0,Kredit Berjalan,Pribadi,11.7,342.0,207.0,69.0,1
CUST106185,41,Bekerja,17904,673,15.5,5735,1,2,0,Kredit Berjalan,Bisnis,10.39,239.0,0.43,143.0,0
CUST106186,35,Bekerja,34731,673,6.7,129,0,0,0,Pinjaman Pribadi,Renovasi Rumah,11.32,396.0,0.72,0.24,1
CUST106187,18,Bekerja,23819,603,1.7,226,0,0,0,Kredit Berjalan,Pendidikan,11.57,366.0,294.0,98.0,1
CUST106188,41,Bekerja,35324,643,8.0,470,0,1,0,Pinjaman Pribadi,Pendidikan,13.64,29.0,1.11,0.37,1
CUST106189,25,Bekerja,17744,587,4.3,564,0,2,0,Kartu Kredit,Pribadi,22.0,93.0,1.076,359.0,0
CUST106190,18,Bekerja,45704,551,0.8,13,0,2,0,Kartu Kredit,Pendidikan,22.43,594.0,1.147,382.0,0
CUST106191,21,Wiraswasta,48534,620,2.5,180,0,0,0,Kartu Kredit,Pribadi,20.33,148.0,1.261,0.42,0
CUST106192,41,Mahasiswa,27629,585,8.0,327,0,3,1,Kartu Kredit,Pribadi,22.3,194.0,101.0,34.0,0
CUST106193,48,Bekerja,80502,652,7.5,4248,0,0,0,Pinjaman Pribadi,Konsolidasi Hutang,12.97,0.18,532.0,177.0,0
CUST106194,26,Bekerja,23615,649,4.6,78,0,0,0,Kredit Berjalan,Konsolidasi Hutang,12.07,257.0,754.0,251.0,0
CUST106195,35,Bekerja,53790,621,3.8,710,0,1,0,Kredit Berjalan,Bisnis,11.65,0.21,251.0,84.0,1
CUST106196,35,Mahasiswa,28745,618,10.6,2999,0,1,1,Pinjaman Pribadi,Bisnis,14.34,65.0,1.934,645.0,0
CUST106197,35,Bekerja,36107,557,9.0,771,0,0,1,Kartu Kredit,Pribadi,22.68,444.0,1.014,338.0,0
CUST106198,50,Bekerja,71813,782,2.4,371,0,0,0,Pinjaman Pribadi,Medis,8.45,556.0,767.0,256.0,0
CUST106199,34,Bekerja,45260,652,12.8,2559,0,0,0,Kredit Berjalan,Renovasi Rumah,9.24,98.0,667.0,222.0,1
CUST106200,25,Wiraswasta,84769,713,2.0,2920,0,0,0,Kartu Kredit,Medis,16.04,214.0,826.0,275.0,1
CUST106201,30,Bekerja,71266,501,0.9,1451,0,0,0,Kredit Berjalan,Medis,13.27,202.0,247.0,82.0,0
CUST106202,23,Bekerja,32697,679,1.1,15,0,0,0,Kartu Kredit,Bisnis,18.55,229.0,291.0,97.0,0
CUST106203,30,Bekerja,36592,586,8.0,680,0,2,0,Pinjaman Pribadi,Pribadi,16.15,493.0,885.0,295.0,0
CUST106204,57,Wiraswasta,74377,688,4.3,810,0,0,0,Kartu Kredit,Pribadi,18.6,486.0,173.0,58.0,1
CUST106205,39,Bekerja,36872,695,20.6,668,0,0,0,Kartu Kredit,Medis,18.64,86.0,466.0,155.0,1
CUST106206,33,Wiraswasta,69588,607,10.1,1237,0,0,0,Kartu Kredit,Medis,20.78,327.0,249.0,83.0,1
CUST106207,62,Bekerja,112894,624,18.6,2935,0,1,0,Pinjaman Pribadi,Pendidikan,13.9,0.8,886.0,295.0,0
CUST106208,30,Mahasiswa,15000,689,9.0,1020,0,0,0,Kredit Berjalan,Pendidikan,9.23,285.0,0.48,0.16,1
CUST106209,38,Mahasiswa,15000,581,19.7,847,1,1,0,Kredit Berjalan,Medis,14.28,503.0,333.0,111.0,0
CUST106210,40,Bekerja,31875,578,16.2,12212,0,0,0,Pinjaman Pribadi,Renovasi Rumah,15.49,196.0,1.854,618.0,0
CUST106211,35,Wiraswasta,81256,711,5.4,1975,0,1,0,Kredit Berjalan,Renovasi Rumah,8.17,522.0,428.0,143.0,1
CUST106212,35,Bekerja,37225,631,9.8,72,0,1,0,Kartu Kredit,Konsolidasi Hutang,19.03,0.22,752.0,251.0,1
CUST106213,33,Bekerja,80420,585,4.5,4385,0,0,2,Kredit Berjalan,Pribadi,14.79,373.0,0.25,83.0,0
CUST106214,21,Bekerja,41043,600,1.9,195,0,2,0,Kartu Kredit,Pendidikan,20.97,331.0,585.0,195.0,1
CUST106215,23,Bekerja,58506,632,1.7,16,1,1,0,Kredit Berjalan,Pribadi,11.53,433.0,197.0,66.0,0
CUST106216,36,Bekerja,57327,664,17.1,4543,0,1,0,Kartu Kredit,Pendidikan,17.51,64.0,321.0,107.0,1
CUST106217,47,Bekerja,54969,781,11.5,245,0,0,0,Kartu Kredit,Medis,15.17,144.0,171.0,57.0,1
CUST106218,33,Bekerja,15000,653,7.5,488,0,0,0,Kartu Kredit,Konsolidasi Hutang,18.37,0.31,0.46,153.0,0
CUST106219,34,Wiraswasta,65805,647,15.1,422,0,0,0,Kartu Kredit,Pribadi,20.05,95.0,837.0,279.0,1
CUST106220,18,Bekerja,47444,567,0.3,41,1,1,0,Kredit Berjalan,Medis,13.47,0.52,723.0,241.0,0
CUST106221,29,Bekerja,36058,672,4.8,755,0,0,0,Pinjaman Pribadi,Renovasi Rumah,12.78,219.0,1.001,334.0,0
CUST106222,37,Bekerja,35147,663,8.3,199,0,0,0,Pinjaman Pribadi,Pendidikan,12.88,407.0,1.63,543.0,1
CUST106223,21,Bekerja,34479,587,2.6,49,0,0,0,Pinjaman Pribadi,Bisnis,16.86,65.0,299.0,0.1,0
CUST106224,39,Wiraswasta,44576,746,3.0,223,0,0,0,Kredit Berjalan,Medis,9.4,233.0,274.0,91.0,1
CUST106225,33,Bekerja,19406,722,14.1,301,0,0,0,Kartu Kredit,Medis,17.31,0.4,855.0,285.0,1
CUST106226,54,Bekerja,40628,685,0.6,40,0,0,0,Kredit Berjalan,Pribadi,9.04,138.0,507.0,169.0,1
CUST106227,37,Bekerja,35659,684,0.6,90,0,0,0,Kredit Berjalan,Pribadi,9.48,276.0,443.0,148.0,1
CUST106228,46,Bekerja,28592,660,4.4,366,0,0,0,Kartu Kredit,Pribadi,18.35,241.0,0.63,0.21,1
CUST106229,44,Bekerja,49972,648,2.4,114,0,2,0,Pinjaman Pribadi,Pribadi,13.48,445.0,84.0,28.0,0
CUST106230,37,Bekerja,24474,704,7.4,343,0,0,1,Kartu Kredit,Pribadi,15.92,415.0,1.111,0.37,1
CUST106231,28,Wiraswasta,59133,617,6.2,695,0,1,0,Kredit Berjalan,Renovasi Rumah,12.65,419.0,468.0,156.0,1
CUST106232,36,Mahasiswa,15000,699,15.6,1333,0,0,0,Kredit Berjalan,Medis,10.7,77.0,0.72,0.24,1
CUST106233,52,Wiraswasta,93820,720,29.1,2519,0,0,0,Pinjaman Pribadi,Pendidikan,9.99,271.0,854.0,285.0,1
CUST106234,34,Bekerja,42300,692,4.9,124,0,0,0,Kartu Kredit,Pribadi,17.47,468.0,132.0,44.0,1
CUST106235,32,Bekerja,62005,687,13.4,18954,0,0,0,Pinjaman Pribadi,Pribadi,12.78,636.0,1.613,538.0,0
CUST106236,38,Wiraswasta,18578,548,17.2,1169,0,0,1,Kartu Kredit,Medis,22.06,541.0,1.27,423.0,0
CUST106237,64,Wiraswasta,142274,825,25.2,10702,0,0,0,Pinjaman Pribadi,Pribadi,9.16,353.0,223.0,74.0,1
CUST106238,40,Mahasiswa,22925,665,21.4,13825,0,0,0,Kartu Kredit,Pribadi,17.15,181.0,0.1,33.0,1
CUST106239,25,Bekerja,35483,576,6.3,276,1,0,1,Kartu Kredit,Medis,22.81,0.6,1.246,415.0,0
CUST106240,18,Mahasiswa,16262,546,0.1,3,1,2,0,Pinjaman Pribadi,Konsolidasi Hutang,15.47,188.0,609.0,203.0,0
CUST106241,40,Bekerja,159538,710,0.8,601,0,0,0,Kartu Kredit,Medis,16.48,297.0,354.0,118.0,1
CUST106242,35,Bekerja,40920,681,15.6,6378,0,1,0,Kartu Kredit,Pribadi,17.43,622.0,868.0,289.0,0
CUST106243,47,Wiraswasta,46835,581,5.0,301,0,1,1,Kredit Berjalan,Pribadi,13.76,144.0,557.0,186.0,0
CUST106244,40,Bekerja,112505,756,18.9,1256,0,0,0,Kartu Kredit,Renovasi Rumah,14.32,0.31,414.0,138.0,1
CUST106245,70,Mahasiswa,23862,739,18.6,1225,0,0,0,Pinjaman Pribadi,Bisnis,10.55,265.0,197.0,66.0,1
CUST106246,54,Bekerja,39351,688,16.2,10941,0,0,0,Kartu Kredit,Renovasi Rumah,18.61,667.0,0.18,0.06,0
CUST106247,35,Bekerja,40445,545,11.2,167,0,2,1,Pinjaman Pribadi,Pendidikan,16.3,0.12,158.0,53.0,1
CUST106248,34,Wiraswasta,250000,684,8.8,70197,0,1,0,Kartu Kredit,Pendidikan,18.36,0.34,0.28,93.0,1
CUST106249,37,Wiraswasta,114853,672,11.6,121,0,1,1,Pinjaman Pribadi,Pribadi,11.04,213.0,871.0,0.29,1
CUST106250,47,Bekerja,41443,588,16.5,19353,0,0,1,Pinjaman Pribadi,Pribadi,16.49,137.0,89.0,0.03,1
CUST106251,26,Bekerja,17152,606,6.7,280,0,0,0,Kartu Kredit,Bisnis,20.84,415.0,735.0,245.0,0
CUST106252,40,Bekerja,26399,643,9.0,159,0,0,0,Pinjaman Pribadi,Bisnis,14.47,385.0,871.0,0.29,1
CUST106253,39,Mahasiswa,15000,628,15.1,91,0,1,0,Pinjaman Pribadi,Bisnis,14.64,123.0,1.207,402.0,0
CUST106254,43,Bekerja,37400,590,18.5,522,0,2,0,Pinjaman Pribadi,Bisnis,16.18,386.0,1.209,403.0,0
CUST106255,50,Wiraswasta,20197,548,27.6,1246,0,0,1,Kartu Kredit,Bisnis,21.69,146.0,168.0,56.0,0
CUST106256,43,Bekerja,38644,658,18.2,21866,0,0,0,Pinjaman Pribadi,Medis,11.53,47.0,39.0,13.0,1
CUST106257,40,Wiraswasta,51631,679,4.8,2802,0,0,0,Pinjaman Pribadi,Renovasi Rumah,11.21,0.03,159.0,53.0,1
CUST106258,33,Bekerja,66058,643,8.4,1747,0,0,0,Kartu Kredit,Bisnis,19.63,387.0,1.06,353.0,0
CUST106259,37,Wiraswasta,62688,532,0.7,20,1,1,2,Kartu Kredit,Konsolidasi Hutang,22.08,344.0,796.0,265.0,0
CUST106260,21,Bekerja,25684,661,1.6,71,0,0,0,Pinjaman Pribadi,Konsolidasi Hutang,12.31,332.0,187.0,62.0,1
CUST106261,31,Bekerja,34152,691,9.5,247,0,0,1,Kartu Kredit,Pendidikan,18.92,184.0,425.0,142.0,1
CUST106262,20,Bekerja,30973,556,0.9,16,0,2,0,Kartu Kredit,Pendidikan,22.91,147.0,236.0,79.0,1
CUST106263,26,Wiraswasta,38519,600,5.1,1324,0,0,0,Pinjaman Pribadi,Pribadi,13.93,559.0,1.88,627.0,0
CUST106264,45,Wiraswasta,59434,647,14.8,1651,0,1,0,Kredit Berjalan,Medis,12.46,162.0,365.0,122.0,1
CUST106265,51,Bekerja,60271,701,11.6,181,0,0,0,Pinjaman Pribadi,Bisnis,11.33,255.0,413.0,138.0,1
CUST106266,19,Bekerja,36754,614,1.8,115,0,1,0,Kredit Berjalan,Pendidikan,11.96,547.0,683.0,228.0,0
CUST106267,31,Bekerja,47637,652,8.3,2122,0,1,0,Kredit Berjalan,Pendidikan,10.9,506.0,0.43,143.0,1
CUST106268,27,Bekerja,93990,603,7.3,402,0,0,0,Kredit Berjalan,Pendidikan,11.54,412.0,0.31,103.0,1
CUST106269,33,Wiraswasta,30599,559,13.1,255,0,1,1,Pinjaman Pribadi,Konsolidasi Hutang,15.21,364.0,1.448,483.0,0
CUST106270,18,Mahasiswa,41785,675,0.6,137,0,1,0,Kartu Kredit,Konsolidasi Hutang,18.97,174.0,101.0,34.0,1
CUST106271,38,Bekerja,89431,646,4.5,684,0,2,0,Kartu Kredit,Bisnis,19.72,0.33,783.0,261.0,0
CUST106272,18,Mahasiswa,19611,597,0.8,5,0,1,0,Kredit Berjalan,Medis,13.9,273.0,734.0,245.0,0
CUST106273,44,Wiraswasta,50872,547,12.7,3219,1,1,1,Kartu Kredit,Renovasi Rumah,22.42,364.0,195.0,65.0,0
CUST106274,18,Wiraswasta,36986,569,1.6,42,1,2,0,Kartu Kredit,Pendidikan,21.19,133.0,744.0,248.0,0
CUST106275,56,Bekerja,42724,680,4.0,6027,0,0,0,Kartu Kredit,Konsolidasi Hutang,17.48,196.0,229.0,76.0,1
CUST106276,18,Mahasiswa,19107,650,1.1,76,0,0,1,Pinjaman Pribadi,Pribadi,12.62,386.0,366.0,122.0,1
CUST106277,18,Bekerja,32977,700,1.7,271,0,0,0,Pinjaman Pribadi,Medis,10.29,146.0,452.0,151.0,1
CUST106278,49,Bekerja,118595,722,0.3,205,0,0,0,Kartu Kredit,Medis,16.85,0.25,0.59,197.0,1
CUST106279,49,Bekerja,85331,669,1.0,1072,0,1,0,Kartu Kredit,Renovasi Rumah,18.45,101.0,397.0,132.0,1
CUST106280,44,Bekerja,119304,674,24.4,3094,0,0,0,Pinjaman Pribadi,Konsolidasi Hutang,11.66,381.0,838.0,279.0,1
CUST106281,70,Wiraswasta,41061,676,18.7,1378,0,0,0,Pinjaman Pribadi,Renovasi Rumah,12.49,313.0,1.963,654.0,1
CUST106282,50,Bekerja,64931,688,16.7,6321,0,0,0,Kartu Kredit,Pribadi,17.56,214.0,698.0,233.0,1
CUST106283,37,Bekerja,19309,543,9.4,86,0,0,0,Pinjaman Pribadi,Pribadi,16.27,273.0,627.0,209.0,0
CUST106284,40,Bekerja,32816,692,0.7,27,0,0,0,Kartu Kredit,Renovasi Rumah,17.95,559.0,82.0,27.0,0
CUST106285,37,Bekerja,48203,634,12.0,2894,0,0,0,Kredit Berjalan,Renovasi Rumah,11.6,0.14,365.0,122.0,1
CUST106286,41,Wiraswasta,64471,715,9.5,11851,0,0,0,Pinjaman Pribadi,Renovasi Rumah,9.75,446.0,1.32,0.44,1
CUST106287,18,Bekerja,21977,639,0.6,235,0,0,0,Kartu Kredit,Konsolidasi Hutang,19.05,285.0,678.0,226.0,0
CUST106288,28,Bekerja,26209,584,4.3,1682,0,1,0,Kartu Kredit,Renovasi Rumah,21.06,285.0,378.0,126.0,0
CUST106289,23,Bekerja,24019,605,1.8,468,0,1,0,Kartu Kredit,Renovasi Rumah,19.01,0.66,829.0,276.0,0
CUST106290,42,Mahasiswa,23181,724,3.4,1056,0,0,0,Pinjaman Pribadi,Medis,10.91,682.0,1.708,569.0,0
CUST106291,41,Bekerja,40203,770,13.9,2440,0,0,0,Pinjaman Pribadi,Pendidikan,9.17,17.0,393.0,131.0,1
CUST106292,18,Mahasiswa,43319,501,0.8,124,1,2,0,Kredit Berjalan,Bisnis,14.79,236.0,674.0,225.0,0
CUST106293,27,Bekerja,30385,603,4.8,1813,0,1,0,Pinjaman Pribadi,Renovasi Rumah,13.23,192.0,964.0,321.0,0
CUST106294,59,Bekerja,43265,772,2.7,3576,0,0,0,Pinjaman Pribadi,Pribadi,8.44,79.0,1.368,456.0,1
CUST106295,42,Bekerja,132464,653,10.0,1518,0,0,0,Pinjaman Pribadi,Renovasi Rumah,11.22,272.0,292.0,97.0,1
CUST106296,19,Bekerja,29005,464,1.9,201,0,1,0,Pinjaman Pribadi,Bisnis,16.27,99.0,845.0,282.0,0
CUST106297,33,Mahasiswa,22355,612,13.5,9143,0,1,0,Kartu Kredit,Medis,19.16,354.0,98.0,33.0,1
CUST106298,18,Wiraswasta,67166,554,1.6,253,0,1,0,Kredit Berjalan,Medis,14.42,0.29,384.0,128.0,0
CUST106299,33,Bekerja,32196,609,5.2,151,0,1,0,Kartu Kredit,Renovasi Rumah,19.55,75.0,503.0,168.0,1
CUST106300,37,Bekerja,35140,670,14.7,947,0,0,0,Kredit Berjalan,Pribadi,9.12,386.0,159.0,53.0,1
CUST106301,61,Bekerja,150058,659,15.2,3513,0,0,0,Kartu Kredit,Pribadi,18.15,291.0,0.17,57.0,1
CUST106302,27,Bekerja,53881,650,3.3,2410,0,1,0,Kartu Kredit,Renovasi Rumah,17.97,262.0,0.1,33.0,1
CUST106303,54,Bekerja,70477,745,1.9,740,0,0,0,Kartu Kredit,Renovasi Rumah,16.06,246.0,627.0,209.0,1
CUST106304,30,Bekerja,56145,613,1.9,1201,0,2,0,Kartu Kredit,Medis,19.52,395.0,533.0,178.0,0
CUST106305,33,Wiraswasta,64794,764,2.1,164,0,0,0,Pinjaman Pribadi,Pendidikan,9.25,197.0,1.543,514.0,1
CUST106306,55,Bekerja,85570,766,2.5,913,0,0,0,Pinjaman Pribadi,Bisnis,9.0,627.0,269.0,0.09,0
CUST106307,42,Mahasiswa,74580,677,19.8,415,0,0,0,Kartu Kredit,Pribadi,18.38,0.42,101.0,34.0,1
CUST106308,39,Wiraswasta,42929,638,8.7,444,0,1,0,Pinjaman Pribadi,Pribadi,14.63,314.0,86.0,29.0,1
CUST106309,44,Bekerja,41868,566,11.6,3157,0,0,2,Kartu Kredit,Pribadi,22.4,386.0,559.0,186.0,0
CUST106310,38,Bekerja,39474,654,5.1,51,0,0,0,Kredit Berjalan,Renovasi Rumah,9.85,75.0,385.0,128.0,1
CUST106311,56,Bekerja,80645,690,6.3,10819,0,0,0,Pinjaman Pribadi,Bisnis,12.21,243.0,518.0,173.0,1
CUST106312,34,Bekerja,31836,640,3.7,114,0,1,0,Pinjaman Pribadi,Pendidikan,13.68,527.0,1.75,583.0,0
CUST106313,18,Bekerja,33481,617,0.9,232,0,1,0,Pinjaman Pribadi,Bisnis,14.91,356.0,1.413,471.0,0
CUST106314,18,Wiraswasta,39547,618,1.3,1200,0,1,0,Pinjaman Pribadi,Renovasi Rumah,13.33,126.0,1.618,539.0,0
CUST106315,20,Bekerja,47908,687,0.3,1,0,0,0,Pinjaman Pribadi,Pribadi,11.23,382.0,355.0,118.0,1
CUST106316,30,Bekerja,39235,668,2.3,430,0,0,0,Kartu Kredit,Pribadi,17.55,259.0,1.032,344.0,1
CUST106317,30,Wiraswasta,65904,713,7.0,2784,0,0,0,Kredit Berjalan,Pendidikan,7.62,0.52,759.0,253.0,1
CUST106318,28,Bekerja,36299,723,1.8,301,0,1,0,Pinjaman Pribadi,Pribadi,10.7,629.0,1.782,594.0,0
CUST106319,43,Bekerja,44620,685,1.9,185,0,0,0,Kredit Berjalan,Pendidikan,10.64,402.0,574.0,191.0,1
CUST106320,18,Bekerja,20293,640,0.7,68,0,0,0,Kartu Kredit,Pribadi,19.58,302.0,44.0,15.0,1
CUST106321,34,Bekerja,54932,632,0.9,462,0,1,0,Kartu Kredit,Pribadi,19.69,121.0,308.0,103.0,1
CUST106322,53,Wiraswasta,234374,833,10.6,32029,0,0,0,Kartu Kredit,Bisnis,14.31,271.0,299.0,0.1,1
CUST106323,37,Wiraswasta,44185,568,11.6,191,0,0,0,Kartu Kredit,Pendidikan,21.73,93.0,1.116,372.0,0
CUST106324,34,Bekerja,46066,669,5.9,2703,0,0,0,Kredit Berjalan,Pribadi,10.03,254.0,554.0,185.0,1
CUST106325,28,Bekerja,29278,646,1.6,9031,0,0,0,Kartu Kredit,Bisnis,19.01,279.0,1.103,368.0,0
CUST106326,26,Mahasiswa,15000,578,6.6,338,1,0,0,Kartu Kredit,Renovasi Rumah,21.22,204.0,0.08,27.0,0
CUST106327,47,Mahasiswa,15000,698,16.2,171,0,0,0,Pinjaman Pribadi,Pribadi,11.57,24.0,1.76,587.0,1
CUST106328,33,Bekerja,80995,627,9.9,7350,0,1,0,Pinjaman Pribadi,Bisnis,14.75,0.39,162.0,54.0,0
CUST106329,18,Mahasiswa,18371,546,0.9,40,0,0,0,Kartu Kredit,Medis,22.34,0.21,65.0,22.0,1
CUST106330,38,Bekerja,72653,647,2.3,301,0,1,0,Kredit Berjalan,Pendidikan,11.45,62.0,388.0,129.0,1
CUST106331,43,Bekerja,61092,754,4.6,753,0,0,0,Kredit Berjalan,Renovasi Rumah,7.21,127.0,774.0,258.0,1
CUST106332,37,Bekerja,44151,589,5.2,672,0,1,0,Pinjaman Pribadi,Renovasi Rumah,15.34,221.0,1.187,396.0,0
CUST106333,18,Bekerja,29592,602,0.8,53,0,0,0,Kredit Berjalan,Renovasi Rumah,11.27,175.0,449.0,0.15,1
CUST106334,49,Bekerja,35311,579,23.9,8787,0,1,0,Pinjaman Pribadi,Pendidikan,15.72,147.0,498.0,166.0,1
CUST106335,26,Wiraswasta,45569,679,5.5,4081,0,0,0,Pinjaman Pribadi,Pribadi,11.2,138.0,1.971,657.0,1
CUST106336,18,Bekerja,17977,601,1.4,26,0,0,0,Pinjaman Pribadi,Konsolidasi Hutang,14.0,92.0,1.263,421.0,0
CUST106337,48,Mahasiswa,15000,707,13.8,1730,0,1,1,Kartu Kredit,Bisnis,16.13,484.0,0.1,33.0,1
CUST106338,41,Bekerja,24883,641,16.1,1170,0,1,0,Pinjaman Pribadi,Renovasi Rumah,13.14,426.0,623.0,208.0,0
CUST106339,23,Bekerja,15000,541,2.1,272,0,1,0,Pinjaman Pribadi,Renovasi Rumah,15.63,5.0,0.36,0.12,0
CUST106340,38,Bekerja,29555,688,13.4,104,0,0,0,Pinjaman Pribadi,Pendidikan,12.34,0.42,71.0,24.0,1
CUST106341,36,Bekerja,29720,572,4.8,597,0,0,0,Kartu Kredit,Bisnis,22.73,508.0,185.0,62.0,0
CUST106342,48,Bekerja,60946,665,16.9,15308,0,0,0,Kartu Kredit,Bisnis,17.41,134.0,1.052,351.0,1
CUST106343,30,Wiraswasta,31259,666,3.7,321,0,0,0,Kartu Kredit,Medis,17.9,414.0,1.276,425.0,1
CUST106344,28,Bekerja,69935,497,9.2,2368,0,0,2,Pinjaman Pribadi,Bisnis,16.99,164.0,1.111,0.37,0
CUST106345,45,Bekerja,25144,599,10.7,209,0,3,1,Pinjaman Pribadi,Medis,16.08,0.24,1.758,586.0,0
CUST106346,46,Bekerja,149399,671,11.6,30560,0,0,0,Kredit Berjalan,Pendidikan,9.79,307.0,315.0,105.0,1
CUST106347,47,Wiraswasta,25687,749,25.7,2687,0,0,0,Pinjaman Pribadi,Pendidikan,10.23,221.0,1.452,484.0,1
CUST106348,57,Bekerja,53810,689,28.8,1569,0,0,0,Kartu Kredit,Bisnis,17.74,358.0,0.47,157.0,1
CUST106349,28,Bekerja,47231,585,0.3,78,0,0,1,Pinjaman Pribadi,Medis,15.24,205.0,1.137,379.0,0
CUST106350,26,Mahasiswa,25017,608,5.9,3717,0,0,0,Kartu Kredit,Pribadi,20.66,353.0,0.1,33.0,1
CUST106351,18,Bekerja,30907,630,1.7,33,0,1,0,Pinjaman Pribadi,Renovasi Rumah,14.39,534.0,1.572,524.0,0
CUST106352,53,Wiraswasta,74278,697,17.2,16742,0,1,0,Kartu Kredit,Pendidikan,17.93,167.0,942.0,314.0,1
CUST106353,44,Bekerja,29991,588,11.9,3794,0,1,0,Kartu Kredit,Konsolidasi Hutang,21.15,349.0,447.0,149.0,0
CUST106354,52,Bekerja,57869,744,26.7,4871,0,0,0,Kartu Kredit,Pendidikan,15.8,0.44,854.0,285.0,1
CUST106355,41,Bekerja,56392,697,0.8,85,0,0,0,Kredit Berjalan,Pribadi,10.73,0.06,206.0,69.0,1
CUST106356,36,Bekerja,17852,571,17.2,1734,0,4,0,Kredit Berjalan,Renovasi Rumah,14.81,591.0,482.0,161.0,0
CUST106357,40,Bekerja,96738,724,0.2,34,0,1,0,Kredit Berjalan,Bisnis,8.55,228.0,517.0,172.0,0
CUST106358,18,Bekerja,22022,497,0.9,1328,0,0,0,Kredit Berjalan,Medis,13.06,365.0,459.0,153.0,0
CUST106359,31,Bekerja,56362,557,7.8,1138,0,1,0,Pinjaman Pribadi,Konsolidasi Hutang,16.6,92.0,1.331,444.0,0
CUST106360,18,Bekerja,15716,557,0.8,3,1,0,1,Pinjaman Pribadi,Renovasi Rumah,15.76,108.0,1.839,613.0,0
CUST106361,25,Bekerja,21045,643,3.6,418,0,2,0,Kartu Kredit,Bisnis,19.73,227.0,532.0,177.0,0
CUST106362,39,Mahasiswa,18634,605,9.8,493,0,1,0,Kartu Kredit,Bisnis,19.12,362.0,102.0,34.0,1
CUST106363,36,Bekerja,25940,663,9.3,161,0,1,1,Kredit Berjalan,Medis,9.45,0.14,1.006,335.0,0
CUST106364,23,Mahasiswa,16265,647,2.6,190,0,3,0,Kredit Berjalan,Bisnis,12.35,63.0,603.0,201.0,0
CUST106365,27,Wiraswasta,40466,595,4.4,346,1,0,0,Kredit Berjalan,Pendidikan,13.42,571.0,526.0,175.0,0
CUST106366,24,Bekerja,67513,580,0.0,0,0,0,1,Pinjaman Pribadi,Bisnis,16.86,0.18,584.0,195.0,0
CUST106367,29,Wiraswasta,40388,514,1.1,62,0,0,1,Pinjaman Pribadi,Pribadi,16.57,247.0,1.28,427.0,0
CUST106368,31,Mahasiswa,25821,570,13.0,566,0,0,0,Kartu Kredit,Pribadi,21.63,166.0,101.0,34.0,1
CUST106369,45,Bekerja,39391,693,20.1,28693,0,1,1,Kartu Kredit,Medis,18.54,213.0,234.0,78.0,1
CUST106370,28,Mahasiswa,15000,616,7.0,471,0,1,0,Pinjaman Pribadi,Pendidikan,14.46,421.0,273.0,91.0,1
CUST106371,43,Bekerja,75560,645,9.5,469,0,1,0,Kartu Kredit,Renovasi Rumah,20.17,116.0,596.0,199.0,1
CUST106372,28,Bekerja,25653,647,0.1,29,0,0,0,Kartu Kredit,Konsolidasi Hutang,20.64,275.0,129.0,43.0,0
CUST106373,22,Bekerja,20906,598,2.1,22,0,2,0,Kartu Kredit,Pribadi,22.74,279.0,569.0,0.19,0
CUST106374,61,Bekerja,48922,614,20.2,7371,0,1,0,Kartu Kredit,Pendidikan,20.31,338.0,1.012,337.0,1
CUST106375,38,Bekerja,60105,746,9.1,879,0,0,0,Pinjaman Pribadi,Pribadi,10.74,211.0,0.76,253.0,1
CUST106376,40,Mahasiswa,34518,645,17.8,57,0,0,0,Pinjaman Pribadi,Medis,13.41,754.0,1.964,655.0,0
CUST106377,53,Bekerja,60020,607,3.4,1202,0,0,0,Pinjaman Pribadi,Pribadi,13.64,26.0,168.0,56.0,1
CUST106378,29,Bekerja,17689,650,7.0,1406,0,0,0,Kredit Berjalan,Medis,9.84,127.0,497.0,166.0,1
CUST106379,20,Bekerja,17421,480,1.9,39,0,0,0,Kartu Kredit,Renovasi Rumah,21.97,196.0,511.0,0.17,0
CUST106380,19,Wiraswasta,149525,521,1.1,232,1,2,1,Pinjaman Pribadi,Bisnis,15.43,372.0,82.0,27.0,0
CUST106381,27,Bekerja,50064,714,0.2,80,0,0,0,Pinjaman Pribadi,Pribadi,11.33,305.0,751.0,0.25,1
CUST106382,18,Bekerja,15000,668,1.5,367,0,0,0,Kredit Berjalan,Pendidikan,9.29,174.0,793.0,264.0,1
CUST106383,38,Wiraswasta,91617,639,12.5,3705,0,1,0,Kartu Kredit,Medis,19.5,384.0,336.0,112.0,1
CUST106384,22,Bekerja,40910,700,2.9,3148,0,0,0,Pinjaman Pribadi,Konsolidasi Hutang,9.94,411.0,369.0,123.0,0
CUST106385,29,Bekerja,36921,594,3.6,1542,0,3,2,Kartu Kredit,Renovasi Rumah,21.68,272.0,404.0,135.0,0
CUST106386,31,Bekerja,27530,739,12.8,56295,0,0,0,Pinjaman Pribadi,Medis,10.87,476.0,1.609,536.0,1
CUST106387,24,Mahasiswa,25632,631,0.4,232,0,0,0,Pinjaman Pribadi,Konsolidasi Hutang,13.07,175.0,1.529,0.51,0
CUST106388,24,Bekerja,16343,665,4.3,63,0,0,0,Kartu Kredit,Pribadi,18.88,496.0,1.181,394.0,0
CUST106389,23,Wiraswasta,46459,618,0.1,2,0,3,0,Pinjaman Pribadi,Pendidikan,13.01,172.0,215.0,72.0,0
CUST106390,34,Bekerja,30908,732,0.3,47,0,0,0,Kartu Kredit,Medis,16.55,277.0,194.0,65.0,1
CUST106391,33,Bekerja,20690,663,6.2,431,0,0,0,Kartu Kredit,Medis,18.64,629.0,623.0,208.0,0
CUST106392,44,Bekerja,24332,521,5.5,3135,0,1,0,Pinjaman Pribadi,Konsolidasi Hutang,16.74,91.0,1.262,421.0,0
CUST106393,35,Bekerja,80776,584,6.1,12888,0,3,1,Pinjaman Pribadi,Pendidikan,15.26,477.0,1.238,413.0,0
CUST106394,20,Bekerja,43017,668,1.3,1402,0,0,0,Kredit Berjalan,Bisnis,10.81,219.0,867.0,289.0,1
CUST106395,18,Bekerja,15000,598,0.7,9,0,2,0,Kartu Kredit,Konsolidasi Hutang,21.35,353.0,227.0,76.0,0
CUST106396,34,Bekerja,16883,759,9.3,1978,0,0,0,Pinjaman Pribadi,Pribadi,8.91,271.0,1.747,582.0,1
CUST106397,46,Bekerja,65218,690,20.8,24014,0,0,1,Kartu Kredit,Renovasi Rumah,17.51,277.0,103.0,34.0,1
CUST106398,35,Bekerja,26588,685,2.8,8,0,2,0,Pinjaman Pribadi,Medis,12.72,156.0,429.0,143.0,1
CUST106399,18,Bekerja,62953,563,0.6,127,0,1,1,Kredit Berjalan,Renovasi Rumah,14.36,279.0,0.68,227.0,0
CUST106400,35,Bekerja,39703,626,3.9,442,0,1,0,Pinjaman Pribadi,Pribadi,13.22,359.0,1.665,555.0,0
CUST106401,41,Bekerja,103988,573,12.3,48246,0,0,0,Kartu Kredit,Renovasi Rumah,22.07,255.0,266.0,89.0,1
CUST106402,39,Bekerja,20053,674,12.5,978,0,0,0,Kartu Kredit,Pribadi,18.24,192.0,185.0,62.0,1
CUST106403,22,Bekerja,42493,635,3.9,4526,0,0,0,Pinjaman Pribadi,Pendidikan,13.98,322.0,1.492,497.0,0
CUST106404,38,Bekerja,35649,633,20.0,2535,0,1,0,Pinjaman Pribadi,Konsolidasi Hutang,14.14,66.0,945.0,315.0,1
CUST106405,43,Bekerja,58601,606,21.5,118895,0,2,0,Kartu Kredit,Pribadi,20.52,418.0,451.0,0.15,1
CUST106406,48,Bekerja,44072,594,1.2,133,0,1,1,Pinjaman Pribadi,Renovasi Rumah,15.75,166.0,669.0,223.0,0
CUST106407,55,Bekerja,83914,716,29.2,6184,0,0,0,Kartu Kredit,Renovasi Rumah,17.34,224.0,816.0,272.0,1
CUST106408,32,Bekerja,36096,548,3.9,3107,0,1,0,Pinjaman Pribadi,Pribadi,15.18,119.0,78.0,26.0,0
CUST106409,27,Bekerja,33936,645,5.9,12,0,1,0,Kredit Berjalan,Konsolidasi Hutang,11.02,219.0,578.0,193.0,0
CUST106410,58,Wiraswasta,179135,801,19.1,26253,0,0,0,Pinjaman Pribadi,Pendidikan,8.98,335.0,558.0,186.0,1
CUST106411,45,Wiraswasta,86355,657,22.3,4795,0,0,0,Kredit Berjalan,Pribadi,10.63,143.0,236.0,79.0,1
CUST106412,58,Bekerja,76020,768,15.8,853,0,1,0,Kartu Kredit,Pribadi,14.84,434.0,255.0,85.0,1
CUST106413,28,Bekerja,40390,759,1.1,7432,0,1,0,Kartu Kredit,Pribadi,14.91,137.0,0.26,87.0,1
CUST106414,18,Wiraswasta,83491,708,0.9,320,0,0,0,Pinjaman Pribadi,Pribadi,10.78,296.0,48.0,16.0,1
CUST106415,32,Bekerja,24955,599,11.5,935,0,0,0,Kartu Kredit,Pribadi,21.82,331.0,545.0,182.0,0
CUST106416,29,Bekerja,57836,564,2.9,2141,0,1,2,Pinjaman Pribadi,Bisnis,15.98,0.21,1.729,576.0,0
CUST106417,28,Bekerja,46301,570,4.5,4903,0,1,1,Kartu Kredit,Pendidikan,22.92,431.0,853.0,284.0,0
CUST106418,19,Wiraswasta,47945,523,1.6,54,1,2,0,Pinjaman Pribadi,Pribadi,16.74,545.0,509.0,0.17,0
CUST106419,18,Wiraswasta,34445,701,1.7,75,0,0,0,Kartu Kredit,Konsolidasi Hutang,15.57,375.0,845.0,282.0,0
CUST106420,32,Bekerja,32878,684,7.9,124,0,0,0,Kartu Kredit,Pribadi,17.92,125.0,532.0,177.0,1
CUST106421,37,Bekerja,33720,631,12.1,397,0,3,0,Pinjaman Pribadi,Konsolidasi Hutang,13.09,0.26,925.0,308.0,0
CUST106422,25,Bekerja,30359,648,3.1,609,0,0,0,Kartu Kredit,Pribadi,20.14,61.0,794.0,265.0,1
CUST106423,51,Wiraswasta,155393,608,26.7,8536,0,1,0,Pinjaman Pribadi,Pendidikan,13.27,65.0,644.0,215.0,1
CUST106424,46,Mahasiswa,32182,617,16.6,760,0,1,0,Kredit Berjalan,Konsolidasi Hutang,11.2,345.0,625.0,208.0,0
CUST106425,46,Wiraswasta,104763,747,23.4,17300,0,0,0,Kartu Kredit,Pendidikan,15.76,282.0,668.0,223.0,1
CUST106426,34,Bekerja,58834,648,4.9,1747,0,0,0,Kredit Berjalan,Pribadi,12.47,275.0,544.0,181.0,1
CUST106427,28,Bekerja,28198,646,8.8,370,0,0,0,Pinjaman Pribadi,Konsolidasi Hutang,13.49,601.0,1.635,545.0,0
CUST106428,18,Bekerja,27052,518,0.6,327,0,0,1,Pinjaman Pribadi,Pribadi,15.42,189.0,1.323,441.0,0
CUST106429,44,Bekerja,59763,626,23.6,1902,0,0,0,Kartu Kredit,Konsolidasi Hutang,20.45,347.0,1.171,0.39,1
CUST106430,33,Bekerja,19009,600,12.4,76,0,1,0,Pinjaman Pribadi,Medis,13.64,149.0,1.189,396.0,0
CUST106431,37,Bekerja,46382,618,5.2,956,0,3,0,Pinjaman Pribadi,Bisnis,14.11,148.0,1.076,359.0,0
CUST106432,30,Bekerja,22847,559,11.7,4147,0,0,0,Kredit Berjalan,Pribadi,13.59,454.0,705.0,235.0,0
CUST106433,20,Wiraswasta,72045,568,0.9,168,0,0,0,Pinjaman Pribadi,Pribadi,15.81,0.27,196.0,65.0,1
CUST106434,39,Bekerja,35111,648,10.2,207,0,0,0,Kartu Kredit,Pribadi,19.77,258.0,1.21,403.0,1
CUST106435,39,Bekerja,61723,660,14.6,3552,0,0,0,Pinjaman Pribadi,Medis,12.49,436.0,1.62,0.54,1
CUST106436,40,Bekerja,25924,750,10.4,482,0,0,0,Kredit Berjalan,Pribadi,6.46,295.0,366.0,122.0,1
CUST106437,36,Bekerja,37806,696,0.6,29,0,0,0,Kartu Kredit,Bisnis,18.58,466.0,831.0,277.0,0
CUST106438,44,Bekerja,67663,721,16.4,4314,0,1,0,Kredit Berjalan,Medis,9.25,308.0,739.0,246.0,1
CUST106439,30,Bekerja,33555,560,2.0,236,0,0,0,Kartu Kredit,Pribadi,21.62,351.0,1.362,454.0,0
CUST106440,31,Bekerja,26713,597,4.2,130,0,3,0,Kartu Kredit,Pribadi,22.89,572.0,479.0,0.16,0
CUST106441,25,Bekerja,15000,517,0.9,157,0,3,0,Kredit Berjalan,Bisnis,13.28,454.0,567.0,189.0,0
CUST106442,36,Bekerja,45266,653,6.7,601,0,0,0,Kartu Kredit,Pendidikan,18.53,124.0,1.076,359.0,1
CUST106443,56,Wiraswasta,97294,682,14.8,10282,0,0,0,Pinjaman Pribadi,Renovasi Rumah,12.34,494.0,1.028,343.0,0
CUST106444,32,Bekerja,69209,710,13.8,3933,0,0,1,Kartu Kredit,Pendidikan,15.84,67.0,718.0,239.0,1
CUST106445,38,Mahasiswa,15000,566,6.3,109,0,0,1,Pinjaman Pribadi,Pendidikan,16.76,125.0,0.88,293.0,0
CUST106446,42,Bekerja,22638,671,22.9,1290,0,0,0,Kredit Berjalan,Renovasi Rumah,9.46,0.8,353.0,118.0,0
CUST106447,19,Bekerja,26540,467,0.7,101,0,0,0,Pinjaman Pribadi,Pendidikan,16.38,0.4,1.978,659.0,0
CUST106448,56,Bekerja,86271,613,9.9,14712,0,1,0,Kartu Kredit,Bisnis,19.47,36.0,604.0,201.0,1
CUST106449,38,Bekerja,24735,642,4.7,3441,0,2,0,Kartu Kredit,Pribadi,19.5,366.0,1.039,346.0,0
CUST106450,18,Bekerja,15000,588,0.6,21,0,2,2,Pinjaman Pribadi,Pendidikan,15.39,294.0,0.76,253.0,0
CUST106451,60,Bekerja,124098,698,12.4,45832,0,1,0,Kartu Kredit,Pribadi,17.15,316.0,564.0,188.0,1
CUST106452,41,Bekerja,35573,740,17.1,375,0,0,0,Kredit Berjalan,Pribadi,8.25,491.0,528.0,176.0,1
CUST106453,42,Bekerja,74988,595,16.4,576,1,1,1,Pinjaman Pribadi,Pendidikan,16.57,239.0,841.0,0.28,0
CUST106454,35,Bekerja,41476,596,8.1,6288,0,2,1,Pinjaman Pribadi,Pribadi,15.63,344.0,1.242,414.0,0
CUST106455,18,Bekerja,20875,546,0.9,138,0,1,0,Kartu Kredit,Pribadi,22.51,0.19,517.0,172.0,0
CUST106456,41,Bekerja,27311,708,19.9,2066,0,0,0,Kartu Kredit,Renovasi Rumah,16.0,273.0,1.223,408.0,1
CUST106457,25,Bekerja,30368,593,4.4,636,0,2,0,Kartu Kredit,Pendidikan,22.91,344.0,645.0,215.0,0
CUST106458,52,Mahasiswa,23306,735,27.9,2446,0,0,0,Kredit Berjalan,Pendidikan,7.76,492.0,296.0,99.0,1
CUST106459,50,Bekerja,37953,725,23.2,6667,0,0,0,Kredit Berjalan,Medis,7.87,85.0,169.0,56.0,1
CUST106460,34,Bekerja,92765,589,6.6,70695,0,1,1,Kartu Kredit,Pribadi,22.44,143.0,755.0,252.0,0
CUST106461,46,Bekerja,93377,727,9.3,11328,0,0,0,Kartu Kredit,Bisnis,16.54,0.08,0.75,0.25,1
CUST106462,36,Bekerja,53402,594,14.0,6899,0,2,0,Kredit Berjalan,Medis,14.11,306.0,502.0,167.0,0
CUST106463,29,Wiraswasta,74779,455,6.4,5717,0,0,0,Kredit Berjalan,Renovasi Rumah,13.06,316.0,273.0,91.0,1
CUST106464,39,Wiraswasta,95275,664,9.7,289182,0,0,0,Kartu Kredit,Bisnis,17.67,112.0,501.0,167.0,1
CUST106465,37,Mahasiswa,15000,678,11.4,3140,0,0,0,Kredit Berjalan,Renovasi Rumah,10.94,229.0,447.0,149.0,1
CUST106466,38,Wiraswasta,49390,636,1.8,555,0,2,0,Pinjaman Pribadi,Pribadi,13.35,169.0,1.94,647.0,0
CUST106467,41,Bekerja,47855,659,6.7,242,0,0,0,Kredit Berjalan,Pribadi,10.71,482.0,276.0,92.0,1
CUST106468,36,Bekerja,82706,644,0.8,6,0,0,0,Kartu Kredit,Renovasi Rumah,20.36,358.0,846.0,282.0,1
CUST106469,18,Bekerja,15804,669,1.7,6,0,1,0,Pinjaman Pribadi,Medis,11.59,384.0,234.0,78.0,1
CUST106470,29,Bekerja,22064,690,5.4,495,1,1,0,Pinjaman Pribadi,Medis,11.96,0.17,199.0,66.0,0
CUST106471,34,Bekerja,47161,570,6.9,2729,1,2,2,Pinjaman Pribadi,Pribadi,15.65,343.0,799.0,266.0,0
CUST106472,18,Bekerja,15000,648,1.8,58,0,0,0,Kartu Kredit,Medis,20.26,402.0,213.0,71.0,1
CUST106473,34,Bekerja,67781,595,0.7,41,0,0,0,Pinjaman Pribadi,Pendidikan,15.25,176.0,401.0,134.0,1
CUST106474,35,Bekerja,25539,677,15.9,235,0,0,0,Pinjaman Pribadi,Renovasi Rumah,12.49,428.0,1.547,516.0,1
CUST106475,70,Wiraswasta,45868,696,28.5,13087,0,0,0,Pinjaman Pribadi,Pendidikan,12.68,508.0,689.0,0.23,0
CUST106476,44,Wiraswasta,108604,751,7.7,150,0,1,0,Kredit Berjalan,Pendidikan,7.0,124.0,0.46,153.0,1
CUST106477,34,Bekerja,19697,626,10.4,1326,0,0,0,Pinjaman Pribadi,Renovasi Rumah,13.32,164.0,91.0,0.03,1
CUST106478,27,Mahasiswa,37283,625,6.6,383,0,0,0,Kartu Kredit,Konsolidasi Hutang,20.11,0.31,99.0,33.0,1
CUST106479,18,Bekerja,86224,639,0.6,1390,0,0,0,Kartu Kredit,Pendidikan,20.08,376.0,812.0,271.0,1
CUST106480,37,Bekerja,64136,666,17.6,100,0,0,0,Kartu Kredit,Renovasi Rumah,17.51,253.0,323.0,108.0,1
CUST106481,48,Wiraswasta,119380,690,15.5,11218,0,0,0,Kartu Kredit,Renovasi Rumah,18.7,15.0,586.0,195.0,1
CUST106482,32,Bekerja,18570,678,6.5,1858,0,0,0,Pinjaman Pribadi,Pendidikan,11.3,365.0,463.0,154.0,1
CUST106483,45,Bekerja,36633,614,13.7,1712,0,0,0,Kredit Berjalan,Medis,12.39,418.0,338.0,113.0,0
CUST106484,47,Bekerja,37256,677,12.7,1793,0,1,0,Pinjaman Pribadi,Medis,12.25,481.0,83.0,28.0,0
CUST106485,21,Bekerja,45907,498,0.1,17,0,0,0,Pinjaman Pribadi,Konsolidasi Hutang,16.71,26.0,1.361,454.0,0
CUST106486,42,Bekerja,30776,668,11.2,1450,0,0,0,Pinjaman Pribadi,Bisnis,12.58,172.0,1.764,588.0,1
CUST106487,26,Bekerja,67277,607,7.9,9,0,1,0,Kredit Berjalan,Pendidikan,11.26,425.0,742.0,247.0,0
CUST106488,35,Wiraswasta,52533,660,0.9,6562,0,0,0,Kredit Berjalan,Renovasi Rumah,9.88,0.59,678.0,226.0,0
CUST106489,49,Bekerja,77226,732,13.5,2964,0,0,0,Pinjaman Pribadi,Medis,11.34,0.09,1.119,373.0,1
CUST106490,29,Bekerja,43209,597,10.1,245,0,0,0,Kartu Kredit,Bisnis,22.51,209.0,148.0,49.0,1
CUST106491,52,Bekerja,166711,723,27.9,31380,0,1,1,Kartu Kredit,Medis,16.52,162.0,84.0,28.0,1
CUST106492,27,Bekerja,32096,543,8.8,8200,0,0,2,Kartu Kredit,Konsolidasi Hutang,22.56,0.39,1.243,414.0,0
CUST106493,19,Bekerja,15000,707,0.6,39,0,1,0,Pinjaman Pribadi,Renovasi Rumah,10.79,51.0,0.68,227.0,1
CUST106494,44,Bekerja,50885,776,2.9,39,0,0,0,Kartu Kredit,Medis,15.25,428.0,336.0,112.0,1
CUST106495,34,Mahasiswa,27909,610,0.7,21,0,1,0,Pinjaman Pribadi,Pribadi,14.84,177.0,1.304,435.0,0
CUST106496,44,Bekerja,60724,561,10.0,6565,0,0,0,Kartu Kredit,Bisnis,22.69,428.0,1.153,384.0,0
CUST106497,18,Wiraswasta,61207,529,1.2,32,0,0,0,Pinjaman Pribadi,Medis,15.82,348.0,704.0,235.0,0
CUST106498,30,Bekerja,26370,660,5.1,74,0,0,0,Kartu Kredit,Pendidikan,17.42,406.0,698.0,233.0,1
CUST106499,40,Bekerja,39092,718,6.0,8079,0,1,0,Kartu Kredit,Medis,16.16,682.0,1.343,448.0,0
CUST106500,40,Bekerja,20683,698,10.4,1567,0,0,0,Kartu Kredit,Renovasi Rumah,17.18,0.3,73.0,24.0,1
CUST106501,18,Bekerja,33038,615,0.3,182,0,0,0,Kredit Berjalan,Bisnis,11.81,0.31,351.0,117.0,0
CUST106502,36,Bekerja,54922,633,2.8,199,0,0,0,Kredit Berjalan,Renovasi Rumah,11.75,32.0,357.0,119.0,1
CUST106503,45,Wiraswasta,53361,767,12.5,660,0,1,0,Kartu Kredit,Pribadi,14.22,34.0,684.0,228.0,1
CUST106504,46,Bekerja,21555,598,1.8,385,0,0,0,Kredit Berjalan,Pribadi,14.64,644.0,264.0,88.0,0
CUST106505,40,Wiraswasta,90036,738,10.3,1678,0,0,0,Pinjaman Pribadi,Pendidikan,11.49,282.0,1.111,0.37,1
CUST106506,25,Bekerja,18628,639,6.1,236,0,0,0,Kartu Kredit,Bisnis,19.59,179.0,725.0,242.0,1
CUST106507,35,Bekerja,30873,570,11.9,5204,0,0,0,Kredit Berjalan,Medis,13.96,429.0,645.0,215.0,0
CUST106508,18,Wiraswasta,28954,606,1.9,3457,0,2,0,Kartu Kredit,Renovasi Rumah,20.04,451.0,1.126,375.0,0
CUST106509,19,Bekerja,33828,623,1.1,82,0,0,0,Kartu Kredit,Medis,19.8,246.0,881.0,294.0,0
CUST106510,38,Bekerja,49346,557,9.1,1656,0,0,1,Kartu Kredit,Pendidikan,22.01,67.0,756.0,252.0,1
CUST106511,45,Bekerja,101494,773,0.2,29,0,0,0,Kredit Berjalan,Bisnis,7.49,69.0,289.0,96.0,1
CUST106512,62,Bekerja,151785,693,1.1,384,0,0,1,Kredit Berjalan,Pribadi,9.3,394.0,329.0,0.11,1
CUST106513,45,Bekerja,31878,689,12.2,615,0,0,0,Kredit Berjalan,Konsolidasi Hutang,9.58,432.0,348.0,116.0,0
CUST106514,39,Bekerja,27846,780,9.0,571,1,0,0,Kartu Kredit,Renovasi Rumah,15.58,86.0,1.135,378.0,0
CUST106515,52,Bekerja,104881,767,11.0,3993,0,1,0,Pinjaman Pribadi,Renovasi Rumah,8.42,81.0,31.0,0.01,1
CUST106516,38,Wiraswasta,70604,655,0.8,187,0,0,0,Pinjaman Pribadi,Medis,11.26,98.0,931.0,0.31,1
CUST106517,26,Bekerja,19331,552,6.9,579,1,0,1,Kredit Berjalan,Bisnis,13.75,127.0,357.0,119.0,0
CUST106518,25,Bekerja,63815,640,5.4,7586,0,1,0,Kredit Berjalan,Konsolidasi Hutang,11.83,49.0,392.0,131.0,1
CUST106519,42,Bekerja,136183,640,19.3,1663,0,0,0,Kartu Kredit,Pribadi,19.45,199.0,514.0,171.0,1
CUST106520,67,Bekerja,56502,782,3.9,431,0,0,0,Pinjaman Pribadi,Pribadi,9.97,238.0,908.0,303.0,1
CUST106521,40,Mahasiswa,33554,612,17.4,2091,0,1,0,Pinjaman Pribadi,Pribadi,13.51,463.0,1.681,0.56,0
CUST106522,43,Bekerja,52095,703,2.6,39,0,1,0,Pinjaman Pribadi,Bisnis,10.7,252.0,94.0,31.0,1
CUST106523,18,Bekerja,32113,645,0.5,130,0,1,0,Kredit Berjalan,Renovasi Rumah,11.34,316.0,514.0,171.0,1
CUST106524,38,Bekerja,39611,585,10.8,1192,0,3,0,Pinjaman Pribadi,Pribadi,15.14,438.0,985.0,328.0,0
CUST106525,28,Bekerja,15000,615,6.5,746,0,2,0,Kartu Kredit,Pribadi,20.74,135.0,1.067,356.0,0
CUST106526,29,Bekerja,25376,670,3.4,131,0,0,0,Kredit Berjalan,Konsolidasi Hutang,10.75,114.0,0.5,167.0,0
CUST106527,37,Bekerja,23801,621,11.1,1236,0,0,1,Pinjaman Pribadi,Pendidikan,14.49,152.0,1.945,648.0,1
CUST106528,36,Bekerja,40071,640,3.3,1836,0,0,0,Kredit Berjalan,Pendidikan,11.65,0.48,711.0,237.0,0
CUST106529,47,Wiraswasta,55246,687,27.4,5580,0,0,0,Kartu Kredit,Konsolidasi Hutang,18.59,438.0,0.91,303.0,1
CUST106530,22,Bekerja,36917,724,3.9,171,0,0,0,Kartu Kredit,Konsolidasi Hutang,15.76,111.0,715.0,238.0,1
CUST106531,48,Mahasiswa,27160,745,14.5,2041,0,1,0,Kartu Kredit,Medis,17.07,304.0,99.0,33.0,1
CUST106532,18,Bekerja,17879,617,0.7,86,0,0,0,Pinjaman Pribadi,Pribadi,14.23,114.0,761.0,254.0,0
CUST106533,35,Bekerja,34438,702,9.3,536,0,0,0,Pinjaman Pribadi,Pribadi,10.74,95.0,264.0,88.0,1
CUST106534,33,Bekerja,15000,619,2.1,2,0,0,0,Kartu Kredit,Medis,19.55,233.0,993.0,331.0,0
CUST106535,40,Bekerja,42538,685,16.0,666,0,0,0,Pinjaman Pribadi,Renovasi Rumah,12.0,506.0,1.422,474.0,0
CUST106536,50,Mahasiswa,17240,726,18.1,1261,0,0,0,Kartu Kredit,Renovasi Rumah,15.79,639.0,99.0,33.0,0
CUST106537,24,Wiraswasta,89953,630,6.0,194,0,1,0,Pinjaman Pribadi,Pendidikan,14.5,502.0,1.112,371.0,0
CUST106538,30,Bekerja,39514,599,2.4,12,0,1,0,Pinjaman Pribadi,Pribadi,16.64,483.0,1.873,624.0,0
CUST106539,38,Bekerja,38810,635,7.0,2837,0,2,0,Kartu Kredit,Pribadi,20.19,565.0,1.337,446.0,0
CUST106540,41,Bekerja,57499,644,17.8,368,0,1,0,Pinjaman Pribadi,Pendidikan,13.03,132.0,1.588,529.0,1
CUST106541,36,Wiraswasta,58071,649,4.6,228,0,1,0,Kredit Berjalan,Renovasi Rumah,12.71,409.0,487.0,162.0,0
CUST106542,24,Bekerja,33535,608,3.9,460,0,1,0,Kartu Kredit,Bisnis,19.01,49.0,15.0,5.0,1
CUST106543,18,Bekerja,42050,606,0.2,16,0,0,0,Kartu Kredit,Renovasi Rumah,20.72,443.0,1.353,451.0,0
CUST106544,39,Bekerja,22955,706,13.1,501,0,3,0,Pinjaman Pribadi,Bisnis,9.6,133.0,1.926,642.0,0
CUST106545,32,Bekerja,32901,745,3.6,658,0,0,0,Kartu Kredit,Medis,16.0,139.0,571.0,0.19,1
CUST106546,37,Bekerja,32160,714,15.0,440,0,0,0,Kredit Berjalan,Pendidikan,9.43,622.0,267.0,89.0,0
CUST106547,35,Bekerja,60861,606,7.0,3085,0,0,0,Kartu Kredit,Medis,20.79,282.0,886.0,295.0,1
CUST106548,59,Wiraswasta,28779,767,14.8,288,0,0,0,Kredit Berjalan,Renovasi Rumah,7.1,335.0,365.0,122.0,1
CUST106549,33,Bekerja,27578,650,5.1,27,0,0,0,Pinjaman Pribadi,Pribadi,12.42,377.0,36.0,12.0,1
CUST106550,18,Bekerja,25045,578,0.3,46,0,0,1,Kredit Berjalan,Medis,14.96,163.0,886.0,295.0,0
CUST106551,40,Bekerja,59497,609,8.3,776,0,4,0,Kartu Kredit,Renovasi Rumah,19.48,275.0,1.124,375.0,0
CUST106552,44,Bekerja,53030,742,20.8,18108,0,0,0,Pinjaman Pribadi,Konsolidasi Hutang,10.22,145.0,975.0,325.0,1
CUST106553,55,Bekerja,80789,782,9.8,11723,0,0,0,Kartu Kredit,Pendidikan,15.56,487.0,866.0,289.0,1
CUST106554,22,Bekerja,28889,558,3.8,83,0,1,0,Kartu Kredit,Konsolidasi Hutang,21.46,384.0,1.16,387.0,0
CUST106555,24,Wiraswasta,64457,597,3.9,540,0,0,0,Kartu Kredit,Pendidikan,22.48,433.0,697.0,232.0,0
CUST106556,55,Bekerja,59671,683,22.6,16674,0,1,0,Kartu Kredit,Bisnis,17.01,733.0,773.0,258.0,0
CUST106557,18,Bekerja,25932,712,1.2,256,0,0,0,Kartu Kredit,Renovasi Rumah,15.81,216.0,486.0,162.0,1
CUST106558,30,Bekerja,21503,593,6.9,294,0,0,0,Kartu Kredit,Medis,23.0,0.71,725.0,242.0,0
CUST106559,25,Bekerja,113672,680,3.5,247,0,0,0,Kartu Kredit,Medis,17.76,181.0,568.0,189.0,1
CUST106560,41,Bekerja,38245,653,6.2,922,0,1,0,Pinjaman Pribadi,Pendidikan,12.7,21.0,617.0,206.0,1
CUST106561,49,Bekerja,93146,655,8.1,306,0,0,0,Kartu Kredit,Renovasi Rumah,17.5,0.5,654.0,218.0,0
CUST106562,25,Bekerja,90952,605,2.2,3287,0,1,0,Pinjaman Pribadi,Bisnis,14.82,81.0,242.0,81.0,1
CUST106563,40,Bekerja,20937,582,14.0,1654,0,0,0,Kartu Kredit,Pendidikan,22.32,434.0,1.056,352.0,1
CUST106564,30,Bekerja,75256,541,9.1,2194,0,0,0,Kartu Kredit,Pendidikan,21.67,212.0,0.93,0.31,1
CUST106565,59,Bekerja,79980,741,13.9,5384,0,0,0,Pinjaman Pribadi,Bisnis,9.56,157.0,399.0,133.0,1
CUST106566,36,Wiraswasta,43328,568,10.5,194,0,2,1,Kartu Kredit,Bisnis,22.86,238.0,1.297,432.0,0
CUST106567,21,Bekerja,28506,571,1.0,93,0,0,0,Pinjaman Pribadi,Konsolidasi Hutang,15.85,719.0,547.0,182.0,0
CUST106568,34,Bekerja,39362,702,2.4,1756,0,1,0,Kartu Kredit,Pendidikan,16.17,226.0,338.0,113.0,1
CUST106569,29,Bekerja,32761,631,7.6,1469,0,4,0,Kartu Kredit,Pendidikan,20.85,136.0,494.0,165.0,0
CUST106570,50,Bekerja,59845,723,6.1,64,0,1,0,Kredit Berjalan,Medis,7.7,479.0,279.0,93.0,1
CUST106571,41,Bekerja,27952,436,7.5,339,0,0,0,Kredit Berjalan,Bisnis,14.51,462.0,261.0,87.0,0
CUST106572,54,Wiraswasta,133852,708,2.5,2292,0,0,0,Pinjaman Pribadi,Bisnis,10.78,0.11,747.0,249.0,1
CUST106573,27,Bekerja,29868,614,4.7,27,0,0,0,Kredit Berjalan,Pribadi,12.08,301.0,218.0,73.0,1
CUST106574,25,Bekerja,33728,515,6.0,3017,0,2,0,Pinjaman Pribadi,Pribadi,15.76,278.0,44.0,15.0,1
CUST106575,65,Wiraswasta,172630,700,2.6,1636,0,0,0,Kartu Kredit,Pendidikan,16.88,0.36,405.0,135.0,1
CUST106576,31,Mahasiswa,27002,645,4.0,47,0,0,0,Kredit Berjalan,Medis,12.68,219.0,478.0,159.0,1
CUST106577,27,Mahasiswa,17236,618,5.2,80,0,0,0,Kredit Berjalan,Konsolidasi Hutang,12.38,29.0,801.0,267.0,0
CUST106578,29,Bekerja,41439,693,2.0,900,0,0,0,Pinjaman Pribadi,Renovasi Rumah,12.19,145.0,478.0,159.0,1
CUST106579,57,Bekerja,244286,670,16.8,7359,0,2,0,Pinjaman Pribadi,Pendidikan,12.11,385.0,409.0,136.0,1
CUST106580,44,Bekerja,59277,606,8.3,4216,0,3,0,Kartu Kredit,Medis,20.95,76.0,601.0,0.2,0
CUST106581,61,Bekerja,45335,661,4.6,1541,0,0,0,Pinjaman Pribadi,Medis,12.26,477.0,1.78,593.0,0
CUST106582,47,Bekerja,66991,666,10.8,1627,0,1,0,Pinjaman Pribadi,Renovasi Rumah,11.09,264.0,921.0,307.0,1
CUST106583,29,Mahasiswa,15000,638,6.8,427,0,0,0,Pinjaman Pribadi,Pendidikan,13.22,37.0,0.64,213.0,1
CUST106584,32,Wiraswasta,176786,640,12.8,25815,0,1,0,Kredit Berjalan,Bisnis,12.71,0.33,262.0,87.0,1
CUST106585,30,Bekerja,24712,647,4.9,60,0,5,0,Kartu Kredit,Renovasi Rumah,20.58,146.0,1.295,432.0,0
CUST106586,33,Wiraswasta,34109,643,6.2,180,0,2,0,Pinjaman Pribadi,Pendidikan,13.26,68.0,1.023,341.0,1
CUST106587,70,Mahasiswa,26487,658,15.6,3332,0,0,0,Kredit Berjalan,Medis,10.73,433.0,419.0,0.14,1
CUST106588,24,Bekerja,37411,619,0.5,155,0,0,1,Kartu Kredit,Pribadi,20.67,234.0,0.93,0.31,0
CUST106589,45,Bekerja,98803,767,7.2,1594,0,0,0,Kredit Berjalan,Bisnis,7.46,216.0,356.0,119.0,1
CUST106590,37,Wiraswasta,189044,668,10.3,1337,0,0,0,Kartu Kredit,Pribadi,17.59,349.0,0.37,123.0,1
CUST106591,37,Bekerja,36522,631,1.1,105,0,0,0,Pinjaman Pribadi,Pendidikan,14.33,387.0,695.0,232.0,1
CUST106592,29,Wiraswasta,128644,629,0.1,52,0,0,0,Pinjaman Pribadi,Pendidikan,14.02,381.0,777.0,259.0,0
CUST106593,37,Bekerja,27223,542,0.4,127,0,0,0,Kartu Kredit,Pribadi,22.38,651.0,1.106,369.0,0
CUST106594,39,Bekerja,55556,611,1.8,357,0,3,0,Pinjaman Pribadi,Pribadi,13.9,245.0,1.577,526.0,0
CUST106595,40,Bekerja,61110,607,8.0,736,0,2,0,Kartu Kredit,Pendidikan,20.68,486.0,821.0,274.0,1
CUST106596,55,Bekerja,40753,708,6.8,203,0,0,0,Kartu Kredit,Medis,16.62,118.0,395.0,132.0,1
CUST106597,27,Bekerja,63708,620,5.1,465,0,2,1,Pinjaman Pribadi,Medis,14.47,239.0,901.0,0.3,0
CUST106598,24,Wiraswasta,46639,617,1.6,65,0,1,0,Pinjaman Pribadi,Medis,14.46,295.0,289.0,96.0,1
CUST106599,48,Bekerja,136502,633,9.7,2652,0,0,0,Kartu Kredit,Pendidikan,19.58,317.0,513.0,171.0,1
CUST106600,26,Wiraswasta,99876,622,7.0,1612,0,0,0,Kartu Kredit,Renovasi Rumah,20.49,134.0,701.0,234.0,1
CUST106601,41,Wiraswasta,87041,665,19.5,3496,0,0,0,Kartu Kredit,Renovasi Rumah,17.77,239.0,543.0,181.0,1
CUST106602,51,Bekerja,116811,624,23.9,51488,0,3,0,Pinjaman Pribadi,Medis,13.66,347.0,818.0,273.0,0
CUST106603,44,Wiraswasta,34398,675,6.4,1708,0,0,0,Kredit Berjalan,Konsolidasi Hutang,9.15,264.0,433.0,144.0,0
CUST106604,18,Bekerja,28992,678,2.0,293,0,0,0,Pinjaman Pribadi,Pribadi,12.24,536.0,1.849,616.0,0
CUST106605,18,Bekerja,42693,618,0.7,351,0,0,0,Kartu Kredit,Medis,19.07,283.0,707.0,236.0,1
CUST106606,32,Wiraswasta,71045,525,10.6,5181,0,1,0,Kartu Kredit,Medis,21.21,271.0,985.0,328.0,1
CUST106607,45,Bekerja,19248,496,19.8,4320,0,0,0,Kartu Kredit,Pendidikan,22.68,137.0,0.39,0.13,1
CUST106608,38,Bekerja,30383,657,19.6,217,0,0,1,Kredit Berjalan,Medis,9.87,287.0,227.0,76.0,1
CUST106609,36,Bekerja,81521,680,5.9,281,0,0,0,Kredit Berjalan,Konsolidasi Hutang,9.19,0.24,267.0,89.0,1
CUST106610,39,Bekerja,32429,650,12.3,4858,0,0,0,Kartu Kredit,Pendidikan,17.02,498.0,136.0,45.0,1
CUST106611,18,Bekerja,31337,607,1.1,246,0,0,0,Kartu Kredit,Bisnis,19.65,0.56,1.091,364.0,0
CUST106612,18,Bekerja,22409,618,1.1,57,1,1,0,Kartu Kredit,Bisnis,20.38,398.0,821.0,274.0,0
CUST106613,41,Wiraswasta,95448,600,2.7,903,0,2,0,Kartu Kredit,Pendidikan,20.34,36.0,733.0,244.0,1
CUST106614,18,Bekerja,15000,622,0.6,51,0,1,1,Pinjaman Pribadi,Bisnis,14.77,417.0,427.0,142.0,0
CUST106615,29,Wiraswasta,32083,626,10.0,483,0,0,0,Kredit Berjalan,Bisnis,11.9,236.0,349.0,116.0,0
CUST106616,18,Bekerja,20434,642,0.4,1,0,0,1,Kartu Kredit,Pendidikan,19.06,164.0,421.0,0.14,0
CUST106617,26,Bekerja,76168,506,0.6,379,0,0,0,Kartu Kredit,Bisnis,21.61,239.0,919.0,306.0,0
CUST106618,49,Mahasiswa,27578,599,24.4,1024,1,1,1,Kartu Kredit,Renovasi Rumah,21.6,124.0,18.0,6.0,0
CUST106619,37,Bekerja,39698,686,1.2,3,0,0,0,Kartu Kredit,Pribadi,18.19,308.0,222.0,74.0,1
CUST106620,26,Bekerja,33186,672,1.8,61,0,0,0,Pinjaman Pribadi,Pendidikan,11.54,234.0,539.0,0.18,1
CUST106621,34,Bekerja,36428,633,4.9,76,0,1,0,Kartu Kredit,Renovasi Rumah,19.15,422.0,1.101,367.0,0
CUST106622,27,Mahasiswa,27185,546,2.0,1728,0,0,0,Pinjaman Pribadi,Konsolidasi Hutang,15.36,47.0,1.832,611.0,0
CUST106623,28,Wiraswasta,250000,664,9.8,18633,0,0,0,Kartu Kredit,Medis,17.38,228.0,0.28,93.0,1
CUST106624,20,Wiraswasta,104210,572,1.4,263,0,1,1,Kartu Kredit,Renovasi Rumah,22.42,96.0,672.0,224.0,0
CUST106625,27,Bekerja,38864,650,5.2,3835,0,0,0,Kartu Kredit,Pendidikan,18.95,114.0,749.0,0.25,1
CUST106626,26,Bekerja,15000,556,3.1,846,0,1,1,Pinjaman Pribadi,Bisnis,15.23,568.0,1.067,356.0,0
CUST106627,23,Bekerja,29680,618,2.5,2014,0,3,0,Kartu Kredit,Bisnis,20.35,468.0,1.021,0.34,0
CUST106628,32,Bekerja,81675,671,2.7,5686,0,0,0,Kartu Kredit,Pribadi,18.56,204.0,45.0,15.0,1
CUST106629,29,Wiraswasta,138228,719,3.0,3073,0,0,0,Kartu Kredit,Bisnis,16.86,182.0,506.0,169.0,1
CUST106630,20,Bekerja,31403,569,0.5,59,0,1,0,Pinjaman Pribadi,Pendidikan,15.71,266.0,573.0,191.0,0
CUST106631,33,Bekerja,47657,505,1.9,168,1,2,0,Kartu Kredit,Pendidikan,22.95,189.0,598.0,199.0,0
CUST106632,35,Wiraswasta,250000,684,4.7,1731,0,0,0,Kartu Kredit,Konsolidasi Hutang,18.88,359.0,0.13,43.0,1
CUST106633,18,Bekerja,127778,612,0.3,19,0,1,0,Kartu Kredit,Pendidikan,20.99,657.0,548.0,183.0,0
CUST106634,34,Wiraswasta,58450,639,9.0,1881,0,1,0,Pinjaman Pribadi,Pribadi,13.29,65.0,1.304,435.0,0
CUST106635,43,Wiraswasta,77706,630,10.5,6099,0,1,0,Pinjaman Pribadi,Bisnis,13.51,239.0,434.0,145.0,1
CUST106636,47,Wiraswasta,73746,609,25.7,4957,0,1,0,Pinjaman Pribadi,Pribadi,13.18,421.0,176.0,59.0,1
CUST106637,36,Bekerja,85944,605,3.3,17058,0,2,0,Pinjaman Pribadi,Konsolidasi Hutang,13.76,192.0,1.005,335.0,0
CUST106638,47,Wiraswasta,53930,601,13.8,5196,0,0,0,Kredit Berjalan,Renovasi Rumah,11.2,352.0,389.0,0.13,1
CUST106639,43,Bekerja,44367,732,0.3,34,0,1,0,Kartu Kredit,Pribadi,16.48,633.0,1.368,456.0,0
CUST106640,36,Mahasiswa,16040,832,14.4,1496,0,0,0,Kartu Kredit,Pendidikan,15.86,443.0,0.1,33.0,1
CUST106641,50,Bekerja,34158,627,16.4,308,0,0,0,Kartu Kredit,Pendidikan,19.78,301.0,0.12,0.04,1
CUST106642,18,Mahasiswa,15000,712,1.0,273,0,1,0,Kredit Berjalan,Medis,9.48,239.0,613.0,204.0,1
CUST106643,29,Bekerja,31720,641,7.3,2931,0,0,0,Kartu Kredit,Medis,20.15,306.0,1.352,451.0,0
CUST106644,30,Bekerja,67450,660,6.1,1111,0,0,0,Pinjaman Pribadi,Bisnis,12.47,172.0,311.0,104.0,1
CUST106645,35,Bekerja,24319,594,14.7,1179,0,0,0,Kartu Kredit,Konsolidasi Hutang,21.47,148.0,761.0,254.0,0
CUST106646,48,Mahasiswa,15000,700,12.1,318,0,0,0,Pinjaman Pribadi,Renovasi Rumah,10.52,124.0,167.0,56.0,1
CUST106647,48,Wiraswasta,199692,732,29.7,55296,0,0,0,Pinjaman Pribadi,Medis,11.43,64.0,501.0,167.0,1
CUST106648,42,Wiraswasta,23103,634,4.2,909,0,0,0,Kartu Kredit,Renovasi Rumah,20.26,341.0,264.0,88.0,1
CUST106649,32,Bekerja,62482,606,11.9,361,0,0,1,Kartu Kredit,Konsolidasi Hutang,20.49,207.0,904.0,301.0,1
CUST106650,55,Bekerja,112198,621,5.0,162,0,1,0,Kartu Kredit,Pendidikan,20.35,114.0,64.0,21.0,1
CUST106651,40,Bekerja,15206,582,21.5,9,0,1,1,Pinjaman Pribadi,Pendidikan,16.85,401.0,164.0,55.0,1
CUST106652,41,Bekerja,34083,614,12.1,926,0,0,0,Kartu Kredit,Pendidikan,19.98,108.0,648.0,216.0,1
CUST106653,34,Bekerja,40209,691,14.9,2406,0,0,0,Pinjaman Pribadi,Pribadi,12.53,149.0,1.47,0.49,1
CUST106654,43,Bekerja,60861,606,8.4,584,0,1,0,Pinjaman Pribadi,Pribadi,13.62,226.0,1.554,518.0,1
CUST106655,54,Bekerja,189281,713,5.0,3935,0,0,0,Kartu Kredit,Renovasi Rumah,17.19,282.0,0.37,123.0,1
CUST106656,34,Bekerja,151334,731,3.6,192,0,0,0,Pinjaman Pribadi,Bisnis,10.85,446.0,661.0,0.22,0
CUST106657,40,Bekerja,56532,697,21.3,422,0,0,0,Kartu Kredit,Pribadi,17.38,252.0,1.238,413.0,1
CUST106658,45,Bekerja,34878,634,6.2,2780,0,0,0,Kartu Kredit,Pribadi,20.27,97.0,436.0,145.0,1
CUST106659,31,Bekerja,27264,524,4.7,75,0,0,1,Kredit Berjalan,Pendidikan,14.98,166.0,862.0,287.0,0
CUST106660,45,Bekerja,38639,768,1.0,347,0,0,0,Kartu Kredit,Bisnis,14.64,103.0,412.0,137.0,1
CUST106661,63,Bekerja,59292,649,8.5,1074,0,0,0,Kartu Kredit,Pendidikan,20.32,511.0,1.066,355.0,0
CUST106662,35,Mahasiswa,17716,660,6.2,585,0,2,0,Kredit Berjalan,Konsolidasi Hutang,10.92,163.0,367.0,122.0,1
CUST106663,18,Mahasiswa,15000,656,1.5,11,0,0,0,Kartu Kredit,Bisnis,18.87,181.0,73.0,24.0,1
CUST106664,32,Bekerja,49410,739,0.6,8,0,0,0,Pinjaman Pribadi,Pendidikan,11.19,199.0,1.172,391.0,1
CUST106665,35,Wiraswasta,15000,586,2.6,598,0,0,0,Pinjaman Pribadi,Medis,16.32,226.0,1.807,602.0,0
CUST106666,49,Wiraswasta,123327,656,13.9,2555,0,0,1,Kartu Kredit,Pribadi,18.29,123.0,224.0,75.0,1
CUST106667,43,Bekerja,32863,756,1.6,226,0,0,0,Kredit Berjalan,Pendidikan,6.18,217.0,691.0,0.23,1
CUST106668,24,Bekerja,49089,535,3.8,190,1,1,0,Pinjaman Pribadi,Pendidikan,15.34,186.0,1.269,423.0,0
CUST106669,38,Bekerja,25333,721,4.9,383,0,0,0,Kartu Kredit,Konsolidasi Hutang,16.58,0.1,592.0,197.0,1
CUST106670,21,Bekerja,16225,627,1.5,150,0,0,0,Pinjaman Pribadi,Bisnis,14.9,155.0,1.399,466.0,0
CUST106671,61,Bekerja,96122,787,0.0,0,0,0,0,Kartu Kredit,Pribadi,14.02,563.0,0.38,127.0,0
CUST106672,27,Mahasiswa,34159,590,5.1,4875,0,1,1,Kartu Kredit,Pribadi,22.37,236.0,0.1,33.0,1
CUST106673,34,Bekerja,53501,578,8.6,401,0,0,0,Kartu Kredit,Pendidikan,21.59,331.0,634.0,211.0,1
CUST106674,22,Bekerja,25029,725,3.1,701,0,2,0,Kartu Kredit,Renovasi Rumah,17.15,51.0,1.083,361.0,1
CUST106675,35,Wiraswasta,33379,673,2.3,213,0,0,0,Pinjaman Pribadi,Pribadi,12.16,372.0,1.219,406.0,1
CUST106676,18,Wiraswasta,105647,540,2.0,238,0,0,1,Pinjaman Pribadi,Medis,16.79,684.0,665.0,222.0,0
CUST106677,22,Bekerja,22335,529,1.0,19,0,0,1,Kredit Berjalan,Bisnis,14.21,0.25,958.0,319.0,0
CUST106678,32,Bekerja,47137,738,3.5,233,0,0,0,Pinjaman Pribadi,Pribadi,10.41,168.0,1.916,639.0,1
CUST106679,31,Bekerja,42828,690,10.3,253,0,0,0,Kredit Berjalan,Medis,10.34,321.0,0.82,273.0,1
CUST106680,23,Bekerja,29452,583,4.2,303,0,0,0,Pinjaman Pribadi,Pendidikan,15.05,75.0,1.888,629.0,0
CUST106681,20,Bekerja,18805,709,1.5,420,0,0,2,Kartu Kredit,Renovasi Rumah,17.04,278.0,1.388,463.0,0
CUST106682,42,Bekerja,48134,678,12.1,125,0,0,0,Kredit Berjalan,Pribadi,10.62,123.0,582.0,194.0,1
CUST106683,43,Mahasiswa,22224,729,17.8,6994,0,0,0,Pinjaman Pribadi,Renovasi Rumah,9.89,229.0,45.0,15.0,1
CUST106684,40,Wiraswasta,36038,592,3.1,18,0,2,0,Pinjaman Pribadi,Pribadi,15.66,0.18,452.0,151.0,0
CUST106685,18,Bekerja,28905,528,0.8,158,0,2,0,Kartu Kredit,Pendidikan,21.07,417.0,1.169,0.39,0
CUST106686,38,Bekerja,42491,704,10.1,335,0,0,0,Kartu Kredit,Renovasi Rumah,16.75,245.0,577.0,192.0,1
CUST106687,23,Bekerja,52417,702,4.2,3881,0,0,0,Kartu Kredit,Medis,15.53,61.0,521.0,174.0,1
CUST106688,30,Wiraswasta,75408,694,9.4,19956,0,0,0,Kartu Kredit,Bisnis,18.22,649.0,928.0,309.0,0
CUST106689,23,Mahasiswa,24211,632,1.0,133,0,1,0,Pinjaman Pribadi,Bisnis,13.99,315.0,933.0,311.0,0
CUST106690,26,Bekerja,120273,556,2.9,285,0,2,0,Kredit Berjalan,Renovasi Rumah,14.98,63.0,148.0,49.0,0
CUST106691,60,Bekerja,127490,732,25.3,24011,0,0,0,Pinjaman Pribadi,Renovasi Rumah,11.44,132.0,625.0,208.0,1
CUST106692,38,Bekerja,48049,614,17.9,194,0,0,0,Kartu Kredit,Pendidikan,19.79,158.0,932.0,311.0,1
CUST106693,34,Bekerja,38577,627,0.1,23,0,0,0,Kredit Berjalan,Pribadi,11.24,229.0,0.7,233.0,1
CUST106694,45,Bekerja,46502,630,15.9,3560,0,0,0,Kartu Kredit,Bisnis,19.35,85.0,1.286,429.0,0
CUST106695,23,Bekerja,59882,523,2.9,32,0,0,1,Kartu Kredit,Konsolidasi Hutang,22.61,138.0,1.106,369.0,0
CUST106696,48,Bekerja,75673,700,22.1,4698,0,0,0,Pinjaman Pribadi,Medis,10.18,302.0,603.0,201.0,1
CUST106697,44,Bekerja,27857,579,1.1,58,0,0,1,Kredit Berjalan,Medis,14.3,0.05,348.0,116.0,0
CUST106698,18,Wiraswasta,70948,562,1.4,110,0,1,0,Kredit Berjalan,Renovasi Rumah,14.55,209.0,276.0,92.0,0
CUST106699,40,Bekerja,51578,574,10.2,2093,0,0,0,Kredit Berjalan,Medis,14.5,313.0,458.0,153.0,0
CUST106700,35,Bekerja,64763,613,12.8,15785,0,0,1,Kartu Kredit,Renovasi Rumah,20.22,501.0,809.0,0.27,0
CUST106701,62,Wiraswasta,50965,666,29.6,10996,0,2,0,Kredit Berjalan,Pendidikan,10.26,505.0,375.0,125.0,0
CUST106702,35,Bekerja,43695,632,4.4,620,0,1,0,Pinjaman Pribadi,Pribadi,13.6,0.33,1.435,478.0,0
CUST106703,28,Bekerja,21185,582,6.0,1630,0,1,0,Kartu Kredit,Medis,21.8,763.0,453.0,151.0,0
CUST106704,43,Bekerja,58318,686,7.4,336,0,0,0,Kartu Kredit,Pribadi,18.01,439.0,33.0,11.0,1
CUST106705,37,Wiraswasta,68724,699,12.1,7544,0,0,0,Kredit Berjalan,Pendidikan,9.2,134.0,553.0,184.0,1
CUST106706,41,Bekerja,37955,635,4.0,365,0,1,0,Kredit Berjalan,Bisnis,11.77,202.0,285.0,95.0,1
CUST106707,53,Mahasiswa,27715,721,11.2,2424,0,0,0,Kartu Kredit,Pribadi,15.93,0.61,101.0,34.0,0
CUST106708,47,Bekerja,33695,658,5.3,153,0,1,0,Pinjaman Pribadi,Pribadi,12.8,509.0,56.0,19.0,0
CUST106709,25,Bekerja,18353,644,0.5,14,0,1,0,Pinjaman Pribadi,Renovasi Rumah,14.79,0.12,583.0,194.0,0
CUST106710,38,Bekerja,46081,666,15.8,4111,0,0,0,Pinjaman Pribadi,Pendidikan,12.39,147.0,85.0,28.0,1
CUST106711,30,Wiraswasta,48624,580,4.7,4277,0,0,1,Kredit Berjalan,Pribadi,13.91,185.0,627.0,209.0,0
CUST106712,37,Wiraswasta,33234,717,0.4,90,0,1,0,Kartu Kredit,Konsolidasi Hutang,17.14,656.0,229.0,76.0,0
CUST106713,18,Bekerja,28259,622,1.4,31,0,2,0,Pinjaman Pribadi,Pribadi,14.6,299.0,78.0,26.0,1
CUST106714,35,Bekerja,59067,595,7.5,3111,0,1,0,Kartu Kredit,Renovasi Rumah,22.73,376.0,207.0,69.0,0
CUST106715,37,Bekerja,77740,768,5.7,539,0,0,1,Kartu Kredit,Pendidikan,15.66,166.0,228.0,76.0,1
CUST106716,33,Mahasiswa,15000,618,8.4,316,0,0,0,Kredit Berjalan,Bisnis,12.12,499.0,387.0,129.0,0
CUST106717,45,Bekerja,73223,712,14.2,1076,0,0,0,Kredit Berjalan,Pribadi,8.63,143.0,321.0,107.0,1
CUST106718,44,Bekerja,37817,750,18.8,3445,0,2,0,Kartu Kredit,Bisnis,15.89,215.0,286.0,95.0,1
CUST106719,24,Bekerja,30031,617,1.2,10,0,0,0,Kartu Kredit,Pribadi,20.67,103.0,1.092,364.0,0
CUST106720,49,Bekerja,148625,624,28.4,93811,0,3,0,Kredit Berjalan,Konsolidasi Hutang,12.86,255.0,101.0,34.0,0
CUST106721,44,Wiraswasta,145162,739,5.3,2471,0,0,1,Kartu Kredit,Pendidikan,16.84,202.0,482.0,161.0,1
CUST106722,38,Bekerja,36035,629,17.5,1266,0,0,0,Kredit Berjalan,Renovasi Rumah,11.31,574.0,0.43,143.0,0
CUST106723,18,Bekerja,55085,555,1.8,503,0,1,0,Pinjaman Pribadi,Medis,16.5,285.0,1.394,465.0,0
CUST106724,35,Wiraswasta,222736,640,8.2,283,0,0,1,Pinjaman Pribadi,Medis,13.77,285.0,441.0,147.0,1
CUST106725,31,Wiraswasta,119190,633,1.5,172,0,1,0,Pinjaman Pribadi,Pribadi,14.18,101.0,102.0,34.0,1
CUST106726,25,Bekerja,54158,602,1.0,35,0,2,0,Pinjaman Pribadi,Pribadi,14.65,435.0,508.0,169.0,0
CUST106727,28,Bekerja,30973,671,7.0,4175,0,0,0,Kartu Kredit,Konsolidasi Hutang,17.27,0.69,985.0,328.0,0
CUST106728,25,Mahasiswa,16988,506,1.4,30,0,2,0,Kartu Kredit,Pendidikan,21.78,0.16,0.1,33.0,1
CUST106729,20,Bekerja,18250,647,0.4,276,0,0,0,Kredit Berjalan,Pendidikan,11.26,0.33,274.0,91.0,1
CUST106730,41,Bekerja,42804,585,7.5,559,0,1,1,Kredit Berjalan,Pribadi,13.15,419.0,117.0,39.0,0
CUST106731,24,Wiraswasta,166929,636,1.6,15,0,0,0,Pinjaman Pribadi,Bisnis,14.64,402.0,69.0,23.0,0
CUST106732,41,Bekerja,99595,800,0.0,0,0,0,0,Kartu Kredit,Konsolidasi Hutang,14.61,549.0,386.0,129.0,1
CUST106733,45,Wiraswasta,33785,665,14.6,5440,0,0,0,Kredit Berjalan,Bisnis,10.06,0.17,394.0,131.0,1
CUST106734,34,Bekerja,27660,585,9.4,2239,0,1,0,Kartu Kredit,Renovasi Rumah,22.2,338.0,1.298,433.0,0
CUST106735,27,Bekerja,15000,538,1.9,51,0,0,0,Kartu Kredit,Pribadi,22.16,203.0,627.0,209.0,0
CUST106736,44,Wiraswasta,51622,684,14.5,562,0,0,0,Kredit Berjalan,Renovasi Rumah,10.51,84.0,461.0,154.0,1
CUST106737,21,Bekerja,15000,682,0.1,41,0,0,0,Pinjaman Pribadi,Konsolidasi Hutang,11.58,385.0,487.0,162.0,0
CUST106738,55,Bekerja,29021,680,19.4,484,0,0,0,Pinjaman Pribadi,Pribadi,12.59,224.0,1.881,627.0,1
CUST106739,33,Mahasiswa,42142,728,13.4,700,0,0,0,Kredit Berjalan,Pendidikan,8.47,134.0,0.89,297.0,1
CUST106740,66,Bekerja,162646,754,11.8,1268,0,0,0,Kredit Berjalan,Medis,7.42,0.42,226.0,75.0,1
CUST106741,29,Bekerja,40855,666,3.3,204,0,0,0,Pinjaman Pribadi,Pribadi,12.9,155.0,1.476,492.0,1
CUST106742,54,Bekerja,76426,613,13.3,737,0,2,0,Pinjaman Pribadi,Renovasi Rumah,13.45,426.0,1.308,436.0,1
CUST106743,59,Mahasiswa,41205,691,17.1,114,1,3,0,Kredit Berjalan,Pendidikan,9.6,0.44,432.0,144.0,0
CUST106744,45,Wiraswasta,45967,615,20.7,34167,1,2,0,Kartu Kredit,Renovasi Rumah,19.45,213.0,1.22,407.0,0
CUST106745,20,Mahasiswa,50150,644,1.1,2464,0,0,0,Kartu Kredit,Konsolidasi Hutang,20.69,105.0,0.1,33.0,1
CUST106746,36,Bekerja,30626,686,4.1,1106,0,1,0,Kredit Berjalan,Pribadi,10.94,213.0,424.0,141.0,1
CUST106747,49,Bekerja,48294,624,26.1,885,0,2,0,Pinjaman Pribadi,Pendidikan,13.16,194.0,412.0,137.0,1
CUST106748,47,Bekerja,132998,788,9.7,1072,0,0,0,Kartu Kredit,Pribadi,14.43,279.0,522.0,174.0,1
CUST106749,19,Wiraswasta,36129,581,0.2,15,0,2,1,Kartu Kredit,Bisnis,22.64,0.58,841.0,0.28,0
CUST106750,47,Wiraswasta,45572,670,18.1,631,0,0,0,Kartu Kredit,Renovasi Rumah,18.34,728.0,143.0,48.0,0
CUST106751,43,Bekerja,40141,671,19.4,10907,0,1,0,Kartu Kredit,Pendidikan,17.98,172.0,1.263,421.0,1
CUST106752,44,Bekerja,35229,652,15.8,1178,0,0,0,Kartu Kredit,Pribadi,18.16,356.0,979.0,326.0,1
CUST106753,36,Bekerja,34399,763,11.2,5307,0,0,0,Kredit Berjalan,Pendidikan,6.62,356.0,523.0,174.0,1
CUST106754,48,Bekerja,49482,756,13.5,5003,0,0,0,Kartu Kredit,Pendidikan,15.93,205.0,265.0,88.0,1
CUST106755,56,Bekerja,66790,749,16.6,27091,0,0,0,Kartu Kredit,Pribadi,16.56,236.0,533.0,178.0,1
CUST106756,32,Bekerja,37788,689,6.0,633,0,1,0,Kartu Kredit,Renovasi Rumah,17.14,126.0,548.0,183.0,1
CUST106757,46,Bekerja,143311,593,10.7,1226,0,0,1,Kartu Kredit,Pendidikan,22.95,0.3,488.0,163.0,1
CUST106758,18,Bekerja,35927,581,0.4,47,0,0,0,Kredit Berjalan,Pendidikan,14.09,242.0,359.0,0.12,0
CUST106759,23,Wiraswasta,32661,653,3.5,2761,0,0,0,Pinjaman Pribadi,Pendidikan,12.81,89.0,1.062,354.0,1
CUST106760,40,Wiraswasta,51884,612,1.5,89,0,2,0,Kartu Kredit,Pendidikan,19.47,351.0,464.0,155.0,1
CUST106761,25,Bekerja,84243,515,2.5,2975,1,1,0,Pinjaman Pribadi,Renovasi Rumah,16.33,151.0,1.187,396.0,0
CUST106762,29,Wiraswasta,44130,615,7.9,1628,0,1,0,Pinjaman Pribadi,Pendidikan,14.99,172.0,1.758,586.0,1
CUST106763,19,Bekerja,25102,613,1.6,9,0,0,0,Kartu Kredit,Renovasi Rumah,20.97,118.0,486.0,162.0,1
CUST106764,46,Bekerja,32589,716,17.5,1856,0,1,0,Pinjaman Pribadi,Pribadi,11.18,443.0,1.092,364.0,1
CUST106765,21,Bekerja,24759,612,1.1,266,0,0,0,Kartu Kredit,Pribadi,20.02,303.0,1.272,424.0,1
CUST106766,23,Bekerja,43304,519,2.9,430,0,0,0,Pinjaman Pribadi,Konsolidasi Hutang,16.72,142.0,1.716,572.0,0
CUST106767,45,Bekerja,18251,770,23.3,145,0,0,0,Pinjaman Pribadi,Pribadi,8.05,156.0,1.408,469.0,1
CUST106768,25,Mahasiswa,15381,703,0.4,1,0,0,0,Pinjaman Pribadi,Bisnis,9.73,285.0,65.0,22.0,1
CUST106769,40,Wiraswasta,21733,713,3.2,597,0,0,0,Kartu Kredit,Bisnis,15.83,133.0,952.0,317.0,1
CUST106770,38,Bekerja,22291,639,1.9,163,0,2,0,Kredit Berjalan,Renovasi Rumah,12.58,187.0,727.0,242.0,0
CUST106771,47,Bekerja,94063,748,10.5,650,0,0,1,Kartu Kredit,Medis,16.23,286.0,744.0,248.0,1
CUST106772,21,Wiraswasta,129145,570,0.5,860,0,2,0,Kredit Berjalan,Renovasi Rumah,14.87,688.0,286.0,95.0,0
CUST106773,40,Bekerja,32791,669,7.5,3637,0,0,0,Pinjaman Pribadi,Bisnis,12.19,225.0,1.851,617.0,1
CUST106774,37,Bekerja,49003,597,2.0,759,0,2,1,Kartu Kredit,Bisnis,21.11,143.0,814.0,271.0,0
CUST106775,35,Bekerja,42731,697,16.6,1726,0,1,0,Kartu Kredit,Medis,18.97,103.0,0.85,283.0,1
CUST106776,23,Bekerja,16154,691,2.2,72,0,0,0,Kartu Kredit,Pendidikan,17.38,515.0,718.0,239.0,0
CUST106777,34,Bekerja,34313,682,2.9,445,0,0,0,Pinjaman Pribadi,Pribadi,12.37,624.0,1.781,594.0,0
CUST106778,49,Mahasiswa,15000,604,10.3,43,0,0,0,Kredit Berjalan,Renovasi Rumah,12.62,458.0,527.0,176.0,0
CUST106779,41,Mahasiswa,15000,643,17.1,103,0,1,0,Pinjaman Pribadi,Medis,14.51,244.0,0.74,247.0,0
CUST106780,34,Mahasiswa,15000,572,4.0,110,0,1,0,Pinjaman Pribadi,Medis,15.5,162.0,467.0,156.0,0
CUST106781,34,Bekerja,55401,606,9.9,584,0,0,0,Kartu Kredit,Bisnis,20.91,449.0,1.264,421.0,0
CUST106782,34,Wiraswasta,31419,719,11.0,2303,0,0,0,Kartu Kredit,Pendidikan,17.39,117.0,1.085,362.0,1
CUST106783,32,Bekerja,49844,638,4.9,196,0,1,0,Kartu Kredit,Pribadi,19.04,149.0,437.0,146.0,1
CUST106784,61,Mahasiswa,15000,603,28.1,37,0,0,0,Kartu Kredit,Renovasi Rumah,20.23,215.0,47.0,16.0,1
CUST106785,27,Bekerja,119695,601,3.1,109,0,0,0,Kartu Kredit,Pribadi,19.81,215.0,0.14,47.0,1
CUST106786,35,Bekerja,81675,729,0.5,530,0,0,0,Kartu Kredit,Renovasi Rumah,17.24,345.0,857.0,286.0,1
CUST106787,44,Bekerja,53364,653,2.5,12,0,1,0,Kartu Kredit,Pribadi,17.97,28.0,296.0,99.0,1
CUST106788,40,Bekerja,31200,647,18.2,3374,0,2,0,Pinjaman Pribadi,Pendidikan,13.27,178.0,1.946,649.0,1
CUST106789,24,Wiraswasta,28720,529,2.7,303,0,2,0,Kartu Kredit,Pribadi,21.9,0.08,338.0,113.0,0
CUST106790,23,Bekerja,26149,580,4.5,1100,0,1,0,Pinjaman Pribadi,Pribadi,16.89,426.0,413.0,138.0,0
CUST106791,35,Bekerja,38703,748,6.5,12477,0,0,0,Pinjaman Pribadi,Pribadi,9.66,25.0,305.0,102.0,1
CUST106792,32,Wiraswasta,84437,552,12.6,24161,0,0,1,Pinjaman Pribadi,Pribadi,15.81,669.0,1.184,395.0,0
CUST106793,27,Bekerja,38658,660,0.2,19,0,1,0,Pinjaman Pribadi,Bisnis,11.06,338.0,0.22,73.0,0
CUST106794,20,Bekerja,15000,563,1.3,87,1,2,0,Pinjaman Pribadi,Pribadi,16.34,411.0,1.613,538.0,0
CUST106795,39,Bekerja,83513,569,4.2,5114,0,0,0,Pinjaman Pribadi,Renovasi Rumah,16.63,98.0,152.0,51.0,0
CUST106796,38,Mahasiswa,35196,581,1.3,95,0,1,0,Kartu Kredit,Renovasi Rumah,21.89,68.0,99.0,33.0,0
CUST106797,20,Wiraswasta,28797,609,1.0,6,0,2,0,Pinjaman Pribadi,Pribadi,13.99,0.12,278.0,93.0,0
CUST106798,57,Mahasiswa,22477,686,16.4,306,0,1,0,Kredit Berjalan,Pribadi,9.74,275.0,476.0,159.0,1
CUST106799,22,Bekerja,27686,623,3.2,273,0,0,0,Kartu Kredit,Pendidikan,19.76,357.0,1.084,361.0,1
CUST106800,30,Bekerja,38126,593,8.6,1678,0,3,0,Kartu Kredit,Renovasi Rumah,22.69,138.0,131.0,44.0,0
CUST106801,40,Wiraswasta,91314,555,14.3,12849,0,1,0,Kartu Kredit,Pribadi,22.4,0.23,767.0,256.0,0
CUST106802,42,Bekerja,53005,615,12.3,314,0,0,0,Pinjaman Pribadi,Pribadi,14.0,67.0,1.658,553.0,1
CUST106803,55,Bekerja,154598,715,14.8,10313,0,0,0,Pinjaman Pribadi,Pendidikan,10.97,591.0,647.0,216.0,0
CUST106804,45,Wiraswasta,75938,739,7.3,357,0,0,0,Pinjaman Pribadi,Pendidikan,11.32,459.0,1.317,439.0,1
CUST106805,47,Bekerja,33721,688,27.4,6070,0,0,0,Kartu Kredit,Pendidikan,17.13,116.0,1.281,427.0,1
CUST106806,64,Wiraswasta,74803,531,19.3,945,0,2,1,Kartu Kredit,Bisnis,21.64,162.0,936.0,312.0,0
CUST106807,37,Bekerja,38829,626,5.5,382,0,0,0,Kredit Berjalan,Pendidikan,11.75,447.0,922.0,307.0,0
CUST106808,51,Wiraswasta,127663,699,29.2,50159,0,0,0,Pinjaman Pribadi,Renovasi Rumah,12.67,492.0,196.0,65.0,1
CUST106809,42,Bekerja,63925,735,15.5,25375,0,0,0,Kartu Kredit,Pendidikan,16.44,79.0,42.0,14.0,1
CUST106810,42,Mahasiswa,31449,714,3.9,967,0,0,0,Pinjaman Pribadi,Pendidikan,9.83,56.0,747.0,249.0,1
CUST106811,52,Bekerja,147685,822,25.4,7472,0,1,0,Pinjaman Pribadi,Pendidikan,8.11,259.0,677.0,226.0,1
CUST106812,30,Bekerja,58841,724,6.1,6332,0,0,0,Kartu Kredit,Pendidikan,15.57,683.0,491.0,164.0,0
CUST106813,36,Mahasiswa,51589,651,8.4,932,0,0,0,Pinjaman Pribadi,Renovasi Rumah,11.44,296.0,502.0,167.0,1
CUST106814,20,Mahasiswa,27563,663,0.3,2,0,1,0,Kredit Berjalan,Pribadi,10.41,91.0,0.66,0.22,1
CUST106815,23,Bekerja,26736,663,1.3,243,0,0,0,Pinjaman Pribadi,Pribadi,11.65,253.0,1.646,549.0,0
CUST106816,45,Bekerja,64024,620,13.7,3797,0,0,0,Kredit Berjalan,Medis,12.49,26.0,467.0,156.0,1
CUST106817,26,Bekerja,21917,578,7.0,565,0,0,0,Pinjaman Pribadi,Renovasi Rumah,16.15,0.2,196.0,65.0,1
CUST106818,30,Bekerja,35935,713,8.7,39,0,1,0,Kartu Kredit,Medis,16.21,177.0,1.244,415.0,1
CUST106819,19,Bekerja,26663,677,1.0,245,0,0,0,Pinjaman Pribadi,Pribadi,11.6,304.0,776.0,259.0,1
CUST106820,25,Wiraswasta,152800,676,2.7,1191,0,0,0,Pinjaman Pribadi,Renovasi Rumah,12.15,245.0,23.0,8.0,1
CUST106821,47,Bekerja,90387,681,16.4,3494,0,2,0,Pinjaman Pribadi,Pendidikan,12.32,248.0,1.106,369.0,1
CUST106822,33,Bekerja,51976,595,13.6,768,0,0,1,Kartu Kredit,Pribadi,21.39,236.0,198.0,66.0,1
CUST106823,28,Bekerja,25401,625,6.4,682,0,0,0,Pinjaman Pribadi,Pribadi,13.64,326.0,535.0,178.0,1
CUST106824,40,Bekerja,56480,588,15.7,221,0,0,2,Kredit Berjalan,Konsolidasi Hutang,14.47,252.0,303.0,101.0,0
CUST106825,46,Bekerja,90361,549,23.4,5224,1,0,0,Kartu Kredit,Pribadi,21.46,354.0,381.0,127.0,0
CUST106826,34,Bekerja,29331,660,12.2,461,0,1,0,Pinjaman Pribadi,Pendidikan,12.38,158.0,1.555,518.0,1
CUST106827,18,Bekerja,17268,486,1.3,33,0,2,1,Kartu Kredit,Pribadi,21.75,406.0,0.99,0.33,0
CUST106828,18,Bekerja,34903,670,0.9,98,0,0,0,Kredit Berjalan,Konsolidasi Hutang,9.66,61.0,238.0,79.0,1
CUST106829,47,Wiraswasta,133370,716,1.8,12281,0,0,0,Pinjaman Pribadi,Konsolidasi Hutang,9.89,44.0,673.0,224.0,1
CUST106830,48,Bekerja,47617,584,9.7,763,0,0,0,Pinjaman Pribadi,Medis,16.09,518.0,1.067,356.0,0
CUST106831,24,Mahasiswa,27008,620,3.2,87,0,0,0,Kartu Kredit,Pribadi,19.25,215.0,0.1,33.0,1
CUST106832,65,Bekerja,65877,647,24.2,1778,0,1,0,Kartu Kredit,Pendidikan,19.5,433.0,398.0,133.0,1
CUST106833,39,Bekerja,27100,593,14.8,3455,0,0,1,Kartu Kredit,Medis,22.09,487.0,565.0,188.0,0
CUST106834,27,Bekerja,19699,614,6.1,8468,0,0,0,Kartu Kredit,Pendidikan,20.72,263.0,462.0,154.0,1
CUST106835,51,Bekerja,86127,665,19.0,2652,0,1,1,Kredit Berjalan,Pendidikan,9.02,381.0,418.0,139.0,1
CUST106836,31,Wiraswasta,135504,627,6.2,2927,0,1,0,Kartu Kredit,Pendidikan,20.19,241.0,517.0,172.0,1
CUST106837,18,Wiraswasta,30449,675,1.9,98,0,0,0,Kartu Kredit,Pribadi,18.56,242.0,1.245,415.0,1
CUST106838,25,Bekerja,22821,662,1.6,155,0,0,0,Pinjaman Pribadi,Konsolidasi Hutang,12.83,694.0,429.0,143.0,0
CUST106839,39,Bekerja,41290,639,7.7,571,0,0,0,Kartu Kredit,Pribadi,19.61,289.0,787.0,262.0,1
CUST106840,35,Bekerja,15153,546,6.2,3909,0,1,1,Pinjaman Pribadi,Medis,16.79,273.0,1.485,495.0,0
CUST106841,30,Bekerja,38799,593,0.1,0,0,2,0,Kredit Berjalan,Renovasi Rumah,13.38,329.0,616.0,205.0,0
CUST106842,24,Bekerja,59402,612,4.7,4932,0,2,0,Kartu Kredit,Renovasi Rumah,19.32,194.0,0.03,0.01,0
CUST106843,31,Bekerja,48223,636,2.7,145,0,1,0,Kredit Berjalan,Medis,11.07,26.0,773.0,258.0,1
CUST106844,49,Bekerja,55246,718,27.5,14894,0,1,0,Kartu Kredit,Renovasi Rumah,16.0,216.0,693.0,231.0,1
CUST106845,22,Bekerja,15215,680,2.9,701,0,0,0,Kartu Kredit,Konsolidasi Hutang,17.5,278.0,0.94,313.0,0
CUST106846,36,Wiraswasta,38386,658,16.9,984,0,0,0,Pinjaman Pribadi,Bisnis,12.7,185.0,696.0,232.0,1
CUST106847,57,Wiraswasta,121854,691,17.8,3845,0,0,0,Kartu Kredit,Pendidikan,17.5,169.0,319.0,106.0,1
CUST106848,39,Bekerja,49866,659,2.3,752,1,0,0,Kartu Kredit,Medis,17.16,317.0,0.63,0.21,0
CUST106849,42,Mahasiswa,36202,729,15.6,2398,0,0,1,Kartu Kredit,Pendidikan,17.31,127.0,83.0,28.0,1
CUST106850,19,Bekerja,23357,617,1.2,801,0,0,0,Kredit Berjalan,Konsolidasi Hutang,12.52,121.0,0.45,0.15,0
CUST106851,49,Bekerja,30483,743,20.1,1035,0,1,0,Pinjaman Pribadi,Konsolidasi Hutang,9.82,274.0,548.0,183.0,1
CUST106852,29,Wiraswasta,104728,550,4.8,225,1,1,0,Pinjaman Pribadi,Medis,16.09,418.0,151.0,0.05,0
CUST106853,46,Bekerja,58556,637,0.9,97,0,0,0,Kartu Kredit,Pribadi,20.71,658.0,0.35,117.0,0
CUST106854,30,Bekerja,15000,636,0.3,0,0,1,0,Pinjaman Pribadi,Pendidikan,13.33,586.0,0.16,53.0,0
CUST106855,41,Bekerja,58042,612,20.8,1382,0,2,0,Kartu Kredit,Pribadi,19.7,93.0,157.0,52.0,1
CUST106856,43,Bekerja,30119,683,14.7,96,0,1,0,Kartu Kredit,Pendidikan,17.82,526.0,1.202,401.0,0
CUST106857,29,Mahasiswa,15000,665,4.7,1379,0,0,0,Kartu Kredit,Pendidikan,18.11,81.0,0.1,33.0,1
CUST106858,29,Bekerja,26471,574,0.2,0,0,0,0,Pinjaman Pribadi,Renovasi Rumah,16.52,123.0,0.34,113.0,0
CUST106859,44,Bekerja,91488,685,10.7,2077,0,0,0,Kredit Berjalan,Pribadi,9.57,215.0,184.0,61.0,1
CUST106860,30,Wiraswasta,60987,595,6.9,4007,0,1,0,Pinjaman Pribadi,Medis,15.62,441.0,1.359,453.0,0
CUST106861,42,Wiraswasta,56421,618,12.5,5485,0,1,0,Kartu Kredit,Konsolidasi Hutang,20.82,451.0,216.0,72.0,0
CUST106862,35,Bekerja,101426,705,9.5,3384,0,0,0,Kartu Kredit,Renovasi Rumah,16.32,521.0,221.0,74.0,1
CUST106863,34,Bekerja,28120,553,7.3,12,0,0,0,Pinjaman Pribadi,Pendidikan,16.79,367.0,811.0,0.27,1
CUST106864,37,Bekerja,27763,625,11.2,106,0,0,0,Pinjaman Pribadi,Bisnis,13.88,0.33,1.073,358.0,1
CUST106865,19,Bekerja,27106,653,1.0,140,0,0,0,Kartu Kredit,Renovasi Rumah,17.88,178.0,398.0,133.0,1
CUST106866,32,Bekerja,33092,644,6.6,467,0,0,0,Kartu Kredit,Medis,19.32,347.0,272.0,91.0,1
CUST106867,54,Wiraswasta,59480,639,13.0,2585,0,1,0,Kartu Kredit,Pendidikan,19.24,673.0,526.0,175.0,0
CUST106868,44,Bekerja,81794,633,25.9,3317,0,1,0,Kartu Kredit,Pendidikan,19.75,0.22,0.21,0.07,1
CUST106869,44,Bekerja,39844,672,25.2,2598,0,0,0,Kredit Berjalan,Bisnis,9.36,459.0,429.0,143.0,0
CUST106870,50,Bekerja,67542,584,25.5,1184,0,0,1,Kartu Kredit,Bisnis,21.43,65.0,333.0,111.0,1
CUST106871,21,Bekerja,17333,660,2.0,5,0,0,0,Kredit Berjalan,Pendidikan,9.57,63.0,894.0,298.0,1
CUST106872,23,Mahasiswa,15678,555,1.6,18,0,2,1,Kartu Kredit,Pendidikan,21.83,115.0,102.0,34.0,1
CUST106873,38,Bekerja,32304,611,5.3,436,0,1,0,Kredit Berjalan,Renovasi Rumah,11.36,346.0,514.0,171.0,1
CUST106874,21,Bekerja,15000,573,2.7,772,0,0,1,Kartu Kredit,Medis,21.26,202.0,0.94,313.0,0
CUST106875,33,Bekerja,38128,614,9.5,989,0,0,1,Pinjaman Pribadi,Pribadi,13.13,0.11,504.0,168.0,1
CUST106876,38,Wiraswasta,99406,690,19.6,2435,0,0,0,Kartu Kredit,Pribadi,18.39,208.0,263.0,88.0,1
CUST106877,43,Wiraswasta,39277,601,15.7,4876,0,0,0,Kredit Berjalan,Konsolidasi Hutang,11.17,378.0,754.0,251.0,0
CUST106878,29,Bekerja,18319,689,5.1,113,0,0,0,Kredit Berjalan,Renovasi Rumah,10.49,36.0,928.0,309.0,1
CUST106879,38,Mahasiswa,29113,605,17.7,1312,0,0,0,Kartu Kredit,Pribadi,20.13,117.0,0.1,33.0,1
CUST106880,53,Bekerja,30467,756,25.7,5999,0,1,0,Kartu Kredit,Pribadi,15.29,327.0,59.0,0.02,1
CUST106881,44,Bekerja,137791,733,20.9,6984,0,0,0,Pinjaman Pribadi,Pribadi,9.69,318.0,714.0,238.0,1
CUST106882,21,Wiraswasta,88704,642,2.6,7200,0,2,1,Kartu Kredit,Bisnis,19.96,438.0,789.0,263.0,0
CUST106883,18,Bekerja,18277,625,0.1,1,0,0,0,Kartu Kredit,Pribadi,19.6,0.26,191.0,64.0,1
CUST106884,31,Bekerja,25537,592,8.1,1311,0,2,0,Kartu Kredit,Pendidikan,21.38,157.0,219.0,73.0,1
CUST106885,42,Bekerja,19955,729,12.3,3024,0,0,0,Kredit Berjalan,Konsolidasi Hutang,8.08,0.25,366.0,122.0,1
CUST106886,18,Bekerja,18716,670,1.3,51,0,0,0,Kartu Kredit,Medis,17.95,367.0,914.0,305.0,0
CUST106887,61,Bekerja,87495,720,10.8,10190,0,0,0,Kartu Kredit,Pribadi,16.68,515.0,503.0,168.0,1
CUST106888,43,Bekerja,22182,679,4.5,124,0,0,0,Pinjaman Pribadi,Bisnis,11.32,216.0,469.0,156.0,1
CUST106889,56,Bekerja,107020,736,28.2,12828,0,0,0,Kartu Kredit,Medis,15.77,61.0,654.0,218.0,1
CUST106890,31,Bekerja,22521,558,8.9,997,0,2,1,Pinjaman Pribadi,Konsolidasi Hutang,16.2,266.0,1.341,447.0,0
CUST106891,33,Wiraswasta,88609,720,8.4,3482,0,0,0,Kredit Berjalan,Pribadi,9.46,116.0,209.0,0.07,1
CUST106892,19,Bekerja,18811,536,1.0,262,0,0,0,Pinjaman Pribadi,Bisnis,15.35,318.0,1.51,503.0,0
CUST106893,46,Bekerja,92958,626,5.8,1869,0,1,0,Kredit Berjalan,Konsolidasi Hutang,12.7,58.0,274.0,91.0,1
CUST106894,53,Bekerja,41211,772,12.1,313,0,0,0,Kartu Kredit,Medis,15.76,292.0,197.0,66.0,1
CUST106895,26,Bekerja,37685,632,7.9,337,0,1,0,Kartu Kredit,Medis,19.18,405.0,345.0,115.0,1
CUST106896,18,Bekerja,22757,595,0.3,5,0,0,2,Kredit Berjalan,Pribadi,13.71,282.0,743.0,248.0,0
CUST106897,38,Wiraswasta,43755,707,9.3,491,0,0,1,Kredit Berjalan,Pendidikan,9.4,253.0,585.0,195.0,1
CUST106898,18,Bekerja,35796,494,0.4,1957,0,0,1,Kartu Kredit,Pendidikan,21.28,461.0,897.0,299.0,0
CUST106899,39,Bekerja,56335,578,16.6,606,1,0,0,Pinjaman Pribadi,Pribadi,15.92,626.0,1.026,342.0,0
CUST106900,19,Bekerja,17340,640,1.5,32,0,1,0,Kartu Kredit,Pendidikan,19.85,621.0,877.0,292.0,0
CUST106901,39,Bekerja,150961,727,18.1,441,0,1,0,Pinjaman Pribadi,Renovasi Rumah,10.29,201.0,662.0,221.0,1
CUST106902,22,Bekerja,36534,600,3.6,177,0,0,0,Kartu Kredit,Konsolidasi Hutang,19.87,522.0,19.0,6.0,0
CUST106903,34,Bekerja,27596,620,1.1,57,0,0,0,Kartu Kredit,Pribadi,20.99,249.0,699.0,233.0,1
CUST106904,34,Bekerja,24975,674,13.0,444,0,1,0,Pinjaman Pribadi,Pribadi,11.52,137.0,841.0,0.28,1
CUST106905,27,Wiraswasta,46080,605,2.1,257,0,2,0,Pinjaman Pribadi,Renovasi Rumah,13.25,461.0,1.387,462.0,0
CUST106906,47,Bekerja,15000,660,15.0,826,0,0,0,Kartu Kredit,Pribadi,17.23,261.0,147.0,49.0,1
CUST106907,44,Bekerja,37843,782,25.3,7099,0,0,0,Kredit Berjalan,Pendidikan,6.4,278.0,235.0,78.0,1
CUST106908,34,Bekerja,18609,566,1.3,16,0,0,0,Pinjaman Pribadi,Pribadi,16.01,621.0,1.435,478.0,0
CUST106909,42,Bekerja,26465,640,18.9,11263,0,0,0,Pinjaman Pribadi,Renovasi Rumah,14.19,483.0,665.0,222.0,0
CUST106910,39,Mahasiswa,25816,689,12.3,31408,0,0,0,Kredit Berjalan,Medis,10.1,551.0,345.0,115.0,0
CUST106911,18,Bekerja,18731,621,1.1,117,0,1,0,Kartu Kredit,Renovasi Rumah,20.05,302.0,0.31,103.0,1
CUST106912,18,Bekerja,29243,643,1.7,138,0,0,0,Kartu Kredit,Medis,19.94,444.0,123.0,41.0,0
CUST106913,25,Bekerja,17536,598,2.0,5,1,2,1,Pinjaman Pribadi,Pribadi,16.17,89.0,125.0,42.0,0
CUST106914,37,Bekerja,26826,565,14.9,141,0,0,2,Kredit Berjalan,Pribadi,13.58,533.0,637.0,212.0,0
CUST106915,22,Bekerja,64318,673,2.1,3332,0,1,0,Kartu Kredit,Bisnis,18.51,329.0,1.088,363.0,0
CUST106916,34,Wiraswasta,40320,647,14.7,111659,0,0,1,Pinjaman Pribadi,Bisnis,13.98,362.0,935.0,312.0,1
CUST106917,39,Bekerja,78424,680,7.1,1169,0,0,0,Kartu Kredit,Medis,17.9,393.0,893.0,298.0,1
CUST106918,33,Bekerja,58764,751,9.9,1225,0,0,0,Kartu Kredit,Bisnis,15.77,291.0,773.0,258.0,1
CUST106919,47,Bekerja,47767,697,5.8,1329,0,0,1,Pinjaman Pribadi,Bisnis,11.87,208.0,1.357,452.0,0
CUST106920,44,Bekerja,196318,739,8.2,351,0,0,0,Kartu Kredit,Renovasi Rumah,16.56,67.0,357.0,119.0,1
CUST106921,31,Bekerja,41045,683,7.1,445,0,1,0,Kartu Kredit,Renovasi Rumah,18.84,381.0,1.045,348.0,1
CUST106922,35,Bekerja,23747,624,4.4,51,0,1,0,Pinjaman Pribadi,Konsolidasi Hutang,14.8,215.0,606.0,202.0,0
CUST106923,27,Bekerja,52466,740,6.8,1144,0,0,0,Kredit Berjalan,Pendidikan,9.45,337.0,862.0,287.0,1
CUST106924,28,Mahasiswa,36475,600,9.2,3758,0,0,0,Kredit Berjalan,Pribadi,12.94,385.0,617.0,206.0,1
CUST106925,36,Wiraswasta,46465,675,13.8,179,0,0,0,Kredit Berjalan,Konsolidasi Hutang,10.17,216.0,323.0,108.0,1
CUST106926,18,Mahasiswa,39129,608,1.1,154,0,1,0,Kartu Kredit,Renovasi Rumah,20.69,0.8,0.1,33.0,0
CUST106927,25,Bekerja,15000,612,1.2,26,0,0,0,Kartu Kredit,Medis,20.03,265.0,1.32,0.44,0
CUST106928,18,Bekerja,16219,504,1.9,20,0,1,0,Kartu Kredit,Bisnis,22.22,51.0,49.0,16.0,0
CUST106929,18,Bekerja,26249,588,0.8,114,0,0,1,Kredit Berjalan,Pendidikan,14.96,208.0,895.0,298.0,0
CUST106930,51,Bekerja,59778,694,10.7,12675,0,0,0,Kredit Berjalan,Renovasi Rumah,10.09,385.0,488.0,163.0,1
CUST106931,31,Wiraswasta,47017,567,11.3,1231,0,1,0,Kredit Berjalan,Konsolidasi Hutang,13.04,0.13,325.0,108.0,0
CUST106932,38,Bekerja,46059,591,17.3,11659,0,0,0,Kartu Kredit,Pribadi,21.55,331.0,0.99,0.33,1
CUST106933,43,Bekerja,53130,643,4.9,1441,0,0,0,Kredit Berjalan,Renovasi Rumah,12.89,224.0,457.0,152.0,1
CUST106934,22,Bekerja,15468,597,0.9,35,0,0,0,Kartu Kredit,Pribadi,22.63,275.0,1.364,455.0,0
CUST106935,33,Bekerja,35422,540,10.5,3546,0,1,0,Kartu Kredit,Pendidikan,22.95,259.0,271.0,0.09,1
CUST106936,40,Mahasiswa,16166,649,16.3,307,0,2,0,Pinjaman Pribadi,Pribadi,13.35,127.0,1.083,361.0,1
CUST106937,30,Wiraswasta,38420,588,6.0,36,0,1,0,Kartu Kredit,Bisnis,22.77,173.0,1.002,334.0,0
CUST106938,61,Bekerja,110023,611,29.4,24511,0,0,0,Pinjaman Pribadi,Pendidikan,13.04,623.0,909.0,303.0,0
CUST106939,63,Bekerja,71713,565,21.7,41120,0,0,0,Pinjaman Pribadi,Pendidikan,15.38,106.0,1.178,393.0,1
CUST106940,21,Bekerja,27238,724,1.5,65,0,0,0,Kredit Berjalan,Pribadi,7.99,72.0,716.0,239.0,1
CUST106941,46,Bekerja,84430,680,13.2,17252,0,2,0,Kartu Kredit,Renovasi Rumah,17.88,145.0,399.0,133.0,1
CUST106942,18,Mahasiswa,28345,543,0.5,23,0,1,0,Pinjaman Pribadi,Pendidikan,15.98,151.0,39.0,13.0,1
CUST106943,35,Bekerja,84620,651,4.7,23220,0,0,0,Kredit Berjalan,Pribadi,9.49,122.0,591.0,197.0,1
CUST106944,35,Bekerja,49083,651,5.7,212,0,0,0,Kartu Kredit,Bisnis,17.23,481.0,1.249,416.0,0
CUST106945,46,Mahasiswa,15000,688,20.4,330,0,1,0,Pinjaman Pribadi,Bisnis,11.16,0.6,1.827,609.0,0
CUST106946,42,Wiraswasta,37862,626,5.9,1666,0,1,0,Pinjaman Pribadi,Pribadi,14.12,339.0,1.162,387.0,1
CUST106947,36,Wiraswasta,65180,703,10.8,674,0,0,1,Kredit Berjalan,Pribadi,9.13,385.0,0.29,97.0,1
CUST106948,29,Bekerja,58570,672,3.7,184,0,0,0,Kartu Kredit,Pendidikan,17.69,114.0,1.195,398.0,1
CUST106949,25,Bekerja,30387,636,2.7,86,0,0,0,Kredit Berjalan,Bisnis,12.2,0.76,497.0,166.0,0
CUST106950,45,Mahasiswa,41863,726,12.0,585,0,0,0,Kartu Kredit,Pendidikan,15.72,279.0,0.1,33.0,1
CUST106951,31,Bekerja,33508,617,12.4,1552,0,0,0,Kartu Kredit,Medis,19.87,143.0,791.0,264.0,1
CUST106952,68,Wiraswasta,100983,755,28.1,4313,0,0,0,Pinjaman Pribadi,Pendidikan,9.56,263.0,242.0,81.0,1
CUST106953,49,Bekerja,53152,573,4.3,18,0,0,0,Kredit Berjalan,Medis,13.55,0.14,547.0,182.0,0
CUST106954,47,Bekerja,67518,729,5.0,323,0,0,0,Kredit Berjalan,Pendidikan,8.69,0.29,741.0,247.0,1
CUST106955,27,Bekerja,28674,540,7.5,164,0,1,0,Pinjaman Pribadi,Pendidikan,16.5,51.0,502.0,167.0,0
CUST106956,39,Bekerja,37568,673,0.7,29,0,0,0,Kartu Kredit,Renovasi Rumah,18.11,301.0,1.065,355.0,1
CUST106957,25,Wiraswasta,27060,669,4.4,1575,0,0,0,Pinjaman Pribadi,Renovasi Rumah,11.47,319.0,159.0,53.0,1
CUST106958,65,Mahasiswa,15000,717,26.1,57240,0,0,0,Kartu Kredit,Pribadi,16.29,325.0,0.1,33.0,1
CUST106959,43,Bekerja,25294,638,13.7,1158,0,0,0,Kartu Kredit,Medis,19.97,293.0,0.15,0.05,1
CUST106960,18,Bekerja,25730,633,1.2,119,0,2,0,Pinjaman Pribadi,Renovasi Rumah,13.78,324.0,1.135,378.0,0
CUST106961,34,Wiraswasta,75780,674,12.3,4169,0,2,0,Kredit Berjalan,Pribadi,10.59,144.0,363.0,121.0,1
CUST106962,46,Wiraswasta,82616,600,7.6,14305,0,1,0,Kredit Berjalan,Pendidikan,11.05,482.0,591.0,197.0,0
CUST106963,58,Bekerja,51830,803,9.8,2843,0,0,0,Kredit Berjalan,Pribadi,7.43,265.0,324.0,108.0,1
CUST106964,33,Bekerja,22765,647,10.8,726,0,0,0,Kredit Berjalan,Medis,11.87,142.0,356.0,119.0,1
CUST106965,41,Bekerja,54951,570,1.2,76,0,1,0,Kredit Berjalan,Renovasi Rumah,14.3,61.0,661.0,0.22,0
CUST106966,48,Bekerja,42409,704,2.2,10,0,0,0,Kartu Kredit,Pendidikan,17.38,588.0,901.0,0.3,0
CUST106967,32,Bekerja,30718,698,13.1,325,0,0,0,Kartu Kredit,Pendidikan,17.73,209.0,1.11,0.37,1
CUST106968,24,Bekerja,51494,551,2.9,21,0,0,0,Kartu Kredit,Bisnis,21.63,313.0,1.177,392.0,0
CUST106969,43,Bekerja,32550,687,9.5,992,0,1,0,Kredit Berjalan,Pendidikan,9.32,293.0,596.0,199.0,1
CUST106970,28,Bekerja,92216,657,6.6,4039,0,1,0,Kartu Kredit,Pribadi,17.02,174.0,759.0,253.0,1
CUST106971,32,Bekerja,38206,615,10.7,239,0,5,0,Pinjaman Pribadi,Pribadi,14.11,0.68,385.0,128.0,0
CUST106972,22,Bekerja,15000,635,0.8,154,1,0,1,Kartu Kredit,Pribadi,19.97,173.0,153.0,51.0,0
CUST106973,25,Bekerja,24725,532,3.1,236,0,0,0,Kartu Kredit,Renovasi Rumah,21.23,139.0,1.015,338.0,0
CUST106974,18,Bekerja,40883,486,0.8,175,1,1,1,Pinjaman Pribadi,Pribadi,15.07,152.0,0.7,233.0,0
CUST106975,24,Bekerja,29967,524,1.1,1270,0,1,0,Kartu Kredit,Pribadi,21.31,0.07,1.098,366.0,0
CUST106976,38,Bekerja,61294,599,17.9,270,0,1,0,Kartu Kredit,Medis,21.97,78.0,507.0,169.0,1
CUST106977,66,Bekerja,103371,803,7.6,6575,0,0,0,Kartu Kredit,Pribadi,14.37,405.0,677.0,226.0,1
CUST106978,25,Wiraswasta,118928,606,0.6,60,0,2,0,Kartu Kredit,Pendidikan,19.28,151.0,247.0,82.0,1
CUST106979,48,Wiraswasta,106843,606,23.2,2400,0,2,0,Kartu Kredit,Pendidikan,20.86,519.0,655.0,218.0,0
CUST106980,30,Bekerja,41247,617,1.7,339,0,2,0,Kartu Kredit,Pribadi,19.04,352.0,124.0,41.0,1
CUST106981,38,Bekerja,85411,732,14.4,750,0,0,0,Kartu Kredit,Konsolidasi Hutang,16.58,0.28,0.82,273.0,1
CUST106982,36,Bekerja,21686,667,0.4,7,0,0,0,Kartu Kredit,Renovasi Rumah,18.25,332.0,604.0,201.0,1
CUST106983,18,Bekerja,33530,496,1.8,114,1,0,1,Kartu Kredit,Medis,21.33,69.0,737.0,246.0,0
CUST106984,30,Bekerja,36338,657,0.2,10,0,0,0,Pinjaman Pribadi,Renovasi Rumah,12.01,0.11,1.387,462.0,0
CUST106985,27,Bekerja,17141,627,1.2,966,0,1,0,Pinjaman Pribadi,Konsolidasi Hutang,13.68,95.0,187.0,62.0,0
CUST106986,45,Wiraswasta,94278,673,17.9,3506,0,1,0,Kredit Berjalan,Konsolidasi Hutang,9.79,0.13,227.0,76.0,1
CUST106987,27,Bekerja,37736,721,0.4,68,0,1,1,Kredit Berjalan,Bisnis,8.91,737.0,519.0,173.0,0
CUST106988,35,Bekerja,43623,648,3.3,41,0,1,0,Kredit Berjalan,Pribadi,11.58,597.0,518.0,173.0,0
CUST106989,22,Bekerja,17843,670,1.5,441,0,0,0,Kartu Kredit,Konsolidasi Hutang,18.14,485.0,28.0,9.0,0
CUST106990,27,Bekerja,53678,708,5.0,943,0,1,0,Pinjaman Pribadi,Renovasi Rumah,10.2,559.0,922.0,307.0,0
CUST106991,46,Bekerja,51382,672,27.6,18115,0,0,0,Pinjaman Pribadi,Bisnis,11.58,359.0,391.0,0.13,1
CUST106992,27,Wiraswasta,52166,647,4.3,939,0,1,0,Kredit Berjalan,Bisnis,12.66,77.0,0.47,157.0,1
CUST106993,43,Mahasiswa,18071,713,15.2,1265,0,1,0,Kartu Kredit,Pendidikan,16.23,333.0,0.1,33.0,1
CUST106994,31,Bekerja,31247,626,2.9,130,0,1,0,Kredit Berjalan,Medis,11.95,0.62,285.0,95.0,0
CUST106995,43,Bekerja,72370,657,20.7,1918,0,1,0,Pinjaman Pribadi,Pendidikan,12.85,194.0,265.0,88.0,1
CUST106996,52,Wiraswasta,107821,748,8.5,7292,0,0,0,Pinjaman Pribadi,Pendidikan,10.83,246.0,927.0,309.0,1
CUST106997,41,Mahasiswa,25766,663,6.6,217,0,0,0,Kredit Berjalan,Renovasi Rumah,9.38,348.0,194.0,65.0,1
CUST106998,37,Mahasiswa,17197,629,5.0,561,0,0,0,Kartu Kredit,Pendidikan,20.83,96.0,99.0,33.0,1
CUST106999,34,Bekerja,32314,606,7.8,3177,0,0,0,Kredit Berjalan,Konsolidasi Hutang,11.95,414.0,591.0,197.0,0
CUST107000,52,Wiraswasta,68328,681,3.4,4391,0,0,0,Pinjaman Pribadi,Pendidikan,12.31,229.0,1.464,488.0,1
CUST107001,48,Wiraswasta,58869,790,5.4,4256,0,1,0,Pinjaman Pribadi,Bisnis,9.49,241.0,1.315,438.0,1
CUST107002,50,Bekerja,30280,700,4.4,967,0,0,0,Kartu Kredit,Pendidikan,16.55,232.0,694.0,231.0,1
CUST107003,65,Bekerja,82017,549,22.6,8194,0,0,0,Pinjaman Pribadi,Medis,15.54,0.18,712.0,237.0,1
CUST107004,48,Bekerja,65027,710,0.8,925,0,0,0,Kartu Kredit,Konsolidasi Hutang,16.58,151.0,889.0,296.0,1
CUST107005,30,Mahasiswa,16783,678,10.8,352,0,1,0,Kartu Kredit,Bisnis,18.04,462.0,101.0,34.0,1
CUST107006,32,Bekerja,32129,607,4.7,132,1,1,0,Kartu Kredit,Bisnis,19.23,385.0,728.0,243.0,0
CUST107007,18,Bekerja,39040,656,1.6,28,0,1,0,Kartu Kredit,Pendidikan,18.17,322.0,679.0,226.0,1
CUST107008,32,Bekerja,64182,514,12.6,3331,1,3,0,Pinjaman Pribadi,Pendidikan,16.06,275.0,1.092,364.0,0
CUST107009,54,Bekerja,39935,694,24.7,12873,0,0,0,Kredit Berjalan,Pribadi,10.87,308.0,899.0,0.3,1
CUST107010,42,Bekerja,47787,568,10.7,1695,0,0,0,Kredit Berjalan,Pribadi,13.89,249.0,274.0,91.0,1
CUST107011,44,Bekerja,31037,735,16.5,1386,0,0,0,Kartu Kredit,Konsolidasi Hutang,15.67,217.0,854.0,285.0,1
CUST107012,36,Mahasiswa,24431,586,13.2,5266,1,1,0,Kartu Kredit,Renovasi Rumah,22.54,0.11,98.0,33.0,0
CUST107013,29,Bekerja,17386,675,5.9,83,0,0,0,Pinjaman Pribadi,Medis,11.31,271.0,1.386,462.0,1
CUST107014,51,Wiraswasta,38427,650,25.3,4112,0,0,0,Kartu Kredit,Pribadi,17.32,153.0,1.278,426.0,1
CUST107015,40,Bekerja,51966,714,2.7,378,0,0,0,Kartu Kredit,Pribadi,17.1,217.0,1.068,356.0,1
CUST107016,42,Mahasiswa,21495,640,11.6,498,0,1,0,Kartu Kredit,Bisnis,20.76,364.0,98.0,33.0,1
CUST107017,27,Bekerja,48699,539,3.6,870,0,3,1,Kartu Kredit,Renovasi Rumah,21.11,392.0,0.52,173.0,0
CUST107018,51,Bekerja,47038,673,11.5,183303,0,0,0,Kartu Kredit,Pendidikan,18.13,129.0,897.0,299.0,1
CUST107019,24,Mahasiswa,45796,579,0.5,25,0,1,2,Pinjaman Pribadi,Pribadi,15.96,117.0,1.836,612.0,0
CUST107020,23,Bekerja,28892,488,0.9,64,1,2,1,Kartu Kredit,Medis,21.49,0.14,678.0,226.0,0
CUST107021,36,Bekerja,100603,644,12.6,10801,0,0,0,Pinjaman Pribadi,Bisnis,14.74,328.0,791.0,264.0,1
CUST107022,18,Bekerja,26861,610,1.0,27,0,0,0,Kredit Berjalan,Medis,12.42,112.0,0.8,267.0,0
CUST107023,25,Bekerja,15000,551,6.6,655,0,2,1,Pinjaman Pribadi,Pribadi,16.8,518.0,1.353,451.0,0
CUST107024,63,Bekerja,40781,746,10.9,4262,0,1,0,Pinjaman Pribadi,Bisnis,10.87,516.0,768.0,256.0,0
CUST107025,50,Bekerja,45518,550,7.2,2470,0,0,1,Kartu Kredit,Pendidikan,21.71,211.0,1.039,346.0,1
CUST107026,19,Wiraswasta,111174,571,1.8,453,0,0,0,Pinjaman Pribadi,Pribadi,16.61,353.0,899.0,0.3,0
CUST107027,35,Wiraswasta,28621,661,8.3,3691,0,0,0,Kartu Kredit,Pribadi,18.79,141.0,678.0,226.0,1
CUST107028,63,Wiraswasta,56918,726,23.9,30957,0,0,0,Pinjaman Pribadi,Renovasi Rumah,11.17,253.0,1.757,586.0,1
CUST107029,28,Bekerja,29675,629,3.1,124,0,3,0,Kredit Berjalan,Renovasi Rumah,12.35,214.0,438.0,146.0,0
CUST107030,18,Wiraswasta,88795,625,1.1,40,0,1,0,Kartu Kredit,Konsolidasi Hutang,20.03,123.0,537.0,179.0,0
CUST107031,56,Bekerja,33733,676,28.2,1234,0,0,0,Pinjaman Pribadi,Bisnis,12.6,114.0,1.118,373.0,1
CUST107032,39,Bekerja,43885,596,15.2,58687,1,0,0,Kartu Kredit,Medis,22.31,358.0,905.0,302.0,0
CUST107033,18,Mahasiswa,31748,584,0.5,61,0,0,1,Kredit Berjalan,Renovasi Rumah,13.8,153.0,362.0,121.0,0
CUST107034,35,Bekerja,38056,641,1.1,114,0,0,0,Kredit Berjalan,Pendidikan,11.39,236.0,302.0,101.0,1
CUST107035,38,Bekerja,38342,626,9.4,1698,0,0,0,Pinjaman Pribadi,Pendidikan,13.61,342.0,29.0,0.01,1
CUST107036,31,Bekerja,28508,579,0.0,0,0,0,0,Kredit Berjalan,Bisnis,14.08,152.0,354.0,118.0,0
CUST107037,46,Bekerja,58736,600,21.1,2527,0,0,0,Pinjaman Pribadi,Renovasi Rumah,13.18,159.0,746.0,249.0,1
CUST107038,26,Bekerja,49237,599,5.1,94,0,2,1,Kredit Berjalan,Pendidikan,13.52,236.0,288.0,96.0,0
CUST107039,55,Bekerja,83054,746,10.3,504,0,0,0,Pinjaman Pribadi,Bisnis,11.1,0.04,1.204,401.0,1
CUST107040,23,Wiraswasta,48732,622,1.0,34,0,0,0,Kartu Kredit,Pribadi,20.52,206.0,1.137,379.0,1
CUST107041,18,Bekerja,39421,585,0.7,117,0,1,0,Pinjaman Pribadi,Renovasi Rumah,15.32,124.0,1.35,0.45,0
CUST107042,23,Bekerja,36637,608,3.1,809,0,0,0,Pinjaman Pribadi,Pribadi,13.7,0.19,587.0,196.0,1
CUST107043,26,Wiraswasta,58348,693,4.0,470,0,0,0,Kredit Berjalan,Medis,10.41,165.0,619.0,206.0,1
CUST107044,24,Bekerja,41789,709,3.9,230,0,0,0,Kredit Berjalan,Pendidikan,7.74,394.0,498.0,166.0,1
CUST107045,50,Bekerja,77927,632,25.4,3202,0,0,0,Kartu Kredit,Renovasi Rumah,20.91,503.0,815.0,272.0,0
CUST107046,46,Bekerja,42552,677,12.2,4156,0,0,0,Kredit Berjalan,Renovasi Rumah,10.98,338.0,261.0,87.0,1
CUST107047,43,Bekerja,39073,597,22.6,1065,0,0,0,Kartu Kredit,Konsolidasi Hutang,22.3,111.0,773.0,258.0,1
CUST107048,24,Bekerja,72349,633,6.0,507,0,0,0,Pinjaman Pribadi,Renovasi Rumah,13.26,144.0,1.382,461.0,1
CUST107049,28,Bekerja,21581,641,0.4,4,0,2,0,Kartu Kredit,Pendidikan,19.04,234.0,788.0,263.0,0
CUST107050,38,Mahasiswa,46009,534,9.9,1906,0,1,0,Kredit Berjalan,Pribadi,13.89,179.0,582.0,194.0,0
CUST107051,53,Bekerja,122603,773,15.9,66944,0,0,0,Kartu Kredit,Pribadi,15.2,94.0,571.0,0.19,1
CUST107052,27,Bekerja,15000,694,8.2,164,0,0,0,Pinjaman Pribadi,Pendidikan,11.13,0.51,0.14,47.0,1
CUST107053,19,Bekerja,25373,529,1.6,260,0,0,1,Kredit Berjalan,Pribadi,14.89,0.33,662.0,221.0,0
CUST107054,29,Bekerja,46235,612,9.7,450,0,0,0,Pinjaman Pribadi,Pendidikan,13.95,238.0,1.239,413.0,1
CUST107055,23,Wiraswasta,123975,653,0.3,106,0,0,0,Kartu Kredit,Renovasi Rumah,17.69,559.0,79.0,26.0,0
CUST107056,42,Bekerja,68611,745,10.3,15493,0,0,0,Pinjaman Pribadi,Pribadi,10.8,157.0,1.291,0.43,1
CUST107057,18,Wiraswasta,46217,535,1.3,12,0,3,2,Pinjaman Pribadi,Pribadi,15.92,508.0,534.0,178.0,0
CUST107058,30,Bekerja,49044,680,0.6,14,0,0,0,Kredit Berjalan,Pribadi,9.08,507.0,414.0,138.0,0
CUST107059,42,Bekerja,71489,596,22.7,27029,0,0,0,Pinjaman Pribadi,Pribadi,15.09,204.0,1.399,466.0,1
CUST107060,40,Bekerja,125219,636,2.5,682,0,0,0,Pinjaman Pribadi,Pribadi,14.41,0.17,799.0,266.0,1
CUST107061,39,Bekerja,29239,583,12.9,782,0,4,0,Kredit Berjalan,Pribadi,14.76,665.0,209.0,0.07,0
CUST107062,23,Mahasiswa,27026,507,2.6,70,0,3,0,Pinjaman Pribadi,Pendidikan,15.72,506.0,1.558,519.0,0
CUST107063,53,Mahasiswa,15000,615,18.4,1898,0,0,0,Kredit Berjalan,Konsolidasi Hutang,11.19,423.0,367.0,122.0,0
CUST107064,30,Bekerja,41154,678,0.6,4,0,0,1,Pinjaman Pribadi,Konsolidasi Hutang,11.95,287.0,583.0,194.0,0
CUST107065,28,Bekerja,15000,624,4.5,32,0,0,0,Kartu Kredit,Medis,19.5,75.0,0.36,0.12,1
CUST107066,51,Bekerja,41991,728,25.6,7207,0,1,0,Kartu Kredit,Pribadi,16.41,111.0,162.0,54.0,1
CUST107067,37,Bekerja,113422,633,0.2,18,0,1,0,Kartu Kredit,Pribadi,19.82,222.0,617.0,206.0,1
CUST107068,46,Wiraswasta,44144,779,18.5,8710,0,0,0,Pinjaman Pribadi,Pendidikan,8.53,455.0,0.7,233.0,1
CUST107069,32,Mahasiswa,24160,643,7.4,1058,0,0,0,Kartu Kredit,Medis,19.09,336.0,99.0,33.0,1
CUST107070,38,Bekerja,41319,616,4.0,1668,0,0,0,Kartu Kredit,Konsolidasi Hutang,19.6,203.0,591.0,197.0,0
CUST107071,25,Bekerja,43408,640,0.4,22,0,2,1,Kredit Berjalan,Pribadi,11.73,87.0,617.0,206.0,1
CUST107072,18,Bekerja,34787,569,0.5,130,0,0,0,Kartu Kredit,Konsolidasi Hutang,22.81,337.0,989.0,0.33,0
CUST107073,19,Bekerja,15000,521,1.1,133,0,0,1,Pinjaman Pribadi,Medis,16.45,225.0,907.0,302.0,0
CUST107074,39,Bekerja,204169,750,10.5,67339,0,0,0,Pinjaman Pribadi,Pribadi,8.0,92.0,0.49,163.0,1
CUST107075,22,Bekerja,22304,519,3.6,525,0,0,1,Kartu Kredit,Bisnis,22.9,7.0,673.0,224.0,0
CUST107076,55,Wiraswasta,61384,693,7.3,235,0,0,0,Kartu Kredit,Pendidikan,18.01,537.0,375.0,125.0,1
CUST107077,44,Mahasiswa,15000,597,6.7,41,0,0,0,Kartu Kredit,Renovasi Rumah,22.91,594.0,0.1,33.0,0
CUST107078,24,Bekerja,19666,661,1.9,5,0,0,0,Kartu Kredit,Pribadi,17.03,432.0,1.012,337.0,1
CUST107079,18,Bekerja,23969,534,0.8,257,0,0,0,Kredit Berjalan,Pribadi,13.27,233.0,371.0,124.0,0
CUST107080,30,Bekerja,76267,600,10.4,508,0,0,0,Pinjaman Pribadi,Bisnis,14.14,58.0,1.311,437.0,1
CUST107081,23,Bekerja,32987,642,3.2,2911,0,0,0,Pinjaman Pribadi,Bisnis,14.54,284.0,819.0,273.0,0
CUST107082,30,Wiraswasta,84313,727,6.8,1273,0,0,0,Kredit Berjalan,Medis,8.2,298.0,253.0,84.0,1
CUST107083,18,Bekerja,33832,667,0.1,7,0,0,0,Kartu Kredit,Pribadi,18.3,183.0,1.36,453.0,0
CUST107084,43,Bekerja,41372,695,17.5,1778,0,0,0,Pinjaman Pribadi,Pribadi,12.27,425.0,1.122,374.0,0
CUST107085,39,Bekerja,42526,665,16.1,2183,0,0,2,Kredit Berjalan,Pribadi,9.69,366.0,388.0,129.0,1
CUST107086,32,Wiraswasta,68430,680,2.3,499,0,0,0,Pinjaman Pribadi,Pendidikan,12.08,259.0,707.0,236.0,1
CUST107087,38,Wiraswasta,57166,675,14.2,453,0,0,0,Kredit Berjalan,Konsolidasi Hutang,10.8,209.0,558.0,186.0,1
CUST107088,48,Mahasiswa,39810,600,17.5,1965,0,1,0,Kredit Berjalan,Medis,11.23,309.0,816.0,272.0,1
CUST107089,41,Bekerja,78022,787,14.4,1831,0,0,0,Kartu Kredit,Renovasi Rumah,14.07,0.27,18.0,6.0,1
CUST107090,18,Bekerja,25874,602,0.8,20,0,1,0,Kartu Kredit,Pribadi,19.7,301.0,1.36,453.0,0
CUST107091,42,Bekerja,104860,559,3.7,203,0,1,0,Kartu Kredit,Pendidikan,22.14,187.0,393.0,131.0,0
CUST107092,41,Mahasiswa,15000,650,15.1,407,0,1,0,Pinjaman Pribadi,Pribadi,12.79,45.0,1.153,384.0,0
CUST107093,29,Bekerja,59835,616,4.7,212,0,1,0,Kartu Kredit,Pendidikan,20.97,641.0,719.0,0.24,0
CUST107094,32,Wiraswasta,57586,608,8.2,1289,0,0,0,Kredit Berjalan,Medis,11.76,479.0,623.0,208.0,0
CUST107095,22,Bekerja,26988,615,1.9,165,0,2,0,Kartu Kredit,Pribadi,20.29,236.0,1.271,424.0,0
CUST107096,30,Mahasiswa,19186,730,7.8,1606,0,0,0,Kartu Kredit,Konsolidasi Hutang,15.63,212.0,99.0,33.0,1
CUST107097,40,Bekerja,63637,584,6.9,20218,0,1,1,Pinjaman Pribadi,Pribadi,15.1,205.0,484.0,161.0,1
CUST107098,30,Mahasiswa,24617,741,2.3,652,0,0,0,Pinjaman Pribadi,Bisnis,10.77,757.0,69.0,23.0,0
CUST107099,49,Wiraswasta,73338,610,2.7,116,0,0,0,Kredit Berjalan,Pribadi,12.31,25.0,515.0,172.0,1
CUST107100,29,Bekerja,36608,553,8.9,1658,0,1,0,Kartu Kredit,Renovasi Rumah,22.68,366.0,833.0,278.0,0
CUST107101,27,Bekerja,60732,618,5.8,2985,0,0,0,Kartu Kredit,Pendidikan,19.65,215.0,1.153,384.0,1
CUST107102,37,Bekerja,29761,660,19.0,880,0,2,0,Kartu Kredit,Medis,17.96,462.0,245.0,82.0,1
CUST107103,57,Bekerja,54617,729,2.6,193,0,2,0,Pinjaman Pribadi,Medis,11.23,302.0,879.0,293.0,1
CUST107104,47,Bekerja,56181,691,6.6,2055,0,1,0,Kartu Kredit,Konsolidasi Hutang,17.67,243.0,1.232,411.0,0
CUST107105,49,Bekerja,58035,567,7.8,1117,0,0,0,Pinjaman Pribadi,Medis,15.98,203.0,455.0,152.0,1
CUST107106,38,Bekerja,55811,612,9.2,60,0,0,0,Kartu Kredit,Pribadi,19.6,617.0,1.163,388.0,0
CUST107107,39,Bekerja,40616,740,1.0,723,0,0,0,Kartu Kredit,Bisnis,16.42,409.0,894.0,298.0,1
CUST107108,27,Bekerja,69252,715,7.2,1750,0,0,0,Kartu Kredit,Bisnis,16.42,281.0,206.0,69.0,1
CUST107109,37,Bekerja,17725,590,17.6,2061,0,1,0,Kartu Kredit,Bisnis,21.83,148.0,56.0,19.0,1
CUST107110,43,Bekerja,67095,721,24.7,2991,0,0,1,Kartu Kredit,Medis,15.87,452.0,656.0,219.0,1
CUST107111,27,Bekerja,41168,585,6.0,79,0,1,0,Pinjaman Pribadi,Bisnis,15.56,128.0,889.0,296.0,0
CUST107112,30,Bekerja,48144,582,9.8,824,0,0,1,Kartu Kredit,Pribadi,22.96,251.0,638.0,213.0,1
CUST107113,49,Bekerja,24227,679,28.2,11619,0,0,0,Kartu Kredit,Pribadi,18.13,116.0,157.0,52.0,1
CUST107114,22,Bekerja,15000,639,1.7,22,0,1,0,Kartu Kredit,Pendidikan,19.95,253.0,1.193,398.0,1
CUST107115,21,Bekerja,49249,740,0.2,70,0,0,0,Kartu Kredit,Medis,15.82,126.0,1.017,339.0,1
CUST107116,41,Bekerja,40712,714,7.4,1426,1,3,0,Kartu Kredit,Pribadi,15.66,415.0,371.0,124.0,0
CUST107117,38,Bekerja,137339,704,3.7,301,0,0,0,Kartu Kredit,Bisnis,16.64,373.0,0.51,0.17,0
CUST107118,39,Bekerja,29448,664,13.6,4814,1,0,0,Kartu Kredit,Pribadi,17.21,433.0,1.056,352.0,0
CUST107119,36,Bekerja,47578,643,14.8,2590,0,0,1,Pinjaman Pribadi,Bisnis,14.54,287.0,1.755,585.0,0
CUST107120,32,Wiraswasta,43200,621,7.9,250,0,0,0,Pinjaman Pribadi,Konsolidasi Hutang,13.44,443.0,1.366,455.0,0
CUST107121,49,Bekerja,27061,731,0.4,7,0,0,1,Kartu Kredit,Pribadi,15.55,259.0,37.0,12.0,1
CUST107122,28,Wiraswasta,88001,633,2.3,37,0,0,0,Kartu Kredit,Bisnis,19.99,471.0,666.0,222.0,0
CUST107123,18,Bekerja,20484,631,0.5,15,0,1,0,Kartu Kredit,Pribadi,20.23,243.0,0.19,63.0,1
CUST107124,18,Bekerja,40586,455,0.8,528,0,0,0,Kartu Kredit,Pendidikan,22.92,424.0,342.0,114.0,0
CUST107125,24,Bekerja,27874,726,4.1,105,0,0,0,Kredit Berjalan,Pribadi,8.32,393.0,771.0,257.0,1
CUST107126,33,Bekerja,48017,646,12.7,2028,0,0,0,Kartu Kredit,Pribadi,19.45,398.0,829.0,276.0,1
CUST107127,49,Wiraswasta,23995,682,11.1,25,0,0,0,Kredit Berjalan,Pendidikan,10.26,216.0,517.0,172.0,1
CUST107128,20,Wiraswasta,15000,570,2.0,40,0,0,0,Pinjaman Pribadi,Pendidikan,16.43,674.0,1.333,444.0,0
CUST107129,26,Bekerja,25684,628,2.6,207,0,1,0,Pinjaman Pribadi,Pribadi,14.01,149.0,1.195,398.0,0
CUST107130,31,Wiraswasta,37677,599,6.7,8745,0,2,2,Kartu Kredit,Bisnis,21.52,205.0,228.0,76.0,0
CUST107131,54,Bekerja,143724,642,6.8,2672,0,1,0,Kredit Berjalan,Renovasi Rumah,12.85,295.0,325.0,108.0,1
CUST107132,49,Bekerja,46071,698,11.4,7523,0,0,0,Pinjaman Pribadi,Bisnis,12.11,136.0,1.917,639.0,1
CUST107133,37,Wiraswasta,89117,679,12.6,109,0,0,0,Kredit Berjalan,Pendidikan,10.16,0.09,505.0,168.0,1
CUST107134,29,Wiraswasta,60432,683,8.2,1284,0,0,0,Kredit Berjalan,Medis,10.57,227.0,786.0,262.0,1
CUST107135,40,Wiraswasta,28681,674,15.2,797,0,0,0,Kartu Kredit,Medis,17.12,309.0,687.0,229.0,1
CUST107136,43,Bekerja,32150,691,24.1,10124,0,1,0,Pinjaman Pribadi,Bisnis,12.98,305.0,656.0,219.0,1
CUST107137,35,Bekerja,45003,638,1.2,59,0,1,0,Kredit Berjalan,Pribadi,12.21,175.0,518.0,173.0,0
CUST107138,26,Bekerja,34775,618,3.3,105,0,0,0,Pinjaman Pribadi,Pendidikan,13.59,488.0,0.15,0.05,1
CUST107139,58,Bekerja,57414,627,21.2,3748,0,2,0,Pinjaman Pribadi,Pendidikan,14.13,364.0,1.44,0.48,1
CUST107140,35,Bekerja,39486,649,1.7,770,0,0,0,Kartu Kredit,Pendidikan,19.95,131.0,967.0,322.0,1
CUST107141,34,Bekerja,64360,548,15.5,69684,0,1,1,Kredit Berjalan,Pribadi,13.24,729.0,0.64,213.0,0
CUST107142,24,Wiraswasta,43822,781,1.0,80,0,0,0,Kartu Kredit,Medis,15.74,15.0,1.294,431.0,1
CUST107143,18,Bekerja,15000,618,0.9,864,0,1,0,Pinjaman Pribadi,Renovasi Rumah,14.05,423.0,1.72,573.0,0
CUST107144,31,Wiraswasta,20388,715,9.2,1308,0,0,1,Kartu Kredit,Pribadi,16.75,287.0,603.0,201.0,1
CUST107145,32,Bekerja,53075,646,11.0,657,0,0,0,Pinjaman Pribadi,Pribadi,14.86,673.0,1.683,561.0,0
CUST107146,30,Bekerja,43797,614,10.6,265,0,1,0,Pinjaman Pribadi,Medis,14.72,191.0,434.0,145.0,1
CUST107147,29,Wiraswasta,55830,651,7.0,4468,0,0,0,Kartu Kredit,Pendidikan,18.88,264.0,188.0,63.0,1
CUST107148,25,Bekerja,29443,701,1.6,16,0,0,0,Pinjaman Pribadi,Bisnis,11.05,131.0,1.396,465.0,1
CUST107149,34,Bekerja,71215,722,1.8,151,0,0,0,Kartu Kredit,Konsolidasi Hutang,15.91,683.0,46.0,15.0,0
CUST107150,43,Bekerja,30165,624,13.6,10058,0,0,0,Pinjaman Pribadi,Bisnis,13.88,21.0,1.389,463.0,0
CUST107151,45,Mahasiswa,17740,668,16.1,1164,0,0,0,Kartu Kredit,Bisnis,17.95,322.0,79.0,26.0,1
CUST107152,48,Wiraswasta,114008,677,7.2,7530,0,2,0,Kartu Kredit,Bisnis,17.04,55.0,614.0,205.0,1
CUST107153,41,Wiraswasta,93514,600,16.4,34910,0,1,0,Kartu Kredit,Bisnis,20.22,256.0,662.0,221.0,1
CUST107154,30,Wiraswasta,48498,619,7.9,56,0,0,0,Kartu Kredit,Pribadi,19.71,254.0,0.99,0.33,1
CUST107155,31,Wiraswasta,25649,597,12.3,174,0,0,0,Pinjaman Pribadi,Bisnis,16.2,408.0,1.193,398.0,0
CUST107156,41,Bekerja,36083,527,10.4,4684,0,1,0,Pinjaman Pribadi,Pribadi,16.9,317.0,1.685,562.0,1
CUST107157,31,Bekerja,32249,641,3.2,38,0,0,1,Kartu Kredit,Medis,19.77,143.0,295.0,98.0,1
CUST107158,27,Bekerja,20128,664,3.5,130,0,0,1,Pinjaman Pribadi,Pribadi,11.17,326.0,0.05,17.0,1
CUST107159,39,Bekerja,33692,641,15.4,72,0,0,0,Kredit Berjalan,Renovasi Rumah,12.19,322.0,0.68,227.0,1
CUST107160,50,Bekerja,104297,776,4.6,456,0,1,0,Pinjaman Pribadi,Pribadi,8.3,368.0,959.0,0.32,1
CUST107161,41,Mahasiswa,65044,707,18.0,330,0,0,0,Pinjaman Pribadi,Medis,9.68,392.0,1.422,474.0,1
CUST107162,18,Bekerja,41019,628,0.6,98,0,0,0,Kredit Berjalan,Pribadi,11.9,167.0,378.0,126.0,1
CUST107163,38,Bekerja,46847,760,19.8,6751,0,0,0,Kartu Kredit,Renovasi Rumah,15.3,0.12,316.0,105.0,1
CUST107164,21,Bekerja,39479,573,1.2,376,0,0,0,Pinjaman Pribadi,Bisnis,15.43,214.0,704.0,235.0,0
CUST107165,50,Mahasiswa,29091,666,8.1,470,0,0,0,Kartu Kredit,Bisnis,18.57,281.0,0.1,33.0,1
CUST107166,51,Bekerja,60620,674,3.9,224,0,1,0,Kredit Berjalan,Pendidikan,9.97,382.0,0.65,217.0,1
CUST107167,26,Bekerja,38162,520,5.4,148,0,1,1,Kredit Berjalan,Medis,13.57,213.0,841.0,0.28,0
CUST107168,34,Bekerja,46249,660,7.4,2589,0,0,0,Kredit Berjalan,Konsolidasi Hutang,9.62,276.0,536.0,179.0,1
CUST107169,18,Bekerja,25835,588,0.3,4,0,0,0,Kredit Berjalan,Bisnis,14.94,587.0,499.0,166.0,0
CUST107170,59,Mahasiswa,16380,657,14.1,1011,0,1,0,Kartu Kredit,Bisnis,17.39,0.6,37.0,12.0,0
CUST107171,18,Mahasiswa,31965,503,1.4,42,0,1,1,Pinjaman Pribadi,Pribadi,16.67,308.0,1.057,352.0,0
CUST107172,18,Bekerja,15839,631,1.3,13,0,2,1,Kredit Berjalan,Pribadi,12.12,272.0,688.0,229.0,0
CUST107173,28,Wiraswasta,104931,626,0.8,26,0,0,0,Kartu Kredit,Renovasi Rumah,19.08,171.0,291.0,97.0,1
CUST107174,33,Bekerja,39758,691,14.4,4234,0,0,0,Kartu Kredit,Konsolidasi Hutang,18.67,31.0,108.0,36.0,1
CUST107175,34,Bekerja,18935,627,15.6,2010,1,1,0,Kartu Kredit,Pendidikan,20.09,124.0,1.03,343.0,0
CUST107176,41,Wiraswasta,130493,589,6.9,139,0,2,0,Kredit Berjalan,Medis,13.06,205.0,383.0,128.0,0
CUST107177,42,Bekerja,66851,667,13.2,1789,0,0,0,Pinjaman Pribadi,Medis,11.71,245.0,1.34,447.0,1
CUST107178,33,Wiraswasta,154950,584,3.5,379,1,0,0,Pinjaman Pribadi,Bisnis,15.08,243.0,393.0,131.0,0
CUST107179,57,Bekerja,82420,602,9.8,1953,0,0,0,Kartu Kredit,Renovasi Rumah,20.63,431.0,849.0,283.0,1
CUST107180,36,Wiraswasta,54860,655,17.2,146,0,0,0,Pinjaman Pribadi,Pribadi,11.53,374.0,27.0,9.0,1
CUST107181,40,Bekerja,41065,735,15.0,219,0,0,0,Kartu Kredit,Medis,16.15,44.0,63.0,21.0,1
CUST107182,49,Wiraswasta,99850,717,7.7,112,0,1,0,Kredit Berjalan,Konsolidasi Hutang,8.52,593.0,0.16,53.0,0
CUST107183,55,Bekerja,57247,611,16.3,6530,0,0,0,Kartu Kredit,Renovasi Rumah,19.21,74.0,1.223,408.0,1
CUST107184,21,Bekerja,15000,615,1.6,16,0,1,1,Kredit Berjalan,Bisnis,12.11,106.0,333.0,111.0,0
CUST107185,42,Bekerja,42599,494,0.7,254,1,2,0,Kartu Kredit,Bisnis,22.87,15.0,0.84,0.28,0
CUST107186,18,Wiraswasta,20559,579,0.4,29,1,0,0,Kredit Berjalan,Bisnis,14.29,0.16,696.0,232.0,0
CUST107187,54,Bekerja,58490,667,13.7,652,0,0,0,Kredit Berjalan,Pribadi,10.81,585.0,484.0,161.0,0
CUST107188,26,Bekerja,23155,584,2.6,437,0,0,0,Kartu Kredit,Bisnis,22.01,0.17,354.0,118.0,0
CUST107189,34,Wiraswasta,40618,615,9.9,211,0,0,0,Pinjaman Pribadi,Pendidikan,13.3,99.0,1.536,512.0,1
CUST107190,24,Mahasiswa,18508,648,3.2,332,0,1,0,Pinjaman Pribadi,Pribadi,14.03,602.0,1.254,418.0,0
CUST107191,31,Mahasiswa,30078,689,0.5,137,1,3,0,Pinjaman Pribadi,Bisnis,12.8,21.0,482.0,161.0,0
CUST107192,22,Mahasiswa,41750,759,3.6,625,0,0,0,Kartu Kredit,Pendidikan,15.42,156.0,101.0,34.0,1
CUST107193,27,Bekerja,25737,562,2.0,9,0,0,0,Kartu Kredit,Medis,21.82,0.16,109.0,36.0,0
CUST107194,24,Mahasiswa,15000,649,1.8,78,0,2,0,Pinjaman Pribadi,Konsolidasi Hutang,13.87,223.0,1.58,527.0,0
CUST107195,33,Bekerja,32706,625,10.3,9409,0,1,0,Pinjaman Pribadi,Bisnis,14.03,88.0,1.666,555.0,1
CUST107196,38,Wiraswasta,164889,687,19.2,22403,0,1,0,Pinjaman Pribadi,Medis,12.04,268.0,591.0,197.0,1
CUST107197,25,Bekerja,43963,617,2.0,932,0,0,0,Pinjaman Pribadi,Bisnis,14.99,175.0,1.365,455.0,0
CUST107198,44,Bekerja,41543,678,18.5,8140,0,0,0,Kredit Berjalan,Medis,10.27,235.0,469.0,156.0,1
CUST107199,33,Wiraswasta,33039,702,14.9,3755,0,0,0,Kartu Kredit,Renovasi Rumah,16.31,339.0,1.138,379.0,1
CUST107200,39,Wiraswasta,138773,587,5.6,255,0,2,0,Kartu Kredit,Pribadi,21.37,209.0,195.0,65.0,1
CUST107201,18,Wiraswasta,104148,597,0.6,355,0,0,0,Kartu Kredit,Renovasi Rumah,21.79,202.0,436.0,145.0,0
CUST107202,35,Wiraswasta,61968,713,0.2,30,0,0,0,Kartu Kredit,Pribadi,16.88,81.0,873.0,291.0,1
CUST107203,28,Bekerja,34232,688,2.3,188,0,0,0,Kredit Berjalan,Bisnis,9.58,319.0,722.0,241.0,1
CUST107204,57,Bekerja,36202,681,7.2,143,0,0,0,Kartu Kredit,Medis,18.22,287.0,356.0,119.0,1
CUST107205,41,Wiraswasta,42967,628,9.7,75,0,1,0,Kredit Berjalan,Medis,11.96,388.0,833.0,278.0,0
CUST107206,28,Mahasiswa,70896,609,4.5,883,0,0,0,Pinjaman Pribadi,Medis,13.44,96.0,1.341,447.0,0
CUST107207,38,Bekerja,57086,613,7.3,3587,0,2,0,Kredit Berjalan,Konsolidasi Hutang,12.51,0.18,476.0,159.0,0
CUST107208,35,Bekerja,35565,652,3.1,318,0,0,0,Kartu Kredit,Pribadi,17.57,355.0,529.0,176.0,1
CUST107209,31,Bekerja,54760,630,12.6,978,0,1,0,Kredit Berjalan,Konsolidasi Hutang,12.23,639.0,387.0,129.0,0
CUST107210,34,Bekerja,50084,619,6.4,3432,0,0,0,Kartu Kredit,Medis,20.99,218.0,922.0,307.0,1
CUST107211,38,Wiraswasta,51898,741,12.3,276,0,1,0,Kartu Kredit,Medis,17.36,786.0,1.135,378.0,0
CUST107212,36,Bekerja,69352,669,6.3,2083,0,0,0,Pinjaman Pribadi,Pribadi,11.58,271.0,1.442,481.0,1
CUST107213,47,Wiraswasta,78298,626,24.3,893,0,0,0,Pinjaman Pribadi,Pendidikan,14.99,201.0,1.277,426.0,1
CUST107214,20,Wiraswasta,69095,589,0.8,81,1,2,0,Kredit Berjalan,Renovasi Rumah,13.52,279.0,236.0,79.0,0
CUST107215,30,Bekerja,44680,727,4.4,1076,0,0,0,Kartu Kredit,Konsolidasi Hutang,16.47,86.0,638.0,213.0,1
CUST107216,33,Bekerja,70552,655,9.4,4739,0,0,0,Kartu Kredit,Pendidikan,18.35,74.0,992.0,331.0,1
CUST107217,42,Bekerja,38524,641,18.0,1163,0,1,0,Kartu Kredit,Pribadi,19.48,429.0,1.02,0.34,1
CUST107218,29,Bekerja,27252,628,4.5,10,0,1,0,Pinjaman Pribadi,Renovasi Rumah,13.78,0.4,1.78,593.0,0
CUST107219,24,Bekerja,24131,635,5.3,223,0,0,0,Pinjaman Pribadi,Medis,14.57,91.0,1.256,419.0,1
CUST107220,19,Bekerja,39661,514,0.4,13,1,1,0,Kartu Kredit,Medis,22.53,113.0,804.0,268.0,0
CUST107221,56,Bekerja,98232,754,18.3,13590,0,1,0,Kartu Kredit,Bisnis,14.05,241.0,713.0,238.0,1
CUST107222,34,Bekerja,55378,639,8.6,103,0,0,0,Kredit Berjalan,Pribadi,11.54,277.0,525.0,175.0,1
CUST107223,35,Bekerja,16010,626,16.5,46,0,2,0,Kartu Kredit,Pribadi,20.38,158.0,1.224,408.0,0
CUST107224,37,Bekerja,19075,675,5.6,818,0,1,0,Kartu Kredit,Medis,17.71,331.0,1.237,412.0,1
CUST107225,54,Bekerja,65692,699,9.7,518,0,1,0,Pinjaman Pribadi,Pendidikan,11.46,378.0,1.522,507.0,1
CUST107226,22,Bekerja,38986,723,0.7,275,0,0,0,Kartu Kredit,Bisnis,17.23,416.0,821.0,274.0,1
CUST107227,18,Bekerja,47298,651,0.7,10,0,0,0,Kartu Kredit,Pribadi,17.45,135.0,175.0,58.0,1
CUST107228,32,Mahasiswa,22100,555,11.3,1772,1,3,0,Pinjaman Pribadi,Pribadi,16.57,281.0,1.158,386.0,0
CUST107229,42,Bekerja,37353,663,19.5,146,0,0,0,Kartu Kredit,Pribadi,18.08,0.42,383.0,128.0,1
CUST107230,18,Mahasiswa,49932,622,1.8,228,0,0,0,Kredit Berjalan,Pribadi,12.84,0.11,296.0,99.0,1
CUST107231,50,Bekerja,87213,681,20.1,3585,0,0,0,Pinjaman Pribadi,Pendidikan,11.1,364.0,0.22,73.0,1
CUST107232,25,Wiraswasta,19410,613,1.1,51,0,0,0,Pinjaman Pribadi,Pribadi,14.52,394.0,1.005,335.0,0
CUST107233,36,Wiraswasta,165025,728,10.4,7189,0,0,0,Pinjaman Pribadi,Bisnis,10.22,243.0,182.0,61.0,1
CUST107234,30,Bekerja,28471,736,7.3,89,0,0,0,Kartu Kredit,Pendidikan,16.26,16.0,432.0,144.0,1
CUST107235,21,Bekerja,61602,620,1.2,178,0,0,0,Kartu Kredit,Pribadi,19.63,235.0,0.31,103.0,1
CUST107236,18,Bekerja,18980,688,1.0,12,0,0,0,Pinjaman Pribadi,Renovasi Rumah,12.03,131.0,1.744,581.0,0
CUST107237,18,Bekerja,54880,685,1.4,2244,0,0,0,Kredit Berjalan,Renovasi Rumah,9.07,175.0,603.0,201.0,1
CUST107238,54,Bekerja,57029,683,19.2,2398,0,0,0,Kartu Kredit,Pendidikan,18.75,265.0,873.0,291.0,1
CUST107239,36,Bekerja,87493,640,2.5,3817,0,0,0,Pinjaman Pribadi,Bisnis,13.73,195.0,843.0,281.0,0
CUST107240,44,Bekerja,41074,670,20.3,1451,0,0,0,Pinjaman Pribadi,Pendidikan,11.52,673.0,158.0,53.0,0
CUST107241,46,Bekerja,100294,718,10.6,1628,0,2,0,Kredit Berjalan,Pendidikan,7.92,258.0,315.0,105.0,1
CUST107242,37,Bekerja,43722,676,14.1,2460,0,0,0,Kartu Kredit,Pendidikan,18.98,286.0,1.08,0.36,1
CUST107243,18,Bekerja,37814,678,1.4,176,0,0,1,Kartu Kredit,Pribadi,18.27,424.0,1.135,378.0,0
CUST107244,39,Bekerja,27800,664,4.3,210,0,0,0,Kartu Kredit,Pribadi,18.21,296.0,471.0,157.0,1
CUST107245,36,Bekerja,24962,633,16.5,2105,0,1,0,Kartu Kredit,Medis,19.69,177.0,164.0,55.0,1
CUST107246,24,Bekerja,22551,514,3.2,18,0,0,0,Pinjaman Pribadi,Bisnis,15.16,448.0,1.729,576.0,0
CUST107247,18,Mahasiswa,20144,481,1.4,233,1,1,0,Kartu Kredit,Medis,21.74,472.0,99.0,33.0,0
CUST107248,23,Bekerja,74798,540,4.3,494,0,2,0,Kredit Berjalan,Konsolidasi Hutang,13.11,337.0,503.0,168.0,0
CUST107249,38,Bekerja,45386,670,18.1,290,0,0,0,Pinjaman Pribadi,Medis,11.89,264.0,963.0,321.0,1
CUST107250,25,Bekerja,26514,621,1.6,38,0,1,1,Kartu Kredit,Konsolidasi Hutang,20.22,133.0,573.0,191.0,0
CUST107251,40,Bekerja,26431,611,14.2,1797,0,0,0,Kartu Kredit,Bisnis,20.0,0.12,987.0,329.0,1
CUST107252,32,Mahasiswa,29921,674,10.4,55,0,0,0,Kartu Kredit,Medis,18.44,421.0,0.1,33.0,1
CUST107253,40,Wiraswasta,62593,566,16.9,839,0,0,0,Kredit Berjalan,Konsolidasi Hutang,13.2,89.0,741.0,247.0,0
CUST107254,24,Bekerja,23290,672,1.6,186,0,0,0,Pinjaman Pribadi,Renovasi Rumah,11.11,328.0,1.164,388.0,1
CUST107255,18,Bekerja,21885,567,0.5,17,0,2,0,Pinjaman Pribadi,Pendidikan,16.23,277.0,1.444,481.0,0
CUST107256,22,Bekerja,78815,667,0.4,448,1,1,0,Kartu Kredit,Renovasi Rumah,18.9,306.0,145.0,48.0,0
CUST107257,51,Wiraswasta,76299,657,1.8,461,0,0,0,Kartu Kredit,Pribadi,18.42,172.0,434.0,145.0,1
CUST107258,34,Bekerja,65654,615,3.7,1493,0,0,0,Kartu Kredit,Medis,19.13,0.33,107.0,36.0,1
CUST107259,36,Bekerja,56575,684,10.8,388,0,0,0,Kartu Kredit,Konsolidasi Hutang,18.42,309.0,308.0,103.0,1
CUST107260,18,Bekerja,19339,580,1.3,39,1,1,1,Pinjaman Pribadi,Pribadi,15.37,229.0,0.44,147.0,0
CUST107261,23,Bekerja,58419,509,3.6,18,0,0,0,Pinjaman Pribadi,Pendidikan,16.13,0.28,216.0,72.0,0
CUST107262,31,Bekerja,49595,589,0.8,310,0,2,0,Kartu Kredit,Konsolidasi Hutang,22.92,282.0,661.0,0.22,0
CUST107263,38,Bekerja,32362,655,1.6,797,0,0,0,Pinjaman Pribadi,Renovasi Rumah,12.22,508.0,695.0,232.0,0
CUST107264,25,Wiraswasta,86494,569,5.1,414,1,1,0,Kartu Kredit,Medis,22.51,661.0,246.0,82.0,0
CUST107265,28,Wiraswasta,23368,581,7.0,911,0,1,0,Kartu Kredit,Renovasi Rumah,21.16,596.0,766.0,255.0,0
CUST107266,24,Mahasiswa,51113,605,3.1,303,0,0,0,Kredit Berjalan,Renovasi Rumah,12.56,153.0,775.0,258.0,0
CUST107267,28,Bekerja,20672,647,7.1,452,0,0,0,Kartu Kredit,Konsolidasi Hutang,20.29,108.0,827.0,276.0,0
CUST107268,18,Mahasiswa,22752,724,1.3,138,0,0,0,Pinjaman Pribadi,Pendidikan,10.03,223.0,804.0,268.0,1
CUST107269,31,Bekerja,22384,639,2.9,60,0,0,0,Pinjaman Pribadi,Renovasi Rumah,13.87,0.14,192.0,64.0,1
CUST107270,27,Bekerja,49859,673,5.5,1514,0,0,0,Kartu Kredit,Konsolidasi Hutang,18.19,122.0,1.139,0.38,1
CUST107271,25,Bekerja,36519,780,4.9,211,0,0,0,Kredit Berjalan,Pendidikan,6.02,0.04,624.0,208.0,1
CUST107272,35,Bekerja,63981,588,1.6,1083,0,2,0,Kartu Kredit,Medis,22.7,57.0,45.0,15.0,0
CUST107273,18,Wiraswasta,55984,656,1.7,48,0,0,0,Pinjaman Pribadi,Konsolidasi Hutang,11.42,372.0,1.552,517.0,0
CUST107274,21,Mahasiswa,18517,618,2.0,22,0,2,0,Kartu Kredit,Pendidikan,20.04,0.48,103.0,34.0,1
CUST107275,31,Bekerja,30288,594,0.9,13,0,1,0,Pinjaman Pribadi,Konsolidasi Hutang,16.0,339.0,825.0,275.0,0
CUST107276,40,Mahasiswa,15000,599,21.6,1119,0,1,1,Kartu Kredit,Renovasi Rumah,21.77,637.0,73.0,24.0,0
CUST107277,30,Wiraswasta,85552,712,7.5,2807,0,0,0,Pinjaman Pribadi,Medis,11.28,218.0,1.169,0.39,1
CUST107278,18,Bekerja,20651,507,2.0,264,0,2,1,Kredit Berjalan,Bisnis,13.63,256.0,707.0,236.0,0
CUST107279,36,Mahasiswa,15000,695,7.6,167,0,0,0,Kartu Kredit,Pribadi,17.25,0.11,0.1,33.0,1
CUST107280,21,Bekerja,48864,545,0.2,21,1,0,0,Pinjaman Pribadi,Medis,15.97,421.0,841.0,0.28,0
CUST107281,27,Bekerja,49195,688,6.8,1670,0,0,0,Kredit Berjalan,Pribadi,9.02,138.0,417.0,139.0,1
CUST107282,36,Bekerja,51220,608,9.6,42,0,0,0,Kartu Kredit,Pribadi,20.19,287.0,994.0,331.0,1
CUST107283,32,Mahasiswa,15000,466,5.7,521,1,2,0,Kartu Kredit,Pendidikan,21.56,89.0,0.1,33.0,0
CUST107284,34,Wiraswasta,99749,578,7.3,2809,1,2,1,Pinjaman Pribadi,Pendidikan,15.82,159.0,1.003,334.0,0
CUST107285,40,Mahasiswa,37739,698,8.8,1286,0,0,0,Kartu Kredit,Renovasi Rumah,17.05,215.0,101.0,34.0,1
CUST107286,36,Wiraswasta,50495,633,7.7,385,0,1,0,Kartu Kredit,Konsolidasi Hutang,20.55,0.19,1.135,378.0,0
CUST107287,25,Mahasiswa,16932,606,6.5,398,0,0,0,Pinjaman Pribadi,Pendidikan,13.01,308.0,1.034,345.0,1
CUST107288,31,Bekerja,21231,683,2.5,297,0,1,0,Kartu Kredit,Medis,17.15,365.0,843.0,281.0,0
CUST107289,62,Wiraswasta,45147,743,22.0,2086,0,2,0,Pinjaman Pribadi,Pendidikan,10.15,431.0,567.0,189.0,1
CUST107290,18,Wiraswasta,25206,647,1.8,1057,0,0,0,Kartu Kredit,Konsolidasi Hutang,20.9,232.0,591.0,197.0,0
CUST107291,57,Mahasiswa,27390,725,14.9,642,0,0,0,Pinjaman Pribadi,Bisnis,10.71,359.0,1.603,534.0,1
CUST107292,18,Wiraswasta,96511,556,1.6,184,0,0,0,Kartu Kredit,Konsolidasi Hutang,22.54,601.0,32.0,11.0,0
CUST107293,37,Bekerja,61896,674,15.0,2359,0,0,0,Kartu Kredit,Pendidikan,17.43,208.0,1.049,0.35,1
CUST107294,39,Bekerja,24053,628,10.1,3764,0,1,0,Pinjaman Pribadi,Bisnis,14.4,87.0,499.0,166.0,0
CUST107295,31,Bekerja,39824,547,11.7,1595,0,0,0,Pinjaman Pribadi,Medis,16.58,231.0,98.0,33.0,1
CUST107296,32,Bekerja,90346,585,12.1,4630,0,1,1,Kartu Kredit,Pribadi,21.06,357.0,527.0,176.0,0
CUST107297,36,Bekerja,15000,579,10.9,8545,1,0,1,Pinjaman Pribadi,Konsolidasi Hutang,16.61,302.0,0.44,147.0,0
CUST107298,26,Wiraswasta,92716,710,5.9,1335,0,0,0,Kredit Berjalan,Renovasi Rumah,8.8,161.0,235.0,78.0,1
CUST107299,47,Bekerja,123119,679,11.1,2909,0,0,0,Kartu Kredit,Renovasi Rumah,18.42,369.0,569.0,0.19,1
CUST107300,18,Wiraswasta,41850,663,1.2,27,0,0,0,Kredit Berjalan,Pendidikan,9.18,327.0,803.0,268.0,1
CUST107301,25,Bekerja,27520,592,4.1,260,0,1,1,Pinjaman Pribadi,Konsolidasi Hutang,16.24,214.0,1.094,365.0,0
CUST107302,34,Bekerja,55760,685,7.9,756,0,0,0,Pinjaman Pribadi,Medis,11.32,39.0,1.092,364.0,1
CUST107303,32,Bekerja,39241,649,1.1,1641,0,1,0,Kartu Kredit,Pribadi,20.1,217.0,1.007,336.0,0
CUST107304,37,Bekerja,101097,601,12.1,1511,0,1,0,Kartu Kredit,Renovasi Rumah,20.44,353.0,367.0,122.0,1
CUST107305,53,Bekerja,96287,635,29.5,243111,0,3,0,Kredit Berjalan,Renovasi Rumah,11.32,186.0,303.0,101.0,0
CUST107306,34,Bekerja,18321,611,1.8,8,0,3,0,Kredit Berjalan,Pendidikan,12.34,346.0,273.0,91.0,0
CUST107307,54,Wiraswasta,101725,743,20.9,10996,0,1,0,Pinjaman Pribadi,Pribadi,11.36,54.0,782.0,261.0,1
CUST107308,21,Bekerja,20623,518,2.3,37,0,0,0,Kredit Berjalan,Bisnis,13.19,127.0,436.0,145.0,0
CUST107309,18,Wiraswasta,107361,690,1.8,357,0,0,1,Pinjaman Pribadi,Medis,12.92,278.0,259.0,86.0,1
CUST107310,31,Wiraswasta,113682,678,3.6,1884,0,1,0,Kartu Kredit,Medis,17.77,509.0,616.0,205.0,0
CUST107311,45,Wiraswasta,88324,588,18.6,312,0,1,0,Pinjaman Pribadi,Renovasi Rumah,16.26,467.0,354.0,118.0,0
CUST107312,44,Bekerja,63685,716,6.7,915,0,0,0,Pinjaman Pribadi,Konsolidasi Hutang,10.43,156.0,672.0,224.0,1
CUST107313,24,Bekerja,16101,673,3.6,290,0,0,0,Kredit Berjalan,Pribadi,10.74,45.0,646.0,215.0,1
CUST107314,24,Mahasiswa,16020,643,3.9,84,0,0,0,Kartu Kredit,Bisnis,20.59,743.0,0.1,33.0,0
CUST107315,38,Bekerja,27959,508,5.5,4280,1,3,1,Kredit Berjalan,Pribadi,14.88,183.0,179.0,0.06,0
CUST107316,50,Bekerja,43797,741,14.5,533,0,0,0,Kartu Kredit,Bisnis,17.27,333.0,632.0,211.0,1
CUST107317,38,Bekerja,85818,592,13.9,1941,0,0,1,Kredit Berjalan,Bisnis,13.75,182.0,531.0,177.0,0
CUST107318,70,Mahasiswa,22794,682,1.4,8,0,0,0,Kartu Kredit,Pendidikan,17.83,181.0,101.0,34.0,1
CUST107319,46,Bekerja,24524,700,17.8,60,0,0,0,Kartu Kredit,Konsolidasi Hutang,17.25,739.0,1.256,419.0,0
CUST107320,26,Bekerja,26710,558,1.5,138,0,1,0,Kartu Kredit,Bisnis,21.03,202.0,251.0,84.0,0
CUST107321,20,Wiraswasta,131415,595,0.7,99,0,0,0,Kredit Berjalan,Renovasi Rumah,14.34,511.0,377.0,126.0,0
CUST107322,30,Wiraswasta,56388,617,1.5,101,0,3,0,Kartu Kredit,Bisnis,19.87,379.0,1.014,338.0,0
CUST107323,60,Bekerja,82280,644,0.3,130,0,0,0,Kartu Kredit,Pribadi,20.04,215.0,789.0,263.0,1
CUST107324,44,Bekerja,48278,701,3.6,668,0,0,0,Kartu Kredit,Bisnis,16.33,0.19,304.0,101.0,1
CUST107325,60,Bekerja,98346,741,6.3,1081,0,0,0,Kartu Kredit,Pribadi,16.53,394.0,712.0,237.0,1
CUST107326,22,Bekerja,15000,603,0.3,12,0,0,0,Kredit Berjalan,Pribadi,11.56,309.0,447.0,149.0,1
CUST107327,37,Bekerja,100326,553,1.4,911,0,0,0,Kartu Kredit,Pribadi,21.13,546.0,698.0,233.0,0
CUST107328,27,Bekerja,27573,592,3.5,306,0,0,1,Kartu Kredit,Bisnis,21.16,0.12,867.0,289.0,0
CUST107329,47,Mahasiswa,25517,645,13.4,218,0,1,0,Kartu Kredit,Pendidikan,20.05,625.0,102.0,34.0,0
CUST107330,45,Bekerja,132947,695,4.9,1953,0,0,0,Pinjaman Pribadi,Medis,12.11,249.0,703.0,234.0,1
CUST107331,34,Wiraswasta,15503,668,7.2,36,0,0,0,Pinjaman Pribadi,Medis,12.87,81.0,1.567,522.0,1
CUST107332,18,Bekerja,33774,577,1.6,182,0,1,0,Kartu Kredit,Konsolidasi Hutang,22.56,332.0,684.0,228.0,0
CUST107333,32,Bekerja,36413,651,13.5,1251,0,0,1,Kartu Kredit,Pribadi,18.97,306.0,203.0,68.0,1
CUST107334,41,Wiraswasta,54220,689,7.4,123,0,1,0,Kredit Berjalan,Renovasi Rumah,9.6,178.0,188.0,63.0,1
CUST107335,41,Bekerja,51548,677,1.5,1043,0,0,0,Kartu Kredit,Medis,17.71,223.0,617.0,206.0,1
CUST107336,23,Bekerja,32187,533,2.2,116,0,0,0,Pinjaman Pribadi,Medis,16.3,111.0,283.0,94.0,0
CUST107337,45,Bekerja,63194,733,16.4,3435,0,0,0,Pinjaman Pribadi,Bisnis,10.11,399.0,142.0,47.0,1
CUST107338,55,Bekerja,54555,653,12.5,921,0,0,0,Pinjaman Pribadi,Pribadi,12.24,0.35,1.204,401.0,1
CUST107339,32,Bekerja,18352,636,12.6,875,0,1,0,Kartu Kredit,Pribadi,20.69,193.0,1.166,389.0,1
CUST107340,31,Bekerja,36234,688,5.8,99,0,0,0,Pinjaman Pribadi,Pribadi,11.84,0.36,1.032,344.0,1
CUST107341,47,Wiraswasta,36795,621,0.9,28,0,4,0,Kredit Berjalan,Bisnis,11.1,0.39,737.0,246.0,0
CUST107342,18,Bekerja,15000,649,0.4,6,0,0,0,Kredit Berjalan,Bisnis,12.55,361.0,573.0,191.0,0
CUST107343,49,Wiraswasta,65516,651,12.8,247,0,0,0,Kredit Berjalan,Pribadi,10.02,335.0,763.0,254.0,1
CUST107344,26,Bekerja,23206,577,1.8,1470,0,1,0,Kartu Kredit,Bisnis,21.25,445.0,1.138,379.0,0
CUST107345,49,Wiraswasta,60624,547,20.1,1517,1,4,1,Kredit Berjalan,Medis,14.49,39.0,473.0,158.0,0
CUST107346,22,Wiraswasta,79885,677,1.5,55,0,0,0,Pinjaman Pribadi,Pribadi,11.98,298.0,824.0,275.0,1
CUST107347,44,Bekerja,43819,738,16.2,4804,0,0,0,Kredit Berjalan,Konsolidasi Hutang,9.13,227.0,892.0,297.0,1
CUST107348,22,Bekerja,17304,655,2.8,2857,0,0,0,Kredit Berjalan,Medis,10.82,298.0,324.0,108.0,1
CUST107349,37,Bekerja,18082,557,11.6,4207,0,0,0,Pinjaman Pribadi,Medis,16.73,439.0,77.0,26.0,0
CUST107350,25,Mahasiswa,15000,531,6.8,332,1,0,0,Kartu Kredit,Medis,21.97,129.0,0.1,33.0,0
CUST107351,53,Mahasiswa,15000,591,27.2,509,0,0,0,Kartu Kredit,Renovasi Rumah,21.34,259.0,0.06,0.02,1
CUST107352,18,Bekerja,32663,644,1.9,211,0,3,0,Kartu Kredit,Medis,19.69,149.0,355.0,118.0,0
CUST107353,34,Bekerja,18428,635,9.4,35,0,0,0,Kartu Kredit,Medis,19.42,215.0,1.004,335.0,1
CUST107354,42,Mahasiswa,32171,716,18.6,1256,0,0,0,Pinjaman Pribadi,Medis,11.15,177.0,1.128,376.0,1
CUST107355,35,Bekerja,29817,533,2.7,142,0,1,0,Kartu Kredit,Pendidikan,21.59,181.0,372.0,124.0,1
CUST107356,35,Bekerja,58522,693,0.0,0,0,0,0,Pinjaman Pribadi,Bisnis,12.78,335.0,848.0,283.0,1
CUST107357,18,Mahasiswa,28351,685,1.7,135,0,0,0,Pinjaman Pribadi,Medis,11.94,539.0,437.0,146.0,0
CUST107358,39,Bekerja,81340,779,12.9,475,0,0,0,Pinjaman Pribadi,Pribadi,8.49,141.0,92.0,31.0,1
CUST107359,46,Bekerja,89798,616,5.6,5796,0,0,0,Pinjaman Pribadi,Pribadi,13.13,289.0,1.036,345.0,1
CUST107360,42,Bekerja,27047,558,7.9,8739,0,0,0,Kartu Kredit,Renovasi Rumah,21.89,537.0,1.094,365.0,0
CUST107361,29,Bekerja,22159,638,6.7,532,0,0,1,Kredit Berjalan,Pendidikan,12.75,395.0,0.37,123.0,1
CUST107362,37,Bekerja,55471,612,17.8,1516,0,1,0,Pinjaman Pribadi,Renovasi Rumah,13.83,143.0,1.118,373.0,0
CUST107363,26,Bekerja,27773,664,2.4,69,0,0,1,Kredit Berjalan,Pendidikan,10.57,217.0,428.0,143.0,1
CUST107364,51,Wiraswasta,123752,712,11.7,7689,0,0,0,Kredit Berjalan,Renovasi Rumah,7.73,0.61,404.0,135.0,0
CUST107365,55,Mahasiswa,15000,629,7.1,46,0,1,0,Kredit Berjalan,Renovasi Rumah,11.79,66.0,333.0,111.0,1
CUST107366,34,Bekerja,18493,610,8.6,148,0,2,1,Kartu Kredit,Bisnis,19.58,508.0,103.0,34.0,0
CUST107367,43,Bekerja,43856,551,19.6,1583,0,0,0,Kredit Berjalan,Bisnis,13.31,372.0,328.0,109.0,0
CUST107368,23,Mahasiswa,33434,648,2.4,83,0,2,0,Kartu Kredit,Pribadi,19.61,368.0,99.0,33.0,0
CUST107369,33,Bekerja,21139,702,1.2,95,0,0,0,Pinjaman Pribadi,Pendidikan,9.92,0.23,0.61,203.0,1
CUST107370,32,Bekerja,48204,607,0.7,325,0,0,1,Pinjaman Pribadi,Bisnis,14.85,254.0,174.0,58.0,0
CUST107371,39,Bekerja,37792,571,16.8,483,0,2,0,Kartu Kredit,Bisnis,22.43,218.0,1.024,341.0,0
CUST107372,50,Bekerja,27785,733,25.8,1875,0,1,0,Pinjaman Pribadi,Konsolidasi Hutang,10.23,357.0,0.72,0.24,1
CUST107373,18,Bekerja,42100,585,1.5,126,1,4,0,Kredit Berjalan,Medis,13.15,302.0,423.0,141.0,0
CUST107374,42,Bekerja,30940,677,9.5,1863,0,1,0,Pinjaman Pribadi,Bisnis,11.87,409.0,0.52,173.0,0
CUST107375,50,Bekerja,93271,658,14.1,4721,0,0,0,Kredit Berjalan,Medis,10.7,283.0,536.0,179.0,1
CUST107376,34,Bekerja,70942,669,15.9,5066,0,0,0,Kartu Kredit,Pribadi,18.45,0.22,987.0,329.0,1
CUST107377,33,Bekerja,90015,701,14.8,3720,0,0,1,Pinjaman Pribadi,Bisnis,10.39,429.0,1.111,0.37,0
CUST107378,23,Bekerja,39664,603,3.8,72,0,1,1,Kartu Kredit,Renovasi Rumah,20.13,438.0,1.213,404.0,0
CUST107379,18,Bekerja,55750,581,1.4,354,1,2,2,Pinjaman Pribadi,Pendidikan,15.39,243.0,1.794,598.0,0
CUST107380,18,Bekerja,41647,463,0.3,16,0,1,0,Pinjaman Pribadi,Konsolidasi Hutang,16.95,209.0,828.0,276.0,0
CUST107381,40,Wiraswasta,79036,594,6.5,2128,0,2,1,Kartu Kredit,Renovasi Rumah,22.4,0.53,886.0,295.0,0
CUST107382,44,Bekerja,55805,732,6.4,347,0,0,0,Kredit Berjalan,Renovasi Rumah,8.92,0.24,665.0,222.0,1
CUST107383,54,Bekerja,51071,654,4.3,802,0,0,0,Kartu Kredit,Pendidikan,17.89,328.0,942.0,314.0,1
CUST107384,27,Mahasiswa,15000,658,7.9,1630,0,0,0,Pinjaman Pribadi,Pendidikan,12.56,221.0,1.087,362.0,1
CUST107385,33,Wiraswasta,121978,602,10.0,474,0,0,0,Kredit Berjalan,Pribadi,12.93,184.0,0.41,137.0,1
CUST107386,45,Mahasiswa,21700,538,7.7,76,0,0,1,Kartu Kredit,Pendidikan,22.79,0.19,101.0,34.0,1
CUST107387,28,Bekerja,53879,563,2.0,3,1,2,0,Kartu Kredit,Pribadi,21.44,164.0,1.021,0.34,0
CUST107388,34,Bekerja,25672,544,15.7,504,0,2,0,Kartu Kredit,Pribadi,22.93,0.16,623.0,208.0,0
CUST107389,20,Bekerja,32834,667,2.0,527,0,0,0,Kredit Berjalan,Pendidikan,9.03,193.0,865.0,288.0,1
CUST107390,37,Bekerja,30723,604,14.3,310,0,2,0,Pinjaman Pribadi,Pribadi,14.6,382.0,1.54,513.0,0
CUST107391,43,Bekerja,52809,628,11.3,1661,0,2,0,Pinjaman Pribadi,Konsolidasi Hutang,14.95,225.0,1.575,525.0,0
CUST107392,36,Bekerja,78773,597,8.2,2403,0,1,0,Pinjaman Pribadi,Pendidikan,15.85,133.0,618.0,206.0,1
CUST107393,33,Bekerja,15000,585,7.8,118,0,0,0,Kredit Berjalan,Pendidikan,13.43,481.0,513.0,171.0,0
CUST107394,32,Bekerja,35287,732,6.0,639,0,0,0,Pinjaman Pribadi,Renovasi Rumah,9.99,365.0,935.0,312.0,1
CUST107395,46,Bekerja,44483,531,16.9,746,1,2,1,Kartu Kredit,Medis,21.17,204.0,337.0,112.0,0
CUST107396,18,Mahasiswa,33184,720,0.1,13,0,0,0,Kartu Kredit,Pribadi,16.56,0.24,99.0,33.0,1
CUST107397,50,Bekerja,30889,582,8.2,655,0,1,1,Kredit Berjalan,Medis,13.22,105.0,654.0,218.0,0
CUST107398,45,Bekerja,67569,666,1.1,162,0,0,0,Kredit Berjalan,Pendidikan,9.09,409.0,0.65,217.0,1
CUST107399,39,Mahasiswa,17192,660,9.7,999,0,0,0,Kartu Kredit,Pendidikan,17.68,154.0,99.0,33.0,1
CUST107400,38,Bekerja,87268,663,10.2,598,0,0,0,Kredit Berjalan,Konsolidasi Hutang,9.32,285.0,535.0,178.0,1
CUST107401,26,Wiraswasta,64847,533,4.0,1988,0,0,0,Kredit Berjalan,Pribadi,14.84,38.0,321.0,107.0,0
CUST107402,37,Bekerja,35711,643,12.9,961,0,0,0,Pinjaman Pribadi,Bisnis,14.95,144.0,106.0,35.0,1
CUST107403,35,Bekerja,88617,547,1.8,1789,0,0,0,Pinjaman Pribadi,Konsolidasi Hutang,16.22,86.0,1.128,376.0,0
CUST107404,53,Bekerja,67990,560,24.2,2750,1,2,0,Pinjaman Pribadi,Medis,15.66,143.0,1.105,368.0,0
CUST107405,57,Bekerja,76058,794,10.6,5154,0,2,0,Kredit Berjalan,Pendidikan,6.61,412.0,358.0,119.0,1
CUST107406,40,Bekerja,46342,675,5.7,169,0,1,0,Kredit Berjalan,Pribadi,9.08,98.0,345.0,115.0,1
CUST107407,66,Wiraswasta,59066,730,24.2,11925,0,2,0,Kartu Kredit,Medis,16.22,294.0,652.0,217.0,1
CUST107408,32,Bekerja,49070,699,10.6,5100,0,0,0,Kredit Berjalan,Pendidikan,9.18,0.3,564.0,188.0,1
CUST107409,18,Wiraswasta,65387,558,1.5,369,0,1,0,Kartu Kredit,Medis,22.74,0.4,496.0,165.0,0
CUST107410,44,Bekerja,24366,608,0.7,204,0,0,0,Kartu Kredit,Renovasi Rumah,20.1,326.0,1.371,457.0,0
CUST107411,20,Bekerja,15000,568,1.2,22,1,0,3,Kartu Kredit,Konsolidasi Hutang,22.01,227.0,1.08,0.36,0
CUST107412,42,Bekerja,34272,635,6.5,499,0,2,1,Kartu Kredit,Pribadi,20.05,25.0,1.322,441.0,0
CUST107413,44,Mahasiswa,28426,584,13.5,298,1,0,0,Kartu Kredit,Pendidikan,21.87,333.0,99.0,33.0,0
CUST107414,47,Bekerja,46669,613,24.1,133,0,2,0,Pinjaman Pribadi,Pribadi,13.6,0.14,236.0,79.0,1
CUST107415,49,Bekerja,62044,750,14.6,487,0,0,0,Pinjaman Pribadi,Pribadi,9.33,0.14,0.4,133.0,1
CUST107416,29,Wiraswasta,32385,609,1.7,1,0,1,0,Kredit Berjalan,Konsolidasi Hutang,11.44,91.0,154.0,51.0,0
CUST107417,25,Bekerja,70181,631,5.3,1165,0,3,0,Kartu Kredit,Konsolidasi Hutang,20.45,259.0,0.48,0.16,0
CUST107418,31,Bekerja,27745,695,10.0,81,0,1,0,Kartu Kredit,Pendidikan,17.4,174.0,674.0,225.0,1
CUST107419,25,Bekerja,36021,741,1.7,190,0,0,0,Pinjaman Pribadi,Medis,10.17,142.0,1.23,0.41,1
CUST107420,62,Bekerja,101663,629,18.9,94162,0,2,0,Pinjaman Pribadi,Konsolidasi Hutang,14.97,163.0,984.0,328.0,1
CUST107421,44,Bekerja,62154,626,3.8,839,0,0,0,Pinjaman Pribadi,Pribadi,14.79,306.0,1.609,536.0,1
CUST107422,18,Bekerja,15780,597,1.3,5,0,0,0,Kredit Berjalan,Medis,13.05,376.0,406.0,135.0,0
CUST107423,28,Bekerja,39648,659,9.8,18145,0,0,0,Kartu Kredit,Renovasi Rumah,17.8,411.0,323.0,108.0,1
CUST107424,40,Bekerja,26604,678,19.3,994,0,0,0,Kredit Berjalan,Pribadi,9.41,96.0,0.59,197.0,1
CUST107425,43,Bekerja,20566,626,14.1,129,0,0,0,Pinjaman Pribadi,Renovasi Rumah,13.64,0.09,754.0,251.0,1
CUST107426,18,Bekerja,15000,695,0.0,0,0,0,0,Kartu Kredit,Renovasi Rumah,18.91,282.0,1.22,407.0,0
CUST107427,27,Bekerja,41138,681,8.1,2630,0,0,0,Pinjaman Pribadi,Pendidikan,11.42,114.0,36.0,12.0,1
CUST107428,29,Bekerja,53292,660,1.5,1193,0,0,0,Pinjaman Pribadi,Bisnis,11.96,79.0,328.0,109.0,1
CUST107429,23,Bekerja,27287,694,2.1,332,0,0,0,Kartu Kredit,Bisnis,18.93,0.53,1.011,337.0,0
CUST107430,30,Wiraswasta,70717,654,1.4,45,0,0,0,Pinjaman Pribadi,Pribadi,11.39,245.0,1.414,471.0,1
CUST107431,41,Wiraswasta,24203,611,19.3,2241,0,1,0,Kredit Berjalan,Konsolidasi Hutang,12.74,0.35,351.0,117.0,0
CUST107432,38,Bekerja,39903,716,2.6,122,0,0,1,Pinjaman Pribadi,Pribadi,10.51,323.0,925.0,308.0,1
CUST107433,34,Mahasiswa,41818,581,13.7,293,0,1,0,Pinjaman Pribadi,Renovasi Rumah,16.36,545.0,1.925,642.0,0
CUST107434,42,Wiraswasta,23855,598,23.6,234,0,1,0,Kartu Kredit,Konsolidasi Hutang,22.96,168.0,549.0,183.0,0
CUST107435,48,Bekerja,40774,663,24.1,202,0,0,0,Kartu Kredit,Renovasi Rumah,18.98,37.0,849.0,283.0,1
CUST107436,31,Wiraswasta,40315,497,11.9,697,1,2,0,Kredit Berjalan,Konsolidasi Hutang,13.16,49.0,642.0,214.0,0
CUST107437,59,Bekerja,29813,666,19.7,1433,0,0,0,Kartu Kredit,Pendidikan,17.71,0.41,1.295,432.0,1
CUST107438,38,Bekerja,54469,545,9.7,7945,0,1,0,Kartu Kredit,Pribadi,21.93,485.0,452.0,151.0,0
CUST107439,32,Wiraswasta,46482,606,7.5,281,0,0,0,Pinjaman Pribadi,Pribadi,14.68,362.0,529.0,176.0,1
CUST107440,23,Bekerja,43357,678,2.2,206,0,0,0,Pinjaman Pribadi,Medis,11.28,57.0,1.312,437.0,0
CUST107441,20,Bekerja,46005,553,0.1,4,0,1,0,Kredit Berjalan,Konsolidasi Hutang,14.16,338.0,802.0,267.0,0
CUST107442,38,Bekerja,21288,694,8.0,1709,0,0,0,Kartu Kredit,Pribadi,17.71,555.0,963.0,321.0,0
CUST107443,50,Wiraswasta,57461,635,28.3,2152,0,0,1,Kredit Berjalan,Bisnis,12.31,368.0,773.0,258.0,0
CUST107444,43,Bekerja,62306,805,11.7,1320,0,1,0,Pinjaman Pribadi,Pribadi,9.47,219.0,385.0,128.0,1
CUST107445,31,Bekerja,19520,608,6.5,120,0,0,0,Kartu Kredit,Pendidikan,20.18,171.0,1.096,365.0,1
CUST107446,19,Bekerja,40542,611,1.3,195,0,1,0,Kredit Berjalan,Konsolidasi Hutang,12.6,346.0,197.0,66.0,0
CUST107447,33,Bekerja,100805,717,2.1,578,0,0,0,Kredit Berjalan,Pribadi,7.52,345.0,0.19,63.0,1
CUST107448,56,Mahasiswa,42461,695,7.6,4196,0,0,0,Kartu Kredit,Konsolidasi Hutang,17.2,447.0,99.0,33.0,0
CUST107449,26,Bekerja,38380,637,1.5,511,0,0,0,Kredit Berjalan,Renovasi Rumah,11.09,235.0,0.67,223.0,0
CUST107450,37,Bekerja,30336,616,6.4,1322,0,0,0,Kartu Kredit,Bisnis,19.97,197.0,0.56,187.0,1
CUST107451,58,Bekerja,51160,722,8.4,142,0,0,0,Kredit Berjalan,Pribadi,8.85,414.0,324.0,108.0,1
CUST107452,22,Bekerja,37562,623,1.9,942,0,0,0,Kartu Kredit,Bisnis,19.5,255.0,884.0,295.0,1
CUST107453,32,Wiraswasta,19646,641,5.7,1653,0,2,0,Pinjaman Pribadi,Bisnis,13.58,0.02,1.7,567.0,0
CUST107454,36,Bekerja,65621,704,7.9,363,0,0,0,Kredit Berjalan,Konsolidasi Hutang,7.98,162.0,762.0,254.0,1
CUST107455,36,Wiraswasta,77151,636,0.2,42,0,0,0,Kartu Kredit,Renovasi Rumah,19.7,296.0,876.0,292.0,1
CUST107456,33,Bekerja,39285,627,14.5,1937,0,0,0,Kartu Kredit,Pendidikan,19.07,583.0,1.018,339.0,0
CUST107457,19,Bekerja,25274,515,0.0,0,0,0,0,Pinjaman Pribadi,Pendidikan,15.52,165.0,1.686,562.0,0
CUST107458,25,Bekerja,52445,722,3.4,500,0,0,0,Kredit Berjalan,Konsolidasi Hutang,7.59,336.0,461.0,154.0,1
CUST107459,28,Bekerja,24974,679,4.1,302,0,2,0,Pinjaman Pribadi,Konsolidasi Hutang,12.76,593.0,621.0,207.0,0
CUST107460,37,Wiraswasta,99882,804,3.8,204,0,0,0,Kartu Kredit,Pendidikan,15.55,81.0,701.0,234.0,1
CUST107461,20,Bekerja,22147,474,0.7,116,0,3,1,Kredit Berjalan,Medis,13.65,332.0,546.0,182.0,0
CUST107462,30,Wiraswasta,32418,642,1.6,176,0,1,0,Kredit Berjalan,Pribadi,11.09,133.0,324.0,108.0,0
CUST107463,40,Bekerja,83473,696,1.5,61,0,0,0,Kredit Berjalan,Konsolidasi Hutang,9.93,0.29,599.0,0.2,0
CUST107464,19,Bekerja,20434,576,0.3,3,0,1,0,Pinjaman Pribadi,Renovasi Rumah,15.12,346.0,1.287,429.0,0
CUST107465,37,Bekerja,25402,687,10.4,900,0,0,0,Kartu Kredit,Medis,18.1,0.46,299.0,0.1,1
CUST107466,45,Wiraswasta,39039,631,22.0,366,0,0,0,Pinjaman Pribadi,Medis,13.15,0.45,1.829,0.61,0
CUST107467,27,Bekerja,52621,681,4.7,4976,0,0,0,Kartu Kredit,Pendidikan,17.23,39.0,1.059,353.0,1
CUST107468,19,Bekerja,18154,594,0.3,17,0,0,1,Kredit Berjalan,Pendidikan,14.06,676.0,573.0,191.0,0
CUST107469,40,Wiraswasta,119806,654,15.2,6478,0,0,0,Kartu Kredit,Pendidikan,17.53,0.32,584.0,195.0,1
CUST107470,68,Bekerja,59561,774,17.9,1833,0,0,1,Pinjaman Pribadi,Pendidikan,9.3,68.0,935.0,312.0,1
CUST107471,23,Bekerja,35086,619,1.4,2425,0,0,0,Kartu Kredit,Renovasi Rumah,20.52,394.0,704.0,235.0,0
CUST107472,37,Bekerja,105672,817,11.4,369,0,0,0,Kartu Kredit,Konsolidasi Hutang,15.51,0.11,662.0,221.0,1
CUST107473,49,Wiraswasta,40794,643,27.9,4316,0,0,0,Pinjaman Pribadi,Pribadi,14.02,788.0,1.736,579.0,0
CUST107474,59,Bekerja,154380,676,9.6,5386,0,0,0,Kartu Kredit,Medis,18.59,119.0,177.0,59.0,1
CUST107475,32,Bekerja,24844,665,7.9,621,0,0,0,Kredit Berjalan,Medis,9.14,315.0,487.0,162.0,1
CUST107476,37,Bekerja,70380,737,11.7,6148,0,0,0,Pinjaman Pribadi,Pribadi,10.58,202.0,1.236,412.0,1
CUST107477,32,Bekerja,77116,683,11.0,3974,0,0,0,Kredit Berjalan,Pribadi,10.27,347.0,648.0,216.0,1
CUST107478,45,Bekerja,71928,743,25.4,26024,0,0,0,Kartu Kredit,Pendidikan,16.57,422.0,788.0,263.0,1
CUST107479,47,Bekerja,75775,608,7.7,171,0,1,0,Pinjaman Pribadi,Medis,14.81,141.0,1.172,391.0,1
CUST107480,34,Bekerja,46665,608,6.4,234,0,1,0,Kartu Kredit,Pribadi,19.97,207.0,259.0,86.0,1
CUST107481,35,Mahasiswa,19084,744,3.8,98,0,0,0,Pinjaman Pribadi,Medis,10.04,253.0,1.562,521.0,1
CUST107482,61,Wiraswasta,105384,614,25.6,1818,0,0,0,Kartu Kredit,Medis,19.09,0.32,137.0,46.0,1
CUST107483,45,Bekerja,81852,634,17.3,49045,0,0,0,Kartu Kredit,Pendidikan,19.9,459.0,142.0,47.0,1
CUST107484,55,Bekerja,85719,672,29.8,2029,0,0,0,Kredit Berjalan,Medis,10.08,476.0,273.0,91.0,1
CUST107485,24,Wiraswasta,207400,660,5.8,4095,0,0,0,Kredit Berjalan,Pribadi,10.01,141.0,241.0,0.08,1
CUST107486,48,Wiraswasta,102179,716,19.5,1330,0,0,1,Pinjaman Pribadi,Medis,10.33,367.0,798.0,266.0,1
CUST107487,45,Mahasiswa,17354,663,19.7,126,0,0,0,Kartu Kredit,Pribadi,17.04,328.0,98.0,33.0,1
CUST107488,36,Bekerja,37034,600,16.0,6108,1,1,0,Pinjaman Pribadi,Pribadi,13.95,495.0,581.0,194.0,0
CUST107489,50,Wiraswasta,61045,707,3.6,1724,0,0,0,Pinjaman Pribadi,Pendidikan,9.81,104.0,188.0,63.0,1
CUST107490,38,Bekerja,39913,723,9.6,2031,0,0,0,Pinjaman Pribadi,Medis,10.24,252.0,1.165,388.0,1
CUST107491,66,Bekerja,33006,762,27.4,204236,0,0,0,Pinjaman Pribadi,Renovasi Rumah,8.71,246.0,1.312,437.0,1
CUST107492,36,Bekerja,39465,676,17.7,7399,0,0,0,Kartu Kredit,Pendidikan,18.41,237.0,0.19,63.0,1
CUST107493,45,Mahasiswa,19439,596,24.2,1942,0,0,0,Kredit Berjalan,Pendidikan,14.72,453.0,818.0,273.0,0
CUST107494,56,Bekerja,76248,695,26.6,15167,0,0,0,Kredit Berjalan,Bisnis,9.11,458.0,0.31,103.0,1
CUST107495,19,Mahasiswa,15000,649,0.2,4,0,2,0,Pinjaman Pribadi,Konsolidasi Hutang,14.04,452.0,1.533,511.0,0
CUST107496,34,Bekerja,57613,481,7.3,2769,0,0,0,Pinjaman Pribadi,Bisnis,15.66,559.0,0.76,253.0,0
CUST107497,50,Mahasiswa,30852,671,23.6,6069,0,1,0,Kartu Kredit,Bisnis,17.31,293.0,0.1,33.0,1
CUST107498,34,Bekerja,41182,744,11.5,33637,0,0,0,Kartu Kredit,Medis,15.9,243.0,294.0,98.0,1
CUST107499,23,Bekerja,20281,641,3.0,1417,0,0,0,Kredit Berjalan,Pendidikan,12.19,199.0,582.0,194.0,1
CUST107500,44,Bekerja,35013,602,20.9,2161,0,0,0,Kartu Kredit,Pendidikan,19.01,39.0,251.0,84.0,1
CUST107501,32,Bekerja,56263,624,5.6,175,0,1,0,Kredit Berjalan,Konsolidasi Hutang,11.48,326.0,251.0,84.0,0
CUST107502,28,Bekerja,15000,624,9.2,2200,0,0,0,Pinjaman Pribadi,Pribadi,13.48,254.0,1.007,336.0,0
CUST107503,30,Wiraswasta,113696,635,3.1,468,0,1,0,Pinjaman Pribadi,Pribadi,14.45,597.0,0.88,293.0,0
CUST107504,41,Wiraswasta,18743,719,10.1,17,0,0,0,Kartu Kredit,Pribadi,17.45,551.0,0.96,0.32,0
CUST107505,18,Bekerja,15000,572,1.5,118,0,0,0,Kartu Kredit,Medis,21.09,369.0,127.0,42.0,1
CUST107506,48,Mahasiswa,17789,674,4.5,733,0,0,0,Kredit Berjalan,Bisnis,10.05,48.0,281.0,94.0,1
CUST107507,30,Bekerja,41528,580,10.6,2094,0,0,0,Kartu Kredit,Medis,21.4,314.0,272.0,91.0,1
CUST107508,36,Bekerja,71382,676,9.5,1352,0,2,0,Pinjaman Pribadi,Pendidikan,12.32,621.0,727.0,242.0,0
CUST107509,39,Bekerja,37318,615,14.6,311,1,2,0,Kredit Berjalan,Pribadi,11.86,643.0,0.56,187.0,0
CUST107510,40,Bekerja,26756,509,5.4,714,0,0,0,Pinjaman Pribadi,Konsolidasi Hutang,16.52,138.0,998.0,333.0,0
CUST107511,55,Bekerja,37463,702,8.5,513,0,0,0,Pinjaman Pribadi,Pendidikan,9.66,696.0,835.0,278.0,0
CUST107512,23,Bekerja,27587,695,4.0,15,0,0,0,Pinjaman Pribadi,Bisnis,11.56,269.0,388.0,129.0,0
CUST107513,19,Wiraswasta,66790,583,0.5,50,0,2,0,Kartu Kredit,Pribadi,22.33,507.0,424.0,141.0,0
CUST107514,31,Wiraswasta,41203,595,8.1,3268,0,1,2,Kartu Kredit,Pribadi,22.99,416.0,1.277,426.0,0
CUST107515,40,Bekerja,48830,610,15.1,288,0,1,1,Kartu Kredit,Konsolidasi Hutang,20.83,84.0,219.0,73.0,0
CUST107516,23,Bekerja,38095,534,4.5,359,1,1,1,Pinjaman Pribadi,Pendidikan,15.34,135.0,1.047,349.0,0
CUST107517,39,Wiraswasta,59931,568,6.4,8024,1,2,0,Pinjaman Pribadi,Pribadi,16.18,183.0,399.0,133.0,0
CUST107518,27,Wiraswasta,57535,563,5.3,82,0,1,0,Pinjaman Pribadi,Pendidikan,15.35,365.0,129.0,43.0,0
CUST107519,52,Wiraswasta,78757,718,14.3,40436,0,0,0,Kartu Kredit,Konsolidasi Hutang,16.83,266.0,0.8,267.0,1
CUST107520,50,Bekerja,43960,606,16.5,1122,0,0,0,Pinjaman Pribadi,Pendidikan,14.82,207.0,616.0,205.0,1
CUST107521,36,Mahasiswa,15000,675,11.9,1909,0,0,0,Kredit Berjalan,Renovasi Rumah,10.15,249.0,413.0,138.0,1
CUST107522,26,Bekerja,17913,597,1.8,113,0,0,0,Kredit Berjalan,Pribadi,13.7,655.0,558.0,186.0,0
CUST107523,36,Bekerja,31188,733,2.4,690,0,0,0,Kartu Kredit,Medis,15.61,398.0,667.0,222.0,1
CUST107524,51,Bekerja,58236,706,28.0,852,0,0,0,Kredit Berjalan,Medis,8.38,341.0,335.0,112.0,1
CUST107525,45,Bekerja,47342,486,25.2,3340,1,0,0,Kartu Kredit,Konsolidasi Hutang,21.17,457.0,114.0,38.0,0
CUST107526,28,Bekerja,56881,641,8.3,214,0,0,1,Pinjaman Pribadi,Medis,14.44,271.0,573.0,191.0,1
CUST107527,43,Bekerja,66926,691,16.4,11405,0,0,0,Kartu Kredit,Bisnis,17.71,331.0,0.35,117.0,1
CUST107528,40,Bekerja,96893,667,19.4,34987,0,0,1,Kartu Kredit,Pribadi,17.13,0.45,95.0,32.0,1
CUST107529,37,Bekerja,30765,606,0.2,24,0,0,0,Kartu Kredit,Renovasi Rumah,19.71,0.45,465.0,155.0,0
CUST107530,41,Bekerja,43014,642,13.1,9631,0,1,0,Pinjaman Pribadi,Pribadi,13.78,161.0,742.0,247.0,1
CUST107531,31,Bekerja,23028,616,10.3,40,0,3,0,Kartu Kredit,Pribadi,20.59,531.0,1.164,388.0,0
CUST107532,32,Bekerja,32279,511,12.5,981,0,1,2,Kredit Berjalan,Pribadi,13.8,61.0,846.0,282.0,0
CUST107533,28,Wiraswasta,53650,606,3.5,2665,0,1,0,Pinjaman Pribadi,Konsolidasi Hutang,13.63,115.0,1.478,493.0,0
CUST107534,30,Bekerja,42019,648,1.5,70,0,0,0,Pinjaman Pribadi,Pribadi,13.33,181.0,928.0,309.0,1
CUST107535,31,Bekerja,59067,548,9.4,12979,0,1,0,Kartu Kredit,Pribadi,21.21,411.0,621.0,207.0,1
CUST107536,30,Bekerja,59884,620,9.9,5876,0,0,0,Kartu Kredit,Pendidikan,20.08,153.0,38.0,13.0,1
CUST107537,18,Wiraswasta,29098,479,0.9,3,0,0,0,Kartu Kredit,Pendidikan,21.47,142.0,1.058,353.0,0
CUST107538,22,Mahasiswa,15723,595,0.3,10,0,0,0,Pinjaman Pribadi,Pendidikan,16.98,47.0,1.762,587.0,0
CUST107539,40,Bekerja,37357,627,18.7,221,0,0,0,Pinjaman Pribadi,Pribadi,14.97,334.0,1.946,649.0,1
CUST107540,35,Mahasiswa,15000,678,5.0,315,0,0,0,Pinjaman Pribadi,Pribadi,11.72,166.0,893.0,298.0,1
CUST107541,36,Wiraswasta,68046,669,7.6,114,0,0,0,Kartu Kredit,Medis,18.43,219.0,1.029,343.0,1
CUST107542,37,Bekerja,67990,718,5.0,227,0,0,0,Kredit Berjalan,Pendidikan,8.28,64.0,447.0,149.0,1
CUST107543,42,Bekerja,81787,639,19.7,15446,0,0,0,Kartu Kredit,Bisnis,20.58,132.0,397.0,132.0,1
CUST107544,25,Bekerja,66193,621,5.4,203,0,0,0,Pinjaman Pribadi,Medis,13.53,281.0,169.0,56.0,1
CUST107545,42,Bekerja,54579,640,13.7,2069,0,0,0,Pinjaman Pribadi,Renovasi Rumah,13.12,285.0,953.0,318.0,1
CUST107546,25,Bekerja,17303,702,6.4,42,0,0,0,Kredit Berjalan,Bisnis,7.54,191.0,312.0,104.0,1
CUST107547,53,Mahasiswa,30411,564,1.5,95,0,0,0,Kredit Berjalan,Renovasi Rumah,14.67,413.0,529.0,176.0,0
CUST107548,35,Bekerja,34138,517,10.9,2653,0,0,0,Kartu Kredit,Pendidikan,21.94,254.0,316.0,105.0,1
CUST107549,26,Bekerja,21255,639,2.3,358,0,3,0,Kartu Kredit,Pribadi,20.76,233.0,1.124,375.0,0
CUST107550,43,Bekerja,42869,639,19.0,1980,0,1,0,Kartu Kredit,Renovasi Rumah,20.0,342.0,471.0,157.0,1
CUST107551,26,Mahasiswa,34424,689,1.4,1983,0,0,0,Pinjaman Pribadi,Pribadi,11.61,349.0,183.0,61.0,1
CUST107552,27,Bekerja,25074,631,5.5,467,0,1,0,Pinjaman Pribadi,Medis,14.64,278.0,1.001,334.0,0
CUST107553,26,Bekerja,25536,657,6.1,41327,0,0,0,Kartu Kredit,Pribadi,18.47,363.0,0.63,0.21,1
CUST107554,40,Bekerja,68958,669,0.4,11,0,0,0,Kartu Kredit,Pribadi,17.23,277.0,1.015,338.0,1
CUST107555,34,Bekerja,64605,709,13.6,10617,0,0,0,Kartu Kredit,Pribadi,16.63,614.0,474.0,158.0,0
CUST107556,26,Bekerja,40082,616,5.0,350,0,0,0,Kredit Berjalan,Renovasi Rumah,11.95,134.0,192.0,64.0,1
CUST107557,37,Wiraswasta,80964,729,0.7,417,0,0,0,Pinjaman Pribadi,Pendidikan,9.53,246.0,236.0,79.0,1
CUST107558,44,Bekerja,75542,622,7.8,1517,0,0,0,Kartu Kredit,Pribadi,19.5,162.0,765.0,255.0,1
CUST107559,26,Bekerja,39901,637,6.6,574,0,0,0,Kartu Kredit,Pribadi,19.08,131.0,0.88,293.0,1
CUST107560,36,Bekerja,55722,558,4.2,3240,0,2,0,Kredit Berjalan,Pribadi,13.67,223.0,0.63,0.21,0
CUST107561,45,Bekerja,57445,641,9.6,1405,0,0,0,Kartu Kredit,Pribadi,19.95,133.0,1.219,406.0,1
CUST107562,34,Bekerja,57569,705,2.9,182,0,0,0,Kredit Berjalan,Pribadi,7.5,213.0,573.0,191.0,1
CUST107563,35,Wiraswasta,53983,662,1.3,58,0,0,0,Kartu Kredit,Konsolidasi Hutang,18.89,681.0,863.0,288.0,0
CUST107564,47,Bekerja,84324,705,27.1,1360,0,0,0,Pinjaman Pribadi,Pribadi,11.01,465.0,74.0,25.0,1
CUST107565,19,Bekerja,17484,577,1.0,19,1,2,0,Kartu Kredit,Pendidikan,21.51,456.0,1.167,389.0,0
CUST107566,40,Bekerja,60222,647,1.9,890,0,4,0,Kartu Kredit,Medis,19.05,244.0,619.0,206.0,0
CUST107567,32,Bekerja,27431,725,1.2,733,0,1,0,Pinjaman Pribadi,Pendidikan,11.08,707.0,36.0,12.0,0
CUST107568,33,Bekerja,48870,693,5.4,1739,0,0,1,Pinjaman Pribadi,Konsolidasi Hutang,11.62,101.0,329.0,0.11,1
CUST107569,58,Bekerja,72600,734,23.1,5014,0,0,0,Kartu Kredit,Pribadi,15.84,224.0,464.0,155.0,1
CUST107570,28,Bekerja,33223,544,5.1,55,0,0,1,Kartu Kredit,Renovasi Rumah,22.12,99.0,936.0,312.0,0
CUST107571,29,Wiraswasta,133224,708,10.6,19889,0,1,0,Pinjaman Pribadi,Pribadi,11.23,0.05,751.0,0.25,1
CUST107572,37,Bekerja,63134,623,14.8,10050,0,1,0,Kartu Kredit,Renovasi Rumah,19.12,0.17,687.0,229.0,1
CUST107573,39,Wiraswasta,108614,738,18.1,16622,0,0,0,Kredit Berjalan,Pendidikan,9.06,195.0,296.0,99.0,1
CUST107574,48,Bekerja,79890,648,2.9,2783,0,0,0,Kartu Kredit,Medis,19.56,273.0,0.15,0.05,1
CUST107575,28,Wiraswasta,94925,679,8.0,7080,0,0,0,Pinjaman Pribadi,Renovasi Rumah,11.92,64.0,1.053,351.0,1
CUST107576,18,Wiraswasta,74757,685,1.3,89,0,0,0,Pinjaman Pribadi,Pribadi,12.45,575.0,1.338,446.0,0
CUST107577,47,Wiraswasta,48334,501,27.9,41434,0,0,0,Pinjaman Pribadi,Pribadi,16.2,169.0,1.905,635.0,1
CUST107578,52,Mahasiswa,15000,667,5.5,142,0,0,0,Pinjaman Pribadi,Bisnis,12.1,435.0,1.987,662.0,0
CUST107579,22,Bekerja,21401,605,3.5,221,0,1,0,Pinjaman Pribadi,Pribadi,13.4,637.0,313.0,104.0,0
CUST107580,21,Bekerja,15000,666,0.8,268,0,1,0,Kredit Berjalan,Pendidikan,10.36,173.0,0.56,187.0,1
CUST107581,42,Mahasiswa,28544,575,14.5,2185,0,0,0,Kartu Kredit,Bisnis,21.21,73.0,102.0,34.0,1
CUST107582,51,Bekerja,73315,806,22.3,10947,0,0,0,Kredit Berjalan,Pribadi,6.37,96.0,518.0,173.0,1
CUST107583,30,Bekerja,43577,626,10.3,3106,0,1,0,Kartu Kredit,Bisnis,19.2,305.0,1.205,402.0,0
CUST107584,32,Wiraswasta,92573,685,13.4,13513,0,0,0,Kartu Kredit,Renovasi Rumah,18.72,416.0,0.13,43.0,1
CUST107585,38,Wiraswasta,69364,715,8.8,12290,0,0,0,Kartu Kredit,Bisnis,16.79,268.0,902.0,301.0,1
CUST107586,34,Bekerja,41183,607,7.5,68,0,1,0,Pinjaman Pribadi,Konsolidasi Hutang,14.22,73.0,398.0,133.0,0
CUST107587,70,Bekerja,35314,719,25.4,278,0,1,0,Kartu Kredit,Medis,16.67,224.0,991.0,0.33,1
CUST107588,50,Mahasiswa,15000,709,18.9,66,0,0,0,Pinjaman Pribadi,Bisnis,10.64,174.0,873.0,291.0,1
CUST107589,37,Bekerja,33040,620,11.5,1740,0,0,0,Kartu Kredit,Pribadi,20.15,505.0,354.0,118.0,1
CUST107590,43,Wiraswasta,25296,726,6.8,581,0,0,0,Kartu Kredit,Pendidikan,16.37,312.0,656.0,219.0,1
CUST107591,34,Bekerja,35359,600,5.9,804,0,0,0,Kartu Kredit,Renovasi Rumah,20.57,654.0,0.6,0.2,0
CUST107592,18,Mahasiswa,18530,636,0.6,57,0,2,0,Kartu Kredit,Pribadi,19.58,229.0,103.0,34.0,1
CUST107593,45,Bekerja,58556,706,20.7,614,0,0,0,Kartu Kredit,Medis,16.88,355.0,743.0,248.0,1
CUST107594,23,Wiraswasta,69132,625,2.5,117,0,1,0,Kartu Kredit,Konsolidasi Hutang,19.36,325.0,142.0,47.0,1
CUST107595,30,Mahasiswa,15000,621,9.4,688,0,1,0,Kredit Berjalan,Renovasi Rumah,11.24,0.36,507.0,169.0,0
CUST107596,37,Wiraswasta,106537,587,2.0,19,0,0,0,Kartu Kredit,Pendidikan,22.17,0.12,657.0,219.0,1
CUST107597,21,Bekerja,19188,629,2.0,50,0,1,0,Kartu Kredit,Pribadi,20.84,0.39,818.0,273.0,0
CUST107598,40,Bekerja,68493,638,15.5,1641,0,0,0,Kredit Berjalan,Renovasi Rumah,12.87,56.0,441.0,147.0,1
CUST107599,27,Wiraswasta,52558,605,2.7,4417,0,2,0,Kartu Kredit,Bisnis,20.52,359.0,567.0,189.0,0
CUST107600,35,Mahasiswa,15000,610,12.4,247,0,0,0,Kartu Kredit,Bisnis,20.26,208.0,0.1,33.0,1
CUST107601,42,Bekerja,91137,700,17.7,469,0,1,0,Pinjaman Pribadi,Konsolidasi Hutang,9.91,25.0,177.0,59.0,1
CUST107602,22,Bekerja,21160,605,3.9,234,0,1,0,Pinjaman Pribadi,Medis,13.33,173.0,1.205,402.0,0
CUST107603,40,Bekerja,36625,600,18.0,2833,0,0,0,Kartu Kredit,Pendidikan,20.4,56.0,445.0,148.0,1
CUST107604,54,Bekerja,43471,589,14.2,2626,0,0,1,Kartu Kredit,Renovasi Rumah,22.97,0.29,1.357,452.0,0
CUST107605,23,Bekerja,34241,648,2.5,199,0,3,0,Kredit Berjalan,Bisnis,11.44,275.0,356.0,119.0,0
CUST107606,34,Bekerja,25316,655,6.9,514,0,0,0,Kartu Kredit,Pribadi,18.05,146.0,1.138,379.0,1
CUST107607,41,Wiraswasta,56787,617,12.4,165,0,0,0,Kartu Kredit,Pendidikan,20.69,115.0,588.0,196.0,1
CUST107608,22,Bekerja,48864,698,1.1,5136,0,0,0,Kartu Kredit,Pendidikan,17.52,403.0,675.0,225.0,1
CUST107609,34,Bekerja,66486,673,7.3,5384,0,0,0,Kredit Berjalan,Pendidikan,10.74,183.0,739.0,246.0,1
CUST107610,59,Bekerja,31686,612,8.1,671,0,0,0,Kartu Kredit,Pribadi,20.06,174.0,1.212,404.0,1
CUST107611,18,Bekerja,15000,662,1.9,45,0,0,0,Kartu Kredit,Medis,18.33,315.0,747.0,249.0,1
CUST107612,36,Wiraswasta,27211,738,15.4,1097,0,0,0,Pinjaman Pribadi,Renovasi Rumah,11.42,242.0,1.569,523.0,1
CUST107613,23,Bekerja,15000,512,4.3,86,0,0,2,Kartu Kredit,Konsolidasi Hutang,21.95,114.0,993.0,331.0,0
CUST107614,42,Bekerja,63692,669,12.4,1587,1,1,0,Kredit Berjalan,Pribadi,9.69,417.0,692.0,231.0,0
CUST107615,37,Wiraswasta,21266,544,10.3,5975,0,1,0,Kartu Kredit,Pendidikan,22.23,497.0,654.0,218.0,0
CUST107616,38,Wiraswasta,51548,638,3.4,4595,0,1,0,Pinjaman Pribadi,Medis,13.54,256.0,921.0,307.0,0
CUST107617,44,Bekerja,23225,648,21.1,1621,0,2,0,Kartu Kredit,Renovasi Rumah,19.28,0.33,95.0,32.0,1
CUST107618,29,Wiraswasta,155455,590,10.0,2973,0,0,0,Kartu Kredit,Medis,22.67,232.0,122.0,41.0,1
CUST107619,30,Wiraswasta,76681,589,9.2,912,0,0,1,Kartu Kredit,Renovasi Rumah,21.76,305.0,913.0,304.0,0
CUST107620,18,Bekerja,23045,744,0.6,7,0,1,0,Kartu Kredit,Medis,15.6,424.0,0.23,77.0,1
CUST107621,32,Bekerja,28329,701,8.1,7248,0,0,0,Pinjaman Pribadi,Bisnis,11.45,129.0,1.941,647.0,1
CUST107622,49,Bekerja,52973,644,23.8,1218,0,2,0,Kartu Kredit,Pribadi,19.3,506.0,261.0,87.0,0
CUST107623,18,Mahasiswa,52253,571,0.4,298,0,1,1,Pinjaman Pribadi,Medis,15.54,93.0,586.0,195.0,0
CUST107624,38,Bekerja,85412,619,16.7,6913,0,1,0,Kartu Kredit,Pribadi,20.15,516.0,103.0,34.0,0
CUST107625,23,Bekerja,33615,535,1.7,305,0,1,0,Kredit Berjalan,Pribadi,14.15,229.0,396.0,132.0,0
CUST107626,44,Bekerja,54947,718,7.0,370,0,0,0,Pinjaman Pribadi,Pribadi,11.31,0.06,499.0,166.0,1
CUST107627,56,Bekerja,169172,626,5.7,270,0,1,0,Kredit Berjalan,Pendidikan,12.48,626.0,158.0,53.0,0
CUST107628,61,Bekerja,246598,702,9.2,2489,0,0,0,Kartu Kredit,Bisnis,15.9,331.0,284.0,95.0,1
CUST107629,33,Bekerja,51059,665,8.8,1748,0,0,0,Pinjaman Pribadi,Bisnis,12.2,536.0,441.0,147.0,0
CUST107630,18,Bekerja,65756,627,1.2,64,0,0,0,Kartu Kredit,Pribadi,20.73,607.0,1.065,355.0,0
CUST107631,35,Wiraswasta,62546,555,4.4,851,1,4,0,Kartu Kredit,Pendidikan,23.0,0.09,975.0,325.0,0
CUST107632,40,Bekerja,35805,603,1.3,40,0,0,0,Pinjaman Pribadi,Medis,14.74,261.0,1.137,379.0,0
CUST107633,29,Bekerja,37091,564,8.9,6424,0,1,0,Pinjaman Pribadi,Pribadi,16.67,113.0,717.0,239.0,1
CUST107634,25,Wiraswasta,80824,629,4.4,817,0,0,0,Kredit Berjalan,Pendidikan,12.16,0.53,494.0,165.0,0
CUST107635,39,Bekerja,21157,699,18.2,1422,0,0,0,Kartu Kredit,Konsolidasi Hutang,17.7,106.0,1.257,419.0,1
CUST107636,25,Bekerja,64795,567,0.3,105,0,0,0,Kredit Berjalan,Renovasi Rumah,13.58,0.11,482.0,161.0,0
CUST107637,24,Wiraswasta,28630,679,2.9,8015,0,0,0,Kartu Kredit,Pribadi,18.55,197.0,615.0,205.0,1
CUST107638,48,Bekerja,44421,716,13.3,5023,0,1,0,Kartu Kredit,Pendidikan,16.31,343.0,979.0,326.0,1
CUST107639,40,Bekerja,41613,555,5.4,289,0,0,0,Pinjaman Pribadi,Pribadi,15.44,563.0,387.0,129.0,0
CUST107640,31,Bekerja,20508,651,1.8,96,0,0,0,Pinjaman Pribadi,Bisnis,12.55,323.0,156.0,52.0,1
CUST107641,49,Bekerja,27150,622,25.5,3651,0,2,0,Kartu Kredit,Renovasi Rumah,20.54,337.0,1.109,0.37,1
CUST107642,18,Bekerja,32917,618,1.7,121,0,0,0,Pinjaman Pribadi,Renovasi Rumah,14.77,219.0,838.0,279.0,0
CUST107643,20,Bekerja,42673,599,0.1,2,0,1,0,Pinjaman Pribadi,Pribadi,15.58,154.0,0.45,0.15,0
CUST107644,23,Bekerja,19916,603,3.7,8730,0,1,0,Kartu Kredit,Pendidikan,19.68,461.0,522.0,174.0,1
CUST107645,38,Bekerja,45465,607,4.1,13976,0,0,0,Kartu Kredit,Medis,20.59,232.0,915.0,305.0,1
CUST107646,45,Bekerja,38018,611,8.3,1179,0,1,1,Kartu Kredit,Konsolidasi Hutang,20.3,205.0,1.184,395.0,0
CUST107647,56,Bekerja,26803,603,19.5,2658,0,1,0,Kredit Berjalan,Medis,11.34,413.0,187.0,62.0,1
CUST107648,25,Bekerja,38251,682,1.7,511,0,0,0,Kartu Kredit,Renovasi Rumah,18.38,511.0,873.0,291.0,0
CUST107649,59,Bekerja,89591,810,11.1,24168,0,0,0,Pinjaman Pribadi,Pribadi,9.95,106.0,1.116,372.0,1
CUST107650,27,Bekerja,43998,570,6.4,42,0,1,0,Pinjaman Pribadi,Pendidikan,15.45,664.0,1.114,371.0,0
CUST107651,22,Bekerja,54712,582,2.3,86,0,1,1,Kartu Kredit,Pendidikan,22.06,0.13,1.033,344.0,0
CUST107652,23,Wiraswasta,55823,695,3.1,4,0,0,0,Pinjaman Pribadi,Medis,11.47,246.0,883.0,294.0,1
CUST107653,35,Bekerja,46709,677,11.3,1280,0,2,0,Kartu Kredit,Pribadi,18.92,458.0,233.0,78.0,1
CUST107654,30,Bekerja,50908,671,1.1,87,0,0,0,Pinjaman Pribadi,Bisnis,11.69,278.0,139.0,46.0,1
CUST107655,32,Bekerja,43823,661,6.2,856,0,0,0,Pinjaman Pribadi,Pribadi,12.44,126.0,1.693,564.0,1
CUST107656,44,Bekerja,250000,711,9.2,8441,0,0,0,Kartu Kredit,Pribadi,17.37,317.0,0.28,93.0,1
CUST107657,30,Bekerja,55536,591,10.7,14728,0,0,0,Pinjaman Pribadi,Renovasi Rumah,16.62,192.0,852.0,284.0,1
CUST107658,48,Bekerja,16649,704,12.4,506,0,1,0,Kredit Berjalan,Medis,7.94,381.0,673.0,224.0,1
CUST107659,30,Bekerja,35589,683,2.5,307,0,0,1,Pinjaman Pribadi,Renovasi Rumah,11.46,148.0,1.034,345.0,1
CUST107660,44,Bekerja,78981,632,2.8,909,0,0,0,Kartu Kredit,Medis,19.55,98.0,886.0,295.0,1
CUST107661,61,Bekerja,117283,687,28.0,26179,0,0,0,Kartu Kredit,Konsolidasi Hutang,18.3,117.0,302.0,101.0,1
CUST107662,48,Bekerja,53005,641,17.4,3664,0,0,0,Pinjaman Pribadi,Bisnis,14.57,389.0,1.524,508.0,0
CUST107663,50,Bekerja,91564,804,4.9,211,0,0,0,Kartu Kredit,Renovasi Rumah,15.7,191.0,764.0,255.0,1
CUST107664,23,Bekerja,55906,659,2.0,2106,0,0,0,Kredit Berjalan,Konsolidasi Hutang,10.31,496.0,506.0,169.0,0
CUST107665,48,Bekerja,39771,566,20.5,7516,0,0,0,Kartu Kredit,Medis,21.07,126.0,427.0,142.0,0
CUST107666,54,Bekerja,31554,688,14.1,28923,0,0,0,Kartu Kredit,Bisnis,17.6,404.0,602.0,201.0,1
CUST107667,41,Bekerja,41554,588,1.5,193,0,3,0,Pinjaman Pribadi,Pendidikan,15.07,186.0,703.0,234.0,0
CUST107668,36,Bekerja,34233,604,11.2,12035,0,1,0,Kredit Berjalan,Pendidikan,11.24,416.0,365.0,122.0,1
CUST107669,49,Mahasiswa,15917,747,29.1,1005,0,0,0,Kartu Kredit,Konsolidasi Hutang,17.23,402.0,101.0,34.0,1
CUST107670,18,Bekerja,15000,535,0.2,43,0,1,1,Pinjaman Pribadi,Pribadi,16.26,352.0,1.053,351.0,0
CUST107671,20,Bekerja,30695,529,1.5,847,0,0,0,Kartu Kredit,Pribadi,21.1,283.0,785.0,262.0,0
CUST107672,40,Bekerja,47730,592,18.7,8112,0,0,0,Pinjaman Pribadi,Pendidikan,15.34,207.0,138.0,46.0,1
CUST107673,39,Bekerja,45792,745,6.2,123,0,0,0,Kartu Kredit,Pendidikan,15.6,0.61,563.0,188.0,0
CUST107674,36,Wiraswasta,174198,605,4.1,4034,0,0,0,Kredit Berjalan,Konsolidasi Hutang,12.56,82.0,261.0,87.0,0
CUST107675,60,Wiraswasta,30067,692,2.9,4,0,0,0,Pinjaman Pribadi,Medis,12.96,285.0,675.0,225.0,1
CUST107676,18,Bekerja,23755,538,0.9,120,0,0,0,Kartu Kredit,Pendidikan,22.16,337.0,333.0,111.0,0
CUST107677,34,Bekerja,28742,580,0.9,11,0,2,0,Pinjaman Pribadi,Pendidikan,15.19,309.0,689.0,0.23,0
CUST107678,33,Bekerja,51823,608,5.6,833,0,0,0,Kartu Kredit,Renovasi Rumah,19.22,313.0,919.0,306.0,1
CUST107679,49,Wiraswasta,98687,515,12.5,185,0,0,2,Pinjaman Pribadi,Pribadi,15.17,388.0,493.0,164.0,0
CUST107680,51,Wiraswasta,66504,627,17.7,3104,0,1,0,Pinjaman Pribadi,Pendidikan,13.61,443.0,1.053,351.0,0
CUST107681,41,Bekerja,66873,614,12.2,5055,0,0,0,Kartu Kredit,Pribadi,19.55,324.0,305.0,102.0,1
CUST107682,32,Wiraswasta,84225,554,14.0,3357,0,2,0,Pinjaman Pribadi,Bisnis,16.49,231.0,1.187,396.0,0
CUST107683,24,Bekerja,15000,634,1.8,68,0,2,0,Kartu Kredit,Renovasi Rumah,19.93,0.07,0.94,313.0,0
CUST107684,22,Bekerja,42415,700,0.4,12,0,0,0,Pinjaman Pribadi,Pendidikan,10.16,233.0,0.66,0.22,1
CUST107685,41,Bekerja,47817,779,4.3,8238,0,0,0,Pinjaman Pribadi,Pendidikan,9.67,391.0,1.642,547.0,1
CUST107686,26,Bekerja,22435,569,3.4,138,1,2,0,Kredit Berjalan,Bisnis,14.33,386.0,415.0,138.0,0
CUST107687,27,Bekerja,83919,695,2.1,1053,0,0,1,Kartu Kredit,Konsolidasi Hutang,18.43,451.0,187.0,62.0,0
CUST107688,34,Bekerja,39889,604,1.0,22,0,0,0,Pinjaman Pribadi,Pendidikan,13.03,325.0,0.81,0.27,1
CUST107689,18,Bekerja,32370,496,0.5,57,0,1,0,Pinjaman Pribadi,Bisnis,15.6,427.0,686.0,229.0,0
CUST107690,52,Bekerja,69161,706,10.0,440,0,0,0,Pinjaman Pribadi,Bisnis,9.67,223.0,558.0,186.0,1
CUST107691,30,Bekerja,39312,624,5.9,29,0,0,0,Pinjaman Pribadi,Pribadi,13.25,108.0,651.0,217.0,1
CUST107692,56,Bekerja,99628,670,20.5,684,0,0,1,Kartu Kredit,Konsolidasi Hutang,18.15,176.0,512.0,171.0,1
CUST107693,21,Bekerja,45291,624,1.8,691,0,1,0,Pinjaman Pribadi,Pendidikan,14.76,416.0,1.117,372.0,0
CUST107694,46,Bekerja,48999,612,9.4,775,0,0,1,Pinjaman Pribadi,Konsolidasi Hutang,13.81,456.0,1.9,633.0,0
CUST107695,41,Mahasiswa,30816,730,15.2,156,0,0,0,Kartu Kredit,Pendidikan,16.94,359.0,101.0,34.0,1
CUST107696,55,Wiraswasta,32332,695,23.3,145,0,1,0,Pinjaman Pribadi,Pribadi,12.01,378.0,881.0,294.0,1
CUST107697,53,Bekerja,226064,695,13.0,10845,0,0,0,Kartu Kredit,Pribadi,18.39,517.0,0.31,103.0,1
CUST107698,41,Bekerja,29043,592,15.9,245,1,2,0,Kredit Berjalan,Pribadi,13.32,26.0,682.0,227.0,0
CUST107699,18,Bekerja,15000,655,1.8,23,1,1,1,Kartu Kredit,Bisnis,18.33,349.0,1.2,0.4,0
CUST107700,32,Bekerja,50206,585,7.6,6864,0,0,0,Pinjaman Pribadi,Konsolidasi Hutang,15.57,562.0,0.42,0.14,0
CUST107701,57,Wiraswasta,119547,749,11.9,3776,0,0,0,Kredit Berjalan,Konsolidasi Hutang,7.55,0.09,418.0,139.0,1
CUST107702,36,Wiraswasta,32142,655,4.1,1536,0,0,0,Pinjaman Pribadi,Medis,12.51,269.0,106.0,35.0,1
CUST107703,32,Bekerja,75739,706,10.7,2584,0,1,0,Kartu Kredit,Medis,16.48,152.0,924.0,308.0,1
CUST107704,18,Wiraswasta,39828,590,0.5,19,0,0,0,Pinjaman Pribadi,Pribadi,15.85,312.0,1.594,531.0,0
CUST107705,42,Bekerja,47009,751,3.7,373,0,0,0,Kartu Kredit,Renovasi Rumah,15.03,277.0,764.0,255.0,1
CUST107706,22,Bekerja,15000,600,2.7,54,0,0,0,Kartu Kredit,Renovasi Rumah,20.43,432.0,573.0,191.0,0
CUST107707,30,Wiraswasta,85260,690,2.9,3024,0,0,0,Kartu Kredit,Pribadi,18.17,298.0,427.0,142.0,1
CUST107708,22,Wiraswasta,179175,622,3.1,170,0,0,0,Pinjaman Pribadi,Pribadi,14.44,0.27,558.0,186.0,1
CUST107709,63,Bekerja,98314,706,10.4,958,0,0,0,Kartu Kredit,Bisnis,17.32,513.0,712.0,237.0,0
CUST107710,34,Bekerja,39609,553,4.2,40,1,0,0,Kartu Kredit,Renovasi Rumah,21.8,51.0,15.0,5.0,0
CUST107711,25,Bekerja,15000,634,0.6,29,0,3,0,Pinjaman Pribadi,Konsolidasi Hutang,13.89,314.0,653.0,218.0,0
CUST107712,38,Wiraswasta,45531,603,10.0,858,0,1,1,Kartu Kredit,Pendidikan,19.5,242.0,637.0,212.0,1
CUST107713,46,Mahasiswa,29856,761,21.6,1064,0,0,0,Kartu Kredit,Renovasi Rumah,14.78,329.0,0.1,33.0,1
CUST107714,29,Bekerja,40225,570,9.9,421,0,1,1,Kartu Kredit,Konsolidasi Hutang,22.36,546.0,256.0,85.0,0
CUST107715,40,Bekerja,59599,572,10.3,9294,0,0,1,Pinjaman Pribadi,Pribadi,16.87,696.0,1.46,487.0,0
CUST107716,40,Bekerja,37151,602,16.9,835,0,0,0,Kartu Kredit,Konsolidasi Hutang,20.98,138.0,0.46,153.0,1
CUST107717,35,Bekerja,15000,668,0.7,13,0,1,0,Pinjaman Pribadi,Bisnis,12.36,413.0,1.7,567.0,0
CUST107718,47,Bekerja,22569,673,20.9,900,0,1,0,Pinjaman Pribadi,Pribadi,12.82,524.0,1.396,465.0,0
CUST107719,18,Bekerja,18222,492,0.3,0,0,0,0,Kartu Kredit,Bisnis,22.56,99.0,741.0,247.0,0
CUST107720,43,Wiraswasta,54950,630,8.8,1856,0,0,0,Pinjaman Pribadi,Pendidikan,14.45,348.0,1.82,607.0,1
CUST107721,20,Bekerja,33597,662,0.7,41,0,0,0,Pinjaman Pribadi,Pribadi,12.68,241.0,324.0,108.0,1
CUST107722,36,Wiraswasta,49390,754,17.2,832,0,0,0,Kredit Berjalan,Pribadi,7.56,109.0,0.65,217.0,1
CUST107723,47,Mahasiswa,18711,579,1.8,272,0,0,0,Kartu Kredit,Pendidikan,21.64,193.0,102.0,34.0,1
CUST107724,42,Bekerja,84893,671,19.6,39188,0,0,0,Pinjaman Pribadi,Pendidikan,12.43,286.0,317.0,106.0,1
CUST107725,42,Bekerja,55083,664,8.2,981,0,1,0,Kredit Berjalan,Pendidikan,9.83,161.0,421.0,0.14,1
CUST107726,30,Bekerja,28145,670,10.7,475,0,1,0,Pinjaman Pribadi,Konsolidasi Hutang,12.1,527.0,554.0,185.0,0
CUST107727,26,Wiraswasta,180328,607,1.4,48,0,1,1,Pinjaman Pribadi,Pendidikan,14.75,0.02,248.0,83.0,1
CUST107728,46,Wiraswasta,29623,732,11.0,569,0,0,0,Kredit Berjalan,Bisnis,8.43,298.0,503.0,168.0,1
CUST107729,23,Bekerja,15551,598,2.8,88,0,2,1,Kredit Berjalan,Pribadi,13.77,159.0,386.0,129.0,0
CUST107730,35,Bekerja,64398,694,2.7,120,0,0,0,Kartu Kredit,Pendidikan,17.92,127.0,539.0,0.18,1
CUST107731,33,Mahasiswa,57260,534,3.6,4062,0,1,1,Kredit Berjalan,Pribadi,14.09,696.0,414.0,138.0,0
CUST107732,31,Mahasiswa,28388,606,0.4,108,0,3,0,Pinjaman Pribadi,Pendidikan,13.42,169.0,197.0,66.0,0
CUST107733,20,Bekerja,27370,643,0.9,2,0,1,0,Pinjaman Pribadi,Pendidikan,14.52,255.0,1.034,345.0,0
CUST107734,40,Bekerja,63182,689,7.6,7129,0,0,0,Kartu Kredit,Pendidikan,17.83,223.0,336.0,112.0,1
CUST107735,19,Wiraswasta,75278,609,1.0,777,0,1,0,Kartu Kredit,Renovasi Rumah,19.3,428.0,0.93,0.31,0
CUST107736,25,Bekerja,22259,610,2.4,315,0,0,0,Kredit Berjalan,Renovasi Rumah,12.17,0.1,256.0,85.0,1
CUST107737,32,Wiraswasta,58031,643,5.3,373,0,0,0,Kredit Berjalan,Konsolidasi Hutang,12.98,203.0,365.0,122.0,1
CUST107738,45,Bekerja,160481,581,18.3,7321,0,1,0,Pinjaman Pribadi,Konsolidasi Hutang,16.48,245.0,185.0,62.0,0
CUST107739,49,Bekerja,33962,678,20.4,6320,0,0,0,Kredit Berjalan,Pendidikan,9.11,367.0,183.0,61.0,1
CUST107740,34,Bekerja,30606,581,9.6,3870,0,5,0,Pinjaman Pribadi,Pendidikan,16.55,241.0,0.52,173.0,0
CUST107741,29,Bekerja,38273,752,6.2,1009,0,0,0,Kartu Kredit,Konsolidasi Hutang,15.52,447.0,549.0,183.0,1
CUST107742,57,Wiraswasta,140262,722,18.2,14841,0,1,0,Pinjaman Pribadi,Pendidikan,9.93,127.0,0.17,57.0,1
CUST107743,18,Bekerja,29771,548,0.7,85,0,0,0,Kartu Kredit,Renovasi Rumah,21.19,271.0,1.213,404.0,0
CUST107744,25,Bekerja,38557,645,2.4,54,0,0,0,Kartu Kredit,Bisnis,19.57,486.0,851.0,284.0,0
CUST107745,40,Bekerja,56424,582,18.7,5530,0,3,2,Pinjaman Pribadi,Pribadi,15.2,509.0,1.212,404.0,0
CUST107746,33,Bekerja,67755,596,0.0,0,0,2,0,Kartu Kredit,Pendidikan,22.51,269.0,174.0,58.0,0
CUST107747,34,Mahasiswa,82261,726,8.3,72,0,0,0,Pinjaman Pribadi,Pendidikan,11.32,234.0,1.216,405.0,1
CUST107748,43,Mahasiswa,19888,582,23.5,28965,0,3,0,Kredit Berjalan,Renovasi Rumah,14.91,408.0,759.0,253.0,0
CUST107749,54,Bekerja,43305,716,5.2,137,0,0,0,Pinjaman Pribadi,Konsolidasi Hutang,10.81,422.0,711.0,237.0,1
CUST107750,40,Bekerja,30828,725,1.9,193,0,0,0,Kredit Berjalan,Pendidikan,9.06,122.0,516.0,172.0,1
CUST107751,41,Bekerja,117949,706,4.0,125,0,1,0,Kartu Kredit,Bisnis,16.43,298.0,0.41,137.0,1
CUST107752,37,Bekerja,89466,668,14.7,6226,0,0,0,Kartu Kredit,Renovasi Rumah,17.08,314.0,782.0,261.0,1
CUST107753,43,Wiraswasta,51959,605,7.5,3895,0,1,0,Pinjaman Pribadi,Bisnis,14.84,228.0,1.925,642.0,0
CUST107754,42,Wiraswasta,25974,718,12.3,64,0,1,0,Pinjaman Pribadi,Medis,10.0,223.0,1.294,431.0,1
CUST107755,25,Wiraswasta,47109,615,3.3,215,0,1,0,Kartu Kredit,Renovasi Rumah,20.46,562.0,221.0,74.0,0
CUST107756,66,Bekerja,78079,785,21.3,3018,0,0,0,Pinjaman Pribadi,Bisnis,9.22,344.0,1.086,362.0,1
CUST107757,38,Wiraswasta,55203,610,4.1,1346,0,0,0,Kredit Berjalan,Pendidikan,11.6,226.0,286.0,95.0,1
CUST107758,25,Bekerja,44164,526,1.7,278,0,0,0,Pinjaman Pribadi,Pendidikan,15.49,0.35,1.734,578.0,0
CUST107759,51,Wiraswasta,102904,582,12.1,28088,1,0,2,Kredit Berjalan,Pendidikan,14.66,286.0,486.0,162.0,0
CUST107760,36,Bekerja,35086,679,14.3,454,0,0,0,Pinjaman Pribadi,Pendidikan,12.66,291.0,1.75,583.0,1
CUST107761,39,Bekerja,32715,616,16.0,65,0,0,0,Kartu Kredit,Renovasi Rumah,20.22,279.0,422.0,141.0,1
CUST107762,47,Bekerja,134565,720,14.5,23163,0,0,0,Pinjaman Pribadi,Medis,10.29,188.0,743.0,248.0,1
CUST107763,37,Bekerja,67665,678,7.4,349,1,3,0,Pinjaman Pribadi,Renovasi Rumah,12.5,311.0,1.073,358.0,0
CUST107764,44,Wiraswasta,20231,554,5.2,83,0,0,0,Kredit Berjalan,Renovasi Rumah,13.4,398.0,568.0,189.0,0
CUST107765,36,Bekerja,20214,687,1.8,36,0,0,0,Pinjaman Pribadi,Konsolidasi Hutang,12.96,272.0,702.0,234.0,0
CUST107766,30,Bekerja,40391,589,2.7,424,0,0,0,Pinjaman Pribadi,Renovasi Rumah,15.84,465.0,253.0,84.0,0
CUST107767,58,Bekerja,84494,732,28.5,22147,0,2,0,Kartu Kredit,Pendidikan,17.09,531.0,828.0,276.0,1
CUST107768,18,Bekerja,37432,556,1.3,214,0,0,0,Pinjaman Pribadi,Renovasi Rumah,16.99,447.0,1.098,366.0,0
CUST107769,28,Bekerja,27304,645,1.2,65,0,1,0,Kartu Kredit,Konsolidasi Hutang,19.9,228.0,612.0,204.0,0
CUST107770,33,Bekerja,101888,564,4.6,1570,0,1,1,Pinjaman Pribadi,Pribadi,15.82,74.0,227.0,76.0,1
CUST107771,27,Bekerja,35528,656,7.2,1010,0,0,1,Kartu Kredit,Medis,18.55,593.0,189.0,63.0,0
CUST107772,27,Bekerja,36268,710,3.1,196,0,0,1,Kartu Kredit,Medis,15.73,57.0,0.27,0.09,1
CUST107773,31,Mahasiswa,21928,585,8.3,98,0,4,0,Pinjaman Pribadi,Pribadi,15.59,281.0,1.806,602.0,0
CUST107774,59,Bekerja,83560,774,17.1,2751,0,0,0,Pinjaman Pribadi,Bisnis,9.56,86.0,1.065,355.0,1
CUST107775,46,Bekerja,51975,573,25.7,483,0,2,0,Kartu Kredit,Renovasi Rumah,21.07,605.0,208.0,69.0,0
CUST107776,40,Bekerja,33686,727,18.3,1629,0,0,0,Kredit Berjalan,Medis,7.9,679.0,0.49,163.0,0
CUST107777,53,Bekerja,101486,588,27.2,47676,0,1,1,Pinjaman Pribadi,Bisnis,15.91,139.0,238.0,79.0,0
CUST107778,38,Mahasiswa,15000,645,9.1,1045,0,1,0,Kartu Kredit,Pendidikan,20.54,218.0,0.1,33.0,1
CUST107779,59,Bekerja,56861,614,6.5,8155,0,1,0,Kartu Kredit,Pendidikan,20.89,0.4,798.0,266.0,1
CUST107780,39,Mahasiswa,15000,753,10.1,139,0,1,0,Pinjaman Pribadi,Medis,9.11,438.0,993.0,331.0,1
CUST107781,43,Bekerja,36360,707,3.4,11,0,0,0,Pinjaman Pribadi,Bisnis,10.8,431.0,0.49,163.0,0
CUST107782,34,Wiraswasta,55324,588,15.8,3480,0,0,0,Pinjaman Pribadi,Medis,15.29,123.0,766.0,255.0,0
CUST107783,18,Bekerja,30737,583,2.0,185,0,2,1,Pinjaman Pribadi,Renovasi Rumah,15.43,502.0,0.69,0.23,0
CUST107784,41,Bekerja,31466,658,16.4,2743,0,0,0,Pinjaman Pribadi,Bisnis,12.24,302.0,1.799,0.6,1
CUST107785,44,Bekerja,35763,602,4.8,2555,0,1,0,Kartu Kredit,Renovasi Rumah,19.29,473.0,1.18,393.0,0
CUST107786,26,Wiraswasta,42000,610,1.8,521,0,2,0,Pinjaman Pribadi,Bisnis,13.43,258.0,698.0,233.0,0
CUST107787,37,Mahasiswa,24292,721,10.0,868,0,0,0,Pinjaman Pribadi,Bisnis,9.89,296.0,82.0,27.0,1
CUST107788,42,Bekerja,44438,647,23.5,730,0,0,0,Pinjaman Pribadi,Pendidikan,13.54,46.0,322.0,107.0,1
CUST107789,46,Bekerja,41309,657,1.8,4,0,0,0,Kartu Kredit,Pendidikan,17.38,66.0,0.16,53.0,1
CUST107790,22,Bekerja,28252,576,0.5,28,1,0,2,Kartu Kredit,Medis,21.83,124.0,106.0,35.0,0
CUST107791,26,Bekerja,15000,642,2.3,177,0,2,0,Kredit Berjalan,Bisnis,11.42,461.0,467.0,156.0,0
CUST107792,18,Wiraswasta,31786,583,1.4,45,0,1,0,Kartu Kredit,Renovasi Rumah,21.73,237.0,522.0,174.0,0
CUST107793,65,Wiraswasta,73932,768,5.2,2203,0,0,0,Kartu Kredit,Pendidikan,14.99,263.0,947.0,316.0,1
CUST107794,18,Bekerja,32461,600,1.6,282,0,1,0,Pinjaman Pribadi,Pribadi,13.3,422.0,1.309,436.0,0
CUST107795,32,Mahasiswa,24185,683,5.1,495,0,0,0,Kartu Kredit,Pendidikan,18.15,169.0,99.0,33.0,1
CUST107796,18,Bekerja,24786,519,1.7,703,0,0,0,Pinjaman Pribadi,Pribadi,15.59,25.0,1.735,578.0,0
CUST107797,25,Bekerja,25317,711,1.6,22,0,1,0,Kredit Berjalan,Bisnis,8.7,0.19,778.0,259.0,1
CUST107798,18,Bekerja,38922,677,0.6,89,0,0,0,Kredit Berjalan,Medis,9.63,212.0,244.0,81.0,1
CUST107799,33,Wiraswasta,31396,690,5.8,1191,0,0,1,Kartu Kredit,Medis,17.84,111.0,0.28,93.0,1
CUST107800,33,Bekerja,32666,572,13.6,622,0,1,1,Pinjaman Pribadi,Pribadi,15.09,653.0,1.267,422.0,0
CUST107801,34,Bekerja,26371,683,5.8,9039,0,0,0,Pinjaman Pribadi,Konsolidasi Hutang,12.5,152.0,1.763,588.0,0
CUST107802,38,Bekerja,80583,641,14.0,10977,0,2,0,Kartu Kredit,Konsolidasi Hutang,20.2,118.0,321.0,107.0,1
CUST107803,42,Bekerja,131027,567,15.8,1681,0,0,0,Kartu Kredit,Konsolidasi Hutang,22.5,276.0,28.0,9.0,1
CUST107804,18,Bekerja,15000,570,0.4,1,0,1,1,Pinjaman Pribadi,Medis,15.65,219.0,213.0,71.0,0
CUST107805,35,Bekerja,21401,713,0.1,3,0,0,0,Kredit Berjalan,Pribadi,7.92,378.0,234.0,78.0,1
CUST107806,18,Bekerja,25974,611,1.7,25,0,1,0,Kartu Kredit,Konsolidasi Hutang,19.01,212.0,0.2,67.0,1
CUST107807,31,Bekerja,62589,742,8.9,498,0,0,0,Kartu Kredit,Pribadi,16.95,101.0,711.0,237.0,1
CUST107808,41,Bekerja,18678,722,8.5,623,0,0,0,Pinjaman Pribadi,Pribadi,11.44,164.0,883.0,294.0,1
CUST107809,37,Bekerja,84674,674,11.6,20984,0,1,0,Pinjaman Pribadi,Renovasi Rumah,12.39,269.0,464.0,155.0,1
CUST107810,39,Mahasiswa,25627,602,3.9,256,0,1,1,Pinjaman Pribadi,Pribadi,14.4,262.0,1.514,505.0,0
CUST107811,48,Mahasiswa,52120,607,1.8,571,0,1,0,Pinjaman Pribadi,Bisnis,13.63,131.0,721.0,0.24,0
CUST107812,34,Mahasiswa,38595,614,8.6,324,0,0,0,Kartu Kredit,Konsolidasi Hutang,19.48,265.0,101.0,34.0,1
CUST107813,18,Wiraswasta,78963,558,1.6,601,0,1,0,Kartu Kredit,Konsolidasi Hutang,21.54,72.0,783.0,261.0,0
CUST107814,60,Bekerja,60841,725,6.6,148,0,0,0,Pinjaman Pribadi,Renovasi Rumah,10.9,0.44,146.0,49.0,1
CUST107815,39,Wiraswasta,76058,654,15.5,38774,0,1,0,Kartu Kredit,Bisnis,18.88,216.0,805.0,268.0,1
CUST107816,54,Bekerja,85159,792,12.7,5760,0,0,0,Pinjaman Pribadi,Pribadi,8.88,129.0,1.174,391.0,1
CUST107817,34,Bekerja,45084,650,3.6,168,0,0,0,Kartu Kredit,Pribadi,18.07,193.0,912.0,304.0,1
CUST107818,25,Mahasiswa,15000,567,6.5,249,1,0,1,Pinjaman Pribadi,Medis,15.46,312.0,1.673,558.0,0
CUST107819,58,Bekerja,95423,737,24.0,2595,0,0,1,Kartu Kredit,Konsolidasi Hutang,17.43,122.0,734.0,245.0,1
CUST107820,26,Bekerja,33991,699,0.8,62,0,0,0,Kartu Kredit,Renovasi Rumah,18.92,571.0,1.342,447.0,0
CUST107821,46,Wiraswasta,118837,604,27.4,394,1,0,0,Kartu Kredit,Renovasi Rumah,20.8,133.0,589.0,196.0,0
CUST107822,33,Bekerja,27602,571,14.2,25,1,0,0,Kredit Berjalan,Pendidikan,13.65,353.0,0.58,193.0,0
CUST107823,31,Bekerja,35079,594,5.6,64,0,0,1,Kartu Kredit,Konsolidasi Hutang,22.35,645.0,1.388,463.0,0
CUST107824,42,Wiraswasta,33289,673,19.5,736,0,0,0,Kartu Kredit,Pendidikan,18.35,214.0,553.0,184.0,1
CUST107825,18,Bekerja,19365,590,1.0,33,0,1,0,Kartu Kredit,Medis,21.37,345.0,852.0,284.0,0
CUST107826,47,Wiraswasta,61746,721,23.5,2464,0,0,0,Kredit Berjalan,Bisnis,8.47,0.34,0.81,0.27,1
CUST107827,29,Mahasiswa,22749,715,1.3,175,0,0,0,Pinjaman Pribadi,Renovasi Rumah,11.09,251.0,791.0,264.0,1
CUST107828,44,Bekerja,61418,674,19.9,8920,0,0,0,Pinjaman Pribadi,Bisnis,12.2,272.0,1.517,506.0,1
CUST107829,53,Wiraswasta,154730,647,12.7,1569,0,0,0,Pinjaman Pribadi,Konsolidasi Hutang,14.09,0.26,646.0,215.0,0
CUST107830,29,Bekerja,32317,640,0.4,0,0,2,0,Kredit Berjalan,Medis,12.28,0.36,186.0,62.0,0
CUST107831,18,Bekerja,47519,618,1.6,17,0,0,0,Kartu Kredit,Bisnis,19.5,188.0,259.0,86.0,1
CUST107832,46,Bekerja,65358,602,4.8,6211,0,2,0,Pinjaman Pribadi,Medis,14.89,0.38,661.0,0.22,0
CUST107833,20,Mahasiswa,16874,690,1.0,2,0,1,0,Pinjaman Pribadi,Renovasi Rumah,11.02,544.0,207.0,69.0,0
CUST107834,44,Bekerja,45676,588,24.0,7357,0,1,0,Kredit Berjalan,Pendidikan,14.04,611.0,0.35,117.0,0
CUST107835,26,Wiraswasta,30547,593,1.4,212,0,0,0,Kredit Berjalan,Bisnis,13.29,0.52,239.0,0.08,0
CUST107836,46,Bekerja,55208,586,1.7,1638,0,2,0,Kredit Berjalan,Pendidikan,13.27,302.0,241.0,0.08,0
CUST107837,18,Bekerja,15000,661,1.0,195,0,1,0,Kredit Berjalan,Konsolidasi Hutang,10.64,104.0,347.0,116.0,1
CUST107838,24,Bekerja,37141,637,3.2,52,0,0,0,Pinjaman Pribadi,Bisnis,13.16,196.0,1.93,643.0,0
CUST107839,22,Bekerja,21443,612,1.9,418,0,0,1,Kartu Kredit,Medis,19.53,382.0,797.0,266.0,0
CUST107840,33,Bekerja,34781,569,6.1,1815,0,2,2,Pinjaman Pribadi,Renovasi Rumah,15.53,0.26,227.0,76.0,0
CUST107841,45,Bekerja,41745,727,22.1,1094,0,1,0,Pinjaman Pribadi,Pribadi,11.27,258.0,589.0,196.0,1
CUST107842,33,Bekerja,84103,650,9.7,2173,0,1,0,Kartu Kredit,Medis,18.72,0.03,321.0,107.0,1
CUST107843,35,Bekerja,37422,652,4.1,1318,0,0,0,Kartu Kredit,Bisnis,17.92,669.0,1.272,424.0,0
CUST107844,29,Wiraswasta,42900,609,5.8,239,0,1,0,Pinjaman Pribadi,Konsolidasi Hutang,13.41,205.0,61.0,0.02,0
CUST107845,37,Bekerja,127501,639,10.7,4245,0,1,0,Pinjaman Pribadi,Pribadi,14.51,333.0,784.0,261.0,1
CUST107846,52,Bekerja,41378,756,24.1,969,0,0,1,Kredit Berjalan,Pribadi,7.94,474.0,469.0,156.0,1
CUST107847,47,Bekerja,39543,654,5.2,1676,0,0,0,Kartu Kredit,Renovasi Rumah,18.32,128.0,885.0,295.0,1
CUST107848,18,Bekerja,59046,567,1.1,117,0,0,1,Kartu Kredit,Pribadi,21.16,302.0,381.0,127.0,0
CUST107849,58,Wiraswasta,77811,685,0.4,61,0,1,0,Pinjaman Pribadi,Pribadi,11.67,538.0,292.0,97.0,0
CUST107850,18,Wiraswasta,69281,744,1.5,193,0,0,0,Pinjaman Pribadi,Pendidikan,10.88,317.0,602.0,201.0,1
CUST107851,34,Bekerja,39026,579,15.1,7183,0,1,0,Kartu Kredit,Renovasi Rumah,22.0,213.0,302.0,101.0,1
CUST107852,32,Bekerja,91946,594,3.9,1710,0,1,0,Kredit Berjalan,Bisnis,14.86,87.0,493.0,164.0,0
CUST107853,48,Wiraswasta,37416,730,10.7,5050,0,1,0,Pinjaman Pribadi,Pendidikan,9.8,614.0,1.339,446.0,0
CUST107854,30,Bekerja,15000,647,1.0,227,0,1,0,Kartu Kredit,Renovasi Rumah,20.14,295.0,1.287,429.0,0
CUST107855,26,Wiraswasta,25542,591,3.8,490,0,0,1,Kartu Kredit,Pribadi,22.27,476.0,1.323,441.0,0
CUST107856,30,Wiraswasta,23512,581,9.5,1124,1,2,0,Pinjaman Pribadi,Bisnis,16.47,204.0,1.782,594.0,0
CUST107857,32,Bekerja,61681,590,11.1,74074,0,0,1,Kartu Kredit,Pribadi,21.24,63.0,582.0,194.0,1
CUST107858,26,Wiraswasta,74567,636,0.4,289,0,0,0,Pinjaman Pribadi,Pendidikan,14.37,229.0,684.0,228.0,1
CUST107859,35,Bekerja,92599,714,1.6,40,0,0,0,Kartu Kredit,Pendidikan,15.52,42.0,278.0,93.0,1
CUST107860,40,Bekerja,69229,624,3.7,30386,0,0,0,Kartu Kredit,Bisnis,20.22,346.0,982.0,327.0,1
CUST107861,33,Bekerja,31343,808,12.5,31361,0,0,0,Kredit Berjalan,Pribadi,7.54,137.0,239.0,0.08,1
CUST107862,33,Bekerja,62601,556,13.6,12196,0,0,1,Kredit Berjalan,Medis,14.46,167.0,355.0,118.0,0
CUST107863,35,Bekerja,26958,614,1.7,856,0,0,0,Kartu Kredit,Pribadi,19.88,251.0,1.202,401.0,1
CUST107864,43,Wiraswasta,39400,664,23.0,470,0,1,0,Kartu Kredit,Pribadi,18.31,189.0,292.0,97.0,1
CUST107865,61,Bekerja,114951,755,0.5,483,0,0,0,Kredit Berjalan,Pendidikan,6.43,0.39,138.0,46.0,1
CUST107866,42,Bekerja,85080,623,2.8,645,0,0,0,Kartu Kredit,Pendidikan,19.06,741.0,0.75,0.25,0
CUST107867,42,Bekerja,45526,714,7.1,5247,0,0,0,Kartu Kredit,Konsolidasi Hutang,15.89,281.0,1.199,0.4,0
CUST107868,25,Wiraswasta,71812,655,0.9,1313,0,0,0,Kredit Berjalan,Pribadi,10.81,96.0,627.0,209.0,1
CUST107869,43,Bekerja,57847,714,5.3,480,0,1,0,Pinjaman Pribadi,Renovasi Rumah,10.01,408.0,1.381,0.46,1
CUST107870,19,Wiraswasta,64826,634,1.2,437,0,1,0,Pinjaman Pribadi,Renovasi Rumah,13.97,143.0,1.29,0.43,0
CUST107871,22,Bekerja,43242,620,0.6,200,0,1,0,Kartu Kredit,Pribadi,19.36,76.0,902.0,301.0,1
CUST107872,19,Wiraswasta,38268,613,1.8,79,0,0,0,Kredit Berjalan,Medis,12.87,552.0,706.0,235.0,0
CUST107873,18,Bekerja,20720,591,1.2,3,0,0,0,Kredit Berjalan,Pribadi,13.62,132.0,246.0,82.0,0
CUST107874,35,Bekerja,59779,553,15.7,6490,0,0,0,Pinjaman Pribadi,Bisnis,16.15,161.0,786.0,262.0,0
CUST107875,30,Bekerja,37481,602,1.4,161,0,0,0,Pinjaman Pribadi,Konsolidasi Hutang,13.91,402.0,259.0,86.0,0
CUST107876,25,Bekerja,25451,582,0.7,102,0,1,1,Pinjaman Pribadi,Medis,15.18,526.0,1.619,0.54,0
CUST107877,32,Bekerja,74229,596,7.0,384,0,1,0,Kartu Kredit,Pendidikan,22.17,53.0,0.38,127.0,1
CUST107878,35,Bekerja,95525,710,5.3,672,0,0,0,Kartu Kredit,Medis,17.11,215.0,733.0,244.0,1
CUST107879,32,Bekerja,61613,615,1.4,799,0,5,0,Kartu Kredit,Pendidikan,20.38,143.0,1.136,379.0,0
CUST107880,26,Bekerja,77128,692,7.7,5177,0,0,0,Kredit Berjalan,Konsolidasi Hutang,10.91,87.0,412.0,137.0,0
CUST107881,42,Bekerja,28005,666,1.3,45,0,1,0,Kartu Kredit,Renovasi Rumah,17.74,258.0,1.339,446.0,1
CUST107882,41,Mahasiswa,19303,651,9.8,213,0,0,0,Kartu Kredit,Bisnis,17.53,263.0,98.0,33.0,1
CUST107883,43,Wiraswasta,41350,579,19.4,309,0,0,3,Pinjaman Pribadi,Renovasi Rumah,15.84,108.0,1.328,443.0,0
CUST107884,52,Bekerja,29805,662,4.2,301,0,0,0,Kartu Kredit,Pendidikan,18.79,194.0,17.0,6.0,1
CUST107885,40,Bekerja,41345,575,15.0,160,0,0,0,Kartu Kredit,Bisnis,22.67,237.0,365.0,122.0,1
CUST107886,18,Bekerja,37856,603,1.9,662,0,3,0,Pinjaman Pribadi,Renovasi Rumah,14.42,716.0,92.0,31.0,0
CUST107887,37,Bekerja,61966,552,14.7,1054,0,0,0,Pinjaman Pribadi,Renovasi Rumah,15.36,381.0,1.614,538.0,0
CUST107888,38,Wiraswasta,26150,559,6.0,1211,0,0,0,Pinjaman Pribadi,Pendidikan,16.42,288.0,1.82,607.0,0
CUST107889,63,Wiraswasta,19419,802,22.0,82,0,0,0,Kartu Kredit,Medis,15.14,244.0,917.0,306.0,1
CUST107890,31,Bekerja,55641,738,5.4,188,0,0,0,Kartu Kredit,Pendidikan,17.23,0.29,95.0,32.0,1
CUST107891,23,Wiraswasta,44111,614,0.3,0,0,4,0,Kartu Kredit,Renovasi Rumah,20.78,173.0,789.0,263.0,0
CUST107892,35,Wiraswasta,75832,590,14.7,8733,0,0,1,Kredit Berjalan,Bisnis,13.21,164.0,659.0,0.22,0
CUST107893,31,Wiraswasta,92366,609,11.0,13675,0,2,0,Pinjaman Pribadi,Bisnis,14.8,96.0,1.035,345.0,0
CUST107894,32,Bekerja,56728,496,0.2,59,0,2,0,Pinjaman Pribadi,Pendidikan,15.3,355.0,469.0,156.0,0
CUST107895,24,Bekerja,38480,635,5.8,377,0,2,0,Pinjaman Pribadi,Bisnis,13.73,373.0,304.0,101.0,0
CUST107896,26,Bekerja,15000,585,4.6,105,0,1,0,Kartu Kredit,Pendidikan,21.13,423.0,1.333,444.0,0
CUST107897,39,Mahasiswa,33838,607,14.8,3304,0,0,0,Kartu Kredit,Pribadi,20.57,32.0,0.1,33.0,1
CUST107898,42,Bekerja,74486,597,8.4,7223,0,0,1,Kredit Berjalan,Pribadi,14.38,105.0,671.0,224.0,0
CUST107899,24,Bekerja,30787,674,1.3,129,0,0,0,Kartu Kredit,Renovasi Rumah,17.75,446.0,0.77,257.0,0
CUST107900,26,Bekerja,41349,701,2.8,58,0,0,1,Kredit Berjalan,Pendidikan,8.7,352.0,784.0,261.0,1
CUST107901,24,Bekerja,24372,689,2.5,179,0,0,0,Kartu Kredit,Pribadi,17.49,363.0,997.0,332.0,1
CUST107902,30,Bekerja,16526,714,5.6,1769,0,0,0,Kredit Berjalan,Pendidikan,8.96,98.0,526.0,175.0,1
CUST107903,48,Bekerja,59514,739,6.0,8059,0,0,0,Pinjaman Pribadi,Medis,10.86,382.0,1.68,0.56,1
CUST107904,46,Bekerja,41575,654,23.1,1859,0,0,0,Kredit Berjalan,Pendidikan,9.64,293.0,378.0,126.0,1
CUST107905,44,Bekerja,20975,652,24.0,418,0,0,0,Kartu Kredit,Pribadi,18.9,75.0,1.297,432.0,1
CUST107906,28,Bekerja,39793,620,1.2,109,0,0,0,Pinjaman Pribadi,Pribadi,13.54,286.0,648.0,216.0,1
CUST107907,23,Bekerja,15000,669,1.4,7,0,2,0,Pinjaman Pribadi,Pribadi,11.79,0.13,407.0,136.0,1
CUST107908,40,Bekerja,77668,617,6.2,1102,0,0,0,Pinjaman Pribadi,Bisnis,14.47,626.0,1.288,429.0,0
CUST107909,31,Mahasiswa,28988,683,0.2,105,0,0,0,Kartu Kredit,Medis,18.21,228.0,0.1,33.0,1
CUST107910,39,Wiraswasta,86689,646,11.3,355,0,1,0,Kartu Kredit,Bisnis,20.33,0.35,807.0,269.0,1
CUST107911,18,Wiraswasta,88222,622,0.1,99,0,0,0,Kartu Kredit,Pendidikan,19.2,374.0,793.0,264.0,0
CUST107912,22,Bekerja,17963,609,2.2,20,0,1,0,Pinjaman Pribadi,Renovasi Rumah,13.99,371.0,273.0,91.0,0
CUST107913,34,Wiraswasta,166180,656,8.1,1196,0,0,1,Pinjaman Pribadi,Pendidikan,12.97,341.0,295.0,98.0,1
CUST107914,28,Bekerja,32467,657,9.0,214,0,0,0,Pinjaman Pribadi,Konsolidasi Hutang,11.99,534.0,887.0,296.0,0
CUST107915,20,Wiraswasta,71849,670,0.8,162,0,1,1,Kartu Kredit,Konsolidasi Hutang,17.22,365.0,792.0,264.0,0
CUST107916,42,Bekerja,21791,627,7.6,198,1,3,0,Kartu Kredit,Bisnis,19.43,152.0,1.326,442.0,0
CUST107917,43,Wiraswasta,133827,641,12.2,184538,0,1,0,Kartu Kredit,Bisnis,20.42,384.0,523.0,174.0,1
CUST107918,21,Mahasiswa,15000,550,3.0,12,0,1,0,Kartu Kredit,Renovasi Rumah,21.51,452.0,0.1,33.0,0
CUST107919,47,Bekerja,60999,662,20.8,11797,0,0,0,Kartu Kredit,Bisnis,17.77,529.0,0.91,303.0,0
CUST107920,35,Bekerja,146034,648,6.6,1561,0,0,0,Kartu Kredit,Pribadi,19.21,463.0,207.0,69.0,1
CUST107921,41,Wiraswasta,54089,635,15.7,61756,0,0,0,Kartu Kredit,Medis,19.63,322.0,226.0,75.0,1
CUST107922,53,Bekerja,22294,622,15.9,103,0,1,0,Kartu Kredit,Konsolidasi Hutang,19.35,262.0,834.0,278.0,0
CUST107923,54,Wiraswasta,77439,680,13.9,640,0,0,0,Kartu Kredit,Medis,17.12,176.0,904.0,301.0,1
CUST107924,30,Bekerja,28549,640,10.5,380,0,2,0,Kredit Berjalan,Renovasi Rumah,12.92,387.0,602.0,201.0,0
CUST107925,45,Mahasiswa,35305,756,7.2,784,0,0,0,Kredit Berjalan,Pendidikan,7.12,702.0,1.025,342.0,0
CUST107926,58,Bekerja,94275,633,24.2,4472,0,0,1,Kartu Kredit,Renovasi Rumah,19.25,425.0,743.0,248.0,1
CUST107927,18,Bekerja,28212,642,0.7,10,0,1,0,Pinjaman Pribadi,Pendidikan,13.48,134.0,1.758,586.0,0
CUST107928,44,Wiraswasta,97788,623,12.0,2327,0,2,0,Kartu Kredit,Bisnis,19.21,251.0,486.0,162.0,1
CUST107929,39,Bekerja,91053,635,1.6,27,0,1,0,Kredit Berjalan,Pendidikan,12.24,134.0,527.0,176.0,0
CUST107930,23,Wiraswasta,30964,697,4.0,698,0,2,0,Kredit Berjalan,Konsolidasi Hutang,10.92,291.0,772.0,257.0,0
CUST107931,62,Wiraswasta,68273,621,20.6,639,0,1,0,Kartu Kredit,Renovasi Rumah,20.22,153.0,1.025,342.0,1
CUST107932,28,Wiraswasta,77344,603,1.6,10,0,0,0,Pinjaman Pribadi,Pribadi,14.19,58.0,107.0,36.0,0
CUST107933,53,Bekerja,90083,703,24.4,10310,0,0,0,Kartu Kredit,Pribadi,17.16,137.0,777.0,259.0,1
CUST107934,18,Bekerja,23607,525,1.6,156,1,2,0,Kartu Kredit,Pendidikan,21.09,0.27,1.084,361.0,0
CUST107935,18,Bekerja,15000,648,1.6,12,0,0,1,Kartu Kredit,Konsolidasi Hutang,19.73,411.0,0.14,47.0,0
CUST107936,25,Bekerja,36980,576,0.9,60,0,0,0,Pinjaman Pribadi,Medis,16.19,335.0,1.693,564.0,0
CUST107937,33,Bekerja,79154,590,13.9,840,0,2,0,Pinjaman Pribadi,Pribadi,16.57,182.0,273.0,91.0,1
CUST107938,48,Mahasiswa,26432,683,2.1,193,0,0,0,Pinjaman Pribadi,Medis,11.52,158.0,61.0,0.02,1
CUST107939,29,Bekerja,29480,644,2.4,230,0,2,0,Kartu Kredit,Pendidikan,20.41,115.0,872.0,291.0,1
CUST107940,27,Bekerja,28130,632,6.8,441,0,1,0,Kartu Kredit,Pendidikan,20.58,122.0,1.273,424.0,1
CUST107941,32,Bekerja,66348,546,11.2,1859,0,0,1,Kredit Berjalan,Pendidikan,14.45,159.0,487.0,162.0,1
CUST107942,18,Bekerja,27943,614,1.5,86,0,1,0,Kredit Berjalan,Bisnis,11.56,612.0,576.0,192.0,0
CUST107943,60,Bekerja,20709,671,13.3,178,0,0,0,Pinjaman Pribadi,Bisnis,11.26,461.0,48.0,16.0,1
CUST107944,32,Bekerja,27710,695,12.5,168,0,0,0,Kartu Kredit,Pribadi,18.37,135.0,487.0,162.0,1
CUST107945,39,Bekerja,23877,649,1.7,16,0,1,0,Kredit Berjalan,Renovasi Rumah,12.75,201.0,758.0,253.0,0
CUST107946,31,Mahasiswa,77703,605,5.2,104,0,0,0,Kartu Kredit,Pendidikan,19.91,186.0,0.1,33.0,1
CUST107947,37,Wiraswasta,78218,545,18.0,2140,0,1,1,Pinjaman Pribadi,Bisnis,15.33,184.0,43.0,14.0,0
CUST107948,23,Bekerja,59746,631,3.3,551,0,0,0,Kartu Kredit,Renovasi Rumah,19.44,247.0,1.172,391.0,0
CUST107949,25,Bekerja,15000,651,6.1,455,0,2,0,Kartu Kredit,Bisnis,18.38,104.0,373.0,124.0,1
CUST107950,33,Bekerja,22380,758,13.9,1164,0,2,0,Pinjaman Pribadi,Konsolidasi Hutang,9.42,125.0,112.0,37.0,1
CUST107951,53,Wiraswasta,32453,697,14.3,676,0,0,0,Kredit Berjalan,Pendidikan,9.66,208.0,471.0,157.0,1
CUST107952,34,Bekerja,21202,671,11.7,3334,0,0,0,Kartu Kredit,Bisnis,18.95,163.0,0.67,223.0,1
CUST107953,54,Bekerja,81997,657,17.5,2205,0,0,0,Pinjaman Pribadi,Pribadi,12.58,368.0,1.122,374.0,1
CUST107954,52,Wiraswasta,46878,684,11.8,2610,0,0,0,Pinjaman Pribadi,Bisnis,11.65,293.0,162.0,54.0,1
CUST107955,61,Bekerja,81438,757,18.0,12334,0,0,0,Kredit Berjalan,Medis,7.3,58.0,371.0,124.0,1
CUST107956,32,Wiraswasta,49278,647,0.8,330,0,0,0,Kartu Kredit,Pendidikan,20.28,434.0,0.27,0.09,1
CUST107957,37,Bekerja,72983,728,15.9,1167,0,0,1,Pinjaman Pribadi,Bisnis,10.99,205.0,1.37,457.0,1
CUST107958,27,Wiraswasta,28972,557,5.7,304,0,1,0,Pinjaman Pribadi,Medis,16.98,378.0,1.805,602.0,0
CUST107959,30,Bekerja,28211,602,6.6,7366,0,1,0,Pinjaman Pribadi,Pendidikan,13.43,343.0,301.0,0.1,1
CUST107960,18,Bekerja,40157,595,0.9,403,0,0,0,Pinjaman Pribadi,Medis,16.87,138.0,1.175,392.0,0
CUST107961,43,Bekerja,33633,619,5.2,261,0,0,0,Kartu Kredit,Medis,20.64,222.0,1.377,459.0,1
CUST107962,24,Bekerja,33755,603,5.8,993,0,1,1,Pinjaman Pribadi,Pribadi,13.64,417.0,1.831,0.61,0
CUST107963,38,Bekerja,43667,661,12.7,3645,0,0,0,Kartu Kredit,Pendidikan,18.26,331.0,34.0,11.0,1
CUST107964,32,Bekerja,64080,659,12.5,2516,0,0,0,Kartu Kredit,Pendidikan,18.34,273.0,623.0,208.0,1
CUST107965,40,Wiraswasta,66495,702,2.9,1077,0,0,0,Kartu Kredit,Konsolidasi Hutang,16.92,111.0,758.0,253.0,1
CUST107966,28,Bekerja,24559,608,0.2,43,0,1,0,Kredit Berjalan,Pribadi,12.8,0.06,293.0,98.0,0
CUST107967,18,Mahasiswa,20885,521,1.0,57,0,2,1,Pinjaman Pribadi,Pribadi,15.38,72.0,1.834,611.0,0
CUST107968,20,Bekerja,41117,571,1.9,155,1,1,0,Kartu Kredit,Renovasi Rumah,22.49,664.0,1.187,396.0,0
CUST107969,27,Bekerja,16187,672,2.8,130,0,0,0,Kartu Kredit,Medis,17.13,105.0,1.087,362.0,1
CUST107970,44,Wiraswasta,45532,656,21.9,2494,0,0,0,Kredit Berjalan,Pendidikan,10.68,48.0,804.0,268.0,1
CUST107971,46,Wiraswasta,61031,638,16.8,26049,0,0,0,Pinjaman Pribadi,Pendidikan,13.56,452.0,0.89,297.0,1
CUST107972,39,Bekerja,46976,613,1.7,74,0,0,0,Kartu Kredit,Renovasi Rumah,19.63,385.0,905.0,302.0,0
CUST107973,21,Bekerja,21638,630,2.0,805,0,0,0,Kredit Berjalan,Pendidikan,12.55,523.0,665.0,222.0,0
CUST107974,37,Bekerja,56196,690,14.5,6742,0,0,0,Pinjaman Pribadi,Bisnis,11.57,332.0,295.0,98.0,1
CUST107975,44,Bekerja,27450,753,21.7,117907,0,1,0,Pinjaman Pribadi,Medis,9.35,384.0,962.0,321.0,1
CUST107976,43,Wiraswasta,53174,728,6.2,239,0,0,0,Kredit Berjalan,Renovasi Rumah,8.28,424.0,726.0,242.0,1
CUST107977,52,Wiraswasta,31594,678,9.0,1382,0,1,0,Kredit Berjalan,Bisnis,9.02,372.0,0.56,187.0,0
CUST107978,34,Bekerja,35877,562,9.5,936,0,0,1,Kartu Kredit,Medis,22.97,222.0,1.343,448.0,0
CUST107979,34,Bekerja,140110,728,7.2,237,0,0,0,Pinjaman Pribadi,Pendidikan,10.42,355.0,714.0,238.0,1
CUST107980,23,Bekerja,26247,543,3.3,458,0,1,0,Kartu Kredit,Medis,22.55,507.0,1.261,0.42,0
CUST107981,28,Wiraswasta,63520,551,5.4,387,0,0,0,Pinjaman Pribadi,Medis,16.15,28.0,1.574,525.0,0
CUST107982,67,Wiraswasta,59921,698,8.8,6012,0,0,0,Kartu Kredit,Pendidikan,18.34,688.0,1.04,347.0,0
CUST107983,50,Wiraswasta,46683,744,6.1,21,0,1,0,Kartu Kredit,Pendidikan,16.35,228.0,0.45,0.15,1
CUST107984,44,Bekerja,53579,645,2.8,639,0,1,1,Kartu Kredit,Pribadi,20.92,139.0,1.12,373.0,0
CUST107985,56,Bekerja,51529,678,16.0,2656,0,0,1,Kredit Berjalan,Pendidikan,9.54,192.0,311.0,104.0,1
CUST107986,48,Bekerja,68684,651,9.8,4887,0,0,0,Kartu Kredit,Pribadi,17.05,198.0,197.0,66.0,1
CUST107987,50,Bekerja,29543,631,16.0,2197,0,0,0,Kartu Kredit,Pribadi,20.17,304.0,1.293,431.0,1
CUST107988,50,Bekerja,79680,733,1.5,703,0,0,0,Kredit Berjalan,Pendidikan,8.28,277.0,566.0,189.0,1
CUST107989,32,Bekerja,129321,632,7.8,8240,0,0,0,Kartu Kredit,Pendidikan,20.35,0.3,541.0,0.18,1
CUST107990,31,Bekerja,37483,697,5.0,110,0,0,0,Kartu Kredit,Pribadi,17.47,312.0,696.0,232.0,1
CUST107991,43,Bekerja,31274,648,1.7,1159,0,0,0,Kredit Berjalan,Bisnis,12.25,316.0,636.0,212.0,0
CUST107992,24,Bekerja,15000,697,5.0,5491,0,0,0,Kartu Kredit,Pendidikan,18.29,541.0,527.0,176.0,1
CUST107993,18,Bekerja,49213,628,1.5,126,0,1,1,Kartu Kredit,Bisnis,19.55,185.0,1.164,388.0,0
CUST107994,25,Bekerja,29257,573,4.1,7579,0,1,0,Pinjaman Pribadi,Bisnis,15.54,374.0,1.446,482.0,0
CUST107995,55,Wiraswasta,32942,792,15.3,1049,0,0,0,Kartu Kredit,Medis,15.5,454.0,1.266,422.0,1
CUST107996,28,Mahasiswa,22292,660,5.7,8121,0,0,0,Kredit Berjalan,Renovasi Rumah,9.01,0.42,233.0,78.0,1
CUST107997,18,Bekerja,38147,584,1.0,339,1,0,0,Kredit Berjalan,Bisnis,14.97,221.0,419.0,0.14,0
CUST107998,18,Bekerja,67491,643,0.9,670,0,0,0,Kartu Kredit,Bisnis,20.15,366.0,43.0,14.0,0
CUST107999,44,Bekerja,49616,622,6.7,974,0,0,0,Kredit Berjalan,Pribadi,12.2,212.0,0.73,243.0,1
CUST108000,24,Bekerja,15000,647,1.2,141,0,0,0,Kartu Kredit,Konsolidasi Hutang,20.98,78.0,0.96,0.32,0
CUST108001,18,Bekerja,41306,590,1.0,17,0,2,0,Pinjaman Pribadi,Renovasi Rumah,15.92,123.0,332.0,111.0,0
CUST108002,31,Bekerja,36085,630,12.0,2575,0,0,0,Pinjaman Pribadi,Pendidikan,13.42,253.0,244.0,81.0,1
CUST108003,33,Mahasiswa,15000,690,5.8,44,0,0,0,Kartu Kredit,Medis,17.84,481.0,0.1,33.0,1
CUST108004,21,Bekerja,49358,589,2.7,18,0,1,0,Kredit Berjalan,Bisnis,13.04,382.0,652.0,217.0,0
CUST108005,40,Wiraswasta,174058,639,7.6,8054,0,1,0,Kredit Berjalan,Pribadi,11.0,521.0,0.19,63.0,0
CUST108006,52,Wiraswasta,37111,641,25.9,32500,0,1,0,Kartu Kredit,Bisnis,19.93,278.0,1.0,333.0,1
CUST108007,43,Wiraswasta,59877,577,23.1,8665,0,2,1,Pinjaman Pribadi,Medis,15.51,178.0,571.0,0.19,0
CUST108008,36,Wiraswasta,17883,562,12.1,666,0,1,1,Pinjaman Pribadi,Medis,16.95,0.15,554.0,185.0,0
CUST108009,47,Bekerja,69788,714,19.3,9311,0,0,0,Kredit Berjalan,Bisnis,9.41,158.0,358.0,119.0,1
CUST108010,22,Bekerja,27818,644,3.9,208,0,0,0,Kartu Kredit,Medis,20.46,11.0,342.0,114.0,1
CUST108011,40,Bekerja,44739,593,10.2,187,1,1,0,Kartu Kredit,Bisnis,22.31,178.0,1.013,338.0,0
CUST108012,39,Bekerja,42869,753,8.6,3540,0,0,0,Pinjaman Pribadi,Renovasi Rumah,9.62,437.0,1.645,548.0,1
CUST108013,51,Bekerja,50340,647,1.1,172,0,1,0,Pinjaman Pribadi,Renovasi Rumah,13.85,299.0,1.653,551.0,0
CUST108014,49,Bekerja,92686,638,6.4,2223,0,0,0,Kartu Kredit,Konsolidasi Hutang,19.71,184.0,363.0,121.0,1
CUST108015,55,Bekerja,45836,665,29.4,386,0,2,0,Pinjaman Pribadi,Pendidikan,12.64,482.0,988.0,329.0,1
CUST108016,18,Bekerja,35112,686,1.9,342,0,1,0,Pinjaman Pribadi,Bisnis,11.14,627.0,74.0,25.0,0
CUST108017,38,Bekerja,27359,704,9.5,1112,0,0,0,Kartu Kredit,Pendidikan,17.29,0.27,815.0,272.0,1
CUST108018,28,Bekerja,29487,736,0.6,140,0,0,0,Kredit Berjalan,Pribadi,8.96,36.0,298.0,99.0,1
CUST108019,23,Bekerja,18282,605,4.6,149,0,0,0,Pinjaman Pribadi,Bisnis,14.41,631.0,1.898,633.0,0
CUST108020,45,Bekerja,46485,734,4.5,714,0,0,0,Kartu Kredit,Pribadi,17.19,436.0,542.0,181.0,1
CUST108021,18,Bekerja,23297,627,0.5,14,0,0,0,Pinjaman Pribadi,Renovasi Rumah,13.25,422.0,464.0,155.0,0
CUST108022,40,Bekerja,24230,635,17.4,1500,0,0,0,Kartu Kredit,Renovasi Rumah,20.77,157.0,759.0,253.0,1
CUST108023,34,Bekerja,48139,687,6.2,2546,0,0,0,Kartu Kredit,Pendidikan,18.7,219.0,1.012,337.0,1
CUST108024,44,Bekerja,60416,627,23.8,934,0,0,0,Kartu Kredit,Pribadi,20.99,222.0,972.0,324.0,1
CUST108025,49,Bekerja,121364,740,9.4,2410,0,0,0,Kartu Kredit,Pribadi,17.06,353.0,555.0,185.0,1
CUST108026,35,Wiraswasta,63958,686,13.6,824,0,1,0,Kredit Berjalan,Pribadi,10.83,66.0,0.38,127.0,1
CUST108027,31,Bekerja,46265,697,10.3,1674,0,1,1,Kartu Kredit,Pribadi,17.07,305.0,61.0,0.02,1
CUST108028,37,Bekerja,24118,568,0.8,28,0,1,2,Pinjaman Pribadi,Medis,15.84,75.0,245.0,82.0,0
CUST108029,25,Bekerja,16603,704,5.6,1167,0,0,0,Kartu Kredit,Pendidikan,16.45,223.0,0.65,217.0,1
CUST108030,36,Bekerja,37326,672,7.2,468,0,0,0,Kredit Berjalan,Konsolidasi Hutang,10.43,237.0,485.0,162.0,1
CUST108031,31,Wiraswasta,120913,711,6.2,1421,0,0,0,Kartu Kredit,Renovasi Rumah,15.66,0.06,45.0,15.0,1
CUST108032,28,Wiraswasta,125711,621,1.9,23551,0,0,0,Pinjaman Pribadi,Bisnis,14.32,418.0,795.0,265.0,0
CUST108033,18,Bekerja,83474,676,1.2,1313,0,0,0,Pinjaman Pribadi,Pribadi,11.32,0.26,525.0,175.0,1
CUST108034,46,Mahasiswa,30723,654,22.3,242,0,1,0,Kartu Kredit,Pendidikan,17.51,0.12,101.0,34.0,1
CUST108035,37,Wiraswasta,56705,661,16.3,457,0,0,0,Pinjaman Pribadi,Medis,11.85,102.0,0.09,0.03,1
CUST108036,36,Wiraswasta,90395,551,2.8,613,0,4,0,Kredit Berjalan,Bisnis,14.29,431.0,517.0,172.0,0
CUST108037,27,Bekerja,15000,686,3.6,296,0,0,0,Kartu Kredit,Pribadi,17.93,298.0,0.12,0.04,1
CUST108038,18,Bekerja,25240,537,1.6,42,0,1,1,Pinjaman Pribadi,Pendidikan,16.14,424.0,432.0,144.0,0
CUST108039,18,Bekerja,24258,531,1.3,53,0,0,1,Kredit Berjalan,Medis,14.68,197.0,256.0,85.0,0
CUST108040,35,Bekerja,22869,714,4.3,233,0,0,0,Kartu Kredit,Medis,16.32,446.0,883.0,294.0,1
CUST108041,27,Bekerja,47853,576,1.9,10,0,2,0,Pinjaman Pribadi,Medis,15.22,137.0,416.0,139.0,0
CUST108042,43,Bekerja,75678,623,20.6,1211,0,3,0,Pinjaman Pribadi,Bisnis,14.61,258.0,1.321,0.44,0
CUST108043,18,Wiraswasta,108613,641,0.5,79,0,2,0,Pinjaman Pribadi,Pribadi,14.64,219.0,921.0,307.0,1
CUST108044,45,Bekerja,49497,658,16.2,96,0,0,0,Kartu Kredit,Pribadi,17.39,181.0,754.0,251.0,1
CUST108045,30,Bekerja,37112,629,2.1,1184,0,0,0,Kredit Berjalan,Medis,11.92,473.0,383.0,128.0,0
CUST108046,26,Wiraswasta,69041,591,3.6,1215,0,2,0,Pinjaman Pribadi,Pendidikan,15.11,95.0,817.0,272.0,0
CUST108047,42,Bekerja,83734,624,8.6,1339,0,1,0,Kredit Berjalan,Pribadi,11.95,81.0,454.0,151.0,1
CUST108048,40,Bekerja,102203,641,20.3,28261,0,1,0,Kredit Berjalan,Medis,12.99,169.0,265.0,88.0,1
CUST108049,25,Bekerja,15000,678,3.1,10,0,2,1,Pinjaman Pribadi,Bisnis,12.72,82.0,807.0,269.0,0
CUST108050,40,Wiraswasta,26172,590,4.3,631,0,2,0,Kartu Kredit,Renovasi Rumah,22.58,399.0,38.0,13.0,0
CUST108051,47,Bekerja,15000,628,2.8,48,0,1,0,Kredit Berjalan,Renovasi Rumah,12.83,145.0,633.0,211.0,0
CUST108052,18,Wiraswasta,88440,687,1.1,368,0,1,0,Pinjaman Pribadi,Bisnis,11.92,0.09,1.126,375.0,0
CUST108053,18,Bekerja,56719,629,0.3,89,0,0,0,Kredit Berjalan,Bisnis,12.88,281.0,416.0,139.0,0
CUST108054,47,Bekerja,67218,633,15.3,657,0,3,0,Kartu Kredit,Konsolidasi Hutang,19.21,208.0,284.0,95.0,0
CUST108055,28,Bekerja,21822,594,2.9,1274,0,3,0,Pinjaman Pribadi,Renovasi Rumah,15.81,242.0,1.398,466.0,0
CUST108056,46,Bekerja,94262,708,8.8,1277,0,0,0,Pinjaman Pribadi,Pendidikan,10.04,0.13,467.0,156.0,1
CUST108057,23,Bekerja,39135,623,1.7,109,0,0,0,Pinjaman Pribadi,Renovasi Rumah,13.38,224.0,41.0,14.0,1
CUST108058,18,Mahasiswa,21138,578,1.7,1,1,2,0,Kartu Kredit,Pendidikan,21.58,314.0,99.0,33.0,0
CUST108059,40,Bekerja,32022,723,14.6,4901,0,0,0,Pinjaman Pribadi,Pribadi,10.98,454.0,956.0,319.0,1
CUST108060,55,Bekerja,44080,777,18.5,347,0,0,0,Kartu Kredit,Pendidikan,15.49,401.0,0.44,147.0,1
CUST108061,37,Bekerja,65099,690,0.5,118,0,0,0,Pinjaman Pribadi,Renovasi Rumah,12.49,33.0,1.398,466.0,0
CUST108062,41,Bekerja,82147,663,8.7,230,0,0,0,Pinjaman Pribadi,Pribadi,12.1,381.0,261.0,87.0,1
CUST108063,23,Bekerja,21484,582,3.3,180,0,1,2,Kartu Kredit,Bisnis,22.5,234.0,1.392,464.0,0
CUST108064,31,Bekerja,111205,706,0.7,1,0,0,0,Pinjaman Pribadi,Pribadi,9.81,233.0,493.0,164.0,1
CUST108065,29,Bekerja,23294,627,9.6,2006,0,0,0,Kartu Kredit,Pendidikan,19.42,468.0,1.271,424.0,1
CUST108066,50,Mahasiswa,22766,745,28.8,24071,0,0,0,Kartu Kredit,Pendidikan,16.97,435.0,101.0,34.0,1
CUST108067,52,Bekerja,70003,602,1.5,258,0,1,0,Pinjaman Pribadi,Pendidikan,13.64,351.0,0.99,0.33,1
CUST108068,18,Bekerja,31204,602,0.2,25,0,3,0,Pinjaman Pribadi,Pribadi,14.84,76.0,811.0,0.27,0
CUST108069,36,Bekerja,31389,695,12.3,181,0,0,0,Kartu Kredit,Bisnis,18.34,403.0,726.0,242.0,1
CUST108070,39,Bekerja,53991,701,8.5,41767,0,0,0,Pinjaman Pribadi,Pribadi,9.86,117.0,1.58,527.0,1
CUST108071,29,Bekerja,32425,549,0.9,255,0,1,0,Pinjaman Pribadi,Pribadi,16.26,134.0,873.0,291.0,0
CUST108072,25,Bekerja,69957,610,0.4,25,0,1,0,Kartu Kredit,Konsolidasi Hutang,19.68,229.0,415.0,138.0,1
CUST108073,43,Mahasiswa,15000,636,4.8,52,0,0,1,Pinjaman Pribadi,Pendidikan,14.76,168.0,1.833,611.0,0
CUST108074,47,Bekerja,34079,647,3.6,63,0,2,0,Pinjaman Pribadi,Pendidikan,14.06,209.0,197.0,66.0,1
CUST108075,24,Bekerja,33455,634,5.1,1018,0,1,0,Pinjaman Pribadi,Bisnis,13.16,414.0,442.0,147.0,0
CUST108076,21,Wiraswasta,37794,736,0.4,61,0,0,0,Pinjaman Pribadi,Konsolidasi Hutang,11.33,0.54,1.127,376.0,0
CUST108077,41,Bekerja,81806,618,18.4,69661,0,2,0,Kartu Kredit,Pendidikan,19.43,174.0,0.39,0.13,1
CUST108078,22,Bekerja,54178,693,1.8,316,0,0,0,Pinjaman Pribadi,Pribadi,11.62,255.0,652.0,217.0,1
CUST108079,29,Bekerja,56841,646,1.5,427,0,0,0,Kartu Kredit,Pendidikan,19.13,184.0,846.0,282.0,1
CUST108080,39,Bekerja,159752,635,7.5,3785,0,1,0,Kartu Kredit,Pribadi,19.73,221.0,255.0,85.0,1
CUST108081,27,Bekerja,29778,696,2.1,306,0,0,1,Kredit Berjalan,Renovasi Rumah,9.57,0.21,0.46,153.0,1
CUST108082,59,Bekerja,101612,764,28.6,6059,0,0,0,Pinjaman Pribadi,Pribadi,9.62,414.0,984.0,328.0,1
CUST108083,35,Wiraswasta,40398,559,3.6,38,0,0,0,Pinjaman Pribadi,Pribadi,16.56,537.0,146.0,49.0,0
CUST108084,44,Bekerja,165616,703,4.1,247,0,0,0,Kartu Kredit,Renovasi Rumah,17.45,234.0,423.0,141.0,1
CUST108085,38,Bekerja,17215,637,12.0,100,0,0,0,Pinjaman Pribadi,Renovasi Rumah,14.84,128.0,668.0,223.0,1
CUST108086,43,Wiraswasta,96138,668,0.6,9,0,0,0,Kartu Kredit,Pendidikan,18.83,226.0,728.0,243.0,1
CUST108087,42,Bekerja,62723,718,8.3,2348,0,0,0,Pinjaman Pribadi,Renovasi Rumah,11.45,83.0,179.0,0.06,1
CUST108088,48,Bekerja,34536,650,18.1,266,0,0,0,Kredit Berjalan,Pribadi,10.97,409.0,388.0,129.0,1
CUST108089,37,Bekerja,22171,711,14.8,717,0,0,0,Pinjaman Pribadi,Pendidikan,10.52,162.0,568.0,189.0,1
CUST108090,53,Bekerja,42487,665,8.8,1375,0,0,0,Pinjaman Pribadi,Pribadi,12.18,58.0,492.0,164.0,1
CUST108091,33,Bekerja,21591,599,0.6,15,0,1,0,Kartu Kredit,Medis,22.11,0.3,23.0,8.0,0
CUST108092,30,Bekerja,67283,575,4.9,1936,0,0,0,Kartu Kredit,Pribadi,22.47,431.0,728.0,243.0,0
CUST108093,38,Bekerja,61455,641,6.2,182,0,2,1,Pinjaman Pribadi,Medis,13.12,0.39,474.0,158.0,0
CUST108094,32,Bekerja,45320,622,13.3,1914,0,2,0,Pinjaman Pribadi,Pribadi,14.17,75.0,997.0,332.0,1
CUST108095,38,Bekerja,53655,490,12.8,421,0,0,0,Kredit Berjalan,Renovasi Rumah,13.8,501.0,205.0,68.0,0
CUST108096,26,Bekerja,54745,690,6.4,884,0,0,0,Kartu Kredit,Bisnis,17.87,308.0,79.0,26.0,1
CUST108097,45,Bekerja,30496,715,2.3,47,0,0,0,Kartu Kredit,Pribadi,15.95,777.0,525.0,175.0,0
CUST108098,36,Bekerja,118333,635,16.7,25141,0,1,0,Kartu Kredit,Bisnis,20.77,396.0,453.0,151.0,1
CUST108099,27,Mahasiswa,31821,609,3.9,13,0,2,0,Pinjaman Pribadi,Pribadi,13.09,0.36,0.93,0.31,0
CUST108100,53,Bekerja,25684,727,7.7,1785,0,0,0,Pinjaman Pribadi,Renovasi Rumah,10.04,277.0,1.966,655.0,1
CUST108101,40,Mahasiswa,15000,680,9.7,323,0,0,0,Kartu Kredit,Medis,17.92,483.0,0.1,33.0,1
CUST108102,28,Bekerja,34460,659,8.9,1782,0,1,0,Kartu Kredit,Renovasi Rumah,18.5,443.0,958.0,319.0,1
CUST108103,18,Bekerja,22286,562,0.6,314,0,1,2,Pinjaman Pribadi,Konsolidasi Hutang,16.33,149.0,525.0,175.0,0
CUST108104,39,Bekerja,26179,711,15.9,356,0,1,0,Kartu Kredit,Pendidikan,16.31,205.0,837.0,279.0,1
CUST108105,36,Bekerja,56187,565,4.5,1285,0,0,0,Kartu Kredit,Medis,22.06,52.0,527.0,176.0,0
CUST108106,33,Bekerja,75783,564,14.0,4033,0,0,0,Pinjaman Pribadi,Pendidikan,15.87,368.0,825.0,275.0,1
CUST108107,31,Mahasiswa,29831,548,9.5,13414,0,2,1,Kartu Kredit,Bisnis,21.31,614.0,101.0,34.0,0
CUST108108,18,Bekerja,28194,618,1.0,56,0,0,0,Pinjaman Pribadi,Bisnis,14.76,178.0,156.0,52.0,1
CUST108109,28,Wiraswasta,41742,690,6.9,207,0,0,0,Kartu Kredit,Pendidikan,18.52,0.02,1.112,371.0,1
CUST108110,44,Bekerja,54528,657,14.0,2764,0,0,0,Kredit Berjalan,Pribadi,10.02,56.0,429.0,143.0,1
CUST108111,50,Bekerja,35277,731,6.1,105,0,1,0,Kartu Kredit,Pendidikan,16.49,185.0,176.0,59.0,1
CUST108112,18,Wiraswasta,40675,666,0.6,183,0,1,0,Pinjaman Pribadi,Renovasi Rumah,12.45,354.0,44.0,15.0,1
CUST108113,48,Wiraswasta,80724,655,3.5,206,0,0,0,Kartu Kredit,Bisnis,17.93,125.0,33.0,11.0,1
CUST108114,32,Bekerja,52416,667,8.8,154,0,0,0,Kartu Kredit,Renovasi Rumah,17.26,0.14,0.95,317.0,1
CUST108115,49,Bekerja,62306,706,6.4,28,0,2,0,Kredit Berjalan,Pribadi,8.68,0.36,555.0,185.0,1
CUST108116,25,Wiraswasta,54969,696,3.4,473,0,0,0,Pinjaman Pribadi,Bisnis,12.85,612.0,1.712,571.0,0
CUST108117,33,Bekerja,27255,591,2.5,389,0,0,0,Pinjaman Pribadi,Medis,15.45,279.0,657.0,219.0,0
CUST108118,34,Bekerja,60041,572,2.0,1797,0,0,0,Kredit Berjalan,Medis,14.87,146.0,681.0,227.0,0
CUST108119,23,Bekerja,18010,629,3.4,101,0,0,1,Kartu Kredit,Bisnis,19.52,224.0,333.0,111.0,1
CUST108120,35,Mahasiswa,21121,591,4.1,136,0,1,1,Kartu Kredit,Konsolidasi Hutang,21.17,139.0,99.0,33.0,0
CUST108121,54,Bekerja,32482,658,9.3,3609,0,0,0,Kartu Kredit,Pribadi,18.36,0.3,366.0,122.0,1
CUST108122,37,Bekerja,33990,610,15.3,4045,0,0,0,Kredit Berjalan,Pribadi,12.79,136.0,503.0,168.0,1
CUST108123,41,Bekerja,31438,658,22.0,286,0,0,0,Kartu Kredit,Pendidikan,18.27,356.0,573.0,191.0,1
CUST108124,59,Bekerja,88120,772,24.2,85639,0,0,0,Kartu Kredit,Medis,15.41,158.0,794.0,265.0,1
CUST108125,37,Bekerja,40468,740,2.6,728,1,1,0,Kartu Kredit,Pribadi,16.38,315.0,373.0,124.0,0
CUST108126,21,Bekerja,19283,610,0.6,21,0,1,0,Kartu Kredit,Pribadi,19.14,351.0,1.001,334.0,0
CUST108127,25,Wiraswasta,66125,690,0.9,1790,0,0,0,Kartu Kredit,Renovasi Rumah,17.88,199.0,457.0,152.0,1
CUST108128,25,Bekerja,17845,639,4.4,90,0,0,0,Pinjaman Pribadi,Pendidikan,13.2,248.0,56.0,19.0,1
CUST108129,39,Wiraswasta,35926,572,4.8,226,0,3,0,Kartu Kredit,Pribadi,22.82,0.19,637.0,212.0,0
CUST108130,21,Bekerja,17081,548,1.1,233,0,0,0,Pinjaman Pribadi,Konsolidasi Hutang,15.52,276.0,0.24,0.08,0
CUST108131,23,Bekerja,29793,531,2.2,44,0,0,1,Pinjaman Pribadi,Medis,16.26,429.0,1.061,354.0,0
CUST108132,19,Wiraswasta,66102,601,0.2,38,0,1,0,Kartu Kredit,Renovasi Rumah,20.88,326.0,1.059,353.0,0
CUST108133,48,Bekerja,62351,675,17.8,1551,0,1,0,Kartu Kredit,Pendidikan,17.88,97.0,755.0,252.0,1
CUST108134,29,Bekerja,15000,743,8.2,1264,0,0,0,Kartu Kredit,Pribadi,15.91,133.0,507.0,169.0,1
CUST108135,30,Wiraswasta,80282,676,8.3,5493,0,1,0,Kartu Kredit,Renovasi Rumah,18.0,383.0,872.0,291.0,1
CUST108136,47,Bekerja,138491,607,11.3,212,0,1,0,Kartu Kredit,Renovasi Rumah,19.05,0.23,397.0,132.0,1
CUST108137,45,Bekerja,21433,666,0.5,3,0,0,0,Kredit Berjalan,Renovasi Rumah,10.03,288.0,579.0,193.0,1
CUST108138,38,Bekerja,119146,704,0.1,60,0,0,0,Kartu Kredit,Medis,16.44,329.0,326.0,109.0,1
CUST108139,43,Bekerja,34555,520,1.5,8,1,2,2,Kartu Kredit,Renovasi Rumah,21.79,415.0,726.0,242.0,0
CUST108140,29,Bekerja,48885,521,1.3,26321,0,0,0,Pinjaman Pribadi,Pribadi,15.71,202.0,1.203,401.0,0
CUST108141,18,Wiraswasta,57811,604,1.9,174,0,1,0,Kartu Kredit,Renovasi Rumah,19.55,414.0,273.0,91.0,0
CUST108142,47,Bekerja,99173,726,6.1,163,0,0,0,Kredit Berjalan,Renovasi Rumah,8.1,77.0,325.0,108.0,1
CUST108143,29,Mahasiswa,52578,688,6.6,816,0,0,0,Kredit Berjalan,Konsolidasi Hutang,10.17,448.0,443.0,148.0,0
CUST108144,26,Wiraswasta,26944,553,6.3,1060,0,0,0,Kartu Kredit,Bisnis,21.85,0.46,26.0,9.0,0
CUST108145,60,Bekerja,41195,718,4.1,140,0,1,0,Kartu Kredit,Medis,15.72,124.0,216.0,72.0,1
CUST108146,24,Bekerja,41143,594,1.5,238,0,0,0,Kredit Berjalan,Bisnis,14.56,452.0,462.0,154.0,0
CUST108147,48,Wiraswasta,122820,690,0.6,489,0,0,0,Pinjaman Pribadi,Pribadi,12.27,0.37,766.0,255.0,1
CUST108148,28,Bekerja,49414,627,5.0,952,0,3,0,Pinjaman Pribadi,Bisnis,13.75,165.0,81.0,27.0,0
CUST108149,37,Bekerja,54817,602,17.1,279,0,1,0,Pinjaman Pribadi,Medis,13.34,371.0,1.33,443.0,0
CUST108150,57,Wiraswasta,64232,679,13.0,3524,0,0,0,Kartu Kredit,Renovasi Rumah,17.6,197.0,321.0,107.0,1
CUST108151,36,Bekerja,60855,704,7.4,2864,0,0,0,Pinjaman Pribadi,Renovasi Rumah,10.08,255.0,1.49,497.0,1
CUST108152,36,Bekerja,73556,620,14.3,6373,0,0,0,Pinjaman Pribadi,Pendidikan,14.1,217.0,364.0,121.0,1
CUST108153,23,Bekerja,39080,612,3.3,858,0,1,0,Kredit Berjalan,Bisnis,11.06,226.0,499.0,166.0,0
CUST108154,36,Bekerja,37498,646,4.5,1814,0,1,0,Kredit Berjalan,Bisnis,12.79,262.0,741.0,247.0,0
CUST108155,32,Mahasiswa,22490,618,10.0,338,0,0,0,Kartu Kredit,Pendidikan,19.23,228.0,98.0,33.0,1
CUST108156,18,Wiraswasta,83850,622,1.6,196,0,0,0,Kredit Berjalan,Bisnis,12.9,282.0,586.0,195.0,0
CUST108157,56,Wiraswasta,41979,649,11.0,1487,0,0,0,Pinjaman Pribadi,Pribadi,13.52,214.0,1.108,369.0,1
CUST108158,60,Wiraswasta,74187,692,14.3,2920,0,0,0,Pinjaman Pribadi,Bisnis,12.43,387.0,1.348,449.0,0
CUST108159,37,Bekerja,33010,723,15.6,2939,1,3,0,Pinjaman Pribadi,Pendidikan,10.48,7.0,442.0,147.0,0
CUST108160,35,Bekerja,26428,747,1.0,1,0,0,0,Pinjaman Pribadi,Konsolidasi Hutang,10.07,186.0,1.184,395.0,0
CUST108161,42,Bekerja,103329,744,6.9,45200,0,0,0,Pinjaman Pribadi,Konsolidasi Hutang,11.06,648.0,429.0,143.0,0
CUST108162,19,Bekerja,25231,533,1.7,299,0,1,0,Kartu Kredit,Pribadi,22.78,191.0,832.0,277.0,0
CUST108163,33,Wiraswasta,36484,769,6.6,1147,0,1,0,Kredit Berjalan,Pribadi,6.3,123.0,315.0,105.0,1
CUST108164,37,Bekerja,86831,788,2.6,819,0,0,0,Kredit Berjalan,Medis,6.16,381.0,576.0,192.0,1
CUST108165,34,Bekerja,34572,670,8.4,5240,0,0,0,Kartu Kredit,Pribadi,18.52,141.0,136.0,45.0,1
CUST108166,45,Bekerja,66107,729,1.0,5,0,1,0,Kartu Kredit,Pendidikan,16.31,217.0,588.0,196.0,1
CUST108167,40,Bekerja,30216,691,4.5,524,0,1,0,Kredit Berjalan,Pendidikan,10.62,307.0,645.0,215.0,1
CUST108168,24,Bekerja,48030,734,1.7,109,0,0,0,Kredit Berjalan,Konsolidasi Hutang,7.7,365.0,812.0,271.0,0
CUST108169,37,Wiraswasta,199283,561,18.4,1027,0,1,0,Pinjaman Pribadi,Bisnis,15.57,281.0,321.0,107.0,1
CUST108170,45,Wiraswasta,36812,685,7.0,3531,0,0,0,Pinjaman Pribadi,Pendidikan,11.99,0.32,573.0,191.0,1
CUST108171,40,Bekerja,28473,657,9.0,44,0,1,0,Pinjaman Pribadi,Pribadi,12.53,322.0,1.264,421.0,1
CUST108172,18,Bekerja,15000,587,0.7,15,1,4,0,Kartu Kredit,Pendidikan,22.57,161.0,1.073,358.0,0
CUST108173,31,Bekerja,50468,655,2.5,470,0,0,0,Pinjaman Pribadi,Pribadi,11.67,407.0,1.833,611.0,0
CUST108174,26,Wiraswasta,84463,618,5.9,2275,0,1,0,Pinjaman Pribadi,Konsolidasi Hutang,13.74,368.0,1.184,395.0,0
CUST108175,34,Bekerja,28656,681,13.0,1704,0,0,0,Pinjaman Pribadi,Medis,12.93,333.0,1.752,584.0,1
CUST108176,30,Bekerja,30669,630,5.1,589,0,1,0,Kartu Kredit,Renovasi Rumah,19.93,262.0,867.0,289.0,1
CUST108177,48,Bekerja,50749,579,29.7,682,1,1,3,Kredit Berjalan,Pribadi,14.64,345.0,323.0,108.0,0
CUST108178,42,Bekerja,81295,663,11.2,36114,0,1,1,Pinjaman Pribadi,Medis,12.76,352.0,579.0,193.0,1
CUST108179,49,Bekerja,56649,714,17.6,1279,0,0,0,Pinjaman Pribadi,Pribadi,11.34,208.0,229.0,76.0,1
CUST108180,29,Bekerja,17921,737,8.0,37,0,0,0,Kartu Kredit,Pendidikan,16.35,148.0,541.0,0.18,1
CUST108181,18,Bekerja,15000,540,1.0,13,0,3,1,Pinjaman Pribadi,Pribadi,15.15,153.0,1.82,607.0,0
CUST108182,18,Bekerja,36736,515,0.3,33,0,0,0,Kartu Kredit,Pribadi,21.62,243.0,988.0,329.0,0
CUST108183,53,Bekerja,40170,573,8.5,1946,0,2,1,Pinjaman Pribadi,Pribadi,16.6,172.0,301.0,0.1,0
CUST108184,35,Mahasiswa,15000,669,9.3,637,0,1,0,Pinjaman Pribadi,Renovasi Rumah,12.87,432.0,0.22,73.0,1
CUST108185,36,Bekerja,26669,655,8.5,774,0,1,0,Kartu Kredit,Medis,18.0,175.0,1.219,406.0,1
CUST108186,39,Wiraswasta,59166,569,17.1,5843,0,4,0,Kartu Kredit,Pribadi,22.77,139.0,636.0,212.0,0
CUST108187,39,Bekerja,32182,719,15.0,251,0,0,0,Kartu Kredit,Renovasi Rumah,15.61,617.0,771.0,257.0,0
CUST108188,22,Wiraswasta,43741,649,3.0,22,0,0,1,Kartu Kredit,Pribadi,20.37,143.0,951.0,317.0,1
CUST108189,18,Mahasiswa,16538,635,0.0,0,0,0,0,Kredit Berjalan,Renovasi Rumah,11.86,0.27,381.0,127.0,0
CUST108190,18,Bekerja,73735,606,0.6,97,0,0,0,Pinjaman Pribadi,Pendidikan,14.88,187.0,111.0,37.0,1
CUST108191,40,Wiraswasta,86766,581,13.1,6975,0,1,1,Kredit Berjalan,Medis,14.29,0.6,307.0,102.0,0
CUST108192,49,Bekerja,35375,621,18.7,15018,0,1,0,Kredit Berjalan,Medis,12.82,163.0,769.0,256.0,1
CUST108193,25,Wiraswasta,131240,650,4.6,20043,0,0,0,Kartu Kredit,Pendidikan,18.19,75.0,51.0,17.0,1
CUST108194,33,Bekerja,29481,618,4.5,2911,0,1,0,Kartu Kredit,Renovasi Rumah,20.28,0.26,533.0,178.0,1
CUST108195,47,Mahasiswa,70069,673,7.9,241,0,0,0,Pinjaman Pribadi,Bisnis,11.17,0.29,78.0,26.0,1
CUST108196,37,Bekerja,29815,728,18.1,20750,0,0,0,Pinjaman Pribadi,Bisnis,10.01,489.0,929.0,0.31,1
CUST108197,23,Bekerja,60150,538,1.3,106,0,1,0,Kartu Kredit,Medis,22.55,55.0,678.0,226.0,0
CUST108198,40,Bekerja,34486,614,19.3,36482,0,1,0,Kartu Kredit,Renovasi Rumah,19.26,244.0,432.0,144.0,1
CUST108199,26,Wiraswasta,123476,622,0.7,100,0,1,0,Kredit Berjalan,Pendidikan,11.79,108.0,288.0,96.0,1
CUST108200,34,Wiraswasta,106413,667,0.2,41,0,2,0,Pinjaman Pribadi,Pendidikan,12.08,225.0,0.94,313.0,1
CUST108201,23,Bekerja,21672,662,1.1,263,0,0,0,Kartu Kredit,Bisnis,17.69,388.0,351.0,117.0,1
CUST108202,54,Bekerja,66354,719,14.7,2188,0,0,0,Kredit Berjalan,Pendidikan,8.32,373.0,191.0,64.0,1
CUST108203,48,Bekerja,48384,600,9.3,193,0,1,0,Kredit Berjalan,Medis,12.98,637.0,453.0,151.0,0
CUST108204,18,Wiraswasta,38825,481,0.5,370,0,0,0,Kartu Kredit,Pribadi,21.1,158.0,461.0,154.0,1
CUST108205,27,Bekerja,25269,589,4.4,45,0,0,0,Kredit Berjalan,Pribadi,14.95,126.0,467.0,156.0,0
CUST108206,55,Bekerja,59918,826,6.3,4740,0,0,0,Kredit Berjalan,Pribadi,7.93,401.0,566.0,189.0,1
CUST108207,18,Bekerja,21829,633,1.0,20,0,0,0,Pinjaman Pribadi,Renovasi Rumah,14.79,0.47,1.558,519.0,0
CUST108208,44,Bekerja,189701,627,19.1,2972,0,0,0,Pinjaman Pribadi,Pribadi,14.0,421.0,57.0,19.0,1
CUST108209,39,Wiraswasta,84011,709,9.6,3958,0,0,0,Pinjaman Pribadi,Konsolidasi Hutang,11.22,201.0,417.0,139.0,1
CUST108210,25,Mahasiswa,15000,682,1.6,29,0,0,0,Kartu Kredit,Renovasi Rumah,18.13,324.0,0.1,33.0,1
CUST108211,18,Bekerja,23541,505,1.9,203,0,1,1,Pinjaman Pribadi,Medis,16.02,549.0,314.0,105.0,0
CUST108212,22,Bekerja,26842,565,2.5,145,0,0,0,Pinjaman Pribadi,Pribadi,16.04,193.0,171.0,57.0,1
CUST108213,62,Bekerja,106068,752,13.8,62853,0,0,0,Kartu Kredit,Bisnis,14.53,118.0,0.66,0.22,1
CUST108214,18,Bekerja,15000,593,0.1,29,0,1,0,Kartu Kredit,Pendidikan,22.17,226.0,273.0,91.0,0
CUST108215,18,Bekerja,38151,500,0.4,26,0,0,0,Kartu Kredit,Renovasi Rumah,21.86,553.0,307.0,102.0,0
CUST108216,55,Bekerja,68346,658,18.1,1342,0,1,0,Kartu Kredit,Medis,18.94,538.0,898.0,299.0,0
CUST108217,37,Mahasiswa,40862,562,3.6,119,0,3,0,Kartu Kredit,Renovasi Rumah,21.56,349.0,0.1,33.0,0
CUST108218,18,Wiraswasta,68807,560,1.2,107,0,0,0,Kartu Kredit,Bisnis,22.8,227.0,1.017,339.0,0
CUST108219,37,Bekerja,47486,667,9.6,2793,0,0,0,Kartu Kredit,Medis,18.87,409.0,0.19,63.0,1
CUST108220,35,Bekerja,30889,637,13.8,454,0,0,0,Kartu Kredit,Pendidikan,20.15,272.0,214.0,71.0,1
CUST108221,18,Bekerja,53173,574,1.4,94,0,0,0,Kartu Kredit,Pribadi,22.87,196.0,532.0,177.0,0
CUST108222,32,Mahasiswa,15000,672,8.3,314,0,0,0,Pinjaman Pribadi,Pendidikan,11.7,0.22,0.9,0.3,1
CUST108223,28,Mahasiswa,17167,551,0.7,57,1,0,0,Pinjaman Pribadi,Konsolidasi Hutang,16.17,156.0,338.0,113.0,0
CUST108224,55,Wiraswasta,62330,696,2.7,1963,0,0,0,Kartu Kredit,Konsolidasi Hutang,18.82,183.0,1.123,374.0,1
CUST108225,43,Wiraswasta,31077,598,16.7,995,0,2,1,Pinjaman Pribadi,Konsolidasi Hutang,15.48,131.0,743.0,248.0,0
CUST108226,21,Bekerja,26456,581,0.2,2,0,2,0,Pinjaman Pribadi,Medis,15.01,159.0,1.327,442.0,0
CUST108227,37,Bekerja,42302,626,2.7,601,0,2,0,Kartu Kredit,Pribadi,19.99,307.0,111.0,37.0,1
CUST108228,18,Wiraswasta,20751,615,0.6,0,0,2,0,Kartu Kredit,Bisnis,19.81,163.0,361.0,0.12,0
CUST108229,35,Wiraswasta,54475,746,10.5,1525,0,0,0,Kredit Berjalan,Pribadi,9.04,212.0,349.0,116.0,1
CUST108230,30,Bekerja,25198,620,3.5,41,1,1,0,Kartu Kredit,Konsolidasi Hutang,19.81,437.0,1.381,0.46,0
CUST108231,52,Bekerja,65229,758,18.3,6238,0,0,0,Kredit Berjalan,Pribadi,7.19,381.0,362.0,121.0,1
CUST108232,32,Wiraswasta,119486,685,0.7,1024,0,0,0,Kartu Kredit,Pribadi,18.57,0.18,586.0,195.0,1
CUST108233,24,Bekerja,43709,563,5.1,122,0,0,0,Kartu Kredit,Pribadi,22.01,255.0,554.0,185.0,1
CUST108234,39,Wiraswasta,70565,626,3.9,321,0,2,0,Pinjaman Pribadi,Medis,13.19,388.0,704.0,235.0,0
CUST108235,46,Bekerja,87014,641,23.6,1954,0,1,0,Kartu Kredit,Pribadi,20.29,202.0,804.0,268.0,1
CUST108236,50,Bekerja,58335,648,5.6,1188,0,1,0,Kartu Kredit,Pribadi,20.2,89.0,0.13,43.0,1
CUST108237,33,Bekerja,56811,624,11.3,1163,1,3,0,Pinjaman Pribadi,Pribadi,13.95,148.0,611.0,204.0,0
CUST108238,39,Bekerja,52068,723,5.1,47,0,0,0,Pinjaman Pribadi,Pribadi,11.03,0.15,737.0,246.0,1
CUST108239,18,Bekerja,28100,626,0.2,8,0,0,0,Kartu Kredit,Konsolidasi Hutang,20.44,126.0,64.0,21.0,1
CUST108240,30,Bekerja,50843,707,10.3,1542,0,0,0,Kredit Berjalan,Medis,8.19,366.0,417.0,139.0,1
CUST108241,41,Bekerja,52389,698,7.3,283,0,0,0,Kredit Berjalan,Medis,10.26,495.0,456.0,152.0,0
CUST108242,45,Wiraswasta,53941,706,4.0,648,0,0,0,Kartu Kredit,Konsolidasi Hutang,15.57,436.0,106.0,35.0,1
CUST108243,18,Bekerja,15000,396,0.8,4,0,0,0,Kartu Kredit,Pribadi,21.76,128.0,427.0,142.0,1
CUST108244,33,Wiraswasta,35624,611,2.5,337,0,1,0,Pinjaman Pribadi,Pribadi,13.58,515.0,1.847,616.0,0
CUST108245,70,Bekerja,52098,714,28.9,7332,0,0,0,Pinjaman Pribadi,Bisnis,10.78,87.0,466.0,155.0,1
CUST108246,28,Bekerja,24740,480,8.6,1688,0,1,0,Kredit Berjalan,Bisnis,13.17,54.0,505.0,168.0,0
CUST108247,38,Bekerja,23178,664,2.1,487,0,0,0,Kartu Kredit,Renovasi Rumah,18.03,132.0,1.092,364.0,1
CUST108248,64,Wiraswasta,68880,760,24.9,46857,0,0,0,Pinjaman Pribadi,Bisnis,8.01,234.0,1.215,405.0,1
CUST108249,18,Bekerja,17054,532,1.5,6913,0,0,1,Pinjaman Pribadi,Medis,15.22,315.0,1.19,397.0,0
CUST108250,37,Bekerja,46093,573,11.5,385,0,0,0,Pinjaman Pribadi,Pendidikan,16.5,241.0,861.0,287.0,0
CUST108251,51,Bekerja,49310,665,12.8,251,0,1,0,Kredit Berjalan,Bisnis,9.6,115.0,316.0,105.0,1
CUST108252,24,Bekerja,21807,654,2.1,16,0,0,0,Pinjaman Pribadi,Pendidikan,12.17,121.0,1.765,588.0,1
CUST108253,41,Bekerja,44809,671,15.5,2080,0,0,0,Kartu Kredit,Pribadi,17.28,275.0,1.051,0.35,1
CUST108254,27,Bekerja,37324,599,1.9,2151,1,3,0,Kartu Kredit,Bisnis,22.75,456.0,533.0,178.0,0
CUST108255,31,Bekerja,56359,706,8.5,1812,0,0,0,Kartu Kredit,Pribadi,16.35,0.34,933.0,311.0,1
CUST108256,47,Bekerja,26234,624,23.2,479,0,0,0,Kartu Kredit,Pendidikan,19.08,0.38,137.0,46.0,1
CUST108257,22,Mahasiswa,36141,689,3.0,164,0,2,0,Kartu Kredit,Pendidikan,18.38,107.0,0.1,33.0,1
CUST108258,34,Wiraswasta,126748,683,15.2,7964,0,0,0,Kredit Berjalan,Renovasi Rumah,10.84,0.6,377.0,126.0,0
CUST108259,47,Wiraswasta,22392,597,7.6,297,0,2,0,Kartu Kredit,Medis,22.28,166.0,54.0,18.0,0
CUST108260,29,Bekerja,18432,661,9.5,334,0,0,0,Pinjaman Pribadi,Pribadi,11.93,113.0,993.0,331.0,1
CUST108261,49,Wiraswasta,87077,799,24.7,31882,0,0,0,Pinjaman Pribadi,Konsolidasi Hutang,8.8,221.0,857.0,286.0,1
CUST108262,29,Bekerja,32648,646,2.6,223,0,1,0,Kartu Kredit,Pendidikan,19.58,464.0,809.0,0.27,1
CUST108263,44,Bekerja,56911,715,2.6,33,0,0,0,Pinjaman Pribadi,Konsolidasi Hutang,9.98,0.04,353.0,118.0,1
CUST108264,41,Bekerja,57978,609,19.3,1087,0,1,0,Kartu Kredit,Bisnis,20.54,223.0,647.0,216.0,1
CUST108265,34,Bekerja,72674,648,13.3,2296,0,1,0,Pinjaman Pribadi,Pribadi,13.01,227.0,1.376,459.0,1
CUST108266,30,Mahasiswa,25573,709,2.8,63,0,0,0,Kredit Berjalan,Bisnis,8.45,0.8,465.0,155.0,0
CUST108267,20,Mahasiswa,20087,481,1.3,410,0,1,0,Kredit Berjalan,Bisnis,14.91,68.0,363.0,121.0,0
CUST108268,25,Mahasiswa,33742,684,4.7,86,0,0,0,Pinjaman Pribadi,Medis,12.89,123.0,1.621,0.54,0
CUST108269,53,Bekerja,49196,661,5.6,1577,0,0,0,Kartu Kredit,Pribadi,18.97,332.0,313.0,104.0,1
CUST108270,49,Bekerja,36836,569,2.4,4036,0,2,1,Kartu Kredit,Bisnis,22.39,127.0,307.0,102.0,0
CUST108271,25,Bekerja,36472,625,2.7,2430,0,1,0,Kartu Kredit,Bisnis,20.48,0.26,247.0,82.0,0
CUST108272,27,Bekerja,68505,572,6.8,5069,0,0,0,Kartu Kredit,Konsolidasi Hutang,22.1,0.22,749.0,0.25,0
CUST108273,45,Bekerja,111418,599,16.3,1710,1,1,0,Kartu Kredit,Bisnis,22.77,306.0,628.0,209.0,0
CUST108274,48,Bekerja,55705,706,21.8,1837,0,0,0,Kartu Kredit,Pendidikan,17.45,0.08,48.0,16.0,1
CUST108275,23,Wiraswasta,56300,650,4.5,291,0,0,0,Kartu Kredit,Pribadi,18.15,625.0,0.19,63.0,0
CUST108276,18,Mahasiswa,42825,689,1.7,624,0,0,0,Kartu Kredit,Konsolidasi Hutang,17.42,0.3,0.1,33.0,1
CUST108277,21,Bekerja,36359,580,2.4,889,0,0,1,Pinjaman Pribadi,Pribadi,15.23,159.0,1.218,406.0,0
CUST108278,18,Bekerja,18826,604,0.5,20,0,1,0,Pinjaman Pribadi,Bisnis,14.35,293.0,473.0,158.0,0
CUST108279,29,Wiraswasta,21457,516,7.3,37,0,0,0,Pinjaman Pribadi,Renovasi Rumah,16.52,272.0,783.0,261.0,1
CUST108280,39,Wiraswasta,36835,681,8.2,530,0,1,0,Kartu Kredit,Pendidikan,18.92,117.0,1.249,416.0,1
CUST108281,31,Wiraswasta,77083,705,4.3,3592,0,0,0,Kredit Berjalan,Pendidikan,9.47,0.35,581.0,194.0,1
CUST108282,41,Bekerja,40210,628,4.4,2474,0,0,0,Kredit Berjalan,Pribadi,12.83,363.0,808.0,269.0,1
CUST108283,38,Bekerja,30173,632,14.2,18847,0,0,0,Kartu Kredit,Medis,19.7,255.0,1.356,452.0,1
CUST108284,31,Bekerja,44706,609,7.4,185,0,0,0,Pinjaman Pribadi,Pribadi,14.97,354.0,977.0,326.0,0
CUST108285,29,Wiraswasta,75732,673,10.1,74,0,0,0,Kartu Kredit,Bisnis,18.02,6.0,339.0,113.0,1
CUST108286,18,Bekerja,15000,464,0.5,47,0,2,0,Kartu Kredit,Medis,22.3,153.0,467.0,156.0,0
CUST108287,38,Bekerja,34353,652,1.2,45,0,0,0,Kredit Berjalan,Pendidikan,9.72,165.0,774.0,258.0,1
CUST108288,28,Bekerja,19585,523,5.6,1310,0,1,0,Kartu Kredit,Medis,22.8,295.0,92.0,31.0,1
CUST108289,51,Wiraswasta,38821,547,29.3,2954,1,0,0,Pinjaman Pribadi,Pendidikan,15.37,565.0,544.0,181.0,0
CUST108290,39,Bekerja,60894,638,1.1,53,0,1,1,Kartu Kredit,Renovasi Rumah,20.79,298.0,1.043,348.0,0
CUST108291,44,Bekerja,55061,702,24.8,1890,1,1,0,Kartu Kredit,Bisnis,15.7,229.0,855.0,285.0,0
CUST108292,20,Bekerja,18228,541,1.0,372,0,0,1,Pinjaman Pribadi,Renovasi Rumah,16.42,481.0,329.0,0.11,0
CUST108293,45,Bekerja,56353,622,20.8,1995,0,0,0,Pinjaman Pribadi,Pribadi,13.32,328.0,137.0,46.0,1
CUST108294,32,Wiraswasta,43086,617,9.2,164,0,0,0,Kredit Berjalan,Bisnis,12.96,346.0,383.0,128.0,1
CUST108295,46,Bekerja,29874,744,26.7,2743,0,0,0,Pinjaman Pribadi,Renovasi Rumah,10.95,348.0,1.771,0.59,1
CUST108296,33,Bekerja,35596,596,5.9,495,0,1,0,Kartu Kredit,Pribadi,22.7,86.0,539.0,0.18,1
CUST108297,38,Wiraswasta,203184,660,3.3,101,0,0,0,Kartu Kredit,Renovasi Rumah,17.85,418.0,345.0,115.0,1
CUST108298,38,Bekerja,30486,662,17.3,866,0,0,0,Kartu Kredit,Bisnis,17.86,418.0,59.0,0.02,1
CUST108299,31,Bekerja,66013,588,10.4,6975,1,0,0,Kartu Kredit,Pendidikan,22.07,438.0,1.06,353.0,0
CUST108300,25,Wiraswasta,67687,576,4.9,222,0,1,1,Kredit Berjalan,Pribadi,14.51,144.0,0.55,183.0,0
CUST108301,28,Mahasiswa,17393,682,5.1,1243,0,0,0,Kartu Kredit,Bisnis,17.05,459.0,98.0,33.0,1
CUST108302,35,Bekerja,52548,590,6.2,5554,0,4,0,Kartu Kredit,Pribadi,22.25,304.0,461.0,154.0,0
CUST108303,32,Bekerja,34495,541,9.1,2651,0,0,2,Kredit Berjalan,Bisnis,14.12,165.0,417.0,139.0,0
CUST108304,34,Bekerja,40969,726,8.4,2432,0,0,0,Kredit Berjalan,Konsolidasi Hutang,8.05,214.0,488.0,163.0,1
CUST108305,31,Bekerja,19447,648,7.7,2861,0,1,0,Kartu Kredit,Medis,19.11,555.0,1.388,463.0,0
CUST108306,25,Bekerja,27535,587,5.3,126,1,1,0,Kartu Kredit,Pribadi,22.32,365.0,258.0,86.0,0
CUST108307,34,Wiraswasta,15000,563,7.8,2327,1,3,0,Pinjaman Pribadi,Pendidikan,16.4,456.0,0.74,247.0,0
CUST108308,42,Mahasiswa,19278,713,23.5,25938,0,0,0,Pinjaman Pribadi,Bisnis,10.14,413.0,1.473,491.0,0
CUST108309,27,Mahasiswa,44938,545,8.2,1759,0,2,0,Pinjaman Pribadi,Pendidikan,16.1,407.0,162.0,54.0,0
CUST108310,46,Bekerja,67411,710,11.8,2869,0,0,0,Pinjaman Pribadi,Pribadi,11.11,115.0,123.0,41.0,1
CUST108311,33,Mahasiswa,18135,555,1.7,49,0,0,0,Kartu Kredit,Konsolidasi Hutang,22.71,324.0,99.0,33.0,0
CUST108312,40,Bekerja,17910,615,8.4,3019,0,1,0,Kredit Berjalan,Renovasi Rumah,11.22,216.0,642.0,214.0,1
CUST108313,46,Bekerja,25092,538,5.7,1472,0,0,0,Pinjaman Pribadi,Pribadi,16.98,151.0,1.216,405.0,0
CUST108314,34,Bekerja,33093,658,9.6,526,0,0,0,Kredit Berjalan,Pribadi,9.55,482.0,571.0,0.19,0
CUST108315,44,Bekerja,112929,672,1.2,522,0,0,0,Kartu Kredit,Pendidikan,17.07,48.0,107.0,36.0,1
CUST108316,27,Wiraswasta,23204,669,8.9,3513,0,0,0,Kartu Kredit,Pribadi,17.67,506.0,896.0,299.0,1
CUST108317,49,Bekerja,54249,687,26.7,3659,0,0,0,Kredit Berjalan,Pendidikan,10.74,225.0,241.0,0.08,1
CUST108318,18,Wiraswasta,83234,714,0.6,228,0,1,0,Kartu Kredit,Bisnis,17.38,62.0,841.0,0.28,1
CUST108319,47,Bekerja,43465,689,24.7,775,0,0,0,Kartu Kredit,Bisnis,17.11,222.0,0.89,297.0,1
CUST108320,36,Bekerja,53046,718,14.4,2760,0,0,0,Pinjaman Pribadi,Pribadi,10.77,536.0,758.0,253.0,1
CUST108321,43,Bekerja,50156,679,7.1,762,0,0,1,Pinjaman Pribadi,Konsolidasi Hutang,11.9,198.0,287.0,96.0,1
CUST108322,33,Bekerja,21307,691,10.9,232,0,0,0,Kredit Berjalan,Medis,9.21,462.0,483.0,161.0,1
CUST108323,42,Wiraswasta,50698,681,3.0,399,0,0,0,Kartu Kredit,Pribadi,18.35,222.0,0.83,277.0,1
CUST108324,24,Bekerja,29900,661,3.7,63,0,0,0,Pinjaman Pribadi,Pribadi,11.78,0.18,736.0,245.0,1
CUST108325,33,Bekerja,64424,602,1.8,14,0,0,0,Kredit Berjalan,Pendidikan,12.8,0.28,424.0,141.0,1
CUST108326,35,Bekerja,25123,627,4.9,266,0,0,0,Kredit Berjalan,Bisnis,12.69,222.0,669.0,223.0,0
CUST108327,29,Bekerja,35267,561,0.3,21,0,0,0,Kartu Kredit,Konsolidasi Hutang,21.75,373.0,1.072,357.0,0
CUST108328,20,Mahasiswa,42156,654,0.8,240,0,1,0,Pinjaman Pribadi,Bisnis,12.89,285.0,1.456,485.0,0
CUST108329,47,Bekerja,43802,653,26.1,1263,0,0,0,Pinjaman Pribadi,Medis,11.4,0.41,1.516,505.0,0
CUST108330,54,Wiraswasta,55479,700,16.2,1501,0,0,0,Kredit Berjalan,Pribadi,8.58,293.0,434.0,145.0,1
CUST108331,35,Bekerja,76719,651,8.9,2432,0,0,0,Kredit Berjalan,Pendidikan,9.31,425.0,652.0,217.0,1
CUST108332,47,Bekerja,60777,697,18.0,4101,0,0,0,Kartu Kredit,Pendidikan,18.32,461.0,58.0,19.0,1
CUST108333,37,Bekerja,44388,657,18.0,630,0,0,0,Pinjaman Pribadi,Medis,12.3,365.0,572.0,191.0,1
CUST108334,29,Bekerja,92592,771,4.4,2044,0,0,0,Kartu Kredit,Pendidikan,14.89,0.32,285.0,95.0,1
CUST108335,35,Bekerja,58857,687,13.8,797,0,0,0,Kartu Kredit,Pendidikan,17.56,297.0,493.0,164.0,1
CUST108336,50,Bekerja,49776,707,3.8,299,0,0,0,Pinjaman Pribadi,Pendidikan,11.0,288.0,1.404,468.0,1
CUST108337,30,Bekerja,25945,663,6.9,297,0,0,0,Kartu Kredit,Bisnis,18.17,227.0,1.21,403.0,1
CUST108338,18,Mahasiswa,26734,567,1.2,277,0,1,1,Kredit Berjalan,Renovasi Rumah,13.16,236.0,0.31,103.0,0
CUST108339,31,Bekerja,30008,651,2.9,675,0,0,0,Pinjaman Pribadi,Pribadi,11.77,359.0,1.073,358.0,1
CUST108340,19,Wiraswasta,49156,640,0.6,40,0,0,0,Kartu Kredit,Bisnis,20.15,408.0,553.0,184.0,0
CUST108341,44,Bekerja,45574,692,25.7,280,0,0,0,Kredit Berjalan,Pribadi,9.65,189.0,621.0,207.0,1
CUST108342,28,Wiraswasta,40427,600,5.0,90,0,1,0,Kartu Kredit,Pribadi,20.11,79.0,0.67,223.0,1
CUST108343,39,Bekerja,50501,612,15.1,235,0,2,0,Pinjaman Pribadi,Renovasi Rumah,13.13,201.0,1.463,488.0,0
CUST108344,43,Bekerja,46641,684,7.1,1818,0,0,0,Kartu Kredit,Bisnis,18.39,172.0,789.0,263.0,1
CUST108345,29,Wiraswasta,44976,690,1.9,14,0,0,0,Kartu Kredit,Konsolidasi Hutang,17.45,246.0,736.0,245.0,1
CUST108346,18,Bekerja,25172,646,1.5,85,0,1,0,Kartu Kredit,Pendidikan,20.2,321.0,1.085,362.0,0
CUST108347,54,Wiraswasta,250000,637,3.4,13163,0,2,0,Kartu Kredit,Pribadi,19.06,275.0,94.0,31.0,1
CUST108348,42,Bekerja,109233,666,7.0,395,0,0,0,Kredit Berjalan,Medis,9.89,406.0,154.0,51.0,1
CUST108349,40,Bekerja,39210,581,12.9,3089,0,0,1,Kartu Kredit,Bisnis,21.65,498.0,54.0,18.0,0
CUST108350,40,Bekerja,21095,692,18.3,29715,0,0,0,Kartu Kredit,Medis,18.0,41.0,1.005,335.0,1
CUST108351,48,Bekerja,59301,743,14.8,11549,0,0,0,Kartu Kredit,Konsolidasi Hutang,15.64,171.0,99.0,33.0,1
CUST108352,55,Bekerja,45921,807,11.6,6659,0,0,0,Kartu Kredit,Pribadi,15.76,491.0,862.0,287.0,1
CUST108353,42,Bekerja,33549,647,18.0,12803,0,1,0,Kartu Kredit,Renovasi Rumah,19.82,448.0,1.043,348.0,0
CUST108354,43,Mahasiswa,78971,657,18.4,568,0,0,0,Kartu Kredit,Konsolidasi Hutang,17.11,0.62,0.1,33.0,0
CUST108355,46,Bekerja,78420,661,19.5,640,0,0,0,Kartu Kredit,Pribadi,18.31,366.0,553.0,184.0,1
CUST108356,32,Bekerja,29398,658,3.5,12978,0,0,0,Kartu Kredit,Medis,17.35,137.0,1.17,0.39,1
CUST108357,34,Bekerja,71001,667,15.1,20490,0,0,0,Kredit Berjalan,Pendidikan,10.11,326.0,497.0,166.0,1
CUST108358,48,Bekerja,38468,606,16.2,205,0,1,0,Kredit Berjalan,Bisnis,12.56,371.0,717.0,239.0,1
CUST108359,52,Wiraswasta,45697,709,24.8,3827,0,0,0,Kredit Berjalan,Pendidikan,8.88,142.0,615.0,205.0,1
CUST108360,21,Mahasiswa,18418,546,1.0,222,1,0,0,Kartu Kredit,Pendidikan,22.54,67.0,98.0,33.0,0
CUST108361,25,Bekerja,23927,514,2.3,486,0,0,1,Kredit Berjalan,Pribadi,13.09,227.0,928.0,309.0,0
CUST108362,29,Bekerja,31798,570,9.5,988,0,0,3,Kredit Berjalan,Pendidikan,13.14,301.0,491.0,164.0,0
CUST108363,40,Bekerja,22818,530,8.5,1000,0,1,1,Pinjaman Pribadi,Medis,16.98,303.0,1.328,443.0,0
CUST108364,18,Bekerja,30865,588,0.4,9,0,2,0,Kartu Kredit,Pendidikan,21.55,318.0,237.0,79.0,0
CUST108365,28,Mahasiswa,70823,552,2.4,350,0,0,1,Kartu Kredit,Medis,21.74,379.0,0.1,33.0,0
CUST108366,24,Bekerja,15000,623,3.4,49,0,0,0,Pinjaman Pribadi,Bisnis,14.6,21.0,67.0,22.0,1
CUST108367,32,Mahasiswa,51014,666,13.8,443,0,0,0,Kartu Kredit,Pendidikan,18.88,292.0,0.1,33.0,1
CUST108368,33,Bekerja,60214,671,2.4,357,0,1,0,Pinjaman Pribadi,Bisnis,11.48,318.0,173.0,58.0,1
CUST108369,34,Wiraswasta,109202,651,11.3,8455,0,0,0,Pinjaman Pribadi,Bisnis,11.38,69.0,916.0,305.0,1
CUST108370,36,Bekerja,17786,645,5.0,941,0,1,0,Kartu Kredit,Pribadi,19.96,232.0,573.0,191.0,1
CUST108371,42,Bekerja,32088,587,21.1,136,0,0,0,Kartu Kredit,Renovasi Rumah,22.06,295.0,1.0,333.0,1
CUST108372,34,Bekerja,28107,699,12.9,1881,0,0,0,Pinjaman Pribadi,Renovasi Rumah,11.76,161.0,1.409,0.47,1
CUST108373,18,Bekerja,15000,598,1.3,7,0,0,1,Kartu Kredit,Renovasi Rumah,22.51,226.0,627.0,209.0,0
CUST108374,45,Bekerja,48017,723,8.0,548,0,0,0,Kartu Kredit,Pendidikan,16.1,453.0,179.0,0.06,1
CUST108375,34,Bekerja,110442,600,7.5,1813,0,2,0,Pinjaman Pribadi,Medis,14.02,281.0,905.0,302.0,0
CUST108376,34,Bekerja,69214,553,12.4,1209,0,0,1,Kartu Kredit,Pendidikan,21.96,281.0,769.0,256.0,1
CUST108377,18,Mahasiswa,31683,712,1.8,102,0,0,0,Pinjaman Pribadi,Medis,11.17,433.0,817.0,272.0,1
CUST108378,52,Bekerja,62308,667,3.1,255,0,0,0,Kartu Kredit,Pendidikan,17.3,244.0,1.123,374.0,1
CUST108379,43,Bekerja,32756,697,4.3,1937,0,0,0,Kredit Berjalan,Pribadi,10.56,223.0,934.0,311.0,1
CUST108380,46,Bekerja,96275,658,11.6,1188,0,1,0,Kartu Kredit,Pendidikan,18.44,184.0,727.0,242.0,1
CUST108381,32,Bekerja,42630,592,11.4,1025,0,1,0,Pinjaman Pribadi,Medis,16.93,0.31,0.26,87.0,0
CUST108382,24,Bekerja,15000,577,4.3,380,0,2,0,Pinjaman Pribadi,Medis,15.99,0.06,1.88,627.0,0
CUST108383,42,Mahasiswa,39158,835,21.5,2071,0,0,0,Kartu Kredit,Bisnis,15.96,0.8,0.1,33.0,0
CUST108384,50,Bekerja,160915,731,1.6,1773,0,0,0,Pinjaman Pribadi,Medis,10.82,321.0,94.0,31.0,1
CUST108385,25,Bekerja,26811,646,4.9,478,0,1,0,Kredit Berjalan,Konsolidasi Hutang,11.64,0.56,377.0,126.0,0
CUST108386,48,Bekerja,46473,755,1.2,25,0,0,0,Kredit Berjalan,Bisnis,7.33,0.11,656.0,219.0,1
CUST108387,23,Bekerja,45647,585,3.3,193,0,0,0,Pinjaman Pribadi,Pendidikan,16.57,398.0,909.0,303.0,0
CUST108388,18,Bekerja,38181,698,1.9,59,0,1,0,Pinjaman Pribadi,Bisnis,12.23,384.0,849.0,283.0,0
CUST108389,48,Wiraswasta,24200,717,8.9,709,0,0,0,Kartu Kredit,Pendidikan,16.05,0.34,1.388,463.0,1
CUST108390,35,Bekerja,18512,566,15.2,2709,0,1,0,Pinjaman Pribadi,Pendidikan,15.5,361.0,405.0,135.0,0
CUST108391,34,Bekerja,68697,622,7.3,903,0,1,0,Kartu Kredit,Konsolidasi Hutang,19.18,88.0,105.0,35.0,1
CUST108392,28,Bekerja,42468,654,8.7,85,0,1,0,Kartu Kredit,Pribadi,18.6,223.0,414.0,138.0,1
CUST108393,43,Wiraswasta,29728,602,13.1,1157,0,1,0,Pinjaman Pribadi,Pribadi,13.45,249.0,1.305,435.0,1
CUST108394,23,Wiraswasta,44240,615,2.8,215,0,0,0,Pinjaman Pribadi,Pribadi,14.44,407.0,1.564,521.0,0
CUST108395,43,Wiraswasta,125980,826,16.2,4331,0,0,0,Pinjaman Pribadi,Renovasi Rumah,8.97,454.0,779.0,0.26,1
CUST108396,25,Bekerja,16404,652,5.7,1116,0,0,0,Pinjaman Pribadi,Pribadi,12.07,398.0,981.0,327.0,1
CUST108397,35,Bekerja,91685,586,8.4,6945,0,0,1,Kredit Berjalan,Pendidikan,13.19,176.0,188.0,63.0,1
CUST108398,36,Bekerja,30672,545,8.9,443,0,1,0,Kartu Kredit,Bisnis,21.46,624.0,209.0,0.07,0
CUST108399,50,Bekerja,58542,634,17.1,4958,0,1,0,Pinjaman Pribadi,Pendidikan,14.77,242.0,0.15,0.05,1
CUST108400,41,Bekerja,58111,712,11.4,7417,0,0,0,Kartu Kredit,Pribadi,16.41,189.0,1.205,402.0,1
CUST108401,40,Wiraswasta,28697,610,4.3,139,0,0,1,Kredit Berjalan,Pendidikan,11.35,121.0,314.0,105.0,1
CUST108402,21,Bekerja,47615,653,2.9,2293,0,0,0,Kredit Berjalan,Medis,9.7,428.0,206.0,69.0,1
CUST108403,18,Mahasiswa,75702,539,1.1,7,0,1,0,Kartu Kredit,Pendidikan,21.66,243.0,0.1,33.0,1
CUST108404,39,Bekerja,86618,600,9.7,211,0,0,0,Kartu Kredit,Renovasi Rumah,20.55,0.3,808.0,269.0,1
CUST108405,32,Bekerja,32908,596,11.7,1127,1,1,1,Kartu Kredit,Pendidikan,23.0,0.23,292.0,97.0,0
CUST108406,58,Bekerja,89510,642,16.6,10236,0,0,0,Kartu Kredit,Pribadi,19.66,233.0,618.0,206.0,1
CUST108407,56,Bekerja,149889,627,28.5,8074,1,2,0,Kartu Kredit,Renovasi Rumah,19.78,239.0,264.0,88.0,0
CUST108408,19,Wiraswasta,70980,620,1.2,525,0,2,0,Kartu Kredit,Medis,19.8,502.0,242.0,81.0,0
CUST108409,26,Bekerja,31159,655,7.6,386,0,0,0,Pinjaman Pribadi,Konsolidasi Hutang,11.39,376.0,1.977,659.0,0
CUST108410,35,Bekerja,28836,524,0.5,36,0,0,0,Kartu Kredit,Medis,22.62,89.0,1.141,0.38,0
CUST108411,20,Wiraswasta,82713,663,1.0,1462,0,1,0,Kartu Kredit,Pribadi,18.02,297.0,747.0,249.0,1
CUST108412,47,Bekerja,64435,767,0.1,6,0,0,0,Kredit Berjalan,Pendidikan,6.85,176.0,616.0,205.0,1
CUST108413,20,Wiraswasta,68338,651,0.7,296,0,0,0,Kartu Kredit,Medis,17.06,0.26,814.0,271.0,1
CUST108414,30,Bekerja,29186,687,8.3,147,0,0,0,Kredit Berjalan,Bisnis,9.51,197.0,781.0,0.26,1
CUST108415,35,Bekerja,90078,579,15.9,3540,1,2,0,Pinjaman Pribadi,Pribadi,15.1,143.0,461.0,154.0,0
CUST108416,34,Bekerja,63302,649,13.7,8611,0,0,0,Pinjaman Pribadi,Medis,14.8,279.0,889.0,296.0,1
CUST108417,39,Bekerja,52075,711,19.1,1594,0,0,0,Kartu Kredit,Pendidikan,16.73,347.0,396.0,132.0,1
CUST108418,38,Bekerja,78897,595,17.1,2618,1,2,0,Kartu Kredit,Konsolidasi Hutang,22.19,0.39,818.0,273.0,0
CUST108419,50,Bekerja,241338,702,24.7,111430,0,0,0,Pinjaman Pribadi,Medis,10.32,491.0,414.0,138.0,1
CUST108420,63,Bekerja,199574,684,27.0,21633,0,0,0,Pinjaman Pribadi,Pendidikan,12.74,324.0,409.0,136.0,1
CUST108421,18,Bekerja,36822,592,0.2,20,0,1,1,Kartu Kredit,Pendidikan,22.37,524.0,614.0,205.0,0
CUST108422,45,Bekerja,27677,595,6.8,122,0,0,1,Kredit Berjalan,Konsolidasi Hutang,13.38,326.0,434.0,145.0,0
CUST108423,18,Bekerja,22772,686,1.2,9,0,0,0,Pinjaman Pribadi,Bisnis,11.38,358.0,834.0,278.0,1
CUST108424,44,Mahasiswa,20854,639,3.8,393,0,0,0,Kartu Kredit,Pendidikan,19.52,134.0,101.0,34.0,1
CUST108425,20,Wiraswasta,84449,706,0.5,381,0,0,0,Kartu Kredit,Pribadi,16.07,377.0,773.0,258.0,1
CUST108426,22,Bekerja,48875,772,2.8,34,0,0,1,Kartu Kredit,Pribadi,14.56,224.0,622.0,207.0,1
CUST108427,33,Bekerja,30918,690,7.8,1120,0,0,0,Kredit Berjalan,Pendidikan,9.2,144.0,463.0,154.0,1
CUST108428,37,Bekerja,21109,676,14.8,215,0,0,0,Kartu Kredit,Medis,18.89,442.0,995.0,332.0,1
CUST108429,66,Bekerja,120885,699,29.0,17511,0,1,0,Kredit Berjalan,Pendidikan,10.68,519.0,261.0,87.0,1
CUST108430,38,Bekerja,97366,626,19.2,42401,0,1,0,Kredit Berjalan,Bisnis,12.76,146.0,514.0,171.0,0
CUST108431,36,Mahasiswa,16105,707,10.7,2369,0,0,0,Kartu Kredit,Medis,16.2,536.0,99.0,33.0,1
CUST108432,48,Bekerja,30107,622,16.5,2570,0,0,0,Pinjaman Pribadi,Bisnis,14.8,207.0,415.0,138.0,1
CUST108433,61,Bekerja,50097,718,17.7,1508,0,1,0,Kartu Kredit,Pribadi,16.72,0.11,1.214,405.0,1
CUST108434,44,Bekerja,130814,641,3.7,3619,0,1,1,Kartu Kredit,Pribadi,19.5,51.0,138.0,46.0,1
CUST108435,18,Bekerja,15000,658,1.9,42,0,0,0,Kartu Kredit,Pendidikan,17.12,294.0,107.0,36.0,1
CUST108436,18,Bekerja,16170,672,1.6,155,0,0,0,Pinjaman Pribadi,Medis,12.57,253.0,186.0,62.0,1
CUST108437,38,Bekerja,43484,764,9.5,1372,0,1,0,Kartu Kredit,Pribadi,14.39,611.0,1.371,457.0,0
CUST108438,44,Bekerja,33548,670,24.3,403,0,2,0,Kartu Kredit,Pendidikan,17.42,457.0,1.058,353.0,0
CUST108439,38,Bekerja,102443,461,13.1,1068,0,0,1,Kredit Berjalan,Medis,13.72,67.0,378.0,126.0,0
CUST108440,20,Wiraswasta,21315,591,1.4,83,0,1,0,Pinjaman Pribadi,Pribadi,15.9,93.0,826.0,275.0,0
CUST108441,44,Wiraswasta,46124,601,20.1,954,0,2,1,Kartu Kredit,Pribadi,20.31,364.0,189.0,63.0,1
CUST108442,51,Bekerja,57193,727,13.3,1742,0,0,0,Pinjaman Pribadi,Pendidikan,10.07,406.0,845.0,282.0,1
CUST108443,50,Wiraswasta,95550,632,4.1,154,0,1,0,Kartu Kredit,Bisnis,19.15,327.0,733.0,244.0,1
CUST108444,30,Wiraswasta,178914,577,3.1,5152,0,0,0,Kartu Kredit,Pendidikan,22.27,157.0,86.0,29.0,1
CUST108445,18,Bekerja,28465,554,1.2,75,0,0,1,Kartu Kredit,Konsolidasi Hutang,21.02,436.0,1.075,358.0,0
CUST108446,50,Bekerja,32485,713,22.5,246,0,0,0,Pinjaman Pribadi,Renovasi Rumah,11.22,111.0,0.4,133.0,1
CUST108447,53,Bekerja,37929,616,17.2,1499,0,0,0,Kartu Kredit,Pendidikan,19.93,477.0,232.0,77.0,1
CUST108448,29,Bekerja,28301,644,9.6,5040,0,0,0,Kartu Kredit,Renovasi Rumah,20.66,197.0,1.078,359.0,1
CUST108449,50,Bekerja,54139,669,1.1,62,0,0,0,Kredit Berjalan,Medis,9.44,411.0,0.48,0.16,1
CUST108450,37,Bekerja,47164,618,11.5,844,0,0,0,Pinjaman Pribadi,Pribadi,13.76,424.0,1.762,587.0,0
CUST108451,33,Bekerja,34912,603,12.1,3170,0,1,0,Pinjaman Pribadi,Medis,13.77,264.0,484.0,161.0,1
CUST108452,35,Mahasiswa,26624,765,16.5,11559,0,1,0,Kartu Kredit,Pendidikan,15.17,395.0,101.0,34.0,1
CUST108453,45,Bekerja,18910,667,26.6,1001,0,1,0,Kartu Kredit,Renovasi Rumah,17.36,231.0,724.0,241.0,1
CUST108454,33,Bekerja,27854,716,6.2,202,0,0,0,Pinjaman Pribadi,Renovasi Rumah,11.49,204.0,0.79,263.0,1
CUST108455,34,Bekerja,35441,666,7.3,4116,0,0,0,Kartu Kredit,Bisnis,18.31,178.0,815.0,272.0,1
CUST108456,42,Bekerja,44642,651,5.4,3858,0,0,0,Kartu Kredit,Medis,17.64,203.0,1.14,0.38,1
CUST108457,22,Mahasiswa,15000,614,3.5,76,0,1,0,Kredit Berjalan,Pribadi,12.69,187.0,333.0,111.0,1
CUST108458,35,Bekerja,31051,765,8.9,1192,0,0,0,Kartu Kredit,Medis,15.24,65.0,1.06,353.0,1
CUST108459,26,Bekerja,17689,590,6.8,620,0,0,0,Kartu Kredit,Pribadi,22.08,45.0,1.204,401.0,0
CUST108460,47,Bekerja,32402,632,6.6,457,0,3,0,Kredit Berjalan,Pendidikan,12.31,0.47,454.0,151.0,0
CUST108461,25,Bekerja,17744,554,1.2,26,0,0,1,Kartu Kredit,Pendidikan,21.13,94.0,141.0,47.0,1
CUST108462,42,Bekerja,30237,610,14.4,2332,0,2,0,Kartu Kredit,Konsolidasi Hutang,20.55,116.0,129.0,43.0,1
CUST108463,39,Bekerja,29758,722,13.9,139,0,0,0,Kartu Kredit,Pendidikan,16.27,626.0,1.385,462.0,0
CUST108464,29,Bekerja,61443,538,0.2,5,0,0,0,Kartu Kredit,Pendidikan,22.54,124.0,1.076,359.0,0
CUST108465,33,Wiraswasta,44190,664,4.7,1730,0,0,0,Pinjaman Pribadi,Bisnis,12.39,526.0,1.871,624.0,0
CUST108466,43,Bekerja,44628,644,23.6,469,0,1,1,Kartu Kredit,Renovasi Rumah,20.52,88.0,112.0,37.0,1
CUST108467,42,Wiraswasta,73621,710,0.7,32,0,0,0,Kartu Kredit,Pribadi,15.6,322.0,951.0,317.0,1
CUST108468,21,Bekerja,38577,643,2.7,1505,0,0,1,Pinjaman Pribadi,Renovasi Rumah,13.01,262.0,899.0,0.3,0
CUST108469,38,Wiraswasta,50005,648,16.0,144,0,0,0,Kartu Kredit,Pribadi,20.8,155.0,646.0,215.0,1
CUST108470,32,Mahasiswa,19634,651,4.9,215,0,0,0,Pinjaman Pribadi,Pribadi,12.86,106.0,1.141,0.38,0
CUST108471,27,Bekerja,24370,581,1.9,101,0,2,0,Pinjaman Pribadi,Bisnis,16.26,156.0,1.358,453.0,0
CUST108472,27,Wiraswasta,210493,709,3.6,26275,0,1,0,Pinjaman Pribadi,Medis,9.59,383.0,475.0,158.0,1
CUST108473,25,Bekerja,20705,587,2.4,668,0,0,1,Kartu Kredit,Pendidikan,21.5,273.0,1.251,417.0,0
CUST108474,36,Wiraswasta,60863,661,3.9,319,1,1,0,Kredit Berjalan,Pribadi,10.7,0.43,822.0,274.0,0
CUST108475,18,Bekerja,49755,544,1.4,216,0,1,1,Kartu Kredit,Medis,22.8,412.0,951.0,317.0,0
CUST108476,37,Wiraswasta,42699,618,0.7,5,0,1,0,Pinjaman Pribadi,Medis,14.55,224.0,496.0,165.0,1
CUST108477,45,Bekerja,17564,570,0.2,5,0,1,0,Kartu Kredit,Pribadi,22.21,446.0,621.0,207.0,0
CUST108478,29,Bekerja,22264,573,4.7,63,1,1,0,Kartu Kredit,Konsolidasi Hutang,22.48,343.0,885.0,295.0,0
CUST108479,41,Bekerja,58996,680,11.7,4732,0,0,0,Kartu Kredit,Pribadi,18.57,387.0,763.0,254.0,1
CUST108480,50,Bekerja,94072,710,3.1,414,0,0,0,Kartu Kredit,Pribadi,16.28,47.0,589.0,196.0,1
CUST108481,18,Bekerja,18641,520,2.0,77,0,0,0,Kredit Berjalan,Pendidikan,14.09,148.0,306.0,102.0,0
CUST108482,35,Wiraswasta,57491,673,7.1,1083,0,0,0,Pinjaman Pribadi,Pendidikan,11.56,246.0,1.717,572.0,1
CUST108483,22,Bekerja,20488,720,1.9,71,0,0,0,Kredit Berjalan,Renovasi Rumah,7.69,414.0,405.0,135.0,1
CUST108484,33,Bekerja,48444,546,3.9,290,0,2,1,Kartu Kredit,Bisnis,21.69,314.0,623.0,208.0,0
CUST108485,28,Bekerja,15000,572,1.2,116,0,2,0,Kredit Berjalan,Medis,14.08,244.0,893.0,298.0,0
CUST108486,27,Wiraswasta,250000,621,8.0,708,0,0,0,Kredit Berjalan,Pribadi,12.1,355.0,164.0,55.0,1
CUST108487,45,Bekerja,106456,505,2.5,1456,0,2,0,Pinjaman Pribadi,Pribadi,16.74,0.62,0.14,47.0,0
CUST108488,42,Bekerja,46484,629,17.9,1459,0,0,0,Kartu Kredit,Bisnis,19.46,452.0,1.117,372.0,0
CUST108489,38,Bekerja,38523,627,6.4,49,0,2,0,Pinjaman Pribadi,Renovasi Rumah,13.4,623.0,1.815,605.0,0
CUST108490,26,Mahasiswa,15000,672,6.4,109,0,0,0,Kartu Kredit,Medis,18.89,466.0,0.1,33.0,1
CUST108491,22,Bekerja,50850,567,2.5,216,1,1,2,Pinjaman Pribadi,Bisnis,15.34,423.0,1.862,621.0,0
CUST108492,47,Wiraswasta,97675,683,26.7,2629,0,0,0,Pinjaman Pribadi,Medis,12.62,455.0,0.77,257.0,1
CUST108493,35,Wiraswasta,79393,576,9.7,5230,0,1,0,Pinjaman Pribadi,Pribadi,15.94,386.0,577.0,192.0,0
CUST108494,30,Wiraswasta,81531,597,7.1,299,1,1,0,Pinjaman Pribadi,Medis,15.8,395.0,1.227,409.0,0
CUST108495,28,Bekerja,44087,655,2.5,8,0,0,0,Kredit Berjalan,Bisnis,9.56,246.0,322.0,107.0,1
CUST108496,28,Bekerja,15000,700,6.3,3016,0,0,0,Pinjaman Pribadi,Pendidikan,10.85,368.0,1.707,569.0,1
CUST108497,36,Mahasiswa,19630,559,15.7,354,0,1,1,Kredit Berjalan,Bisnis,13.61,73.0,571.0,0.19,0
CUST108498,47,Bekerja,35762,669,27.6,8662,0,1,0,Pinjaman Pribadi,Pendidikan,11.31,334.0,1.488,496.0,1
CUST108499,33,Mahasiswa,15000,588,4.9,116,0,1,0,Kartu Kredit,Bisnis,21.63,228.0,0.1,33.0,1
CUST108500,25,Mahasiswa,25464,482,0.7,100,0,1,1,Kartu Kredit,Pendidikan,22.07,0.03,98.0,33.0,0
CUST108501,34,Mahasiswa,22678,601,8.6,1122,0,0,0,Pinjaman Pribadi,Pribadi,13.95,0.08,803.0,268.0,1
CUST108502,37,Wiraswasta,36017,574,14.4,1093,1,0,1,Kartu Kredit,Medis,21.14,303.0,31.0,0.01,0
CUST108503,21,Bekerja,53954,515,1.7,743,1,2,1,Pinjaman Pribadi,Pendidikan,15.74,167.0,0.13,43.0,0
CUST108504,39,Wiraswasta,80187,660,2.1,178,0,0,0,Kartu Kredit,Pribadi,18.81,565.0,873.0,291.0,0
CUST108505,35,Bekerja,141375,729,1.6,79,0,0,0,Kredit Berjalan,Renovasi Rumah,7.81,153.0,93.0,31.0,1
CUST108506,29,Bekerja,27318,624,5.2,594,0,0,0,Kredit Berjalan,Pribadi,12.34,293.0,275.0,92.0,1
CUST108507,55,Bekerja,89422,639,11.9,11316,0,0,0,Kartu Kredit,Pribadi,20.83,331.0,729.0,243.0,1
CUST108508,36,Bekerja,68026,704,9.7,2965,0,0,0,Kartu Kredit,Pendidikan,16.06,311.0,1.029,343.0,1
CUST108509,23,Bekerja,27659,705,3.7,478,0,0,0,Pinjaman Pribadi,Pribadi,10.68,297.0,1.074,358.0,1
CUST108510,23,Bekerja,16288,640,0.2,54,0,2,0,Pinjaman Pribadi,Pendidikan,13.22,288.0,933.0,311.0,0
CUST108511,29,Wiraswasta,44739,671,3.6,604,0,0,0,Kredit Berjalan,Bisnis,9.85,505.0,338.0,113.0,0
CUST108512,36,Bekerja,16652,647,16.6,1376,0,0,0,Kartu Kredit,Bisnis,20.09,89.0,703.0,234.0,1
CUST108513,27,Bekerja,52557,558,5.7,2886,0,2,1,Pinjaman Pribadi,Konsolidasi Hutang,15.92,353.0,1.842,614.0,0
CUST108514,18,Wiraswasta,120374,503,0.6,59,0,0,1,Kredit Berjalan,Pendidikan,13.86,0.05,299.0,0.1,1
CUST108515,49,Bekerja,61738,696,12.6,433,0,0,0,Kartu Kredit,Pribadi,18.99,304.0,1.134,378.0,1
CUST108516,35,Wiraswasta,33078,598,5.1,938,0,0,0,Kartu Kredit,Pendidikan,21.77,277.0,417.0,139.0,1
CUST108517,41,Wiraswasta,63119,594,5.6,1103,0,1,2,Kartu Kredit,Pendidikan,22.91,424.0,364.0,121.0,0
CUST108518,45,Bekerja,41893,706,17.7,1379,0,0,0,Kartu Kredit,Renovasi Rumah,17.31,155.0,1.346,449.0,1
CUST108519,19,Wiraswasta,62090,610,1.7,167,0,0,0,Pinjaman Pribadi,Bisnis,13.8,97.0,216.0,72.0,1
CUST108520,38,Mahasiswa,15000,675,8.2,713,0,1,0,Kartu Kredit,Renovasi Rumah,18.28,444.0,0.1,33.0,1
CUST108521,32,Mahasiswa,26287,751,0.0,0,1,3,0,Pinjaman Pribadi,Bisnis,8.25,432.0,255.0,85.0,0
CUST108522,55,Mahasiswa,35224,711,9.6,1414,0,0,0,Pinjaman Pribadi,Medis,9.78,66.0,0.15,0.05,1
CUST108523,21,Wiraswasta,31875,690,1.7,742,0,0,0,Kartu Kredit,Bisnis,18.11,124.0,995.0,332.0,1
CUST108524,37,Mahasiswa,15000,632,9.9,1051,0,0,0,Kartu Kredit,Renovasi Rumah,19.81,246.0,0.1,33.0,1
CUST108525,30,Wiraswasta,56608,552,4.0,486,0,1,1,Kartu Kredit,Pribadi,21.44,345.0,1.237,412.0,0
CUST108526,48,Bekerja,52181,692,27.2,33499,0,0,0,Kartu Kredit,Konsolidasi Hutang,18.78,377.0,1.225,408.0,0
CUST108527,46,Bekerja,25702,585,0.1,4,0,1,0,Kartu Kredit,Pribadi,22.68,336.0,51.0,17.0,0
CUST108528,33,Wiraswasta,37436,691,13.3,27845,0,0,0,Pinjaman Pribadi,Pribadi,11.01,369.0,1.712,571.0,1
CUST108529,30,Bekerja,15000,593,7.0,220,0,0,0,Kartu Kredit,Pendidikan,22.4,269.0,1.28,427.0,0
CUST108530,35,Bekerja,38657,590,16.4,6158,0,0,0,Kredit Berjalan,Pendidikan,13.44,433.0,634.0,211.0,1
CUST108531,21,Bekerja,21496,728,1.2,15,0,1,0,Kartu Kredit,Medis,17.05,193.0,475.0,158.0,1
CUST108532,32,Bekerja,73200,561,8.5,839,0,4,0,Kartu Kredit,Pendidikan,21.14,236.0,874.0,291.0,0
CUST108533,45,Bekerja,26405,545,4.2,900,0,1,0,Kredit Berjalan,Pendidikan,13.23,226.0,871.0,0.29,1
CUST108534,35,Bekerja,22553,633,8.2,2479,0,1,0,Kredit Berjalan,Renovasi Rumah,11.68,257.0,541.0,0.18,1
CUST108535,41,Wiraswasta,22756,524,8.6,44,0,0,0,Kartu Kredit,Pribadi,21.64,711.0,901.0,0.3,0
CUST108536,42,Bekerja,92419,661,5.7,268,0,0,0,Pinjaman Pribadi,Medis,12.21,227.0,39.0,13.0,1
CUST108537,41,Bekerja,57093,678,7.7,1069,0,0,0,Pinjaman Pribadi,Pribadi,12.74,502.0,701.0,234.0,0
CUST108538,42,Wiraswasta,68904,691,1.1,811,0,0,0,Kredit Berjalan,Pribadi,9.15,333.0,522.0,174.0,1
CUST108539,26,Mahasiswa,15000,548,0.9,17,0,1,1,Pinjaman Pribadi,Bisnis,15.29,391.0,127.0,42.0,0
CUST108540,18,Bekerja,24317,712,1.6,185,0,0,0,Kartu Kredit,Pribadi,16.31,117.0,1.369,456.0,1
CUST108541,42,Bekerja,34396,557,1.2,523,0,0,0,Kartu Kredit,Medis,21.72,145.0,256.0,85.0,0
CUST108542,40,Wiraswasta,48805,632,10.4,3825,0,1,0,Kartu Kredit,Pribadi,19.48,172.0,717.0,239.0,1
CUST108543,54,Mahasiswa,15000,600,5.8,216,0,0,0,Kartu Kredit,Pribadi,20.4,428.0,0.1,33.0,1
CUST108544,33,Mahasiswa,23404,597,4.5,396,0,1,0,Pinjaman Pribadi,Medis,16.65,477.0,1.077,359.0,0
CUST108545,33,Wiraswasta,90822,707,13.5,2980,0,0,0,Kartu Kredit,Pribadi,16.14,136.0,543.0,181.0,1
CUST108546,45,Bekerja,43217,642,18.2,10727,0,2,0,Kartu Kredit,Renovasi Rumah,20.78,221.0,361.0,0.12,1
CUST108547,41,Bekerja,31609,587,11.0,22,0,0,0,Pinjaman Pribadi,Pribadi,16.93,147.0,1.534,511.0,0
CUST108548,32,Bekerja,31947,659,12.9,701,0,0,0,Kredit Berjalan,Bisnis,10.64,139.0,254.0,85.0,1
CUST108549,18,Bekerja,35853,557,0.3,455,0,0,0,Kartu Kredit,Pribadi,21.08,325.0,485.0,162.0,0
CUST108550,38,Bekerja,80826,695,19.4,5817,0,0,0,Pinjaman Pribadi,Renovasi Rumah,12.93,25.0,1.237,412.0,1
CUST108551,35,Bekerja,22349,652,5.1,318,0,0,0,Kartu Kredit,Bisnis,18.26,199.0,1.329,443.0,1
CUST108552,45,Bekerja,49072,756,3.4,163,0,0,0,Pinjaman Pribadi,Pendidikan,9.34,251.0,994.0,331.0,1
CUST108553,33,Mahasiswa,15000,687,6.6,33,0,0,0,Kartu Kredit,Pribadi,17.71,294.0,0.1,33.0,1
CUST108554,21,Bekerja,16545,666,2.9,338,0,0,1,Pinjaman Pribadi,Pendidikan,11.62,469.0,1.535,512.0,0
CUST108555,18,Bekerja,64343,585,1.3,277,0,0,2,Pinjaman Pribadi,Pribadi,15.42,434.0,647.0,216.0,0
CUST108556,35,Bekerja,29175,588,2.9,5593,0,0,0,Pinjaman Pribadi,Renovasi Rumah,16.07,203.0,1.854,618.0,0
CUST108557,30,Wiraswasta,31773,615,11.6,4319,0,0,0,Kartu Kredit,Pribadi,19.62,321.0,1.36,453.0,1
CUST108558,27,Wiraswasta,47483,708,1.9,273,0,0,1,Pinjaman Pribadi,Bisnis,10.49,159.0,1.954,651.0,0
CUST108559,40,Bekerja,38144,712,4.4,1339,0,0,0,Pinjaman Pribadi,Bisnis,10.27,569.0,1.368,456.0,0
CUST108560,36,Bekerja,56075,656,11.3,4355,0,1,0,Pinjaman Pribadi,Pendidikan,12.13,52.0,1.551,517.0,1
CUST108561,27,Bekerja,39820,588,4.1,83,1,2,1,Kartu Kredit,Renovasi Rumah,21.98,0.16,884.0,295.0,0
CUST108562,28,Wiraswasta,40988,580,2.7,234,0,2,0,Kartu Kredit,Pribadi,21.77,0.38,422.0,141.0,0
CUST108563,29,Wiraswasta,33719,565,2.9,35,0,1,0,Pinjaman Pribadi,Pribadi,16.4,334.0,1.518,506.0,0
CUST108564,45,Bekerja,81669,701,9.3,1610,0,0,1,Kartu Kredit,Medis,17.36,265.0,251.0,84.0,1
CUST108565,31,Bekerja,38024,573,1.7,294,0,1,0,Pinjaman Pribadi,Bisnis,15.44,512.0,1.788,596.0,0
CUST108566,39,Wiraswasta,54775,579,3.9,158,1,2,1,Kredit Berjalan,Pribadi,13.64,107.0,531.0,177.0,0
CUST108567,24,Bekerja,31213,496,5.2,89,0,0,1,Kredit Berjalan,Pendidikan,14.55,187.0,666.0,222.0,0
CUST108568,37,Bekerja,24482,597,11.0,3288,0,0,1,Kredit Berjalan,Bisnis,14.64,418.0,0.78,0.26,0
CUST108569,34,Wiraswasta,83065,736,3.1,191,0,1,0,Kartu Kredit,Renovasi Rumah,16.26,237.0,843.0,281.0,1
CUST108570,37,Bekerja,75283,623,10.1,11934,0,2,0,Pinjaman Pribadi,Pendidikan,13.7,482.0,489.0,163.0,0
CUST108571,31,Mahasiswa,19562,472,5.6,1739,0,2,0,Kartu Kredit,Pribadi,22.63,187.0,102.0,34.0,1
CUST108572,29,Bekerja,35319,676,5.4,1586,0,0,0,Pinjaman Pribadi,Bisnis,12.73,278.0,28.0,9.0,1
CUST108573,50,Mahasiswa,24340,708,7.3,1404,0,0,0,Kartu Kredit,Medis,17.02,312.0,99.0,33.0,1
CUST108574,56,Bekerja,42383,599,5.1,147,0,0,0,Pinjaman Pribadi,Renovasi Rumah,17.0,255.0,866.0,289.0,0
CUST108575,25,Bekerja,15000,594,2.2,435,0,2,0,Pinjaman Pribadi,Pribadi,15.13,498.0,493.0,164.0,0
CUST108576,36,Bekerja,57856,677,5.0,162,0,0,0,Pinjaman Pribadi,Pribadi,12.11,0.19,1.189,396.0,1
CUST108577,33,Bekerja,63169,678,5.2,2091,0,0,0,Kartu Kredit,Bisnis,18.46,594.0,906.0,302.0,0
CUST108578,32,Bekerja,26315,661,13.8,402,0,0,0,Pinjaman Pribadi,Pribadi,11.46,13.0,171.0,57.0,1
CUST108579,42,Bekerja,43947,706,20.8,10902,0,0,0,Pinjaman Pribadi,Medis,10.78,91.0,1.431,477.0,1
CUST108580,38,Bekerja,88736,714,14.0,4049,0,0,0,Kartu Kredit,Bisnis,16.74,54.0,34.0,11.0,1
CUST108581,35,Bekerja,37332,518,7.0,45,0,0,1,Kartu Kredit,Pribadi,21.09,444.0,889.0,296.0,0
CUST108582,35,Wiraswasta,73069,680,3.8,2328,0,1,0,Kartu Kredit,Pribadi,18.58,186.0,352.0,117.0,1
CUST108583,49,Bekerja,51086,807,25.7,2005,0,1,0,Kredit Berjalan,Bisnis,6.54,0.5,397.0,132.0,1
CUST108584,33,Bekerja,19045,612,9.7,488,0,1,0,Kartu Kredit,Bisnis,20.08,755.0,798.0,266.0,0
CUST108585,28,Mahasiswa,33734,573,4.5,1054,1,0,0,Kartu Kredit,Pendidikan,22.99,143.0,101.0,34.0,0
CUST108586,30,Bekerja,83749,623,8.7,28757,0,0,0,Kartu Kredit,Pribadi,19.35,147.0,836.0,279.0,1
CUST108587,31,Bekerja,72669,611,3.8,1260,0,0,0,Kredit Berjalan,Bisnis,11.53,536.0,621.0,207.0,0
CUST108588,18,Bekerja,18680,682,0.5,5,0,0,0,Pinjaman Pribadi,Renovasi Rumah,12.95,494.0,1.403,468.0,0
CUST108589,18,Bekerja,37984,546,1.4,182,0,1,0,Kartu Kredit,Renovasi Rumah,21.27,567.0,958.0,319.0,0
CUST108590,26,Bekerja,68972,588,6.6,344,0,2,0,Kartu Kredit,Bisnis,21.3,329.0,212.0,71.0,0
CUST108591,37,Bekerja,48820,593,12.2,2762,0,0,1,Pinjaman Pribadi,Pendidikan,16.21,264.0,1.887,629.0,1
CUST108592,36,Mahasiswa,25690,680,11.1,219,0,0,0,Kartu Kredit,Medis,18.79,22.0,101.0,34.0,1
CUST108593,33,Bekerja,68756,590,10.4,3319,0,1,0,Pinjaman Pribadi,Medis,15.57,122.0,1.454,485.0,0
CUST108594,30,Wiraswasta,21062,613,6.5,3864,0,0,0,Kredit Berjalan,Bisnis,11.52,66.0,513.0,171.0,0
CUST108595,35,Bekerja,23650,621,1.8,875,0,1,0,Kredit Berjalan,Konsolidasi Hutang,11.21,346.0,385.0,128.0,0
CUST108596,40,Bekerja,32120,712,11.8,1955,0,0,0,Pinjaman Pribadi,Pendidikan,11.03,108.0,1.432,477.0,1
CUST108597,51,Bekerja,82770,717,6.3,666,0,0,0,Kartu Kredit,Pendidikan,17.35,561.0,846.0,282.0,0
CUST108598,32,Wiraswasta,61974,631,1.2,33,0,4,0,Kredit Berjalan,Pendidikan,12.22,106.0,165.0,55.0,0
CUST108599,39,Bekerja,43326,620,13.8,1968,0,2,0,Kartu Kredit,Renovasi Rumah,19.91,315.0,1.14,0.38,1
CUST108600,44,Bekerja,61612,689,2.3,604,0,0,0,Kredit Berjalan,Bisnis,10.99,0.53,406.0,135.0,0
CUST108601,37,Bekerja,38209,584,5.9,3295,0,0,0,Kartu Kredit,Medis,22.27,173.0,1.343,448.0,0
CUST108602,33,Wiraswasta,47906,755,2.0,49,0,0,0,Kartu Kredit,Pribadi,15.12,126.0,1.361,454.0,1
CUST108603,56,Bekerja,47686,680,24.1,719,0,0,0,Kredit Berjalan,Pendidikan,9.78,596.0,638.0,213.0,0
CUST108604,26,Wiraswasta,78671,710,2.7,1784,0,0,0,Kredit Berjalan,Pendidikan,9.48,326.0,325.0,108.0,1
CUST108605,35,Bekerja,47416,561,3.8,790,0,0,1,Kartu Kredit,Pribadi,21.06,0.02,458.0,153.0,1
CUST108606,30,Mahasiswa,15000,664,7.5,1511,0,0,0,Kartu Kredit,Bisnis,17.16,412.0,33.0,11.0,1
CUST108607,43,Bekerja,73322,701,8.5,702,0,0,2,Kartu Kredit,Pribadi,16.03,453.0,942.0,314.0,1
CUST108608,31,Wiraswasta,61769,601,2.7,6978,0,2,0,Pinjaman Pribadi,Pribadi,13.87,152.0,324.0,108.0,0
CUST108609,46,Mahasiswa,35375,651,2.9,63,0,0,0,Pinjaman Pribadi,Pribadi,11.84,0.23,1.108,369.0,0
CUST108610,41,Mahasiswa,41046,709,19.8,1422,0,2,0,Kartu Kredit,Pendidikan,15.51,132.0,0.1,33.0,1
CUST108611,25,Wiraswasta,47246,652,6.7,1389,0,1,0,Kartu Kredit,Pribadi,18.31,0.2,83.0,28.0,1
CUST108612,33,Mahasiswa,21782,581,12.3,926,0,0,0,Kredit Berjalan,Pendidikan,13.66,658.0,335.0,112.0,0
CUST108613,27,Bekerja,41756,610,6.5,122,0,1,1,Pinjaman Pribadi,Renovasi Rumah,13.14,491.0,1.504,501.0,0
CUST108614,34,Wiraswasta,64913,670,7.0,401,0,0,0,Kartu Kredit,Medis,18.07,231.0,894.0,298.0,1
CUST108615,70,Bekerja,89405,701,0.1,72,0,0,0,Pinjaman Pribadi,Pendidikan,11.44,324.0,1.119,373.0,1
CUST108616,19,Bekerja,29448,606,0.8,103,0,2,0,Kartu Kredit,Pendidikan,20.22,59.0,0.75,0.25,0
CUST108617,18,Bekerja,15815,604,1.6,547,0,0,0,Pinjaman Pribadi,Renovasi Rumah,13.06,0.41,329.0,0.11,0
CUST108618,47,Bekerja,103913,689,28.7,1171,0,0,0,Kartu Kredit,Pendidikan,17.58,417.0,674.0,225.0,1
CUST108619,19,Bekerja,25427,650,0.3,11,0,0,0,Kredit Berjalan,Bisnis,9.07,428.0,712.0,237.0,0
CUST108620,35,Bekerja,36952,595,15.2,10415,0,0,0,Kartu Kredit,Bisnis,21.26,59.0,0.39,0.13,1
CUST108621,43,Bekerja,108501,647,9.6,3062,0,4,0,Kartu Kredit,Konsolidasi Hutang,19.37,0.4,645.0,215.0,0
CUST108622,18,Bekerja,19448,630,1.0,60,0,2,0,Kartu Kredit,Pendidikan,20.91,418.0,1.347,449.0,0
CUST108623,42,Bekerja,81676,714,14.1,12798,0,0,0,Kartu Kredit,Medis,16.6,325.0,316.0,105.0,1
CUST108624,31,Wiraswasta,57777,575,4.7,4262,0,0,0,Kartu Kredit,Pribadi,21.19,266.0,1.212,404.0,0
CUST108625,64,Wiraswasta,50498,695,4.0,634,0,0,0,Kartu Kredit,Renovasi Rumah,18.05,229.0,257.0,86.0,1
CUST108626,45,Bekerja,118189,636,12.7,1115,0,1,0,Kredit Berjalan,Pribadi,12.18,269.0,382.0,127.0,1
CUST108627,46,Bekerja,111266,499,22.0,77657,0,0,1,Kartu Kredit,Pribadi,21.81,186.0,514.0,171.0,1
CUST108628,35,Bekerja,50517,693,16.4,12704,0,0,0,Kartu Kredit,Bisnis,17.2,228.0,829.0,276.0,1
CUST108629,31,Bekerja,66231,603,2.6,62,0,1,0,Kredit Berjalan,Pendidikan,11.45,197.0,531.0,177.0,1
CUST108630,19,Wiraswasta,24072,686,1.6,130,0,0,0,Kredit Berjalan,Pribadi,9.99,147.0,403.0,134.0,1
CUST108631,22,Bekerja,19844,673,0.2,2,0,0,0,Kredit Berjalan,Pribadi,10.46,154.0,454.0,151.0,1
CUST108632,44,Bekerja,59820,641,22.7,3906,0,0,0,Pinjaman Pribadi,Renovasi Rumah,14.41,443.0,1.021,0.34,0
CUST108633,64,Mahasiswa,16568,733,25.9,10088,0,0,1,Kartu Kredit,Pendidikan,16.51,317.0,103.0,34.0,1
CUST108634,50,Mahasiswa,32375,691,29.0,4511,0,0,0,Kartu Kredit,Pribadi,17.78,136.0,99.0,33.0,1
CUST108635,39,Bekerja,53652,676,17.1,558,0,0,0,Pinjaman Pribadi,Pribadi,11.71,117.0,1.625,542.0,1
CUST108636,18,Bekerja,29224,544,1.2,196,0,0,1,Pinjaman Pribadi,Pendidikan,16.04,123.0,1.386,462.0,0
CUST108637,23,Bekerja,15582,566,2.2,40,0,1,0,Pinjaman Pribadi,Bisnis,15.73,317.0,796.0,265.0,0
CUST108638,50,Mahasiswa,15000,553,15.8,363,0,0,1,Kartu Kredit,Pendidikan,22.34,291.0,0.1,33.0,1
CUST108639,22,Bekerja,37899,571,0.6,111,0,1,0,Kredit Berjalan,Pendidikan,13.93,85.0,306.0,102.0,0
CUST108640,25,Bekerja,22587,617,6.6,13780,0,4,0,Kartu Kredit,Renovasi Rumah,20.61,188.0,921.0,307.0,0
CUST108641,47,Bekerja,20727,629,23.7,1228,0,1,0,Kartu Kredit,Bisnis,19.48,47.0,507.0,169.0,0
CUST108642,40,Mahasiswa,24471,758,4.7,92,0,0,0,Kartu Kredit,Pribadi,14.87,425.0,98.0,33.0,1
CUST108643,39,Wiraswasta,16609,620,5.6,235,1,0,0,Kartu Kredit,Pendidikan,20.34,326.0,668.0,223.0,0
CUST108644,44,Bekerja,143648,674,3.7,29415,0,0,0,Kartu Kredit,Bisnis,17.56,181.0,27.0,9.0,1
CUST108645,38,Wiraswasta,47200,666,7.9,1942,0,0,0,Kredit Berjalan,Pendidikan,9.16,0.11,576.0,192.0,1
CUST108646,37,Bekerja,15987,776,11.7,195,0,0,0,Pinjaman Pribadi,Pendidikan,9.26,592.0,325.0,108.0,0
CUST108647,40,Bekerja,100899,676,0.3,106,0,0,0,Pinjaman Pribadi,Medis,11.62,429.0,991.0,0.33,0
CUST108648,18,Wiraswasta,44977,516,1.3,197,0,1,0,Pinjaman Pribadi,Medis,16.79,205.0,887.0,296.0,0
CUST108649,18,Bekerja,45034,635,0.3,11,0,2,0,Kredit Berjalan,Bisnis,12.97,471.0,391.0,0.13,0
CUST108650,32,Bekerja,30767,644,7.2,156,0,0,0,Kredit Berjalan,Pribadi,11.0,356.0,595.0,198.0,1
CUST108651,26,Wiraswasta,87556,690,6.4,3289,0,0,1,Kredit Berjalan,Medis,10.96,0.15,359.0,0.12,1
CUST108652,42,Bekerja,32358,742,14.6,336,0,0,0,Kartu Kredit,Pribadi,17.31,436.0,983.0,328.0,1
CUST108653,28,Bekerja,31030,746,4.8,285,0,0,1,Kartu Kredit,Pribadi,15.82,445.0,393.0,131.0,1
CUST108654,34,Bekerja,36779,581,11.6,195,0,0,0,Kartu Kredit,Medis,21.25,36.0,848.0,283.0,1
CUST108655,23,Bekerja,54242,618,4.8,736,0,0,0,Pinjaman Pribadi,Renovasi Rumah,13.15,116.0,669.0,223.0,1
CUST108656,21,Bekerja,53379,571,2.2,263,0,1,1,Kredit Berjalan,Pendidikan,13.06,167.0,656.0,219.0,0
CUST108657,24,Bekerja,27084,635,0.9,10,0,0,0,Pinjaman Pribadi,Pendidikan,14.51,325.0,0.34,113.0,1
CUST108658,37,Wiraswasta,56956,721,14.7,701,0,0,0,Pinjaman Pribadi,Konsolidasi Hutang,10.87,248.0,1.508,503.0,0
CUST108659,37,Bekerja,43345,533,15.5,3562,1,0,0,Kartu Kredit,Pribadi,22.37,788.0,55.0,18.0,0
CUST108660,24,Mahasiswa,31113,600,0.6,63,0,0,0,Kartu Kredit,Medis,19.16,297.0,0.1,33.0,1
CUST108661,40,Wiraswasta,135358,561,20.4,470,1,0,0,Kredit Berjalan,Renovasi Rumah,13.24,76.0,106.0,35.0,0
CUST108662,24,Bekerja,19238,545,2.9,684,0,1,2,Kartu Kredit,Pribadi,21.34,228.0,312.0,104.0,0
CUST108663,32,Bekerja,39663,612,11.9,1288,0,4,0,Kredit Berjalan,Pribadi,12.65,514.0,421.0,0.14,0
CUST108664,50,Bekerja,82521,626,1.4,195,0,0,0,Kartu Kredit,Bisnis,20.18,478.0,607.0,202.0,0
CUST108665,39,Bekerja,72473,723,15.2,916,0,0,0,Pinjaman Pribadi,Medis,11.25,83.0,1.38,0.46,1
CUST108666,18,Bekerja,17043,605,1.6,29,0,1,0,Kartu Kredit,Renovasi Rumah,19.07,456.0,851.0,284.0,0
CUST108667,36,Bekerja,29343,671,13.2,1585,0,0,0,Kartu Kredit,Medis,17.28,232.0,102.0,34.0,1
CUST108668,21,Bekerja,36141,596,1.7,100,1,0,1,Kredit Berjalan,Medis,13.96,277.0,0.7,233.0,0
CUST108669,52,Bekerja,48317,598,9.0,5948,0,0,0,Kredit Berjalan,Bisnis,13.84,251.0,335.0,112.0,0
CUST108670,55,Bekerja,81617,699,13.3,4395,0,0,0,Kartu Kredit,Renovasi Rumah,18.33,18.0,554.0,185.0,1
CUST108671,32,Mahasiswa,15000,589,5.7,2885,0,1,0,Pinjaman Pribadi,Bisnis,15.73,0.5,1.28,427.0,0
CUST108672,49,Bekerja,41557,665,5.0,2911,0,0,0,Kartu Kredit,Medis,18.55,156.0,1.172,391.0,1
CUST108673,32,Bekerja,104739,622,2.4,183,0,1,0,Kartu Kredit,Bisnis,19.74,61.0,386.0,129.0,1
CUST108674,40,Bekerja,59935,614,8.1,2164,0,1,0,Pinjaman Pribadi,Bisnis,13.52,308.0,567.0,189.0,1
CUST108675,27,Bekerja,30357,696,2.9,1332,0,1,0,Kartu Kredit,Pendidikan,18.25,242.0,455.0,152.0,1
CUST108676,18,Bekerja,36276,541,0.4,262,0,0,0,Kartu Kredit,Pribadi,22.45,522.0,47.0,16.0,0
CUST108677,27,Bekerja,40365,616,2.7,22869,0,0,0,Kredit Berjalan,Konsolidasi Hutang,12.11,85.0,253.0,84.0,0
CUST108678,18,Wiraswasta,93794,594,1.4,81,0,3,0,Pinjaman Pribadi,Renovasi Rumah,16.49,382.0,702.0,234.0,0
CUST108679,36,Bekerja,40722,622,3.2,33,0,1,0,Kartu Kredit,Pribadi,19.58,95.0,526.0,175.0,1
CUST108680,35,Bekerja,51488,652,15.3,1789,0,0,0,Pinjaman Pribadi,Pribadi,12.56,268.0,738.0,246.0,1
CUST108681,44,Bekerja,30079,610,25.2,64,0,1,0,Pinjaman Pribadi,Bisnis,13.04,274.0,106.0,35.0,1
CUST108682,25,Bekerja,30378,612,4.1,1275,0,0,0,Kartu Kredit,Bisnis,20.46,502.0,688.0,229.0,0
CUST108683,45,Bekerja,54780,717,5.0,32,0,0,0,Kredit Berjalan,Renovasi Rumah,9.26,743.0,557.0,186.0,0
CUST108684,30,Bekerja,42607,663,6.0,800,0,0,0,Pinjaman Pribadi,Medis,12.92,253.0,953.0,318.0,1
CUST108685,28,Wiraswasta,56497,604,1.1,121,0,0,0,Pinjaman Pribadi,Bisnis,13.31,616.0,1.77,0.59,0
CUST108686,70,Bekerja,84885,631,29.1,6397,0,0,0,Kartu Kredit,Bisnis,19.04,202.0,554.0,185.0,1
CUST108687,45,Bekerja,70017,598,8.7,879,0,2,0,Kredit Berjalan,Pendidikan,13.91,218.0,476.0,159.0,1
CUST108688,26,Mahasiswa,25892,589,4.1,203,0,0,0,Kredit Berjalan,Pribadi,14.74,267.0,769.0,256.0,0
CUST108689,55,Bekerja,83873,807,25.1,3248,0,0,0,Kartu Kredit,Bisnis,14.44,268.0,835.0,278.0,1
CUST108690,27,Bekerja,48299,684,5.9,6579,0,0,0,Kartu Kredit,Pendidikan,18.27,274.0,52.0,17.0,1
CUST108691,34,Mahasiswa,15000,667,12.4,133,0,0,1,Kartu Kredit,Pendidikan,17.14,42.0,0.1,33.0,1
CUST108692,20,Bekerja,42943,639,1.8,229,0,1,0,Pinjaman Pribadi,Konsolidasi Hutang,13.57,104.0,857.0,286.0,0
CUST108693,24,Wiraswasta,70046,606,1.6,13,0,0,0,Pinjaman Pribadi,Pribadi,14.68,216.0,968.0,323.0,1
CUST108694,22,Bekerja,25302,582,2.6,222,0,1,0,Kartu Kredit,Konsolidasi Hutang,21.05,359.0,237.0,79.0,0
CUST108695,18,Wiraswasta,53234,649,0.2,376,0,1,0,Kartu Kredit,Pribadi,20.75,515.0,1.244,415.0,0
CUST108696,42,Bekerja,35661,595,20.2,18713,0,0,0,Pinjaman Pribadi,Pendidikan,15.79,185.0,0.76,253.0,1
CUST108697,32,Bekerja,64656,743,0.3,125,0,1,0,Pinjaman Pribadi,Pendidikan,9.57,324.0,1.547,516.0,1
CUST108698,21,Bekerja,15000,527,1.5,608,0,2,2,Kredit Berjalan,Medis,14.07,179.0,753.0,251.0,0
CUST108699,26,Bekerja,16133,577,4.7,1036,0,2,0,Kartu Kredit,Renovasi Rumah,21.39,248.0,601.0,0.2,0
CUST108700,69,Bekerja,48806,650,25.0,11986,0,0,0,Kartu Kredit,Pribadi,17.3,481.0,125.0,42.0,1
CUST108701,30,Bekerja,67318,736,9.6,1438,0,0,0,Kartu Kredit,Pribadi,15.73,298.0,98.0,33.0,1
CUST108702,20,Bekerja,63257,622,1.0,193,0,1,0,Pinjaman Pribadi,Renovasi Rumah,13.91,53.0,1.581,527.0,0
CUST108703,29,Mahasiswa,30963,653,0.6,233,0,0,0,Kredit Berjalan,Konsolidasi Hutang,9.4,73.0,762.0,254.0,0
CUST108704,36,Bekerja,42204,663,0.7,140,0,0,0,Kartu Kredit,Bisnis,18.58,399.0,175.0,58.0,1
CUST108705,33,Bekerja,34729,698,11.3,270,0,1,0,Pinjaman Pribadi,Pribadi,11.59,217.0,43.0,14.0,1
CUST108706,22,Bekerja,25773,586,1.8,31,0,0,0,Kartu Kredit,Medis,22.04,433.0,415.0,138.0,0
CUST108707,19,Mahasiswa,20701,516,0.6,53,0,0,0,Pinjaman Pribadi,Bisnis,15.54,96.0,449.0,0.15,0
CUST108708,34,Mahasiswa,23898,581,9.9,580,0,0,0,Kartu Kredit,Pribadi,22.61,229.0,0.1,33.0,1
CUST108709,51,Bekerja,155808,714,9.2,19688,1,0,0,Kartu Kredit,Konsolidasi Hutang,16.06,238.0,449.0,0.15,0
CUST108710,35,Bekerja,48785,645,0.1,0,0,0,0,Kartu Kredit,Medis,20.63,102.0,1.189,396.0,0
CUST108711,19,Bekerja,58924,642,1.6,183,0,3,0,Pinjaman Pribadi,Renovasi Rumah,13.2,611.0,1.697,566.0,0
CUST108712,36,Bekerja,40789,740,14.7,1025,0,2,0,Pinjaman Pribadi,Pendidikan,10.78,188.0,1.12,373.0,1
CUST108713,36,Bekerja,29937,627,12.1,807,0,0,0,Pinjaman Pribadi,Bisnis,14.24,754.0,107.0,36.0,0
CUST108714,35,Bekerja,35245,658,11.6,2107,0,0,0,Pinjaman Pribadi,Konsolidasi Hutang,12.56,227.0,1.961,654.0,0
CUST108715,44,Wiraswasta,115183,721,21.6,3213,0,0,0,Kredit Berjalan,Medis,7.87,161.0,434.0,145.0,1
CUST108716,59,Bekerja,37118,648,1.9,177,0,1,0,Kartu Kredit,Konsolidasi Hutang,19.57,443.0,956.0,319.0,0
CUST108717,32,Bekerja,24446,756,11.7,185,0,0,0,Pinjaman Pribadi,Pribadi,9.04,256.0,147.0,49.0,1
CUST108718,37,Bekerja,15000,743,6.8,13,0,0,0,Kartu Kredit,Renovasi Rumah,16.34,328.0,1.327,442.0,1
CUST108719,46,Bekerja,21069,514,5.8,1433,0,2,0,Kartu Kredit,Bisnis,22.79,9.0,446.0,149.0,0
CUST108720,46,Wiraswasta,119188,662,27.6,300000,0,1,0,Kartu Kredit,Bisnis,18.0,763.0,587.0,196.0,0
CUST108721,29,Bekerja,38148,597,5.0,816,0,0,1,Kredit Berjalan,Pendidikan,13.93,67.0,142.0,47.0,0
CUST108722,30,Wiraswasta,154429,541,10.8,1354,0,0,0,Kredit Berjalan,Pribadi,14.82,88.0,234.0,78.0,1
CUST108723,33,Bekerja,27481,619,11.7,1875,0,0,0,Kartu Kredit,Konsolidasi Hutang,20.69,0.17,553.0,184.0,0
CUST108724,40,Wiraswasta,58593,697,21.9,2519,0,2,0,Kartu Kredit,Konsolidasi Hutang,17.41,153.0,125.0,42.0,1
CUST108725,60,Bekerja,90351,748,17.2,2738,0,0,0,Kartu Kredit,Bisnis,15.63,81.0,775.0,258.0,1
CUST108726,35,Bekerja,15457,698,3.3,63,0,1,0,Pinjaman Pribadi,Pendidikan,12.74,98.0,1.126,375.0,1
CUST108727,30,Bekerja,46042,630,6.8,928,0,1,0,Kredit Berjalan,Medis,12.13,483.0,626.0,209.0,0
CUST108728,22,Bekerja,22104,654,2.7,158,0,0,0,Kartu Kredit,Pendidikan,18.07,143.0,715.0,238.0,1
CUST108729,30,Mahasiswa,33623,668,4.0,473,0,1,0,Kartu Kredit,Pendidikan,18.71,162.0,92.0,31.0,1
CUST108730,28,Bekerja,41695,562,7.7,9865,0,0,0,Kartu Kredit,Renovasi Rumah,22.45,106.0,957.0,319.0,1
CUST108731,39,Wiraswasta,51976,636,18.9,729,0,2,0,Pinjaman Pribadi,Bisnis,14.21,338.0,1.778,593.0,0
CUST108732,38,Wiraswasta,35029,577,9.8,23,0,2,2,Kartu Kredit,Pendidikan,21.06,0.08,731.0,244.0,0
CUST108733,33,Mahasiswa,19827,595,9.9,261,0,3,1,Pinjaman Pribadi,Pribadi,16.05,391.0,303.0,101.0,0
CUST108734,36,Bekerja,27192,590,1.8,17,0,1,0,Kartu Kredit,Bisnis,22.16,0.57,165.0,55.0,0
CUST108735,29,Bekerja,28166,611,4.7,581,0,1,0,Pinjaman Pribadi,Renovasi Rumah,14.0,135.0,1.133,378.0,0
CUST108736,47,Bekerja,76884,719,27.8,61247,0,0,0,Kredit Berjalan,Renovasi Rumah,8.17,389.0,134.0,45.0,1
CUST108737,55,Mahasiswa,27933,646,26.7,505,0,3,0,Pinjaman Pribadi,Pendidikan,14.87,277.0,1.883,628.0,0
CUST108738,50,Bekerja,57883,797,11.7,163,0,0,0,Pinjaman Pribadi,Konsolidasi Hutang,8.37,335.0,962.0,321.0,1
CUST108739,46,Bekerja,59408,689,14.8,3196,0,0,0,Kartu Kredit,Pendidikan,17.88,533.0,288.0,96.0,1
CUST108740,26,Mahasiswa,26952,597,7.1,1234,1,0,0,Pinjaman Pribadi,Pendidikan,15.38,18.0,1.907,636.0,0
CUST108741,54,Bekerja,103661,673,6.4,1810,0,0,0,Kartu Kredit,Konsolidasi Hutang,17.81,331.0,675.0,225.0,1
CUST108742,43,Bekerja,65675,755,1.5,887,0,1,0,Pinjaman Pribadi,Bisnis,8.91,242.0,1.108,369.0,1
CUST108743,23,Bekerja,77986,697,1.8,37,0,0,0,Pinjaman Pribadi,Pribadi,12.14,295.0,1.282,427.0,1
CUST108744,61,Bekerja,53499,814,8.2,13480,0,0,0,Kartu Kredit,Pendidikan,15.95,242.0,716.0,239.0,1
CUST108745,18,Bekerja,15000,528,1.7,69,0,1,0,Kartu Kredit,Pribadi,21.85,507.0,1.16,387.0,0
CUST108746,42,Bekerja,20163,597,17.5,1723,0,1,0,Pinjaman Pribadi,Pendidikan,15.78,437.0,1.032,344.0,0
CUST108747,38,Wiraswasta,85144,647,19.1,7361,0,1,0,Kartu Kredit,Medis,19.96,588.0,164.0,55.0,0
CUST108748,37,Bekerja,65892,596,15.5,138,0,2,0,Kredit Berjalan,Renovasi Rumah,13.76,118.0,335.0,112.0,0
CUST108749,45,Wiraswasta,28828,738,2.9,1922,0,0,0,Kartu Kredit,Pribadi,16.49,363.0,812.0,271.0,1
CUST108750,43,Bekerja,118186,601,13.7,676,0,3,0,Kartu Kredit,Bisnis,20.68,441.0,118.0,39.0,0
CUST108751,38,Bekerja,28863,610,6.3,282,0,1,0,Kartu Kredit,Medis,19.38,304.0,1.084,361.0,1
CUST108752,33,Bekerja,70767,613,12.0,7161,0,0,0,Kartu Kredit,Pendidikan,19.53,153.0,253.0,84.0,1
CUST108753,25,Bekerja,37098,670,5.6,694,0,0,0,Pinjaman Pribadi,Bisnis,11.48,218.0,1.644,548.0,0
CUST108754,27,Bekerja,52712,565,5.6,5727,0,0,1,Kredit Berjalan,Pribadi,13.24,0.36,785.0,262.0,0
CUST108755,33,Bekerja,47702,754,11.5,592,0,0,0,Pinjaman Pribadi,Renovasi Rumah,9.41,86.0,564.0,188.0,1
CUST108756,37,Bekerja,29666,629,11.0,4020,0,1,0,Kartu Kredit,Renovasi Rumah,20.28,416.0,644.0,215.0,0
CUST108757,40,Wiraswasta,16705,553,8.6,286,1,2,1,Kredit Berjalan,Konsolidasi Hutang,13.83,567.0,557.0,186.0,0
CUST108758,55,Wiraswasta,21091,675,10.2,122,0,1,0,Pinjaman Pribadi,Pendidikan,12.03,18.0,0.27,0.09,1
CUST108759,18,Wiraswasta,38984,586,1.1,193,0,3,1,Kartu Kredit,Renovasi Rumah,21.62,0.44,639.0,213.0,0
CUST108760,27,Bekerja,17672,560,1.3,138,0,1,0,Kredit Berjalan,Medis,14.94,499.0,283.0,94.0,0
CUST108761,32,Bekerja,57813,649,7.3,350,0,1,0,Kredit Berjalan,Medis,11.74,0.22,457.0,152.0,0
CUST108762,44,Bekerja,151505,643,21.5,19502,0,0,0,Kartu Kredit,Pribadi,20.54,512.0,0.43,143.0,0
CUST108763,31,Mahasiswa,25479,504,9.9,232,0,1,0,Kredit Berjalan,Renovasi Rumah,13.7,101.0,432.0,144.0,0
CUST108764,18,Bekerja,23707,504,1.2,111,0,1,2,Pinjaman Pribadi,Renovasi Rumah,16.07,158.0,1.696,565.0,0
CUST108765,38,Wiraswasta,25933,592,11.0,140,1,3,0,Kartu Kredit,Bisnis,22.2,144.0,0.27,0.09,0
CUST108766,41,Wiraswasta,66566,727,18.2,14555,0,0,0,Pinjaman Pribadi,Pribadi,10.77,114.0,344.0,115.0,1
CUST108767,39,Bekerja,67336,594,7.4,770,0,1,0,Kartu Kredit,Pribadi,22.62,0.38,1.04,347.0,0
CUST108768,32,Wiraswasta,93165,568,13.0,1095,0,1,1,Kartu Kredit,Pendidikan,22.22,265.0,0.2,67.0,1
CUST108769,31,Bekerja,38314,621,9.3,588,0,1,0,Pinjaman Pribadi,Pribadi,14.14,56.0,0.29,97.0,1
CUST108770,34,Bekerja,21119,679,13.1,4807,0,1,0,Kredit Berjalan,Konsolidasi Hutang,9.53,357.0,388.0,129.0,1
CUST108771,22,Bekerja,15991,633,0.3,2,0,0,0,Kartu Kredit,Medis,20.49,174.0,394.0,131.0,1
CUST108772,39,Bekerja,27740,702,13.5,554,0,0,0,Kartu Kredit,Konsolidasi Hutang,15.77,169.0,465.0,155.0,1
CUST108773,27,Bekerja,42723,655,4.4,81,0,0,0,Pinjaman Pribadi,Pendidikan,12.15,353.0,1.968,656.0,1
CUST108774,30,Bekerja,56171,600,7.8,21619,0,1,0,Kartu Kredit,Renovasi Rumah,19.98,109.0,442.0,147.0,1
CUST108775,20,Bekerja,47855,472,1.0,88,0,1,1,Kartu Kredit,Konsolidasi Hutang,21.02,607.0,435.0,145.0,0
CUST108776,38,Bekerja,27828,720,10.7,90,0,0,0,Pinjaman Pribadi,Pendidikan,10.57,102.0,694.0,231.0,1
CUST108777,30,Bekerja,43866,614,9.6,1577,0,1,0,Kartu Kredit,Konsolidasi Hutang,20.66,652.0,73.0,24.0,0
CUST108778,23,Bekerja,31833,613,5.0,244,0,2,0,Kredit Berjalan,Bisnis,11.98,333.0,477.0,159.0,0
CUST108779,48,Bekerja,159428,699,23.9,20580,0,0,0,Kartu Kredit,Pribadi,17.63,308.0,439.0,146.0,1
CUST108780,43,Wiraswasta,126710,620,13.1,917,0,0,0,Kartu Kredit,Medis,20.7,66.0,387.0,129.0,1
CUST108781,45,Mahasiswa,37508,662,6.8,36,0,0,0,Kartu Kredit,Medis,18.04,173.0,101.0,34.0,1
CUST108782,39,Bekerja,30164,668,14.0,484,0,2,1,Kredit Berjalan,Renovasi Rumah,10.71,226.0,381.0,127.0,1
CUST108783,35,Bekerja,65477,668,8.8,10104,0,0,0,Kartu Kredit,Medis,18.58,337.0,1.069,356.0,1
CUST108784,36,Bekerja,58455,666,8.7,24,0,0,0,Pinjaman Pribadi,Pendidikan,11.81,186.0,1.351,0.45,1
CUST108785,29,Mahasiswa,22341,726,2.2,106,1,1,0,Pinjaman Pribadi,Pendidikan,11.38,576.0,1.41,0.47,0
CUST108786,18,Wiraswasta,34259,686,0.9,30,0,1,0,Pinjaman Pribadi,Medis,12.96,498.0,1.045,348.0,0
CUST108787,40,Wiraswasta,108423,741,7.9,2262,0,0,0,Kartu Kredit,Renovasi Rumah,15.52,231.0,41.0,14.0,1
CUST108788,26,Bekerja,24514,687,4.1,3015,0,1,0,Kredit Berjalan,Konsolidasi Hutang,9.97,202.0,335.0,112.0,0
CUST108789,20,Wiraswasta,43761,509,0.9,8,0,2,0,Kartu Kredit,Pribadi,21.44,499.0,631.0,0.21,0
CUST108790,37,Wiraswasta,64908,702,15.8,1548,0,0,0,Kartu Kredit,Pendidikan,15.5,166.0,823.0,274.0,1
CUST108791,26,Wiraswasta,132512,626,5.1,1461,0,0,0,Kredit Berjalan,Pribadi,12.43,341.0,377.0,126.0,0
CUST108792,57,Bekerja,62552,709,27.5,628,0,0,0,Kartu Kredit,Renovasi Rumah,16.87,186.0,1.119,373.0,1
CUST108793,23,Bekerja,64194,596,2.9,937,0,2,0,Kredit Berjalan,Bisnis,14.02,0.54,469.0,156.0,0
CUST108794,27,Bekerja,61214,653,8.0,5273,0,0,0,Pinjaman Pribadi,Pribadi,11.57,263.0,1.599,533.0,1
CUST108795,23,Mahasiswa,20954,566,0.8,24,0,0,1,Kartu Kredit,Pendidikan,21.28,609.0,0.1,33.0,0
CUST108796,39,Bekerja,36918,674,12.8,773,0,1,0,Kartu Kredit,Pribadi,17.38,161.0,0.68,227.0,1
CUST108797,30,Bekerja,31339,651,10.1,7102,0,0,0,Kartu Kredit,Bisnis,18.14,335.0,1.168,389.0,1
CUST108798,28,Bekerja,69093,608,8.1,2264,0,3,0,Pinjaman Pribadi,Medis,14.51,105.0,1.355,452.0,0
CUST108799,34,Bekerja,16746,644,9.5,91,0,0,0,Kredit Berjalan,Pendidikan,11.64,205.0,806.0,269.0,1
CUST108800,53,Wiraswasta,62786,739,2.4,81,0,1,0,Kartu Kredit,Bisnis,16.99,226.0,957.0,319.0,1
CUST108801,18,Bekerja,15000,670,1.9,218,0,0,0,Pinjaman Pribadi,Pribadi,12.53,304.0,1.033,344.0,1
CUST108802,44,Bekerja,99830,701,13.7,36441,0,0,0,Kredit Berjalan,Pribadi,9.46,47.0,223.0,74.0,1
CUST108803,53,Bekerja,110223,609,9.6,136796,0,3,0,Pinjaman Pribadi,Bisnis,14.4,259.0,763.0,254.0,0
CUST108804,35,Wiraswasta,59819,698,0.0,0,0,0,0,Kartu Kredit,Konsolidasi Hutang,17.59,0.11,1.153,384.0,0
CUST108805,58,Bekerja,70804,738,18.0,532,0,0,0,Kartu Kredit,Pribadi,16.91,78.0,633.0,211.0,1
CUST108806,39,Bekerja,108584,718,13.4,6604,0,0,0,Kartu Kredit,Pendidikan,15.73,443.0,645.0,215.0,1
CUST108807,38,Bekerja,42596,586,5.3,1826,0,1,0,Pinjaman Pribadi,Bisnis,16.61,204.0,1.326,442.0,0
CUST108808,64,Bekerja,57820,625,16.7,3444,0,0,0,Pinjaman Pribadi,Pendidikan,13.68,295.0,1.301,434.0,1
CUST108809,38,Wiraswasta,30660,654,16.4,1343,0,0,1,Pinjaman Pribadi,Konsolidasi Hutang,11.5,219.0,137.0,46.0,1
CUST108810,28,Wiraswasta,24066,603,2.8,111,0,1,0,Kartu Kredit,Renovasi Rumah,19.28,465.0,623.0,208.0,0
CUST108811,32,Bekerja,52653,640,5.6,350,0,1,0,Kartu Kredit,Pendidikan,19.99,119.0,0.07,23.0,1
CUST108812,40,Bekerja,28362,637,5.4,164,0,0,0,Kartu Kredit,Pendidikan,20.09,399.0,1.269,423.0,1
CUST108813,41,Mahasiswa,25751,711,15.0,1001,0,1,0,Kartu Kredit,Pendidikan,15.95,223.0,35.0,12.0,1
CUST108814,30,Bekerja,47657,599,4.7,1006,0,0,0,Kredit Berjalan,Medis,14.51,499.0,453.0,151.0,0
CUST108815,25,Bekerja,54329,560,2.2,663,0,0,0,Pinjaman Pribadi,Renovasi Rumah,15.72,131.0,1.791,597.0,0
CUST108816,49,Bekerja,52215,593,1.7,49,0,0,0,Pinjaman Pribadi,Konsolidasi Hutang,15.55,244.0,1.201,0.4,0
CUST108817,24,Bekerja,15000,634,0.8,251,0,2,0,Kartu Kredit,Medis,20.24,176.0,1.32,0.44,0
CUST108818,31,Wiraswasta,52963,606,8.4,1161,0,3,0,Pinjaman Pribadi,Pribadi,13.72,99.0,1.888,629.0,0
CUST108819,40,Bekerja,35118,703,1.5,3452,0,0,0,Kredit Berjalan,Bisnis,9.17,315.0,461.0,154.0,1
CUST108820,35,Bekerja,55062,639,1.1,29,0,0,0,Pinjaman Pribadi,Pribadi,14.6,195.0,1.402,467.0,0
CUST108821,35,Bekerja,93028,634,2.0,920,0,1,0,Kartu Kredit,Medis,20.95,212.0,588.0,196.0,1
CUST108822,18,Bekerja,61650,601,2.0,87,0,0,0,Pinjaman Pribadi,Renovasi Rumah,13.19,259.0,462.0,154.0,0
CUST108823,18,Bekerja,34160,519,0.7,3,0,1,1,Kartu Kredit,Pendidikan,21.53,186.0,1.306,435.0,0
CUST108824,18,Bekerja,19569,637,0.6,115,0,0,0,Pinjaman Pribadi,Pendidikan,13.5,74.0,1.186,395.0,0
CUST108825,26,Bekerja,49893,675,3.3,1093,0,0,0,Kartu Kredit,Renovasi Rumah,17.66,105.0,1.299,433.0,1
CUST108826,26,Bekerja,82202,649,5.2,2520,0,2,0,Kartu Kredit,Medis,20.74,208.0,852.0,284.0,1
CUST108827,32,Bekerja,27916,667,2.3,58,0,0,0,Kartu Kredit,Pribadi,17.48,216.0,54.0,18.0,1
CUST108828,41,Wiraswasta,34600,555,12.0,410,0,0,0,Pinjaman Pribadi,Medis,16.38,234.0,1.329,443.0,0
CUST108829,61,Bekerja,62275,730,1.8,230,0,1,0,Kredit Berjalan,Medis,8.0,326.0,297.0,99.0,1
CUST108830,31,Mahasiswa,19876,737,6.3,477,0,0,0,Kartu Kredit,Renovasi Rumah,15.59,343.0,101.0,34.0,1
CUST108831,24,Wiraswasta,25875,673,5.0,4177,0,0,0,Kartu Kredit,Bisnis,18.17,188.0,1.132,377.0,1
CUST108832,21,Bekerja,22520,564,2.9,10,1,3,0,Kartu Kredit,Konsolidasi Hutang,22.6,0.15,1.248,416.0,0
CUST108833,33,Bekerja,30427,614,7.7,119,0,0,0,Kartu Kredit,Pendidikan,20.07,137.0,795.0,265.0,1
CUST108834,32,Bekerja,34768,609,3.4,101,0,1,0,Kredit Berjalan,Pendidikan,12.47,394.0,187.0,62.0,1
CUST108835,22,Bekerja,21123,577,1.4,15,0,1,0,Kredit Berjalan,Renovasi Rumah,14.94,552.0,833.0,278.0,0
CUST108836,18,Bekerja,20226,511,0.7,7,0,0,1,Kartu Kredit,Bisnis,22.88,137.0,1.112,371.0,0
CUST108837,43,Bekerja,37642,622,20.2,2669,0,0,0,Pinjaman Pribadi,Bisnis,14.45,644.0,1.448,483.0,0
CUST108838,26,Bekerja,18726,586,0.7,56,1,0,2,Kredit Berjalan,Pribadi,13.28,199.0,443.0,148.0,0
CUST108839,31,Wiraswasta,32758,571,6.8,128,0,0,0,Kredit Berjalan,Pribadi,13.42,0.28,244.0,81.0,1
CUST108840,31,Mahasiswa,15000,637,9.1,107,0,0,0,Kartu Kredit,Bisnis,19.4,103.0,0.1,33.0,1
CUST108841,39,Bekerja,56523,625,20.8,10743,0,1,0,Kartu Kredit,Pribadi,19.17,775.0,1.042,347.0,0
CUST108842,26,Bekerja,48180,572,4.0,240,0,0,2,Kartu Kredit,Pribadi,22.0,144.0,318.0,106.0,0
CUST108843,53,Bekerja,80383,740,23.1,8788,0,0,0,Pinjaman Pribadi,Konsolidasi Hutang,9.51,197.0,695.0,232.0,1
CUST108844,44,Bekerja,55739,616,19.3,1493,0,1,0,Kartu Kredit,Medis,19.54,404.0,897.0,299.0,0
CUST108845,26,Wiraswasta,45421,636,0.6,27,0,0,0,Pinjaman Pribadi,Bisnis,14.0,87.0,0.87,0.29,0
CUST108846,41,Wiraswasta,120570,637,2.2,1778,0,0,0,Kartu Kredit,Pendidikan,19.43,536.0,581.0,194.0,1
CUST108847,38,Bekerja,42605,680,1.6,827,0,1,0,Kartu Kredit,Pribadi,18.71,157.0,969.0,323.0,1
CUST108848,55,Bekerja,97276,733,20.2,7840,0,0,0,Kartu Kredit,Medis,17.13,171.0,0.72,0.24,1
CUST108849,28,Bekerja,79504,620,5.2,314,0,1,0,Kartu Kredit,Pendidikan,19.86,516.0,0.88,293.0,0
CUST108850,18,Bekerja,15000,532,0.9,30,0,1,0,Pinjaman Pribadi,Bisnis,15.26,258.0,0.5,167.0,0
CUST108851,35,Wiraswasta,64243,545,12.8,1298,0,0,0,Kartu Kredit,Medis,21.87,433.0,0.61,203.0,1
CUST108852,25,Bekerja,63123,608,4.9,1261,0,2,0,Kartu Kredit,Pribadi,19.92,87.0,1.109,0.37,0
CUST108853,35,Mahasiswa,46907,623,1.8,17020,0,0,0,Kartu Kredit,Konsolidasi Hutang,20.86,438.0,0.1,33.0,0
CUST108854,20,Bekerja,22057,590,0.8,21,0,0,1,Kartu Kredit,Bisnis,22.23,15.0,1.129,376.0,0
CUST108855,61,Bekerja,62983,788,9.9,8219,1,4,0,Pinjaman Pribadi,Pendidikan,8.91,364.0,1.588,529.0,0
CUST108856,59,Bekerja,62296,850,0.8,1099,0,0,0,Kredit Berjalan,Bisnis,6.62,436.0,626.0,209.0,1
CUST108857,64,Wiraswasta,56587,738,3.9,683,0,3,0,Kartu Kredit,Renovasi Rumah,17.44,206.0,1.131,377.0,0
CUST108858,29,Bekerja,56418,638,0.3,19,0,1,0,Pinjaman Pribadi,Pendidikan,14.51,201.0,509.0,0.17,0
CUST108859,36,Bekerja,111729,665,13.7,25127,0,1,0,Kartu Kredit,Renovasi Rumah,18.16,204.0,329.0,0.11,1
CUST108860,39,Bekerja,118407,701,7.4,2181,0,1,0,Kartu Kredit,Bisnis,16.28,219.0,0.03,0.01,1
CUST108861,56,Bekerja,67080,599,0.9,35,0,1,0,Pinjaman Pribadi,Pendidikan,15.7,242.0,1.295,432.0,0
CUST108862,18,Bekerja,16815,512,0.6,186,0,3,0,Pinjaman Pribadi,Medis,15.66,531.0,1.059,353.0,0
CUST108863,37,Bekerja,37740,571,7.5,499,1,2,0,Kartu Kredit,Pribadi,22.76,168.0,376.0,125.0,0
CUST108864,20,Bekerja,23660,690,1.3,75,0,1,0,Kredit Berjalan,Pribadi,9.58,363.0,406.0,135.0,0
CUST108865,40,Mahasiswa,20372,619,0.1,1,0,0,0,Pinjaman Pribadi,Pribadi,13.86,442.0,1.119,373.0,0
CUST108866,53,Bekerja,64644,710,18.3,45536,0,0,0,Kredit Berjalan,Konsolidasi Hutang,8.13,577.0,534.0,178.0,0
CUST108867,20,Mahasiswa,41608,464,1.8,156,0,0,1,Pinjaman Pribadi,Medis,16.33,225.0,1.031,344.0,0
CUST108868,33,Wiraswasta,131504,706,6.1,17928,0,0,1,Pinjaman Pribadi,Konsolidasi Hutang,9.86,277.0,142.0,47.0,1
CUST108869,42,Bekerja,43409,693,10.9,928,0,0,0,Pinjaman Pribadi,Bisnis,12.96,65.0,1.214,405.0,1
CUST108870,40,Wiraswasta,226422,692,5.9,11470,0,0,0,Pinjaman Pribadi,Renovasi Rumah,11.59,457.0,122.0,41.0,1
CUST108871,36,Bekerja,35742,669,4.2,618,0,0,0,Pinjaman Pribadi,Pribadi,12.04,408.0,671.0,224.0,1
CUST108872,31,Bekerja,62944,630,9.2,191,0,1,0,Kartu Kredit,Pendidikan,19.15,155.0,875.0,292.0,1
CUST108873,27,Bekerja,31894,656,0.8,95,0,0,0,Kartu Kredit,Renovasi Rumah,17.86,129.0,47.0,16.0,1
CUST108874,39,Bekerja,57931,601,11.9,9446,0,1,0,Pinjaman Pribadi,Renovasi Rumah,13.99,382.0,642.0,214.0,1
CUST108875,27,Bekerja,31726,628,4.9,1543,0,0,0,Kartu Kredit,Bisnis,19.91,153.0,1.371,457.0,0
CUST108876,30,Bekerja,44061,600,3.4,640,0,0,0,Pinjaman Pribadi,Pribadi,13.89,283.0,792.0,264.0,1
CUST108877,26,Bekerja,31326,545,0.3,1,0,2,0,Kartu Kredit,Bisnis,22.94,301.0,1.146,382.0,0
CUST108878,49,Wiraswasta,39305,687,26.9,39220,0,0,0,Kartu Kredit,Medis,17.86,425.0,1.023,341.0,1
CUST108879,30,Bekerja,20025,659,5.1,218,0,0,0,Kartu Kredit,Medis,17.37,268.0,65.0,22.0,1
CUST108880,31,Bekerja,37413,489,11.0,2182,0,0,0,Kredit Berjalan,Konsolidasi Hutang,14.5,496.0,855.0,285.0,0
CUST108881,22,Bekerja,45517,679,2.2,30,0,0,0,Kredit Berjalan,Renovasi Rumah,9.1,43.0,932.0,311.0,0
CUST108882,44,Bekerja,37816,648,2.0,477,0,1,0,Pinjaman Pribadi,Pendidikan,14.72,115.0,127.0,42.0,1
CUST108883,36,Bekerja,57017,694,2.8,1115,0,0,1,Kartu Kredit,Pribadi,17.77,489.0,1.226,409.0,0
CUST108884,32,Bekerja,55765,627,2.7,936,0,0,0,Pinjaman Pribadi,Pribadi,14.81,117.0,1.793,598.0,1
CUST108885,50,Wiraswasta,37156,586,25.1,34334,0,0,1,Kartu Kredit,Pendidikan,21.95,29.0,229.0,76.0,1
CUST108886,51,Bekerja,15000,628,12.9,519,0,1,0,Kartu Kredit,Medis,19.34,238.0,1.347,449.0,1
CUST108887,18,Wiraswasta,127893,591,1.3,2968,0,0,0,Kartu Kredit,Pribadi,21.96,664.0,88.0,29.0,0
CUST108888,18,Bekerja,15697,612,0.7,24,0,0,0,Pinjaman Pribadi,Medis,14.7,187.0,1.325,442.0,0
CUST108889,26,Mahasiswa,15000,644,4.0,797,0,0,0,Pinjaman Pribadi,Konsolidasi Hutang,13.58,81.0,1.54,513.0,0
CUST108890,46,Bekerja,120634,766,27.3,1758,0,0,0,Kartu Kredit,Bisnis,15.17,83.0,0.58,193.0,1
CUST108891,18,Mahasiswa,15000,596,1.2,182,0,1,0,Kredit Berjalan,Pribadi,13.3,292.0,333.0,111.0,0
CUST108892,22,Bekerja,15000,692,3.5,8011,0,0,0,Kartu Kredit,Pendidikan,18.52,226.0,907.0,302.0,1
CUST108893,26,Mahasiswa,27621,658,3.1,625,0,0,0,Kredit Berjalan,Pribadi,9.89,267.0,196.0,65.0,1
CUST108894,22,Bekerja,32519,722,4.0,1646,0,1,0,Pinjaman Pribadi,Pendidikan,11.37,15.0,1.476,492.0,1
CUST108895,49,Bekerja,30624,656,22.0,795,0,0,0,Pinjaman Pribadi,Pribadi,12.83,213.0,1.94,647.0,1
CUST108896,27,Bekerja,53973,605,0.7,255,0,0,0,Pinjaman Pribadi,Konsolidasi Hutang,13.43,271.0,1.705,568.0,0
CUST108897,18,Bekerja,25648,562,1.9,7,0,0,1,Kartu Kredit,Renovasi Rumah,22.86,317.0,1.396,465.0,0
CUST108898,38,Bekerja,69713,661,8.7,875,0,1,0,Pinjaman Pribadi,Renovasi Rumah,12.24,489.0,1.434,478.0,1
CUST108899,27,Wiraswasta,24689,751,8.4,3985,0,0,1,Pinjaman Pribadi,Pribadi,8.94,234.0,1.167,389.0,1
CUST108900,25,Wiraswasta,58795,566,5.5,2010,0,0,0,Kartu Kredit,Bisnis,21.78,199.0,1.168,389.0,0
CUST108901,32,Mahasiswa,18182,523,6.0,343,0,0,0,Kartu Kredit,Medis,21.53,106.0,77.0,26.0,1
CUST108902,21,Bekerja,25352,549,2.0,2414,0,1,0,Kartu Kredit,Renovasi Rumah,21.78,436.0,296.0,99.0,0
CUST108903,18,Bekerja,16015,656,0.1,9,0,1,0,Kredit Berjalan,Pendidikan,9.5,216.0,468.0,156.0,1
CUST108904,39,Wiraswasta,29001,635,9.3,2664,0,4,1,Kredit Berjalan,Renovasi Rumah,12.69,83.0,393.0,131.0,0
CUST108905,52,Wiraswasta,102844,782,27.8,9196,0,1,0,Kredit Berjalan,Pribadi,6.4,166.0,419.0,0.14,1
CUST108906,48,Wiraswasta,75638,612,0.6,138,0,1,0,Kredit Berjalan,Pendidikan,12.32,621.0,0.3,0.1,0
CUST108907,59,Bekerja,40875,776,2.5,1954,0,0,0,Kartu Kredit,Konsolidasi Hutang,15.02,148.0,1.397,466.0,1
CUST108908,33,Wiraswasta,48215,778,10.2,99,0,0,0,Kartu Kredit,Pendidikan,14.68,203.0,56.0,19.0,1
CUST108909,51,Bekerja,85921,649,17.5,19052,0,1,0,Kartu Kredit,Medis,20.21,293.0,547.0,182.0,1
CUST108910,23,Bekerja,15000,517,0.7,33,0,1,0,Kartu Kredit,Pribadi,21.14,426.0,0.08,27.0,0
CUST108911,37,Wiraswasta,187894,682,15.1,73497,0,0,0,Kartu Kredit,Bisnis,17.71,271.0,373.0,124.0,1
CUST108912,18,Mahasiswa,36235,648,1.3,113,0,3,0,Kartu Kredit,Medis,19.44,486.0,99.0,33.0,0
CUST108913,55,Wiraswasta,26642,745,7.2,2626,0,0,0,Kredit Berjalan,Pribadi,9.24,481.0,188.0,63.0,1
CUST108914,45,Bekerja,67538,596,18.6,2094,0,0,1,Kartu Kredit,Medis,21.58,439.0,0.16,53.0,0
CUST108915,18,Bekerja,15000,728,0.2,12,0,0,0,Kartu Kredit,Pribadi,17.41,282.0,1.22,407.0,1
CUST108916,40,Mahasiswa,25148,634,13.0,737,0,1,1,Kartu Kredit,Bisnis,19.52,449.0,99.0,33.0,0
CUST108917,29,Wiraswasta,57700,643,1.3,271,0,1,0,Kartu Kredit,Pribadi,19.39,358.0,19.0,6.0,1
CUST108918,63,Bekerja,73680,752,12.2,932,0,0,0,Kartu Kredit,Pribadi,14.8,591.0,372.0,124.0,0
CUST108919,29,Bekerja,21148,582,11.0,147,0,0,0,Kartu Kredit,Medis,22.96,202.0,927.0,309.0,1
CUST108920,29,Wiraswasta,43490,557,10.6,1331,0,1,0,Kredit Berjalan,Pendidikan,13.07,216.0,359.0,0.12,0
CUST108921,20,Bekerja,28338,725,0.8,1,0,0,0,Pinjaman Pribadi,Pendidikan,10.66,196.0,346.0,115.0,1
CUST108922,19,Bekerja,18842,606,0.1,3,0,0,0,Kartu Kredit,Medis,19.59,148.0,58.0,19.0,1
CUST108923,24,Bekerja,26992,624,5.9,10844,0,0,0,Kredit Berjalan,Bisnis,11.95,237.0,245.0,82.0,1
CUST108924,18,Mahasiswa,27415,546,1.6,46,0,0,0,Pinjaman Pribadi,Medis,16.4,335.0,675.0,225.0,0
CUST108925,18,Bekerja,27152,720,1.0,91,0,1,0,Kartu Kredit,Konsolidasi Hutang,17.21,0.36,932.0,311.0,0
CUST108926,34,Wiraswasta,62276,626,13.5,597,0,0,0,Pinjaman Pribadi,Pribadi,14.04,414.0,1.431,477.0,1
CUST108927,52,Bekerja,50577,510,8.9,1063,0,0,0,Pinjaman Pribadi,Pendidikan,15.07,538.0,79.0,26.0,0
CUST108928,42,Bekerja,25643,658,17.1,674,0,0,0,Pinjaman Pribadi,Renovasi Rumah,11.86,0.14,452.0,151.0,1
CUST108929,27,Bekerja,87516,550,8.1,105,0,0,0,Kartu Kredit,Bisnis,21.01,28.0,567.0,189.0,0
CUST108930,18,Bekerja,17333,576,0.6,11,0,0,0,Kartu Kredit,Medis,21.7,449.0,1.315,438.0,0
CUST108931,44,Bekerja,29370,677,18.0,14030,0,0,0,Kartu Kredit,Renovasi Rumah,18.86,547.0,204.0,68.0,1
CUST108932,37,Bekerja,65729,683,5.9,635,0,3,0,Pinjaman Pribadi,Pendidikan,12.46,0.6,297.0,99.0,0
CUST108933,38,Wiraswasta,27073,636,8.1,256,0,0,0,Pinjaman Pribadi,Pribadi,14.44,341.0,909.0,303.0,1
CUST108934,20,Bekerja,29035,733,1.2,266,0,0,0,Pinjaman Pribadi,Pribadi,10.78,385.0,1.247,416.0,1
CUST108935,20,Bekerja,27791,551,1.2,15,0,0,2,Kartu Kredit,Bisnis,22.27,248.0,813.0,271.0,0
CUST108936,32,Mahasiswa,15000,522,13.9,26,0,1,0,Pinjaman Pribadi,Bisnis,15.45,18.0,0.64,213.0,0
CUST108937,37,Wiraswasta,27503,644,4.4,231,0,0,1,Kredit Berjalan,Pendidikan,11.52,144.0,527.0,176.0,1
CUST108938,32,Bekerja,26256,628,5.7,4423,0,1,0,Kartu Kredit,Bisnis,19.54,187.0,1.131,377.0,1
CUST108939,19,Bekerja,67185,459,2.0,228,0,4,1,Pinjaman Pribadi,Medis,16.62,216.0,164.0,55.0,0
CUST108940,36,Wiraswasta,53848,683,4.3,699,0,0,0,Pinjaman Pribadi,Konsolidasi Hutang,12.76,338.0,1.326,442.0,0
CUST108941,28,Bekerja,38323,613,1.0,666,0,0,0,Kartu Kredit,Renovasi Rumah,19.33,103.0,1.039,346.0,0
CUST108942,43,Mahasiswa,35587,563,25.0,2899,0,0,1,Pinjaman Pribadi,Pribadi,15.83,463.0,688.0,229.0,0
CUST108943,41,Bekerja,60613,621,4.6,3261,0,0,0,Kredit Berjalan,Renovasi Rumah,11.54,245.0,391.0,0.13,1
CUST108944,59,Bekerja,53758,747,27.8,2416,0,0,0,Pinjaman Pribadi,Renovasi Rumah,9.98,615.0,1.78,593.0,0
CUST108945,18,Bekerja,17668,709,0.7,18,0,0,0,Kartu Kredit,Renovasi Rumah,16.3,347.0,832.0,277.0,1
CUST108946,54,Mahasiswa,15000,561,20.9,14799,0,0,0,Kartu Kredit,Medis,22.81,48.0,0.1,33.0,1
CUST108947,31,Bekerja,19797,548,1.1,280,0,0,0,Pinjaman Pribadi,Pendidikan,15.28,257.0,1.839,613.0,0
CUST108948,39,Bekerja,65795,690,15.1,1097,0,0,0,Pinjaman Pribadi,Pendidikan,11.43,363.0,1.52,507.0,1
CUST108949,20,Wiraswasta,34539,604,0.7,1558,0,0,0,Pinjaman Pribadi,Renovasi Rumah,14.96,452.0,1.262,421.0,0
CUST108950,22,Bekerja,17836,628,0.7,601,0,0,0,Kredit Berjalan,Renovasi Rumah,12.54,202.0,0.42,0.14,1
CUST108951,34,Bekerja,15000,604,12.1,871,0,0,0,Kredit Berjalan,Renovasi Rumah,11.4,187.0,333.0,111.0,1
CUST108952,44,Bekerja,53704,627,24.9,7022,0,0,0,Pinjaman Pribadi,Renovasi Rumah,13.12,0.31,1.251,417.0,0
CUST108953,32,Bekerja,29312,648,3.3,501,0,0,0,Kartu Kredit,Medis,19.92,107.0,805.0,268.0,0
CUST108954,37,Bekerja,40743,659,13.4,4152,0,0,0,Kredit Berjalan,Pendidikan,9.94,712.0,457.0,152.0,0
CUST108955,24,Wiraswasta,65450,620,2.9,1076,0,0,0,Kartu Kredit,Renovasi Rumah,20.42,0.58,0.28,93.0,0
CUST108956,18,Bekerja,46169,646,0.2,49,0,0,0,Kartu Kredit,Pendidikan,20.67,253.0,477.0,159.0,1
CUST108957,40,Bekerja,23825,659,20.0,4612,0,0,0,Kartu Kredit,Pendidikan,17.59,233.0,693.0,231.0,1
CUST108958,19,Bekerja,38643,656,1.1,19,0,0,0,Kredit Berjalan,Renovasi Rumah,9.01,268.0,567.0,189.0,1
CUST108959,40,Bekerja,26785,683,15.3,328,0,0,0,Kredit Berjalan,Renovasi Rumah,9.24,345.0,243.0,81.0,1
CUST108960,36,Bekerja,130573,668,2.6,18795,0,0,0,Kartu Kredit,Pribadi,18.99,397.0,536.0,179.0,1
CUST108961,32,Bekerja,20290,723,7.9,65,0,0,0,Kartu Kredit,Medis,16.03,257.0,562.0,187.0,1
CUST108962,36,Bekerja,18465,573,0.5,7,0,2,0,Kartu Kredit,Renovasi Rumah,21.82,505.0,363.0,121.0,0
CUST108963,35,Bekerja,19015,777,8.7,603,0,0,0,Pinjaman Pribadi,Renovasi Rumah,8.52,196.0,1.946,649.0,1
CUST108964,48,Bekerja,76378,709,23.1,10290,0,0,0,Pinjaman Pribadi,Konsolidasi Hutang,11.4,542.0,1.309,436.0,0
CUST108965,31,Wiraswasta,39022,564,12.1,1098,0,0,0,Pinjaman Pribadi,Medis,15.25,22.0,185.0,62.0,1
CUST108966,34,Bekerja,25025,618,4.0,170,0,1,0,Kredit Berjalan,Konsolidasi Hutang,11.16,329.0,795.0,265.0,0
CUST108967,44,Bekerja,48059,685,4.2,3004,0,0,0,Kredit Berjalan,Pendidikan,9.81,475.0,429.0,143.0,1
CUST108968,22,Bekerja,32074,580,0.3,126,0,1,1,Pinjaman Pribadi,Pribadi,16.2,321.0,203.0,68.0,0
CUST108969,46,Mahasiswa,32312,648,25.9,4036,0,1,1,Kartu Kredit,Bisnis,20.35,362.0,99.0,33.0,0
CUST108970,60,Bekerja,43162,696,28.8,1281,0,0,0,Kartu Kredit,Pendidikan,17.51,171.0,1.316,439.0,1
CUST108971,50,Bekerja,53780,758,8.3,338,0,0,1,Pinjaman Pribadi,Pendidikan,9.72,283.0,1.499,0.5,1
CUST108972,42,Bekerja,52568,690,23.5,83941,0,0,0,Kartu Kredit,Pribadi,18.82,31.0,925.0,308.0,1
CUST108973,44,Mahasiswa,19785,626,22.7,33,0,1,0,Pinjaman Pribadi,Bisnis,14.43,187.0,116.0,39.0,1
CUST108974,23,Wiraswasta,17525,595,2.1,3,0,1,0,Kartu Kredit,Renovasi Rumah,22.52,201.0,0.69,0.23,0
CUST108975,51,Bekerja,16705,770,29.4,400,0,0,0,Kartu Kredit,Pribadi,14.07,99.0,455.0,152.0,1
CUST108976,33,Wiraswasta,139154,683,6.1,4339,0,1,0,Kartu Kredit,Medis,17.01,343.0,503.0,168.0,1
CUST108977,41,Wiraswasta,72505,731,5.4,7833,0,1,0,Kartu Kredit,Pendidikan,15.52,549.0,823.0,274.0,1
CUST108978,38,Bekerja,42686,698,9.3,1668,0,0,0,Kredit Berjalan,Pendidikan,10.85,61.0,693.0,231.0,1
CUST108979,27,Wiraswasta,126673,536,1.9,74,0,0,0,Pinjaman Pribadi,Pendidikan,16.33,76.0,789.0,263.0,0
CUST108980,18,Mahasiswa,32589,678,1.7,99,0,0,0,Kartu Kredit,Renovasi Rumah,18.45,284.0,101.0,34.0,1
CUST108981,38,Mahasiswa,28456,548,20.0,604,0,0,0,Kartu Kredit,Pribadi,22.78,177.0,98.0,33.0,1
CUST108982,20,Wiraswasta,29684,575,1.3,68,0,2,0,Kartu Kredit,Pribadi,21.73,254.0,296.0,99.0,1
CUST108983,30,Bekerja,40625,581,11.7,850,0,2,0,Kartu Kredit,Pribadi,22.99,491.0,953.0,318.0,0
CUST108984,26,Bekerja,15626,584,4.3,28,0,0,1,Pinjaman Pribadi,Konsolidasi Hutang,15.04,209.0,909.0,303.0,0
CUST108985,28,Bekerja,15000,740,2.7,123,0,0,0,Kartu Kredit,Renovasi Rumah,16.35,0.31,1.08,0.36,1
CUST108986,24,Wiraswasta,46701,626,5.9,500,0,1,0,Pinjaman Pribadi,Pendidikan,13.48,252.0,1.469,0.49,1
CUST108987,32,Bekerja,41404,539,8.3,248,0,0,0,Pinjaman Pribadi,Pendidikan,16.77,396.0,1.715,572.0,0
CUST108988,24,Bekerja,26225,744,4.8,257,0,0,0,Pinjaman Pribadi,Renovasi Rumah,10.5,49.0,1.399,466.0,1
CUST108989,42,Bekerja,104951,665,9.8,8829,0,0,0,Kredit Berjalan,Medis,10.36,495.0,476.0,159.0,0
CUST108990,25,Bekerja,67100,665,3.0,3480,0,0,0,Pinjaman Pribadi,Pendidikan,12.09,62.0,1.121,374.0,1
CUST108991,51,Bekerja,37815,735,10.4,1095,0,0,0,Pinjaman Pribadi,Pendidikan,11.04,531.0,1.925,642.0,1
CUST108992,23,Wiraswasta,68163,598,4.7,355,0,1,0,Kartu Kredit,Konsolidasi Hutang,22.61,251.0,761.0,254.0,0
CUST108993,40,Bekerja,59289,681,10.9,3659,0,0,0,Pinjaman Pribadi,Bisnis,11.28,203.0,1.687,562.0,1
CUST108994,49,Bekerja,96741,709,25.8,1657,0,0,0,Pinjaman Pribadi,Bisnis,9.94,233.0,843.0,281.0,1
CUST108995,34,Wiraswasta,69698,733,1.3,2111,0,0,0,Kredit Berjalan,Pendidikan,7.77,0.07,0.24,0.08,1
CUST108996,24,Bekerja,26315,598,3.6,165,0,1,2,Pinjaman Pribadi,Konsolidasi Hutang,16.48,268.0,426.0,142.0,0
CUST108997,20,Bekerja,70672,612,1.9,1021,1,0,0,Kartu Kredit,Pribadi,20.38,274.0,0.99,0.33,0
CUST108998,31,Bekerja,58772,635,10.1,120,0,0,0,Kartu Kredit,Medis,20.89,102.0,1.191,397.0,1
CUST108999,42,Mahasiswa,39807,686,16.7,1323,0,1,0,Kredit Berjalan,Pribadi,9.56,37.0,475.0,158.0,1
CUST109000,43,Bekerja,31436,681,24.7,244,0,0,0,Pinjaman Pribadi,Medis,12.7,128.0,1.015,338.0,1
CUST109001,39,Bekerja,42556,620,4.6,973,0,1,0,Kartu Kredit,Pribadi,20.82,331.0,879.0,293.0,1
CUST109002,38,Mahasiswa,15000,569,11.2,124,0,1,0,Kartu Kredit,Pendidikan,22.63,272.0,0.1,33.0,1
CUST109003,18,Bekerja,15000,510,1.4,436,0,1,0,Pinjaman Pribadi,Pendidikan,16.99,233.0,67.0,22.0,1
CUST109004,54,Bekerja,37018,608,19.5,420,0,0,0,Pinjaman Pribadi,Pribadi,13.97,533.0,681.0,227.0,0
CUST109005,31,Bekerja,27226,606,5.5,177,0,0,0,Kartu Kredit,Konsolidasi Hutang,19.97,113.0,95.0,32.0,1
CUST109006,34,Bekerja,25816,689,12.4,1984,0,0,0,Kredit Berjalan,Pribadi,10.3,388.0,558.0,186.0,1
CUST109007,34,Bekerja,24396,631,6.4,650,0,0,0,Pinjaman Pribadi,Medis,13.07,96.0,1.037,346.0,1
CUST109008,44,Bekerja,121334,617,12.4,3286,0,0,0,Kartu Kredit,Bisnis,19.95,161.0,577.0,192.0,1
CUST109009,30,Bekerja,38747,608,8.1,94,0,0,0,Pinjaman Pribadi,Pribadi,14.38,132.0,1.123,374.0,1
CUST109010,21,Bekerja,25832,608,0.0,0,0,2,0,Kredit Berjalan,Bisnis,12.97,127.0,294.0,98.0,0
CUST109011,32,Wiraswasta,151142,568,3.0,2355,0,0,0,Kartu Kredit,Renovasi Rumah,22.84,481.0,114.0,38.0,0
CUST109012,47,Wiraswasta,72415,608,1.6,1346,1,2,0,Pinjaman Pribadi,Pribadi,14.73,211.0,0.58,193.0,0
CUST109013,48,Bekerja,26149,667,14.3,767,0,0,0,Pinjaman Pribadi,Konsolidasi Hutang,12.03,26.0,344.0,115.0,1
CUST109014,53,Bekerja,70263,689,16.0,1734,0,1,0,Kartu Kredit,Konsolidasi Hutang,17.9,171.0,783.0,261.0,1
CUST109015,51,Bekerja,77079,624,28.9,6684,0,0,0,Kartu Kredit,Pribadi,19.8,482.0,908.0,303.0,1
CUST109016,18,Bekerja,18632,644,1.7,211,0,0,0,Kartu Kredit,Pribadi,20.52,367.0,1.138,379.0,0
CUST109017,36,Wiraswasta,56746,675,11.1,27239,0,0,0,Pinjaman Pribadi,Pribadi,11.18,292.0,1.1,367.0,1
CUST109018,36,Wiraswasta,43676,599,7.5,695,0,0,0,Kartu Kredit,Konsolidasi Hutang,22.86,11.0,305.0,102.0,0
CUST109019,35,Bekerja,29369,529,11.2,384,0,0,1,Pinjaman Pribadi,Renovasi Rumah,16.79,273.0,453.0,151.0,0
CUST109020,47,Bekerja,45509,808,28.3,3750,0,0,0,Kredit Berjalan,Renovasi Rumah,7.12,22.0,626.0,209.0,1
CUST109021,37,Bekerja,113793,682,8.5,9182,0,1,0,Kartu Kredit,Bisnis,18.19,171.0,615.0,205.0,1
CUST109022,57,Bekerja,61885,602,26.8,5204,0,1,0,Kartu Kredit,Pendidikan,19.5,278.0,401.0,134.0,1
CUST109023,42,Bekerja,74682,708,16.9,6268,0,0,0,Kartu Kredit,Bisnis,15.58,353.0,213.0,71.0,1
CUST109024,31,Bekerja,50980,665,9.7,6640,0,0,1,Pinjaman Pribadi,Pendidikan,11.95,223.0,0.4,133.0,1
CUST109025,36,Mahasiswa,15000,633,7.7,671,0,1,0,Kartu Kredit,Medis,19.56,164.0,0.1,33.0,1
CUST109026,43,Bekerja,132924,664,15.5,573,0,0,0,Pinjaman Pribadi,Konsolidasi Hutang,11.72,441.0,655.0,218.0,1
CUST109027,53,Bekerja,60002,607,4.8,1180,0,0,0,Pinjaman Pribadi,Pribadi,14.3,178.0,305.0,102.0,1
CUST109028,18,Bekerja,40297,659,0.8,529,0,1,0,Pinjaman Pribadi,Renovasi Rumah,12.43,462.0,1.871,624.0,0
CUST109029,41,Bekerja,56378,562,7.0,460,0,0,0,Pinjaman Pribadi,Renovasi Rumah,16.86,287.0,1.089,363.0,0
CUST109030,45,Bekerja,176297,681,25.2,1433,0,1,1,Pinjaman Pribadi,Pribadi,11.61,235.0,506.0,169.0,1
CUST109031,39,Wiraswasta,90947,750,12.9,5444,0,1,0,Kartu Kredit,Pendidikan,15.26,261.0,188.0,63.0,1
CUST109032,35,Bekerja,15000,640,0.1,86,0,0,0,Pinjaman Pribadi,Pribadi,13.02,41.0,213.0,71.0,1
CUST109033,40,Wiraswasta,78046,616,0.3,15,0,0,0,Kartu Kredit,Bisnis,20.91,424.0,0.68,227.0,0
CUST109034,59,Wiraswasta,66047,739,8.7,3308,0,0,0,Kredit Berjalan,Pendidikan,8.76,33.0,462.0,154.0,1
CUST109035,46,Bekerja,37652,646,23.5,32474,0,1,1,Pinjaman Pribadi,Pendidikan,14.87,385.0,855.0,285.0,1
CUST109036,49,Wiraswasta,172042,603,6.4,5528,0,1,0,Pinjaman Pribadi,Pendidikan,14.44,242.0,0.22,73.0,1
CUST109037,44,Wiraswasta,152513,654,17.8,6648,0,0,0,Kartu Kredit,Bisnis,18.15,263.0,127.0,42.0,1
CUST109038,41,Bekerja,40233,605,16.2,6552,0,0,0,Kredit Berjalan,Konsolidasi Hutang,11.85,83.0,601.0,0.2,1
CUST109039,44,Wiraswasta,45490,677,25.9,1009,0,0,0,Kredit Berjalan,Medis,10.83,426.0,145.0,48.0,1
CUST109040,18,Bekerja,24178,679,0.3,24,0,0,0,Kartu Kredit,Medis,17.51,137.0,1.266,422.0,0
CUST109041,33,Bekerja,50487,705,11.2,6380,0,0,0,Kartu Kredit,Bisnis,17.17,329.0,67.0,22.0,1
CUST109042,50,Bekerja,43744,683,21.3,1527,0,0,0,Kartu Kredit,Pendidikan,17.36,113.0,0.37,123.0,1
CUST109043,36,Bekerja,45577,681,11.0,15709,0,0,0,Kartu Kredit,Medis,17.92,76.0,584.0,195.0,1
CUST109044,37,Bekerja,30479,713,4.5,455,0,0,0,Pinjaman Pribadi,Pendidikan,9.79,0.55,1.073,358.0,0
CUST109045,40,Bekerja,34578,582,13.0,1267,0,1,0,Kartu Kredit,Pribadi,22.44,475.0,64.0,21.0,0
CUST109046,18,Bekerja,67078,611,1.6,2691,0,0,0,Pinjaman Pribadi,Renovasi Rumah,13.26,456.0,386.0,129.0,0
CUST109047,34,Bekerja,21052,537,12.8,1231,0,0,0,Pinjaman Pribadi,Pendidikan,15.26,41.0,983.0,328.0,1
CUST109048,53,Bekerja,58731,657,18.0,310,0,0,0,Pinjaman Pribadi,Konsolidasi Hutang,12.87,386.0,1.65,0.55,0
CUST109049,31,Wiraswasta,49032,581,8.6,1178,0,0,0,Kartu Kredit,Pribadi,21.6,369.0,806.0,269.0,0
CUST109050,54,Bekerja,36029,715,23.9,8104,0,0,0,Kartu Kredit,Pribadi,17.42,407.0,291.0,97.0,1
CUST109051,48,Wiraswasta,185143,746,12.8,832,0,0,1,Kartu Kredit,Konsolidasi Hutang,16.46,111.0,126.0,42.0,1
CUST109052,19,Bekerja,37251,635,0.6,25,0,1,0,Kredit Berjalan,Konsolidasi Hutang,12.3,464.0,0.25,83.0,0
CUST109053,40,Wiraswasta,45707,689,3.0,81,0,0,0,Kartu Kredit,Pendidikan,17.35,146.0,519.0,173.0,1
CUST109054,36,Bekerja,30828,662,0.8,34,0,0,0,Pinjaman Pribadi,Renovasi Rumah,12.88,22.0,1.609,536.0,0
CUST109055,23,Wiraswasta,34766,632,4.7,143,1,1,0,Kartu Kredit,Pribadi,19.09,394.0,1.366,455.0,0
CUST109056,23,Mahasiswa,19745,570,1.5,52,1,1,1,Kartu Kredit,Konsolidasi Hutang,21.6,477.0,101.0,34.0,0
CUST109057,34,Bekerja,35643,474,11.5,50,0,3,0,Pinjaman Pribadi,Renovasi Rumah,16.4,24.0,1.804,601.0,0
CUST109058,36,Bekerja,69899,537,10.6,1341,0,0,0,Kartu Kredit,Renovasi Rumah,22.51,21.0,361.0,0.12,1
CUST109059,44,Bekerja,21117,689,16.6,10167,0,0,0,Kredit Berjalan,Bisnis,9.15,413.0,734.0,245.0,1
CUST109060,37,Wiraswasta,34678,646,6.5,95,0,0,0,Kartu Kredit,Pribadi,19.32,236.0,799.0,266.0,1
CUST109061,46,Wiraswasta,91590,681,9.8,2974,0,1,0,Pinjaman Pribadi,Bisnis,12.89,314.0,116.0,39.0,1
CUST109062,50,Wiraswasta,24094,647,13.7,16,0,0,1,Kredit Berjalan,Pribadi,12.8,0.45,394.0,131.0,0
CUST109063,23,Bekerja,28072,570,1.2,470,0,1,0,Kartu Kredit,Pribadi,22.3,212.0,484.0,161.0,0
CUST109064,35,Bekerja,150352,706,0.1,10,0,0,0,Kartu Kredit,Renovasi Rumah,16.0,439.0,466.0,155.0,1
CUST109065,37,Bekerja,15000,695,12.0,38,0,0,0,Pinjaman Pribadi,Pribadi,11.94,216.0,1.78,593.0,1
CUST109066,50,Bekerja,62168,736,12.5,4592,1,1,0,Kartu Kredit,Medis,16.02,184.0,298.0,99.0,0
CUST109067,29,Mahasiswa,28669,688,2.5,222,0,0,0,Kartu Kredit,Medis,18.6,289.0,101.0,34.0,1
CUST109068,38,Bekerja,27624,615,15.8,88,0,1,0,Kartu Kredit,Renovasi Rumah,19.07,363.0,337.0,112.0,1
CUST109069,34,Bekerja,121892,642,8.7,8384,0,0,0,Kartu Kredit,Medis,20.84,201.0,332.0,111.0,1
CUST109070,18,Bekerja,23208,550,1.7,47,0,1,3,Pinjaman Pribadi,Pribadi,16.65,307.0,43.0,14.0,0
CUST109071,63,Wiraswasta,42091,762,25.3,428,0,3,0,Pinjaman Pribadi,Pribadi,8.16,324.0,1.174,391.0,0
CUST109072,41,Bekerja,28213,556,19.1,370,0,0,0,Kredit Berjalan,Renovasi Rumah,13.1,297.0,333.0,111.0,0
CUST109073,49,Bekerja,58174,661,15.9,7726,0,0,0,Kredit Berjalan,Pribadi,10.32,301.0,591.0,197.0,1
CUST109074,24,Bekerja,39118,574,0.9,153,0,0,1,Kartu Kredit,Pribadi,21.74,505.0,56.0,19.0,0
CUST109075,36,Wiraswasta,109199,619,12.1,4961,0,0,0,Pinjaman Pribadi,Bisnis,13.77,284.0,723.0,241.0,1
CUST109076,23,Bekerja,70655,676,2.9,410,0,0,0,Kartu Kredit,Pribadi,17.92,305.0,652.0,217.0,1
CUST109077,18,Wiraswasta,224982,797,1.3,1607,0,0,0,Kartu Kredit,Bisnis,14.84,401.0,311.0,104.0,1
CUST109078,46,Bekerja,71928,646,8.7,216,0,0,0,Kredit Berjalan,Pribadi,11.46,123.0,658.0,219.0,1
CUST109079,18,Bekerja,26180,491,1.6,103,0,0,0,Kartu Kredit,Pribadi,21.3,334.0,363.0,121.0,0
CUST109080,34,Bekerja,91454,629,6.9,13440,0,2,0,Kartu Kredit,Renovasi Rumah,20.52,0.58,57.0,19.0,0
CUST109081,42,Bekerja,21773,684,14.3,4015,0,0,0,Kartu Kredit,Pribadi,17.25,15.0,184.0,61.0,1
CUST109082,44,Bekerja,57704,548,8.3,2245,0,1,1,Kredit Berjalan,Pribadi,13.27,129.0,269.0,0.09,0
CUST109083,40,Bekerja,34500,559,8.9,162,0,0,1,Pinjaman Pribadi,Pribadi,16.54,301.0,945.0,315.0,0
CUST109084,29,Bekerja,34177,484,10.8,36,0,1,0,Kartu Kredit,Pribadi,22.59,332.0,1.004,335.0,0
CUST109085,42,Wiraswasta,63485,595,21.1,3251,0,0,0,Kredit Berjalan,Pribadi,14.7,288.0,627.0,209.0,1
CUST109086,40,Bekerja,84041,644,12.8,2535,0,3,2,Kartu Kredit,Konsolidasi Hutang,20.71,295.0,833.0,278.0,0
CUST109087,35,Bekerja,116723,769,1.5,2013,0,0,0,Kartu Kredit,Bisnis,15.17,612.0,0.6,0.2,0
CUST109088,18,Mahasiswa,20943,671,0.7,37,0,0,0,Kartu Kredit,Konsolidasi Hutang,17.57,0.23,0.1,33.0,1
CUST109089,53,Wiraswasta,185291,693,14.6,818,0,0,0,Kartu Kredit,Renovasi Rumah,18.59,184.0,49.0,16.0,1
CUST109090,50,Wiraswasta,80088,633,19.6,20304,0,0,0,Kartu Kredit,Renovasi Rumah,20.32,441.0,874.0,291.0,1
CUST109091,35,Bekerja,15000,601,2.4,147,0,2,0,Kredit Berjalan,Konsolidasi Hutang,12.91,217.0,333.0,111.0,0
CUST109092,33,Bekerja,23282,675,2.9,158,0,1,0,Pinjaman Pribadi,Medis,11.41,0.14,107.0,36.0,1
CUST109093,36,Bekerja,93162,640,15.2,152,0,0,0,Kartu Kredit,Konsolidasi Hutang,20.77,426.0,0.66,0.22,1
CUST109094,33,Bekerja,40436,565,3.7,265,1,3,0,Pinjaman Pribadi,Medis,16.08,0.65,208.0,69.0,0
CUST109095,31,Wiraswasta,92593,736,10.6,4187,0,1,0,Kredit Berjalan,Pendidikan,9.43,233.0,396.0,132.0,1
CUST109096,18,Bekerja,26207,618,1.0,518,0,0,0,Pinjaman Pribadi,Pendidikan,13.26,395.0,221.0,74.0,1
CUST109097,42,Wiraswasta,49858,640,15.3,210,0,1,0,Kartu Kredit,Pendidikan,19.45,355.0,828.0,276.0,1
CUST109098,32,Wiraswasta,43027,603,2.6,874,0,0,0,Kartu Kredit,Konsolidasi Hutang,19.94,0.23,1.336,445.0,0
CUST109099,43,Bekerja,83899,713,10.4,249,0,0,0,Kartu Kredit,Renovasi Rumah,17.16,105.0,834.0,278.0,1
CUST109100,32,Mahasiswa,36149,689,4.5,9,0,0,0,Pinjaman Pribadi,Medis,11.18,247.0,454.0,151.0,1
CUST109101,29,Bekerja,36726,584,4.4,736,0,1,0,Pinjaman Pribadi,Pribadi,16.78,0.3,1.479,493.0,0
CUST109102,25,Mahasiswa,15000,588,0.2,36,1,0,0,Pinjaman Pribadi,Bisnis,15.84,233.0,0.88,293.0,0
CUST109103,24,Bekerja,24716,693,0.6,293,0,0,0,Kredit Berjalan,Renovasi Rumah,10.74,393.0,202.0,67.0,1
CUST109104,31,Wiraswasta,25477,590,0.1,11,0,1,0,Pinjaman Pribadi,Medis,16.65,635.0,577.0,192.0,0
CUST109105,30,Mahasiswa,26065,644,10.9,160,0,1,0,Kredit Berjalan,Pendidikan,11.85,77.0,399.0,133.0,1
CUST109106,29,Wiraswasta,58068,603,5.6,127,0,1,0,Pinjaman Pribadi,Bisnis,14.13,53.0,281.0,94.0,1
CUST109107,55,Bekerja,63929,798,25.6,27831,0,0,0,Kartu Kredit,Medis,14.74,428.0,0.58,193.0,1
CUST109108,20,Bekerja,35574,712,0.1,33,0,0,0,Kartu Kredit,Pribadi,16.89,0.21,1.228,409.0,1
CUST109109,36,Mahasiswa,17824,706,14.4,509,0,1,0,Pinjaman Pribadi,Pendidikan,10.51,0.32,954.0,318.0,1
CUST109110,39,Bekerja,43219,715,20.0,1444,0,0,0,Kartu Kredit,Pendidikan,16.42,591.0,701.0,234.0,0
CUST109111,35,Bekerja,28099,563,3.1,306,1,0,0,Kartu Kredit,Konsolidasi Hutang,22.92,631.0,28.0,9.0,0
CUST109112,42,Bekerja,77775,650,17.0,28683,0,0,0,Pinjaman Pribadi,Konsolidasi Hutang,12.96,374.0,1.286,429.0,1
CUST109113,20,Bekerja,28399,590,1.9,92,0,2,0,Kredit Berjalan,Medis,13.61,461.0,655.0,218.0,0
CUST109114,24,Bekerja,15000,579,5.1,15,0,0,0,Kartu Kredit,Pribadi,21.97,494.0,1.367,456.0,0
CUST109115,43,Bekerja,74510,594,17.0,6372,0,0,0,Kartu Kredit,Medis,21.78,84.0,821.0,274.0,1
CUST109116,61,Bekerja,85371,711,28.3,22224,0,0,0,Kartu Kredit,Pendidikan,16.79,571.0,0.82,273.0,0
CUST109117,39,Bekerja,42779,576,17.5,3015,0,1,1,Kartu Kredit,Renovasi Rumah,22.03,265.0,704.0,235.0,0
CUST109118,52,Mahasiswa,20075,627,19.3,5596,0,1,0,Pinjaman Pribadi,Konsolidasi Hutang,13.59,225.0,468.0,156.0,1
CUST109119,28,Wiraswasta,42513,569,3.5,4,0,1,1,Pinjaman Pribadi,Bisnis,16.41,141.0,268.0,89.0,0
CUST109120,31,Bekerja,25350,622,0.7,201,0,0,1,Kartu Kredit,Pribadi,19.02,311.0,1.041,347.0,0
CUST109121,30,Bekerja,51765,542,11.9,735,0,0,0,Kredit Berjalan,Renovasi Rumah,13.37,242.0,806.0,269.0,0
CUST109122,51,Bekerja,80596,600,16.2,4018,0,0,0,Pinjaman Pribadi,Pribadi,14.57,209.0,715.0,238.0,1
CUST109123,34,Bekerja,25031,740,2.4,13,0,0,0,Kartu Kredit,Renovasi Rumah,17.13,339.0,1.063,354.0,1
CUST109124,22,Bekerja,25252,598,3.8,2295,0,1,0,Kartu Kredit,Pendidikan,23.0,188.0,665.0,222.0,0
CUST109125,37,Wiraswasta,94809,762,4.4,25042,0,0,0,Kartu Kredit,Pendidikan,15.76,84.0,728.0,243.0,1
CUST109126,49,Wiraswasta,81877,681,8.4,709,0,1,0,Pinjaman Pribadi,Pribadi,12.13,194.0,35.0,12.0,1
CUST109127,24,Wiraswasta,28633,640,5.3,191,0,1,0,Kartu Kredit,Medis,19.77,34.0,632.0,211.0,1
CUST109128,40,Bekerja,20083,595,13.6,8801,0,1,0,Kartu Kredit,Medis,21.1,94.0,1.359,453.0,0
CUST109129,20,Bekerja,34189,641,2.0,3,0,0,0,Kredit Berjalan,Bisnis,12.56,159.0,243.0,81.0,1
CUST109130,24,Bekerja,30585,549,4.2,18862,0,0,0,Kredit Berjalan,Bisnis,14.09,135.0,265.0,88.0,0
CUST109131,21,Bekerja,22551,562,0.7,22,0,0,0,Kredit Berjalan,Bisnis,14.25,0.41,856.0,285.0,0
CUST109132,18,Mahasiswa,34407,635,1.6,262,0,2,0,Kartu Kredit,Pendidikan,19.33,676.0,99.0,33.0,0
CUST109133,19,Mahasiswa,78929,619,0.4,171,0,1,0,Kartu Kredit,Renovasi Rumah,19.65,0.48,0.1,33.0,0
CUST109134,64,Bekerja,47410,664,11.4,241,0,0,0,Kredit Berjalan,Pendidikan,9.01,184.0,468.0,156.0,1
CUST109135,43,Wiraswasta,59973,598,23.2,9711,0,1,1,Kartu Kredit,Medis,21.55,0.66,1.167,389.0,0
CUST109136,18,Bekerja,23108,497,0.8,5,0,1,0,Pinjaman Pribadi,Pribadi,16.48,284.0,515.0,172.0,0
CUST109137,24,Bekerja,25470,675,5.1,1635,1,2,0,Kartu Kredit,Renovasi Rumah,18.34,439.0,361.0,0.12,0
CUST109138,42,Bekerja,86828,630,12.2,472,0,0,0,Kredit Berjalan,Renovasi Rumah,12.02,533.0,205.0,68.0,0
CUST109139,34,Bekerja,49846,654,14.9,66761,0,0,0,Kartu Kredit,Pribadi,18.11,387.0,1.166,389.0,1
CUST109140,35,Bekerja,37424,693,16.4,1345,0,0,0,Kartu Kredit,Konsolidasi Hutang,17.87,87.0,0.55,183.0,1
CUST109141,36,Bekerja,20164,589,4.7,2190,0,1,2,Pinjaman Pribadi,Pendidikan,16.65,73.0,228.0,76.0,0
CUST109142,43,Mahasiswa,23692,731,12.1,1281,0,0,0,Pinjaman Pribadi,Pendidikan,10.56,148.0,1.346,449.0,1
CUST109143,46,Bekerja,21186,707,21.4,8755,0,0,0,Kartu Kredit,Pribadi,16.89,163.0,1.237,412.0,1
CUST109144,26,Mahasiswa,15000,565,6.8,2523,1,1,0,Kredit Berjalan,Bisnis,14.07,68.0,0.4,133.0,0
CUST109145,33,Wiraswasta,43869,606,1.3,387,0,0,0,Pinjaman Pribadi,Konsolidasi Hutang,14.62,164.0,0.31,103.0,0
CUST109146,18,Bekerja,18678,652,1.1,246,0,0,0,Kartu Kredit,Pribadi,18.85,553.0,412.0,137.0,0
CUST109147,48,Bekerja,48544,674,28.8,6160,0,1,0,Kartu Kredit,Pendidikan,18.47,72.0,222.0,74.0,1
CUST109148,40,Bekerja,49239,573,7.7,180,0,0,2,Pinjaman Pribadi,Bisnis,16.18,351.0,957.0,319.0,0
CUST109149,46,Bekerja,46695,651,10.7,918,0,1,0,Kartu Kredit,Medis,18.82,0.19,1.338,446.0,1
CUST109150,33,Bekerja,96089,697,9.1,4754,0,0,0,Kredit Berjalan,Pribadi,9.12,318.0,127.0,42.0,1
CUST109151,31,Bekerja,44562,675,2.2,1370,0,0,0,Pinjaman Pribadi,Pendidikan,12.45,345.0,1.526,509.0,0
CUST109152,43,Bekerja,47381,693,10.5,7601,0,0,0,Kartu Kredit,Pribadi,18.22,115.0,819.0,273.0,1
CUST109153,42,Bekerja,51171,576,19.2,1180,1,2,0,Kartu Kredit,Renovasi Rumah,21.05,0.06,891.0,297.0,0
CUST109154,35,Wiraswasta,34985,583,7.9,4276,1,1,0,Kartu Kredit,Medis,21.19,97.0,0.66,0.22,0
CUST109155,49,Bekerja,53635,592,19.9,4382,0,0,0,Pinjaman Pribadi,Medis,16.37,252.0,1.516,505.0,0
CUST109156,37,Bekerja,27531,631,6.0,186,0,2,0,Kartu Kredit,Pribadi,20.96,175.0,316.0,105.0,1
CUST109157,33,Wiraswasta,131478,610,7.2,20346,0,0,0,Kredit Berjalan,Renovasi Rumah,12.0,43.0,0.38,127.0,1
CUST109158,24,Bekerja,40670,746,3.9,157,0,0,0,Pinjaman Pribadi,Bisnis,10.89,255.0,1.36,453.0,1
CUST109159,41,Bekerja,67220,562,19.9,1306,0,0,0,Kartu Kredit,Renovasi Rumah,21.3,232.0,64.0,21.0,1
CUST109160,41,Bekerja,27495,650,12.3,936,0,0,0,Kartu Kredit,Medis,17.14,502.0,1.142,381.0,1
CUST109161,25,Bekerja,27941,657,6.3,1053,1,0,0,Kredit Berjalan,Renovasi Rumah,10.67,178.0,873.0,291.0,0
CUST109162,18,Wiraswasta,64529,609,1.2,60,0,1,0,Pinjaman Pribadi,Medis,13.6,225.0,595.0,198.0,0
CUST109163,43,Bekerja,47236,684,3.0,802,0,0,0,Pinjaman Pribadi,Konsolidasi Hutang,11.23,253.0,1.636,545.0,0
CUST109164,34,Mahasiswa,39689,610,8.2,1851,0,0,0,Kredit Berjalan,Konsolidasi Hutang,11.82,237.0,733.0,244.0,0
CUST109165,36,Bekerja,27068,595,14.2,3306,0,0,0,Kredit Berjalan,Bisnis,14.68,0.05,606.0,202.0,0
CUST109166,42,Mahasiswa,15000,611,7.7,334,0,0,0,Pinjaman Pribadi,Renovasi Rumah,14.96,469.0,413.0,138.0,0
CUST109167,28,Bekerja,49155,639,2.0,284,0,2,0,Pinjaman Pribadi,Medis,13.14,232.0,1.935,645.0,0
CUST109168,21,Bekerja,18326,664,1.1,486,0,0,0,Kredit Berjalan,Pribadi,9.44,195.0,0.6,0.2,1
CUST109169,39,Mahasiswa,15000,582,16.1,312,0,1,1,Kartu Kredit,Medis,22.61,568.0,0.1,33.0,0
CUST109170,30,Bekerja,34388,612,10.2,1141,0,0,0,Pinjaman Pribadi,Konsolidasi Hutang,13.17,345.0,587.0,196.0,1
CUST109171,26,Bekerja,49021,650,3.1,1481,0,0,0,Kredit Berjalan,Pribadi,9.69,159.0,659.0,0.22,1
CUST109172,39,Wiraswasta,45810,661,3.1,510,0,0,0,Pinjaman Pribadi,Pendidikan,12.64,97.0,1.157,386.0,1
CUST109173,37,Bekerja,107253,746,0.9,160,0,0,0,Kartu Kredit,Medis,15.96,61.0,653.0,218.0,1
CUST109174,39,Bekerja,28124,673,19.1,922,0,0,0,Kredit Berjalan,Pribadi,10.86,0.08,889.0,296.0,1
CUST109175,54,Bekerja,74080,745,14.9,6036,0,2,0,Pinjaman Pribadi,Bisnis,11.48,135.0,813.0,271.0,1
CUST109176,28,Wiraswasta,28869,641,0.9,428,0,1,0,Kartu Kredit,Pendidikan,19.74,197.0,949.0,316.0,1
CUST109177,18,Bekerja,45845,613,0.5,298,0,0,0,Pinjaman Pribadi,Pendidikan,14.19,433.0,1.169,0.39,0
CUST109178,33,Wiraswasta,86620,647,8.6,1585,0,0,0,Pinjaman Pribadi,Pendidikan,14.91,467.0,1.154,385.0,0
CUST109179,61,Wiraswasta,30162,715,23.6,3092,0,0,0,Pinjaman Pribadi,Konsolidasi Hutang,11.34,186.0,315.0,105.0,1
CUST109180,48,Bekerja,36219,581,15.9,1909,0,0,0,Kartu Kredit,Pribadi,21.09,291.0,1.027,342.0,0
CUST109181,44,Wiraswasta,88728,603,16.4,1071,0,0,0,Pinjaman Pribadi,Pendidikan,14.9,275.0,94.0,31.0,1
CUST109182,27,Bekerja,37325,681,6.1,692,0,1,0,Pinjaman Pribadi,Pribadi,12.91,502.0,1.085,362.0,0
CUST109183,59,Bekerja,31333,785,17.8,5923,0,0,0,Kredit Berjalan,Pribadi,7.76,641.0,348.0,116.0,0
CUST109184,25,Bekerja,36782,578,3.7,138,0,1,1,Pinjaman Pribadi,Bisnis,15.18,367.0,1.074,358.0,0
CUST109185,33,Bekerja,58921,582,9.4,2065,0,0,0,Kredit Berjalan,Renovasi Rumah,14.02,0.34,716.0,239.0,0
CUST109186,36,Wiraswasta,58048,696,16.3,2563,0,0,0,Kartu Kredit,Pribadi,18.24,373.0,508.0,169.0,1
CUST109187,28,Bekerja,26775,642,3.7,35,0,0,0,Kredit Berjalan,Pribadi,11.97,553.0,676.0,225.0,0
CUST109188,30,Bekerja,19679,630,1.1,41,0,1,0,Kartu Kredit,Pendidikan,20.35,795.0,716.0,239.0,0
CUST109189,40,Bekerja,24322,679,17.5,725,0,0,0,Kredit Berjalan,Medis,9.74,0.2,214.0,71.0,1
CUST109190,52,Mahasiswa,15000,623,29.2,29128,0,0,0,Pinjaman Pribadi,Pendidikan,14.86,261.0,113.0,38.0,1
CUST109191,35,Bekerja,61397,677,1.8,705,0,0,0,Kredit Berjalan,Renovasi Rumah,10.43,227.0,577.0,192.0,1
CUST109192,18,Bekerja,29266,610,1.9,532,0,1,0,Kartu Kredit,Pendidikan,20.09,197.0,953.0,318.0,1
CUST109193,47,Bekerja,32443,687,12.3,1285,0,0,0,Pinjaman Pribadi,Pribadi,12.3,372.0,1.985,662.0,1
CUST109194,42,Wiraswasta,72294,646,7.1,386,0,0,0,Pinjaman Pribadi,Pribadi,14.81,147.0,1.293,431.0,0
CUST109195,31,Bekerja,41396,691,7.4,3279,0,0,0,Kartu Kredit,Pribadi,17.18,505.0,0.06,0.02,0
CUST109196,46,Mahasiswa,89463,735,11.2,4625,0,1,0,Pinjaman Pribadi,Pribadi,10.12,486.0,1.118,373.0,0
CUST109197,27,Bekerja,21272,635,8.1,580,0,2,0,Kartu Kredit,Renovasi Rumah,19.46,0.22,578.0,193.0,1
CUST109198,26,Wiraswasta,31112,637,2.2,102,0,0,0,Pinjaman Pribadi,Pribadi,14.94,0.35,1.986,662.0,0
CUST109199,47,Bekerja,36296,704,15.2,6671,0,1,0,Kartu Kredit,Renovasi Rumah,17.08,287.0,705.0,235.0,1
CUST109200,36,Bekerja,44166,689,7.2,833,0,1,0,Kartu Kredit,Pendidikan,17.82,89.0,385.0,128.0,1
CUST109201,33,Bekerja,52619,604,14.4,1092,0,1,0,Kartu Kredit,Bisnis,19.03,383.0,0.11,37.0,1
CUST109202,24,Bekerja,30574,600,2.1,840,0,2,0,Kartu Kredit,Pendidikan,19.18,212.0,1.122,374.0,1
CUST109203,44,Wiraswasta,102564,649,23.0,17935,0,0,1,Kartu Kredit,Pendidikan,19.23,412.0,322.0,107.0,1
CUST109204,51,Bekerja,36076,592,19.1,558,0,1,0,Pinjaman Pribadi,Konsolidasi Hutang,16.88,169.0,213.0,71.0,0
CUST109205,31,Bekerja,30199,735,12.6,3919,0,1,0,Pinjaman Pribadi,Renovasi Rumah,10.7,505.0,225.0,75.0,0
CUST109206,31,Bekerja,44628,586,2.1,32,0,0,0,Kredit Berjalan,Renovasi Rumah,14.87,109.0,233.0,78.0,0
CUST109207,33,Wiraswasta,92185,636,10.4,36153,0,0,0,Pinjaman Pribadi,Pribadi,13.59,159.0,0.09,0.03,1
CUST109208,43,Mahasiswa,29407,702,9.2,52,0,0,0,Kartu Kredit,Pribadi,16.99,178.0,99.0,33.0,1
CUST109209,39,Bekerja,48315,601,3.8,1845,0,1,0,Kartu Kredit,Pendidikan,19.47,605.0,221.0,74.0,0
CUST109210,30,Bekerja,55677,588,9.3,457,0,0,1,Kartu Kredit,Medis,22.01,402.0,929.0,0.31,0
CUST109211,18,Bekerja,24973,643,1.2,21,0,2,0,Kredit Berjalan,Pribadi,11.97,0.79,0.22,73.0,0
CUST109212,49,Bekerja,69529,568,20.8,845,1,2,1,Pinjaman Pribadi,Pribadi,15.09,0.8,1.148,383.0,0
CUST109213,53,Bekerja,21888,665,24.6,832,0,0,0,Kartu Kredit,Pribadi,17.79,92.0,813.0,271.0,1
CUST109214,36,Wiraswasta,94711,695,1.6,411,0,0,0,Kartu Kredit,Bisnis,18.85,401.0,739.0,246.0,1
CUST109215,40,Bekerja,19778,646,5.9,298,0,1,0,Pinjaman Pribadi,Pribadi,13.52,453.0,324.0,108.0,0
CUST109216,22,Bekerja,28413,751,0.8,251,0,0,0,Kartu Kredit,Bisnis,14.57,251.0,303.0,101.0,1
CUST109217,26,Bekerja,42840,608,0.7,218,0,0,0,Pinjaman Pribadi,Medis,13.93,236.0,1.419,473.0,0
CUST109218,18,Bekerja,21800,545,0.4,33,0,0,0,Pinjaman Pribadi,Pribadi,15.95,322.0,1.661,554.0,0
CUST109219,26,Bekerja,36423,625,0.7,14,0,1,0,Kartu Kredit,Bisnis,20.5,285.0,631.0,0.21,0
CUST109220,46,Wiraswasta,58100,652,4.3,88,0,0,0,Kredit Berjalan,Renovasi Rumah,9.12,0.31,379.0,126.0,1
CUST109221,31,Bekerja,38574,601,5.5,543,0,1,0,Kartu Kredit,Pribadi,19.53,277.0,402.0,134.0,1
CUST109222,52,Bekerja,66501,779,16.5,2342,0,1,0,Pinjaman Pribadi,Medis,8.33,239.0,1.065,355.0,1
CUST109223,47,Bekerja,73932,745,5.4,3547,0,0,0,Kartu Kredit,Renovasi Rumah,16.8,0.7,947.0,316.0,0
CUST109224,42,Bekerja,24504,741,23.6,1038,0,0,0,Kartu Kredit,Pendidikan,16.66,171.0,539.0,0.18,1
CUST109225,41,Bekerja,55913,626,10.4,487,1,0,0,Kredit Berjalan,Pendidikan,11.94,249.0,393.0,131.0,0
CUST109226,33,Bekerja,37496,724,10.8,613,0,0,0,Kartu Kredit,Pendidikan,17.4,0.26,749.0,0.25,1
CUST109227,34,Bekerja,64551,637,12.1,1826,0,1,0,Kartu Kredit,Bisnis,20.86,531.0,521.0,174.0,0
CUST109228,33,Wiraswasta,67267,613,12.0,2069,0,0,0,Kartu Kredit,Bisnis,20.06,163.0,103.0,34.0,1
CUST109229,35,Bekerja,55124,661,5.1,4053,0,0,0,Pinjaman Pribadi,Pendidikan,12.25,482.0,1.025,342.0,1
CUST109230,51,Bekerja,45451,645,12.6,2431,0,1,0,Kredit Berjalan,Konsolidasi Hutang,12.32,173.0,614.0,205.0,1
CUST109231,31,Mahasiswa,44081,658,8.0,71,0,0,1,Kartu Kredit,Renovasi Rumah,18.88,223.0,0.1,33.0,1
CUST109232,20,Wiraswasta,64199,700,0.4,130,0,0,0,Kredit Berjalan,Pendidikan,8.67,354.0,201.0,67.0,1
CUST109233,18,Bekerja,25676,568,1.8,19,1,1,1,Pinjaman Pribadi,Medis,15.47,134.0,962.0,321.0,0
CUST109234,56,Bekerja,100738,574,29.2,478,0,2,1,Kartu Kredit,Pribadi,22.51,0.62,448.0,149.0,0
CUST109235,31,Bekerja,62319,633,7.2,780,0,0,1,Kredit Berjalan,Medis,12.05,176.0,231.0,77.0,1
CUST109236,47,Wiraswasta,114817,748,4.4,127,0,0,0,Pinjaman Pribadi,Pendidikan,10.76,101.0,485.0,162.0,1
CUST109237,35,Bekerja,27362,607,9.7,6844,0,0,0,Pinjaman Pribadi,Pribadi,14.62,279.0,1.78,593.0,1
CUST109238,35,Wiraswasta,56174,757,1.6,278,0,0,0,Kredit Berjalan,Pribadi,7.46,236.0,477.0,159.0,1
CUST109239,38,Bekerja,51169,677,10.6,2340,0,0,0,Kredit Berjalan,Pendidikan,10.7,158.0,379.0,126.0,1
CUST109240,28,Bekerja,68220,591,0.9,31,0,1,0,Kredit Berjalan,Pendidikan,13.19,82.0,733.0,244.0,0
CUST109241,32,Bekerja,71929,642,1.2,401,0,0,0,Pinjaman Pribadi,Pribadi,14.9,159.0,424.0,141.0,0
CUST109242,18,Bekerja,41251,626,0.7,293,0,3,0,Kartu Kredit,Pribadi,19.32,245.0,485.0,162.0,0
CUST109243,25,Wiraswasta,33829,488,0.2,144,1,0,0,Pinjaman Pribadi,Pendidikan,15.31,303.0,1.236,412.0,0
CUST109244,44,Bekerja,22864,565,1.2,1037,0,0,0,Kartu Kredit,Pribadi,22.38,128.0,757.0,252.0,0
CUST109245,30,Bekerja,63548,681,8.9,10573,0,0,0,Pinjaman Pribadi,Pendidikan,11.94,308.0,1.574,525.0,1
CUST109246,39,Bekerja,77064,663,17.3,5943,0,0,0,Kartu Kredit,Medis,17.07,202.0,908.0,303.0,1
CUST109247,42,Bekerja,180718,689,3.6,1368,0,0,0,Kartu Kredit,Pendidikan,18.26,216.0,387.0,129.0,1
CUST109248,46,Wiraswasta,48237,637,16.8,4653,0,0,0,Pinjaman Pribadi,Medis,13.71,344.0,73.0,24.0,1
CUST109249,37,Bekerja,40282,718,11.6,3098,0,0,0,Kartu Kredit,Renovasi Rumah,17.31,133.0,174.0,58.0,1
CUST109250,18,Bekerja,37175,574,0.9,7,0,0,1,Kredit Berjalan,Pendidikan,13.94,407.0,363.0,121.0,0
CUST109251,36,Wiraswasta,45304,622,3.4,45,0,0,0,Kartu Kredit,Bisnis,19.14,11.0,1.355,452.0,1
CUST109252,29,Bekerja,50818,589,1.4,141,0,1,0,Kartu Kredit,Renovasi Rumah,22.18,228.0,0.97,323.0,0
CUST109253,19,Bekerja,17047,557,0.3,24,0,1,0,Pinjaman Pribadi,Bisnis,16.41,446.0,991.0,0.33,0
CUST109254,40,Wiraswasta,56653,733,21.4,85555,0,1,0,Pinjaman Pribadi,Renovasi Rumah,9.56,0.42,41.0,14.0,1
CUST109255,32,Bekerja,31046,534,12.0,346,0,1,0,Pinjaman Pribadi,Pribadi,15.59,245.0,1.839,613.0,0
CUST109256,19,Wiraswasta,72566,594,0.9,221,0,0,0,Kredit Berjalan,Pendidikan,14.43,193.0,653.0,218.0,0
CUST109257,61,Bekerja,36952,712,1.7,399,0,0,0,Pinjaman Pribadi,Medis,11.03,4.0,32.0,11.0,1
CUST109258,38,Bekerja,26259,555,8.9,71,0,4,0,Kredit Berjalan,Konsolidasi Hutang,14.12,517.0,0.88,293.0,0
CUST109259,18,Mahasiswa,27686,716,1.1,78,0,0,0,Pinjaman Pribadi,Konsolidasi Hutang,10.81,502.0,686.0,229.0,0
CUST109260,18,Bekerja,35758,729,0.4,81,0,0,0,Kartu Kredit,Renovasi Rumah,16.11,281.0,501.0,167.0,1
CUST109261,23,Bekerja,35518,670,4.3,129,0,1,0,Kartu Kredit,Bisnis,17.61,134.0,253.0,84.0,1
CUST109262,44,Bekerja,40366,636,18.9,7398,0,0,0,Kartu Kredit,Pendidikan,20.83,433.0,793.0,264.0,1
CUST109263,18,Wiraswasta,38664,732,1.5,251,0,0,0,Kartu Kredit,Pendidikan,17.27,211.0,202.0,67.0,1
CUST109264,26,Bekerja,53234,610,2.9,580,0,2,0,Kartu Kredit,Pribadi,20.07,347.0,611.0,204.0,1
CUST109265,28,Bekerja,20141,566,9.6,16,0,0,0,Pinjaman Pribadi,Pribadi,15.91,69.0,1.355,452.0,0
CUST109266,43,Bekerja,45652,662,18.2,9485,0,0,0,Pinjaman Pribadi,Pribadi,12.08,324.0,528.0,176.0,1
CUST109267,62,Bekerja,16752,714,27.9,123,0,1,0,Pinjaman Pribadi,Pendidikan,10.08,277.0,281.0,94.0,1
CUST109268,34,Bekerja,46284,625,7.9,269,0,0,0,Kartu Kredit,Pribadi,19.17,122.0,791.0,264.0,1
CUST109269,47,Bekerja,98465,739,12.7,2564,0,1,0,Kartu Kredit,Pendidikan,15.72,494.0,711.0,237.0,1
CUST109270,48,Bekerja,134731,729,1.5,715,0,0,0,Kartu Kredit,Medis,16.1,357.0,0.52,173.0,1
CUST109271,23,Bekerja,15000,678,3.1,383,0,0,0,Pinjaman Pribadi,Pendidikan,12.49,182.0,67.0,22.0,1
CUST109272,55,Bekerja,70136,668,10.4,139,0,1,1,Kredit Berjalan,Bisnis,10.71,521.0,713.0,238.0,0
CUST109273,27,Mahasiswa,30673,541,5.1,31,1,1,0,Kredit Berjalan,Pribadi,13.73,343.0,0.28,93.0,0
CUST109274,48,Bekerja,61795,652,8.9,2110,0,0,0,Kredit Berjalan,Bisnis,9.95,0.37,508.0,169.0,1
CUST109275,48,Bekerja,67650,572,22.1,940,0,0,1,Kredit Berjalan,Pendidikan,14.21,0.31,739.0,246.0,0
CUST109276,40,Wiraswasta,117919,767,3.8,4448,0,0,0,Kartu Kredit,Pribadi,15.98,531.0,0.14,47.0,1
CUST109277,42,Bekerja,79369,694,21.3,282,0,1,0,Kredit Berjalan,Pribadi,10.62,321.0,394.0,131.0,1
CUST109278,48,Bekerja,62489,729,9.0,8157,0,0,0,Kartu Kredit,Konsolidasi Hutang,16.24,0.24,1.12,373.0,1
CUST109279,38,Bekerja,43211,535,6.3,2719,0,1,1,Kartu Kredit,Pribadi,21.66,252.0,349.0,116.0,1
CUST109280,27,Bekerja,60362,556,3.6,12155,0,2,2,Pinjaman Pribadi,Renovasi Rumah,15.1,95.0,992.0,331.0,0
CUST109281,19,Mahasiswa,17166,631,0.9,8,0,0,0,Pinjaman Pribadi,Pendidikan,14.44,216.0,781.0,0.26,1
CUST109282,44,Bekerja,127525,689,11.2,1896,0,1,0,Pinjaman Pribadi,Renovasi Rumah,11.23,249.0,678.0,226.0,1
CUST109283,38,Bekerja,75993,638,0.8,205,0,0,0,Pinjaman Pribadi,Renovasi Rumah,13.32,378.0,915.0,305.0,0
CUST109284,41,Wiraswasta,85116,613,15.0,7474,0,1,0,Kredit Berjalan,Bisnis,11.78,204.0,414.0,138.0,1
CUST109285,40,Bekerja,42094,636,8.8,796,0,0,0,Kredit Berjalan,Pribadi,11.51,0.61,478.0,159.0,0
CUST109286,35,Mahasiswa,30179,664,3.5,432,0,0,0,Pinjaman Pribadi,Pendidikan,11.83,339.0,987.0,329.0,1
CUST109287,41,Bekerja,47069,609,20.5,1600,0,0,0,Pinjaman Pribadi,Medis,14.75,234.0,1.74,0.58,1
CUST109288,34,Wiraswasta,69007,719,8.7,1077,0,0,0,Kartu Kredit,Bisnis,15.89,567.0,433.0,144.0,0
CUST109289,34,Wiraswasta,55544,556,7.6,27422,0,0,0,Pinjaman Pribadi,Pendidikan,15.75,0.12,86.0,29.0,1
CUST109290,59,Wiraswasta,69711,659,28.7,1116,0,0,0,Pinjaman Pribadi,Bisnis,12.23,301.0,1.434,478.0,1
CUST109291,43,Bekerja,78129,647,2.2,541,0,0,0,Pinjaman Pribadi,Medis,14.71,0.25,1.28,427.0,0
CUST109292,33,Bekerja,46504,555,6.1,1210,0,2,0,Pinjaman Pribadi,Pendidikan,16.46,206.0,879.0,293.0,0
CUST109293,29,Bekerja,41604,723,10.2,1555,0,0,0,Kartu Kredit,Pribadi,16.34,443.0,1.394,465.0,1
CUST109294,18,Bekerja,37441,612,0.6,971,0,1,0,Pinjaman Pribadi,Bisnis,13.34,274.0,1.733,578.0,0
CUST109295,31,Bekerja,48052,593,7.9,2847,0,0,0,Pinjaman Pribadi,Renovasi Rumah,16.02,342.0,445.0,148.0,1
CUST109296,39,Bekerja,29672,645,13.6,321,0,3,0,Pinjaman Pribadi,Pribadi,14.22,103.0,249.0,83.0,0
CUST109297,38,Bekerja,40178,661,13.5,2588,0,0,0,Pinjaman Pribadi,Pendidikan,11.62,0.34,729.0,243.0,1
CUST109298,27,Bekerja,80487,634,6.1,208,0,0,0,Kartu Kredit,Pribadi,19.96,0.53,836.0,279.0,0
CUST109299,56,Bekerja,22446,693,0.0,0,0,0,0,Kartu Kredit,Medis,17.61,118.0,503.0,168.0,1
CUST109300,54,Wiraswasta,105831,717,19.2,1454,0,0,0,Kartu Kredit,Renovasi Rumah,16.14,305.0,661.0,0.22,1
CUST109301,37,Mahasiswa,16328,704,2.0,36,1,6,0,Kartu Kredit,Konsolidasi Hutang,16.01,65.0,98.0,33.0,0
CUST109302,37,Bekerja,36286,647,17.1,2409,0,1,0,Kredit Berjalan,Bisnis,11.8,7.0,141.0,47.0,1
CUST109303,35,Bekerja,60766,642,7.2,365,0,1,0,Kredit Berjalan,Renovasi Rumah,12.57,237.0,327.0,109.0,1
CUST109304,18,Bekerja,15000,591,0.9,29,0,0,0,Kredit Berjalan,Renovasi Rumah,14.87,141.0,333.0,111.0,0
CUST109305,38,Bekerja,38704,650,11.9,3848,0,0,0,Pinjaman Pribadi,Bisnis,11.79,207.0,1.964,655.0,1
CUST109306,52,Wiraswasta,237934,693,21.0,14521,0,0,0,Pinjaman Pribadi,Medis,12.34,254.0,229.0,76.0,1
CUST109307,38,Bekerja,35826,560,9.4,4335,0,1,0,Pinjaman Pribadi,Konsolidasi Hutang,16.14,145.0,1.625,542.0,0
CUST109308,33,Bekerja,40915,548,5.9,23,0,0,2,Pinjaman Pribadi,Renovasi Rumah,16.91,257.0,1.195,398.0,0
CUST109309,34,Wiraswasta,143544,719,4.1,7969,0,0,0,Kartu Kredit,Medis,15.67,251.0,0.32,107.0,1
CUST109310,41,Wiraswasta,25820,714,13.8,272,0,0,0,Kartu Kredit,Pribadi,15.9,347.0,1.332,444.0,1
CUST109311,19,Bekerja,23104,569,0.3,74,0,0,0,Kredit Berjalan,Medis,13.18,232.0,364.0,121.0,0
CUST109312,18,Mahasiswa,21581,608,0.2,31,0,1,0,Kartu Kredit,Medis,19.55,0.36,102.0,34.0,0
CUST109313,28,Bekerja,21579,684,2.8,213,0,1,0,Kredit Berjalan,Pribadi,9.22,0.54,621.0,207.0,0
CUST109314,23,Wiraswasta,44719,590,2.5,121,0,1,1,Kartu Kredit,Pribadi,22.66,0.68,461.0,154.0,0
CUST109315,49,Mahasiswa,15000,770,5.5,439,0,0,0,Kredit Berjalan,Pribadi,7.34,381.0,0.68,227.0,1
CUST109316,32,Bekerja,24105,665,12.6,61,0,0,0,Kartu Kredit,Renovasi Rumah,18.88,0.01,1.249,416.0,0
CUST109317,49,Bekerja,60243,775,5.2,11043,0,0,0,Pinjaman Pribadi,Pendidikan,9.42,425.0,1.28,427.0,1
CUST109318,27,Bekerja,49669,623,7.9,522,0,1,0,Kartu Kredit,Pribadi,19.24,135.0,1.206,402.0,1
CUST109319,34,Wiraswasta,59593,600,12.9,2495,0,0,0,Kredit Berjalan,Bisnis,12.35,163.0,839.0,0.28,0
CUST109320,30,Bekerja,34645,587,1.2,147,0,0,0,Kartu Kredit,Pendidikan,22.03,129.0,696.0,232.0,0
CUST109321,39,Bekerja,30535,707,6.7,262,0,0,0,Kartu Kredit,Pendidikan,16.25,229.0,52.0,17.0,1
CUST109322,27,Wiraswasta,50487,666,2.5,338,0,0,0,Pinjaman Pribadi,Konsolidasi Hutang,11.63,0.2,1.682,561.0,0
CUST109323,44,Bekerja,93863,755,25.9,4462,0,0,0,Kartu Kredit,Bisnis,15.06,407.0,177.0,59.0,1
CUST109324,30,Bekerja,65946,586,6.4,2369,1,4,0,Kartu Kredit,Medis,22.45,48.0,925.0,308.0,0
CUST109325,32,Wiraswasta,62067,682,6.4,506,0,0,0,Kartu Kredit,Pendidikan,17.15,112.0,382.0,127.0,1
CUST109326,23,Bekerja,34101,524,2.8,448,0,5,1,Kartu Kredit,Medis,21.87,28.0,1.249,416.0,0
CUST109327,44,Wiraswasta,64320,681,22.1,17777,0,0,0,Kredit Berjalan,Medis,9.3,173.0,0.32,107.0,1
CUST109328,29,Wiraswasta,97546,600,5.9,5295,0,2,0,Pinjaman Pribadi,Pribadi,14.17,0.55,641.0,214.0,0
CUST109329,56,Bekerja,33197,667,9.6,367,0,0,0,Kartu Kredit,Pribadi,17.51,323.0,506.0,169.0,1
CUST109330,36,Wiraswasta,100231,628,8.6,5848,0,3,0,Pinjaman Pribadi,Renovasi Rumah,14.48,298.0,0.49,163.0,0
CUST109331,37,Bekerja,45726,667,6.6,176,0,0,0,Kartu Kredit,Pribadi,18.82,204.0,127.0,42.0,1
CUST109332,41,Bekerja,15558,669,21.4,79,0,0,0,Kartu Kredit,Renovasi Rumah,17.07,186.0,598.0,199.0,1
CUST109333,50,Wiraswasta,100688,650,15.9,10983,0,1,0,Pinjaman Pribadi,Renovasi Rumah,11.47,417.0,993.0,331.0,1
CUST109334,38,Bekerja,44545,751,16.4,8822,0,0,0,Kartu Kredit,Pendidikan,15.03,468.0,265.0,88.0,1
CUST109335,45,Wiraswasta,173149,685,22.1,3162,0,0,0,Kartu Kredit,Pribadi,17.4,84.0,284.0,95.0,1
CUST109336,38,Mahasiswa,19413,673,5.9,33,0,0,0,Kartu Kredit,Pribadi,17.04,123.0,98.0,33.0,1
CUST109337,35,Mahasiswa,15000,684,14.7,3293,0,0,0,Kartu Kredit,Konsolidasi Hutang,18.97,156.0,0.1,33.0,1
CUST109338,26,Mahasiswa,15000,632,4.0,310,0,3,0,Kartu Kredit,Pendidikan,20.75,0.27,0.1,33.0,0
CUST109339,59,Bekerja,137904,606,4.9,361,0,0,0,Kredit Berjalan,Pendidikan,12.71,281.0,313.0,104.0,1
CUST109340,48,Wiraswasta,64186,658,24.3,26151,0,1,0,Kredit Berjalan,Pendidikan,10.79,321.0,779.0,0.26,1
CUST109341,49,Bekerja,47678,652,24.1,11602,0,0,0,Kredit Berjalan,Pribadi,9.29,228.0,636.0,212.0,1
CUST109342,41,Bekerja,37289,653,11.6,154,0,0,0,Kartu Kredit,Konsolidasi Hutang,18.52,152.0,1.067,356.0,1
CUST109343,21,Bekerja,15000,706,1.5,340,0,0,0,Kartu Kredit,Pendidikan,15.89,389.0,627.0,209.0,1
CUST109344,32,Bekerja,44820,647,3.1,116,0,0,0,Kartu Kredit,Pendidikan,20.41,55.0,1.254,418.0,1
CUST109345,27,Bekerja,21725,595,2.6,457,0,0,1,Pinjaman Pribadi,Medis,15.51,364.0,0.12,0.04,0
CUST109346,18,Bekerja,16000,499,1.0,26,0,1,0,Pinjaman Pribadi,Medis,15.88,248.0,1.875,625.0,0
CUST109347,18,Wiraswasta,37802,530,0.3,25,0,1,0,Pinjaman Pribadi,Medis,15.6,466.0,918.0,306.0,0
CUST109348,18,Wiraswasta,48229,574,1.3,310,0,0,0,Pinjaman Pribadi,Medis,16.48,476.0,23.0,8.0,0
CUST109349,32,Bekerja,47784,607,12.4,657,0,1,0,Kartu Kredit,Pendidikan,19.91,318.0,458.0,153.0,1
CUST109350,30,Wiraswasta,61445,670,2.3,390,0,3,0,Pinjaman Pribadi,Pribadi,11.39,82.0,1.45,483.0,0
CUST109351,25,Bekerja,36724,574,2.1,162,0,0,0,Kartu Kredit,Pendidikan,21.82,224.0,735.0,245.0,1
CUST109352,31,Bekerja,25046,635,1.2,91,0,0,0,Kartu Kredit,Medis,20.19,398.0,347.0,116.0,0
CUST109353,29,Bekerja,38485,676,2.3,49,0,0,0,Kartu Kredit,Renovasi Rumah,17.95,403.0,223.0,74.0,1
CUST109354,25,Bekerja,46827,577,6.5,841,0,1,0,Pinjaman Pribadi,Pribadi,15.91,142.0,0.72,0.24,0
CUST109355,28,Bekerja,22957,646,6.5,536,0,2,0,Pinjaman Pribadi,Pendidikan,14.73,365.0,1.638,546.0,0
CUST109356,46,Bekerja,172707,822,21.6,12000,0,0,0,Kredit Berjalan,Renovasi Rumah,6.33,449.0,0.29,97.0,1
CUST109357,42,Wiraswasta,66746,742,8.6,1220,0,0,0,Kartu Kredit,Pendidikan,17.3,509.0,488.0,163.0,1
CUST109358,45,Bekerja,41774,756,20.9,221,0,0,0,Pinjaman Pribadi,Pribadi,9.19,282.0,184.0,61.0,1
CUST109359,38,Mahasiswa,15000,669,11.9,257,0,0,0,Pinjaman Pribadi,Medis,12.11,91.0,0.26,87.0,1
CUST109360,52,Bekerja,105737,631,13.4,1727,0,0,0,Kredit Berjalan,Renovasi Rumah,12.12,365.0,473.0,158.0,0
CUST109361,35,Mahasiswa,37144,593,3.5,3496,0,0,0,Pinjaman Pribadi,Pendidikan,15.9,65.0,1.804,601.0,0
CUST109362,44,Wiraswasta,37089,661,22.5,14755,0,0,0,Kartu Kredit,Bisnis,17.27,172.0,933.0,311.0,1
CUST109363,40,Wiraswasta,47599,598,6.6,1498,1,2,0,Kartu Kredit,Medis,22.2,99.0,1.025,342.0,0
CUST109364,47,Bekerja,83074,601,7.8,18906,0,1,0,Kredit Berjalan,Renovasi Rumah,12.66,173.0,489.0,163.0,1
CUST109365,28,Bekerja,31585,690,1.9,94,0,0,0,Kartu Kredit,Bisnis,18.78,0.11,953.0,318.0,1
CUST109366,51,Bekerja,47443,698,24.2,835,0,0,0,Kartu Kredit,Renovasi Rumah,18.3,0.3,1.041,347.0,1
CUST109367,41,Wiraswasta,66104,734,3.3,320,0,1,0,Kartu Kredit,Pribadi,16.53,551.0,728.0,243.0,0
CUST109368,45,Bekerja,44519,672,11.4,884,0,0,0,Pinjaman Pribadi,Bisnis,11.69,297.0,182.0,61.0,1
CUST109369,45,Bekerja,63052,630,15.7,2238,0,0,0,Pinjaman Pribadi,Medis,14.68,411.0,931.0,0.31,1
CUST109370,41,Bekerja,69537,663,13.0,2053,0,0,0,Pinjaman Pribadi,Pendidikan,11.65,721.0,1.438,479.0,0
CUST109371,27,Bekerja,57067,557,0.7,114,1,2,0,Kartu Kredit,Medis,22.88,237.0,1.227,409.0,0
CUST109372,30,Wiraswasta,53190,615,6.0,381,0,0,0,Kartu Kredit,Pribadi,19.28,353.0,17.0,6.0,1
CUST109373,53,Bekerja,21724,759,25.9,97,0,0,0,Kartu Kredit,Pribadi,14.41,294.0,718.0,239.0,1
CUST109374,52,Mahasiswa,24161,671,27.7,608,0,0,0,Kartu Kredit,Bisnis,18.59,238.0,99.0,33.0,1
CUST109375,47,Bekerja,62156,631,9.6,342,0,1,0,Kartu Kredit,Medis,19.52,92.0,1.126,375.0,1
CUST109376,36,Bekerja,21371,701,13.7,307,0,1,0,Pinjaman Pribadi,Renovasi Rumah,9.5,693.0,201.0,67.0,0
CUST109377,35,Bekerja,34231,682,16.7,3834,0,0,0,Pinjaman Pribadi,Pendidikan,12.0,524.0,1.58,527.0,0
CUST109378,18,Bekerja,25055,554,0.7,5,0,1,0,Pinjaman Pribadi,Konsolidasi Hutang,15.57,499.0,1.445,482.0,0
CUST109379,25,Bekerja,21059,580,5.3,1659,0,1,1,Kredit Berjalan,Konsolidasi Hutang,13.13,57.0,527.0,176.0,0
CUST109380,18,Mahasiswa,15456,663,1.2,164,0,1,0,Kredit Berjalan,Pendidikan,9.87,141.0,408.0,136.0,1
CUST109381,41,Bekerja,29240,526,13.3,4629,0,1,0,Pinjaman Pribadi,Bisnis,15.07,437.0,1.498,499.0,0
CUST109382,34,Bekerja,28982,554,5.4,472,0,2,1,Pinjaman Pribadi,Medis,15.01,141.0,545.0,182.0,0
CUST109383,34,Bekerja,20423,610,3.6,444,0,1,0,Kartu Kredit,Bisnis,20.23,0.5,1.381,0.46,0
CUST109384,26,Bekerja,31139,724,7.9,832,0,0,0,Kartu Kredit,Renovasi Rumah,16.17,65.0,755.0,252.0,1
CUST109385,54,Bekerja,98591,712,0.0,0,0,0,0,Pinjaman Pribadi,Pendidikan,10.53,419.0,57.0,19.0,1
CUST109386,20,Wiraswasta,48413,674,1.0,4,0,0,0,Kartu Kredit,Konsolidasi Hutang,17.6,0.17,384.0,128.0,1
CUST109387,33,Bekerja,25329,663,13.1,820,0,1,0,Pinjaman Pribadi,Pribadi,11.97,249.0,1.078,359.0,1
CUST109388,44,Bekerja,60299,632,18.7,1204,0,2,0,Kartu Kredit,Pribadi,20.94,185.0,1.018,339.0,1
CUST109389,36,Bekerja,22533,647,5.7,42,0,0,0,Pinjaman Pribadi,Renovasi Rumah,13.71,513.0,0.83,277.0,0
CUST109390,37,Bekerja,55968,763,13.3,4820,0,0,0,Kredit Berjalan,Renovasi Rumah,6.17,0.37,345.0,115.0,1
CUST109391,23,Bekerja,18553,616,1.9,314,0,1,0,Pinjaman Pribadi,Renovasi Rumah,14.51,378.0,1.806,602.0,0
CUST109392,33,Bekerja,60438,589,9.4,264,1,1,1,Kredit Berjalan,Pendidikan,13.22,654.0,0.71,237.0,0
CUST109393,24,Mahasiswa,21154,607,3.5,104,0,0,0,Pinjaman Pribadi,Medis,14.76,249.0,813.0,271.0,0
CUST109394,70,Bekerja,59397,711,22.0,2597,0,0,0,Pinjaman Pribadi,Pribadi,9.97,259.0,1.665,555.0,1
CUST109395,33,Bekerja,40090,576,9.0,1362,1,2,0,Pinjaman Pribadi,Pendidikan,16.63,229.0,1.976,659.0,0
CUST109396,26,Bekerja,48110,595,4.2,676,0,1,0,Pinjaman Pribadi,Medis,15.18,198.0,682.0,227.0,0
CUST109397,27,Bekerja,51990,605,4.9,4777,0,1,0,Pinjaman Pribadi,Renovasi Rumah,13.59,255.0,1.825,608.0,0
CUST109398,18,Bekerja,54823,652,1.1,165,0,1,1,Kartu Kredit,Medis,18.35,183.0,399.0,133.0,0
CUST109399,36,Mahasiswa,25042,630,9.1,1409,0,1,0,Pinjaman Pribadi,Medis,13.76,125.0,475.0,158.0,1
CUST109400,39,Bekerja,42845,664,16.6,21340,0,0,0,Pinjaman Pribadi,Pendidikan,12.12,389.0,331.0,0.11,1
CUST109401,37,Bekerja,120446,659,9.3,9065,0,0,0,Pinjaman Pribadi,Bisnis,11.52,178.0,0.83,277.0,1
CUST109402,35,Bekerja,61995,584,1.7,205,0,2,1,Pinjaman Pribadi,Pendidikan,15.21,647.0,1.363,454.0,0
CUST109403,44,Bekerja,53907,715,1.2,434,0,0,0,Kredit Berjalan,Medis,9.11,0.4,288.0,96.0,1
CUST109404,36,Bekerja,26863,646,17.9,10625,0,1,0,Pinjaman Pribadi,Konsolidasi Hutang,13.66,101.0,1.966,655.0,0
CUST109405,29,Bekerja,42091,652,5.8,77,0,0,0,Pinjaman Pribadi,Pribadi,12.37,0.12,0.9,0.3,1
CUST109406,46,Bekerja,106218,565,5.3,12075,0,1,1,Kartu Kredit,Pribadi,21.96,453.0,659.0,0.22,0
CUST109407,37,Mahasiswa,15000,583,10.3,257,1,0,0,Pinjaman Pribadi,Pendidikan,15.95,442.0,1.26,0.42,0
CUST109408,51,Bekerja,84802,659,23.8,4116,0,0,0,Pinjaman Pribadi,Bisnis,12.42,15.0,1.121,374.0,1
CUST109409,23,Wiraswasta,62872,695,2.7,229,0,1,0,Pinjaman Pribadi,Bisnis,11.84,209.0,124.0,41.0,1
CUST109410,47,Bekerja,30683,744,15.7,5981,0,2,0,Kredit Berjalan,Pendidikan,8.41,262.0,792.0,264.0,1
CUST109411,35,Bekerja,29128,752,6.7,259,1,3,0,Kartu Kredit,Renovasi Rumah,15.08,483.0,1.023,341.0,0
CUST109412,28,Mahasiswa,54365,660,5.5,29,0,0,0,Kartu Kredit,Pribadi,18.25,258.0,99.0,33.0,1
CUST109413,42,Mahasiswa,45708,681,8.3,3171,0,0,0,Kartu Kredit,Bisnis,17.56,218.0,101.0,34.0,1
CUST109414,23,Bekerja,32533,667,0.8,29,0,0,0,Kartu Kredit,Pribadi,18.84,88.0,855.0,285.0,1
CUST109415,25,Bekerja,18641,636,7.0,228,0,0,0,Kredit Berjalan,Renovasi Rumah,12.59,0.29,268.0,89.0,1
CUST109416,48,Wiraswasta,52914,688,24.7,7610,0,0,0,Kartu Kredit,Pendidikan,17.31,288.0,206.0,69.0,1
CUST109417,27,Mahasiswa,24372,593,1.9,375,0,0,0,Pinjaman Pribadi,Bisnis,16.3,299.0,1.633,544.0,0
CUST109418,32,Bekerja,81894,657,4.9,1398,0,0,0,Kartu Kredit,Renovasi Rumah,17.75,286.0,278.0,93.0,1
CUST109419,32,Bekerja,50571,541,3.5,139,0,1,0,Kartu Kredit,Pribadi,21.64,209.0,0.87,0.29,0
CUST109420,24,Bekerja,34559,633,2.7,507,0,1,0,Kartu Kredit,Pendidikan,19.7,368.0,952.0,317.0,1
CUST109421,28,Bekerja,30922,599,4.9,23,0,0,0,Kartu Kredit,Konsolidasi Hutang,22.63,369.0,365.0,122.0,0
CUST109422,30,Bekerja,17615,697,11.8,406,0,0,0,Pinjaman Pribadi,Pendidikan,12.42,498.0,0.8,267.0,1
CUST109423,48,Wiraswasta,15000,681,11.3,1030,0,0,0,Kredit Berjalan,Pendidikan,9.69,186.0,453.0,151.0,1
CUST109424,22,Bekerja,31926,627,0.5,33,0,0,0,Kredit Berjalan,Bisnis,11.17,193.0,511.0,0.17,0
CUST109425,29,Bekerja,80870,626,1.0,64,0,0,0,Pinjaman Pribadi,Bisnis,13.52,107.0,143.0,48.0,0
CUST109426,18,Bekerja,19359,644,0.4,42,0,0,0,Kredit Berjalan,Medis,12.52,456.0,455.0,152.0,0
CUST109427,42,Bekerja,129206,715,12.9,3485,0,2,0,Pinjaman Pribadi,Bisnis,10.02,354.0,774.0,258.0,1
CUST109428,21,Bekerja,28871,620,0.7,54,0,2,0,Kartu Kredit,Pribadi,19.48,294.0,111.0,37.0,1
CUST109429,51,Wiraswasta,45589,717,2.6,1058,0,0,0,Kartu Kredit,Pribadi,15.74,396.0,1.119,373.0,1
CUST109430,50,Bekerja,80219,718,13.1,7904,0,0,0,Kredit Berjalan,Renovasi Rumah,8.21,214.0,325.0,108.0,1
CUST109431,18,Bekerja,17441,706,1.9,217,0,0,0,Kredit Berjalan,Pribadi,8.54,256.0,0.35,117.0,1
CUST109432,35,Bekerja,53784,602,12.5,9996,0,0,0,Kartu Kredit,Pribadi,20.86,32.0,1.084,361.0,1
CUST109433,39,Mahasiswa,21794,612,6.5,2334,0,1,0,Pinjaman Pribadi,Pribadi,13.9,0.25,509.0,0.17,1
CUST109434,45,Bekerja,116110,682,11.1,178,0,0,0,Pinjaman Pribadi,Pendidikan,11.45,175.0,861.0,287.0,1
CUST109435,34,Wiraswasta,93497,777,11.7,1138,0,0,0,Kredit Berjalan,Pribadi,7.92,259.0,215.0,72.0,1
CUST109436,47,Bekerja,77908,598,20.5,2079,0,2,1,Kartu Kredit,Pribadi,22.08,194.0,898.0,299.0,1
CUST109437,33,Bekerja,41218,644,8.7,2040,0,1,0,Pinjaman Pribadi,Renovasi Rumah,13.74,164.0,1.184,395.0,1
CUST109438,61,Bekerja,107804,710,4.8,2225,0,0,0,Kartu Kredit,Renovasi Rumah,16.74,319.0,102.0,34.0,1
CUST109439,34,Bekerja,28948,696,12.1,819,0,0,0,Kartu Kredit,Bisnis,17.98,582.0,114.0,38.0,0
CUST109440,18,Bekerja,38871,598,1.3,31,0,0,0,Pinjaman Pribadi,Pribadi,15.8,133.0,877.0,292.0,0
CUST109441,45,Bekerja,50330,509,5.9,122,0,1,0,Pinjaman Pribadi,Bisnis,15.63,517.0,1.987,662.0,0
CUST109442,26,Bekerja,64585,790,5.5,2330,0,0,0,Kartu Kredit,Konsolidasi Hutang,14.43,164.0,79.0,26.0,1
CUST109443,47,Wiraswasta,40132,678,11.2,1856,0,0,0,Kredit Berjalan,Pribadi,9.3,231.0,441.0,147.0,1
CUST109444,58,Bekerja,79883,748,12.0,31470,0,0,0,Kartu Kredit,Pribadi,16.73,0.26,876.0,292.0,1
CUST109445,18,Bekerja,20256,646,0.8,30,0,0,0,Kredit Berjalan,Konsolidasi Hutang,11.91,285.0,306.0,102.0,0
CUST109446,31,Bekerja,24616,651,6.3,5647,0,0,0,Pinjaman Pribadi,Pribadi,12.63,89.0,617.0,206.0,1
CUST109447,19,Bekerja,55360,625,0.9,67,0,0,0,Pinjaman Pribadi,Pendidikan,13.67,141.0,874.0,291.0,1
CUST109448,51,Bekerja,83837,657,10.9,112653,0,0,0,Kartu Kredit,Bisnis,18.96,323.0,808.0,269.0,1
CUST109449,41,Wiraswasta,79661,674,6.0,1584,0,1,0,Kartu Kredit,Pendidikan,17.57,196.0,763.0,254.0,1
CUST109450,18,Bekerja,29261,504,1.5,83,0,0,3,Kartu Kredit,Pendidikan,22.99,314.0,1.094,365.0,0
CUST109451,38,Bekerja,121286,659,13.6,43885,0,0,0,Pinjaman Pribadi,Pendidikan,12.72,178.0,738.0,246.0,1
CUST109452,34,Wiraswasta,25837,537,4.1,297,0,2,0,Kartu Kredit,Bisnis,22.09,282.0,35.0,12.0,0
CUST109453,20,Bekerja,38448,661,1.5,510,0,0,0,Kartu Kredit,Renovasi Rumah,18.54,296.0,226.0,75.0,1
CUST109454,35,Bekerja,20960,588,4.0,77,0,0,0,Kartu Kredit,Pribadi,21.88,533.0,1.102,367.0,0
CUST109455,46,Bekerja,158303,684,13.9,205568,0,0,0,Kredit Berjalan,Pribadi,9.16,243.0,293.0,98.0,1
CUST109456,25,Mahasiswa,30709,739,0.7,10,0,0,0,Kartu Kredit,Medis,17.3,261.0,101.0,34.0,1
CUST109457,18,Bekerja,39592,608,1.7,1943,0,0,0,Kartu Kredit,Pendidikan,19.54,467.0,866.0,289.0,1
CUST109458,44,Bekerja,48897,650,24.6,2472,0,0,0,Kartu Kredit,Pendidikan,18.9,263.0,577.0,192.0,1
CUST109459,29,Bekerja,34698,681,6.5,285,0,0,0,Pinjaman Pribadi,Medis,12.62,0.59,271.0,0.09,0
CUST109460,36,Bekerja,20931,676,10.8,30783,0,1,0,Kredit Berjalan,Pendidikan,10.4,509.0,827.0,276.0,1
CUST109461,18,Bekerja,18483,595,1.5,608,0,1,0,Kartu Kredit,Pribadi,21.98,359.0,573.0,191.0,1
CUST109462,22,Bekerja,77056,762,0.0,0,0,0,0,Kartu Kredit,Pendidikan,14.65,521.0,642.0,214.0,1
CUST109463,49,Bekerja,17648,629,9.4,232,0,0,0,Kartu Kredit,Pribadi,20.93,288.0,289.0,96.0,1
CUST109464,24,Bekerja,39279,611,2.9,273,0,2,0,Pinjaman Pribadi,Bisnis,14.99,163.0,1.41,0.47,0
CUST109465,18,Bekerja,27682,633,0.7,198,0,1,1,Pinjaman Pribadi,Pribadi,14.06,188.0,0.69,0.23,0
CUST109466,28,Bekerja,28323,631,5.5,2284,0,2,0,Pinjaman Pribadi,Pribadi,13.33,341.0,597.0,199.0,0
CUST109467,28,Bekerja,28746,614,2.9,1284,0,0,0,Kartu Kredit,Pribadi,19.25,483.0,1.2,0.4,0
CUST109468,44,Bekerja,30053,587,19.4,6844,0,0,1,Kartu Kredit,Renovasi Rumah,22.29,337.0,0.27,0.09,1
CUST109469,42,Bekerja,38666,666,0.7,4,0,0,0,Pinjaman Pribadi,Renovasi Rumah,11.59,87.0,127.0,42.0,1
CUST109470,36,Bekerja,34425,528,17.9,595,0,2,0,Kartu Kredit,Medis,22.53,476.0,909.0,303.0,0
CUST109471,31,Bekerja,71970,661,11.3,2783,0,0,0,Kartu Kredit,Pribadi,17.76,431.0,795.0,265.0,1
CUST109472,36,Mahasiswa,17269,595,5.6,41,0,0,1,Kartu Kredit,Konsolidasi Hutang,21.02,0.09,98.0,33.0,1
CUST109473,37,Bekerja,157225,623,15.0,1926,0,0,0,Pinjaman Pribadi,Renovasi Rumah,13.4,255.0,305.0,102.0,1
CUST109474,33,Bekerja,44619,626,7.7,58,0,1,0,Kartu Kredit,Pribadi,20.46,589.0,491.0,164.0,0
CUST109475,52,Bekerja,17844,806,16.8,3484,0,0,0,Kredit Berjalan,Renovasi Rumah,6.79,219.0,499.0,166.0,1
CUST109476,24,Bekerja,15000,623,0.1,5,0,1,0,Kartu Kredit,Bisnis,20.89,325.0,113.0,38.0,1
CUST109477,42,Wiraswasta,15011,704,16.0,1657,0,0,0,Kartu Kredit,Pribadi,16.14,544.0,873.0,291.0,1
CUST109478,44,Bekerja,72628,713,18.2,659,0,0,0,Pinjaman Pribadi,Pendidikan,9.98,63.0,189.0,63.0,1
CUST109479,24,Wiraswasta,77493,614,0.7,1431,0,2,0,Kartu Kredit,Renovasi Rumah,19.44,341.0,903.0,301.0,0
CUST109480,21,Bekerja,23731,621,2.2,354,0,2,0,Pinjaman Pribadi,Pribadi,13.84,275.0,126.0,42.0,0
CUST109481,41,Bekerja,139713,671,22.9,1446,0,0,0,Pinjaman Pribadi,Medis,11.99,0.03,716.0,239.0,1
CUST109482,35,Bekerja,36711,698,9.0,3714,0,0,0,Kartu Kredit,Renovasi Rumah,17.67,188.0,697.0,232.0,1
CUST109483,18,Bekerja,35604,644,1.0,160,0,1,0,Kredit Berjalan,Pendidikan,12.6,488.0,244.0,81.0,1
CUST109484,34,Mahasiswa,41301,568,4.2,7958,0,3,0,Pinjaman Pribadi,Pribadi,15.63,389.0,1.615,538.0,0
CUST109485,43,Bekerja,27353,664,20.8,360,0,0,0,Kredit Berjalan,Konsolidasi Hutang,9.78,69.0,468.0,156.0,1
CUST109486,25,Bekerja,47259,556,0.7,18,0,0,2,Pinjaman Pribadi,Bisnis,15.9,102.0,1.045,348.0,0
CUST109487,21,Bekerja,15000,555,1.8,15,0,0,0,Pinjaman Pribadi,Pendidikan,15.83,265.0,1.36,453.0,0
CUST109488,36,Wiraswasta,87596,646,16.2,568,0,2,0,Kredit Berjalan,Pribadi,12.18,409.0,0.24,0.08,1
CUST109489,34,Bekerja,23554,544,13.3,4131,0,2,0,Pinjaman Pribadi,Bisnis,15.24,243.0,255.0,85.0,0
CUST109490,42,Bekerja,43020,687,15.7,1934,0,1,0,Pinjaman Pribadi,Pendidikan,13.0,33.0,716.0,239.0,1
CUST109491,38,Bekerja,43849,720,0.2,20,0,0,0,Kartu Kredit,Pendidikan,15.89,332.0,0.57,0.19,1
CUST109492,26,Bekerja,45750,590,3.1,133,0,0,0,Kartu Kredit,Konsolidasi Hutang,21.35,224.0,1.235,412.0,0
CUST109493,32,Wiraswasta,54997,661,6.3,1936,0,0,0,Kredit Berjalan,Medis,9.18,476.0,789.0,263.0,0
CUST109494,20,Wiraswasta,47400,668,0.3,88,0,0,0,Pinjaman Pribadi,Renovasi Rumah,12.29,439.0,1.932,644.0,0
CUST109495,44,Bekerja,71409,698,1.2,792,0,0,0,Kartu Kredit,Konsolidasi Hutang,17.65,242.0,867.0,289.0,1
CUST109496,43,Bekerja,56113,728,4.0,751,0,0,0,Kartu Kredit,Pribadi,15.55,346.0,86.0,29.0,1
CUST109497,19,Mahasiswa,23027,630,0.7,9,0,2,0,Pinjaman Pribadi,Pendidikan,13.23,272.0,1.42,473.0,0
CUST109498,41,Bekerja,65109,616,1.8,110,0,0,0,Kredit Berjalan,Pribadi,12.61,414.0,768.0,256.0,0
CUST109499,26,Bekerja,25463,707,0.9,45,0,0,0,Kredit Berjalan,Pribadi,9.23,498.0,734.0,245.0,0
CUST109500,45,Bekerja,73652,667,12.6,14191,0,1,0,Kredit Berjalan,Pribadi,9.92,74.0,219.0,73.0,1
CUST109501,36,Bekerja,105502,708,7.1,340,0,1,0,Kartu Kredit,Pribadi,15.97,149.0,163.0,54.0,1
CUST109502,29,Bekerja,15692,611,6.3,605,0,0,0,Kredit Berjalan,Pribadi,12.9,673.0,586.0,195.0,0
CUST109503,26,Bekerja,17123,615,2.3,2128,0,1,0,Kredit Berjalan,Pribadi,12.0,208.0,502.0,167.0,1
CUST109504,26,Wiraswasta,197340,642,0.8,512,0,0,0,Kartu Kredit,Pribadi,20.31,266.0,355.0,118.0,1
CUST109505,34,Bekerja,66868,674,14.9,14250,0,0,0,Pinjaman Pribadi,Pendidikan,12.83,195.0,1.495,498.0,1
CUST109506,21,Bekerja,35186,653,1.2,373,0,0,0,Kredit Berjalan,Pendidikan,10.57,434.0,0.21,0.07,1
CUST109507,55,Bekerja,138995,591,11.9,8156,0,0,0,Kartu Kredit,Renovasi Rumah,21.56,146.0,37.0,12.0,1
CUST109508,54,Bekerja,88063,625,5.3,98,1,0,0,Pinjaman Pribadi,Renovasi Rumah,13.28,378.0,552.0,184.0,0
CUST109509,29,Bekerja,46881,586,5.4,423,0,2,0,Pinjaman Pribadi,Pribadi,15.24,0.43,439.0,146.0,0
CUST109510,45,Wiraswasta,97102,633,8.4,3727,0,0,0,Kartu Kredit,Konsolidasi Hutang,19.78,0.42,721.0,0.24,1
CUST109511,49,Bekerja,27157,625,17.8,1928,0,0,0,Pinjaman Pribadi,Pendidikan,13.2,384.0,394.0,131.0,1
CUST109512,22,Bekerja,39285,717,1.8,143,0,0,0,Kartu Kredit,Pendidikan,16.07,225.0,1.385,462.0,1
CUST109513,43,Bekerja,60139,581,16.6,10734,0,3,0,Kartu Kredit,Pendidikan,22.19,151.0,787.0,262.0,0
CUST109514,46,Bekerja,34537,648,24.5,511,0,0,0,Kartu Kredit,Pendidikan,20.52,181.0,643.0,214.0,1
CUST109515,32,Bekerja,53314,633,4.4,612,0,0,0,Kartu Kredit,Medis,19.45,471.0,1.313,438.0,0
CUST109516,35,Bekerja,112525,522,6.3,1271,1,2,0,Kartu Kredit,Konsolidasi Hutang,21.53,42.0,14.0,5.0,0
CUST109517,63,Bekerja,62374,667,7.4,351,0,0,0,Kartu Kredit,Pribadi,17.77,715.0,1.122,374.0,0
CUST109518,29,Bekerja,15000,576,5.3,231,0,1,0,Kartu Kredit,Pribadi,23.0,232.0,227.0,76.0,1
CUST109519,28,Bekerja,15000,602,0.8,1,0,0,0,Kartu Kredit,Pribadi,19.66,168.0,827.0,276.0,0
CUST109520,63,Bekerja,42859,584,9.5,145,1,2,0,Kartu Kredit,Medis,22.53,372.0,1.066,355.0,0
CUST109521,30,Bekerja,62120,658,11.8,494,0,0,0,Kartu Kredit,Pribadi,18.48,146.0,246.0,82.0,1
CUST109522,40,Wiraswasta,111306,753,17.9,624,0,0,0,Pinjaman Pribadi,Bisnis,9.13,202.0,226.0,75.0,1
CUST109523,39,Bekerja,60344,620,5.4,1405,0,2,0,Pinjaman Pribadi,Pendidikan,13.35,135.0,834.0,278.0,1
CUST109524,50,Mahasiswa,34874,711,14.9,6810,0,0,0,Kartu Kredit,Pribadi,16.68,398.0,0.1,33.0,1
CUST109525,18,Bekerja,18777,702,0.3,4,0,0,0,Pinjaman Pribadi,Medis,9.62,588.0,1.731,577.0,0
CUST109526,18,Bekerja,26296,568,0.1,7,1,2,0,Kartu Kredit,Konsolidasi Hutang,22.98,163.0,742.0,247.0,0
CUST109527,35,Bekerja,56179,564,6.9,4423,1,0,0,Kartu Kredit,Pribadi,22.42,341.0,324.0,108.0,0
CUST109528,40,Mahasiswa,15000,580,4.8,356,0,0,0,Pinjaman Pribadi,Renovasi Rumah,15.11,259.0,753.0,251.0,0
CUST109529,30,Bekerja,49110,627,1.9,89,0,0,0,Kredit Berjalan,Medis,11.18,64.0,277.0,92.0,0
CUST109530,36,Bekerja,40498,575,17.6,3460,0,1,0,Kartu Kredit,Pendidikan,21.9,243.0,109.0,36.0,1
CUST109531,27,Bekerja,26377,597,6.9,404,0,0,0,Kartu Kredit,Pendidikan,21.14,364.0,125.0,42.0,1
CUST109532,19,Bekerja,32267,625,0.3,535,0,0,0,Kartu Kredit,Pribadi,20.32,76.0,567.0,189.0,1
CUST109533,23,Wiraswasta,15000,678,3.6,169,0,0,0,Kredit Berjalan,Pribadi,10.96,74.0,553.0,184.0,0
CUST109534,33,Bekerja,34739,594,9.8,880,0,1,1,Pinjaman Pribadi,Medis,15.4,222.0,1.022,341.0,0
CUST109535,35,Bekerja,61367,634,2.3,744,0,0,1,Kartu Kredit,Pendidikan,19.56,373.0,402.0,134.0,1
CUST109536,18,Bekerja,16359,730,1.3,122,0,1,0,Kartu Kredit,Pribadi,16.21,98.0,1.339,446.0,1
CUST109537,31,Bekerja,24095,657,0.2,2,0,0,0,Kartu Kredit,Pribadi,18.04,0.2,1.166,389.0,1
CUST109538,32,Bekerja,97311,625,1.3,760,0,1,0,Kredit Berjalan,Pendidikan,11.24,488.0,514.0,171.0,0
CUST109539,47,Bekerja,113343,731,8.3,4905,0,0,0,Kredit Berjalan,Pribadi,8.41,526.0,441.0,147.0,0
CUST109540,36,Bekerja,76238,585,13.0,419,0,1,0,Pinjaman Pribadi,Pendidikan,15.97,171.0,0.62,207.0,0
CUST109541,32,Bekerja,67914,625,0.6,52,0,4,0,Kredit Berjalan,Bisnis,11.5,343.0,618.0,206.0,0
CUST109542,22,Bekerja,22162,543,1.6,12,0,3,0,Kartu Kredit,Bisnis,22.35,55.0,582.0,194.0,0
CUST109543,51,Bekerja,62136,709,7.6,20640,0,0,0,Kartu Kredit,Pribadi,15.62,129.0,1.117,372.0,1
CUST109544,30,Bekerja,23056,655,4.7,40,0,0,0,Kartu Kredit,Bisnis,17.76,306.0,108.0,36.0,1
CUST109545,31,Bekerja,59435,642,8.7,9059,0,1,0,Kredit Berjalan,Medis,12.87,122.0,421.0,0.14,1
CUST109546,31,Bekerja,36723,764,11.8,750,0,0,0,Pinjaman Pribadi,Pribadi,8.95,0.49,1.274,425.0,1
CUST109547,53,Bekerja,64186,655,14.6,9416,0,1,0,Pinjaman Pribadi,Pribadi,11.17,219.0,1.558,519.0,1
CUST109548,45,Bekerja,29578,583,21.8,1246,1,0,0,Kredit Berjalan,Renovasi Rumah,13.87,134.0,801.0,267.0,0
CUST109549,51,Wiraswasta,31434,644,7.7,21966,0,1,0,Kartu Kredit,Bisnis,19.4,43.0,1.19,397.0,0
CUST109550,42,Mahasiswa,15000,669,16.6,4145,0,1,2,Kartu Kredit,Renovasi Rumah,17.39,267.0,0.1,33.0,1
CUST109551,42,Bekerja,37559,521,13.9,620,0,2,0,Kartu Kredit,Pendidikan,21.69,593.0,916.0,305.0,0
CUST109552,35,Wiraswasta,93461,632,2.9,146,0,0,0,Kartu Kredit,Bisnis,19.18,352.0,504.0,168.0,1
CUST109553,61,Bekerja,107010,812,22.7,5053,0,1,0,Kredit Berjalan,Pribadi,7.12,312.0,467.0,156.0,1
CUST109554,20,Bekerja,59419,546,1.1,15,1,1,1,Kredit Berjalan,Pribadi,14.01,114.0,478.0,159.0,0
CUST109555,25,Wiraswasta,50740,685,5.8,298,0,0,0,Pinjaman Pribadi,Konsolidasi Hutang,11.11,189.0,824.0,275.0,1
CUST109556,33,Wiraswasta,108430,720,11.1,5674,0,0,0,Kartu Kredit,Pribadi,17.17,228.0,542.0,181.0,1
CUST109557,41,Wiraswasta,43134,632,8.4,191,0,1,0,Kredit Berjalan,Medis,11.34,574.0,596.0,199.0,0
CUST109558,45,Bekerja,60770,688,2.5,887,0,0,0,Kartu Kredit,Medis,18.68,405.0,877.0,292.0,1
CUST109559,28,Bekerja,39300,633,9.3,298,0,0,0,Pinjaman Pribadi,Pendidikan,13.01,368.0,0.57,0.19,1
CUST109560,21,Bekerja,35458,540,1.1,479,0,1,1,Kartu Kredit,Medis,22.16,262.0,361.0,0.12,0
CUST109561,32,Bekerja,38541,667,10.5,298,1,3,0,Pinjaman Pribadi,Bisnis,11.33,361.0,872.0,291.0,0
CUST109562,18,Wiraswasta,33683,609,1.2,17,0,0,0,Kartu Kredit,Pribadi,19.24,329.0,698.0,233.0,1
CUST109563,22,Wiraswasta,92691,545,3.5,2249,0,1,1,Kredit Berjalan,Renovasi Rumah,14.94,291.0,503.0,168.0,0
CUST109564,46,Bekerja,63561,662,2.1,208,0,1,0,Pinjaman Pribadi,Renovasi Rumah,12.56,561.0,1.364,455.0,0
CUST109565,46,Bekerja,59586,696,21.2,439,0,0,0,Kredit Berjalan,Pribadi,9.07,26.0,399.0,133.0,1
CUST109566,28,Bekerja,15000,622,8.9,7951,0,0,0,Kartu Kredit,Pendidikan,19.52,0.38,1.08,0.36,1
CUST109567,44,Bekerja,51319,594,25.6,331,0,2,0,Pinjaman Pribadi,Konsolidasi Hutang,15.12,183.0,1.113,371.0,0
CUST109568,53,Bekerja,30933,767,27.6,503,0,0,0,Kredit Berjalan,Medis,6.95,538.0,637.0,212.0,1
CUST109569,46,Wiraswasta,25879,632,0.4,3,0,2,0,Kredit Berjalan,Renovasi Rumah,12.43,102.0,757.0,252.0,0
CUST109570,46,Wiraswasta,26106,663,7.8,2693,0,0,0,Kartu Kredit,Medis,17.72,0.63,0.41,137.0,0
CUST109571,65,Bekerja,64186,672,5.3,211,0,0,0,Pinjaman Pribadi,Renovasi Rumah,11.25,99.0,126.0,42.0,1
CUST109572,18,Bekerja,20294,648,1.8,19,0,0,0,Kredit Berjalan,Renovasi Rumah,12.01,169.0,453.0,151.0,0
CUST109573,21,Wiraswasta,36635,653,1.1,98,0,0,0,Kredit Berjalan,Pendidikan,9.0,0.19,516.0,172.0,1
CUST109574,31,Bekerja,62882,762,4.3,523,0,0,0,Kartu Kredit,Renovasi Rumah,14.35,155.0,363.0,121.0,1
CUST109575,34,Bekerja,93280,628,9.2,455,0,2,1,Pinjaman Pribadi,Pendidikan,13.1,699.0,593.0,198.0,0
CUST109576,40,Wiraswasta,37026,608,10.7,2300,0,0,0,Kartu Kredit,Pendidikan,19.3,134.0,329.0,0.11,1
CUST109577,48,Bekerja,33636,737,11.7,317,0,0,0,Kartu Kredit,Pribadi,16.04,262.0,752.0,251.0,1
CUST109578,47,Bekerja,61364,677,6.4,273,0,0,2,Kartu Kredit,Renovasi Rumah,18.68,225.0,409.0,136.0,1
CUST109579,30,Wiraswasta,137808,623,8.2,5555,0,2,0,Kredit Berjalan,Pribadi,11.59,391.0,326.0,109.0,0
CUST109580,33,Bekerja,42123,665,2.9,132,0,0,0,Kredit Berjalan,Pribadi,10.26,345.0,434.0,145.0,1
CUST109581,34,Mahasiswa,15000,640,6.5,30,0,0,0,Pinjaman Pribadi,Renovasi Rumah,13.02,123.0,887.0,296.0,1
CUST109582,58,Bekerja,49186,700,3.3,109,0,1,0,Kredit Berjalan,Pribadi,8.13,114.0,533.0,178.0,1
CUST109583,27,Bekerja,65230,540,5.6,878,0,0,0,Kartu Kredit,Bisnis,21.41,397.0,1.073,358.0,0
CUST109584,58,Bekerja,54303,687,1.7,295,0,1,0,Kredit Berjalan,Pribadi,10.52,783.0,705.0,235.0,0
CUST109585,29,Wiraswasta,70593,747,4.5,2794,0,0,0,Kartu Kredit,Pribadi,15.94,451.0,0.14,47.0,1
CUST109586,45,Bekerja,40631,738,10.8,16344,0,0,0,Kartu Kredit,Pribadi,16.32,694.0,709.0,236.0,0
CUST109587,30,Bekerja,22311,649,8.7,226,0,1,0,Kartu Kredit,Pribadi,20.32,354.0,85.0,28.0,1
CUST109588,49,Wiraswasta,24547,635,1.5,41,0,0,0,Pinjaman Pribadi,Pribadi,13.26,371.0,444.0,148.0,1
CUST109589,51,Mahasiswa,32343,681,17.2,1084,0,0,0,Kartu Kredit,Bisnis,18.45,336.0,15.0,5.0,1
CUST109590,40,Bekerja,27222,781,7.8,444,0,0,0,Pinjaman Pribadi,Pendidikan,8.7,0.26,845.0,282.0,1
CUST109591,33,Bekerja,42554,752,5.3,212,0,0,0,Kredit Berjalan,Pendidikan,7.82,277.0,371.0,124.0,1
CUST109592,61,Bekerja,88321,738,12.5,453,0,0,0,Kredit Berjalan,Pendidikan,7.94,548.0,282.0,94.0,1
CUST109593,31,Bekerja,52431,630,2.8,157,0,1,0,Kartu Kredit,Medis,20.49,191.0,374.0,125.0,1
CUST109594,53,Bekerja,52140,734,15.4,711,0,0,0,Kartu Kredit,Pribadi,16.34,222.0,1.343,448.0,1
CUST109595,23,Wiraswasta,49541,566,3.5,868,0,1,0,Kartu Kredit,Bisnis,21.44,454.0,503.0,168.0,0
CUST109596,38,Bekerja,72349,642,16.1,3902,0,1,0,Kredit Berjalan,Bisnis,11.29,162.0,691.0,0.23,0
CUST109597,49,Wiraswasta,168681,671,10.7,870,0,0,0,Pinjaman Pribadi,Renovasi Rumah,11.69,508.0,295.0,98.0,1
CUST109598,40,Bekerja,68791,667,10.5,4881,0,0,0,Pinjaman Pribadi,Medis,11.28,0.1,363.0,121.0,1
CUST109599,41,Bekerja,55605,580,17.0,1734,0,2,0,Kredit Berjalan,Pendidikan,14.12,568.0,437.0,146.0,0
CUST109600,18,Wiraswasta,21055,570,0.8,72,0,1,0,Kredit Berjalan,Pribadi,14.33,0.42,237.0,79.0,0
CUST109601,41,Bekerja,54260,691,21.3,2096,0,1,0,Pinjaman Pribadi,Bisnis,11.19,0.08,979.0,326.0,1
CUST109602,49,Wiraswasta,69766,671,20.5,2414,0,0,1,Pinjaman Pribadi,Bisnis,12.78,784.0,1.167,389.0,0
CUST109603,35,Mahasiswa,28165,817,6.1,2220,0,1,0,Kartu Kredit,Pribadi,15.03,288.0,99.0,33.0,1
CUST109604,23,Bekerja,60148,712,3.0,337,0,0,0,Kartu Kredit,Medis,17.29,61.0,803.0,268.0,1
CUST109605,42,Bekerja,49983,626,5.5,422,0,0,0,Kartu Kredit,Renovasi Rumah,20.77,331.0,724.0,241.0,1
CUST109606,46,Bekerja,119043,623,15.5,18476,1,4,0,Kartu Kredit,Pendidikan,19.49,143.0,588.0,196.0,0
CUST109607,37,Bekerja,57779,703,1.6,265,0,0,0,Kartu Kredit,Renovasi Rumah,17.1,474.0,467.0,156.0,1
CUST109608,47,Bekerja,64074,621,15.3,182,0,2,0,Kartu Kredit,Medis,19.87,429.0,791.0,264.0,1
CUST109609,19,Bekerja,26352,632,0.7,224,0,1,0,Kartu Kredit,Pribadi,20.03,114.0,683.0,228.0,0
CUST109610,20,Wiraswasta,26521,642,1.4,24,0,0,0,Kartu Kredit,Bisnis,20.16,342.0,856.0,285.0,1
CUST109611,35,Bekerja,25024,704,15.1,54,0,0,0,Pinjaman Pribadi,Renovasi Rumah,11.12,0.26,0.16,53.0,1
CUST109612,37,Bekerja,76363,702,17.5,4482,0,0,0,Pinjaman Pribadi,Renovasi Rumah,10.61,108.0,681.0,227.0,1
CUST109613,18,Bekerja,15000,617,1.5,8,0,0,0,Kartu Kredit,Bisnis,19.49,355.0,433.0,144.0,1
CUST109614,30,Bekerja,29618,580,9.7,924,0,0,0,Kartu Kredit,Medis,22.21,195.0,807.0,269.0,1
CUST109615,28,Bekerja,38531,574,8.8,441,0,2,0,Pinjaman Pribadi,Renovasi Rumah,16.51,102.0,288.0,96.0,0
CUST109616,21,Bekerja,21010,535,2.4,339,1,3,1,Pinjaman Pribadi,Bisnis,15.73,254.0,1.166,389.0,0
CUST109617,41,Mahasiswa,46000,671,22.5,956,0,1,0,Kredit Berjalan,Pribadi,9.69,217.0,602.0,201.0,1
CUST109618,43,Bekerja,52662,659,8.9,1670,0,1,0,Pinjaman Pribadi,Medis,11.98,411.0,1.7,567.0,0
CUST109619,33,Wiraswasta,75607,631,0.2,32,0,2,0,Kartu Kredit,Pendidikan,19.29,0.37,762.0,254.0,0
CUST109620,40,Bekerja,26569,587,20.2,21003,0,1,0,Kartu Kredit,Konsolidasi Hutang,22.78,412.0,109.0,36.0,0
CUST109621,29,Wiraswasta,59050,674,2.5,1521,0,0,0,Pinjaman Pribadi,Medis,11.01,191.0,1.693,564.0,1
CUST109622,27,Bekerja,81499,553,7.7,3031,0,2,1,Kredit Berjalan,Pendidikan,14.95,285.0,266.0,89.0,1
CUST109623,30,Bekerja,36778,693,3.9,416,0,0,0,Kartu Kredit,Renovasi Rumah,18.44,154.0,919.0,306.0,1
CUST109624,41,Wiraswasta,76737,625,8.8,1604,0,0,0,Pinjaman Pribadi,Pribadi,13.35,335.0,889.0,296.0,1
CUST109625,28,Bekerja,48687,700,5.6,42,1,2,0,Pinjaman Pribadi,Renovasi Rumah,11.39,385.0,296.0,99.0,0
CUST109626,37,Mahasiswa,57156,644,4.8,612,0,0,0,Kartu Kredit,Pribadi,20.07,458.0,0.1,33.0,0
CUST109627,45,Bekerja,41011,640,11.1,115,0,1,0,Kredit Berjalan,Pribadi,11.76,205.0,163.0,54.0,1
CUST109628,25,Bekerja,57368,640,6.2,915,0,0,0,Kredit Berjalan,Pendidikan,12.3,434.0,615.0,205.0,1
CUST109629,43,Bekerja,33947,661,22.2,4418,0,0,0,Kredit Berjalan,Pribadi,10.86,152.0,713.0,238.0,1
CUST109630,18,Wiraswasta,77905,586,1.6,3706,0,0,1,Kredit Berjalan,Pendidikan,14.52,471.0,435.0,145.0,0
CUST109631,45,Bekerja,65907,735,22.0,13071,0,0,0,Kredit Berjalan,Pribadi,9.27,534.0,394.0,131.0,0
CUST109632,30,Mahasiswa,27797,562,1.1,42,0,2,0,Pinjaman Pribadi,Konsolidasi Hutang,16.12,134.0,1.626,542.0,0
CUST109633,42,Bekerja,86515,689,9.8,515,0,0,0,Kartu Kredit,Pendidikan,17.26,321.0,746.0,249.0,1
CUST109634,41,Wiraswasta,67812,672,22.4,18085,0,0,0,Kartu Kredit,Bisnis,17.74,477.0,501.0,167.0,1
CUST109635,18,Bekerja,29489,594,0.6,4354,0,1,0,Kartu Kredit,Pribadi,21.78,66.0,478.0,159.0,0
CUST109636,45,Wiraswasta,53435,553,1.6,110,0,1,0,Kredit Berjalan,Bisnis,13.87,334.0,522.0,174.0,0
CUST109637,39,Bekerja,19904,531,19.8,1151,0,0,1,Kartu Kredit,Pribadi,21.34,585.0,422.0,141.0,0
CUST109638,29,Bekerja,37903,632,4.4,1839,0,0,0,Pinjaman Pribadi,Pendidikan,13.02,132.0,148.0,49.0,1
CUST109639,43,Bekerja,20414,779,17.0,1205,0,0,0,Kartu Kredit,Pendidikan,15.1,491.0,588.0,196.0,1
CUST109640,40,Bekerja,58765,724,10.6,20007,0,0,0,Pinjaman Pribadi,Pendidikan,10.6,285.0,226.0,75.0,1
CUST109641,45,Bekerja,48194,666,4.2,419,0,0,0,Pinjaman Pribadi,Renovasi Rumah,11.01,0.16,0.22,73.0,1
CUST109642,18,Bekerja,21024,638,0.7,8,0,0,0,Pinjaman Pribadi,Pendidikan,13.6,365.0,442.0,147.0,1
CUST109643,39,Bekerja,80140,718,8.7,479,0,1,0,Kartu Kredit,Renovasi Rumah,16.25,164.0,641.0,214.0,1
CUST109644,34,Bekerja,44083,558,14.8,2590,0,0,1,Pinjaman Pribadi,Pribadi,15.5,254.0,1.182,394.0,0
CUST109645,18,Wiraswasta,106129,615,1.0,326,0,0,0,Kredit Berjalan,Pendidikan,11.71,524.0,437.0,146.0,0
CUST109646,49,Bekerja,72646,662,9.8,796,0,0,0,Kartu Kredit,Pribadi,17.02,177.0,928.0,309.0,1
CUST109647,32,Bekerja,44332,641,5.3,653,0,0,0,Pinjaman Pribadi,Bisnis,14.01,434.0,1.417,472.0,0
CUST109648,51,Bekerja,69757,611,19.2,1646,0,0,0,Kredit Berjalan,Renovasi Rumah,12.57,175.0,396.0,132.0,1
CUST109649,29,Mahasiswa,16790,529,6.8,56,0,1,0,Pinjaman Pribadi,Pendidikan,15.87,0.53,739.0,246.0,0
CUST109650,29,Bekerja,37512,707,8.4,909,0,1,0,Pinjaman Pribadi,Renovasi Rumah,10.17,224.0,1.533,511.0,1
CUST109651,18,Bekerja,17314,624,1.7,120,0,1,0,Kredit Berjalan,Bisnis,12.68,399.0,289.0,96.0,0
CUST109652,56,Bekerja,66242,779,6.8,3287,0,0,0,Kredit Berjalan,Pendidikan,7.36,254.0,234.0,78.0,1
CUST109653,30,Bekerja,34852,649,7.1,284,0,1,1,Pinjaman Pribadi,Medis,14.09,51.0,1.69,563.0,0
CUST109654,44,Bekerja,57427,741,1.7,131,0,0,0,Pinjaman Pribadi,Konsolidasi Hutang,10.87,0.64,1.47,0.49,0
CUST109655,18,Bekerja,15343,579,0.7,10,0,2,1,Kredit Berjalan,Pendidikan,14.58,308.0,0.73,243.0,0
CUST109656,18,Bekerja,15531,653,0.3,2,0,0,0,Pinjaman Pribadi,Bisnis,11.67,123.0,1.346,449.0,0
CUST109657,18,Bekerja,15000,624,1.1,33,0,1,0,Kredit Berjalan,Medis,11.93,106.0,0.7,233.0,0
CUST109658,42,Bekerja,29362,705,3.2,242,0,0,0,Pinjaman Pribadi,Pendidikan,9.65,123.0,1.287,429.0,1
CUST109659,37,Bekerja,45279,696,9.6,998,0,0,0,Pinjaman Pribadi,Medis,11.78,187.0,808.0,269.0,1
CUST109660,35,Bekerja,52361,704,2.6,721,0,1,0,Pinjaman Pribadi,Bisnis,10.31,59.0,1.576,525.0,1
CUST109661,29,Bekerja,24667,591,6.9,526,1,2,1,Kredit Berjalan,Medis,13.6,196.0,661.0,0.22,0
CUST109662,49,Bekerja,54805,645,13.4,2889,0,1,0,Pinjaman Pribadi,Medis,13.24,177.0,569.0,0.19,1
CUST109663,30,Wiraswasta,54252,678,3.7,231,0,0,0,Kartu Kredit,Pribadi,18.34,183.0,616.0,205.0,1
CUST109664,37,Bekerja,25315,640,1.6,32,0,1,0,Pinjaman Pribadi,Bisnis,13.16,306.0,1.861,0.62,0
CUST109665,27,Bekerja,18001,616,4.7,440,0,1,1,Kartu Kredit,Pribadi,20.53,416.0,28.0,9.0,0
CUST109666,41,Bekerja,123076,713,2.6,218,0,0,0,Pinjaman Pribadi,Pendidikan,11.09,616.0,672.0,224.0,0
CUST109667,26,Bekerja,66756,537,3.4,185,0,0,0,Kredit Berjalan,Renovasi Rumah,13.58,38.0,629.0,0.21,0
CUST109668,36,Bekerja,62493,656,11.3,2603,0,0,0,Pinjaman Pribadi,Pendidikan,12.89,162.0,845.0,282.0,1
CUST109669,53,Bekerja,110041,587,18.0,7973,0,1,0,Pinjaman Pribadi,Pendidikan,16.88,519.0,822.0,274.0,0
CUST109670,30,Bekerja,37335,622,2.9,859,0,2,0,Pinjaman Pribadi,Renovasi Rumah,14.98,164.0,297.0,99.0,0
CUST109671,56,Bekerja,34142,720,14.8,122,0,0,0,Kartu Kredit,Medis,15.82,139.0,331.0,0.11,1
CUST109672,34,Wiraswasta,34689,622,7.9,1855,0,3,0,Pinjaman Pribadi,Pendidikan,14.93,121.0,868.0,289.0,0
CUST109673,19,Wiraswasta,28349,594,0.5,30,0,1,0,Pinjaman Pribadi,Konsolidasi Hutang,17.0,0.68,1.852,617.0,0
CUST109674,27,Mahasiswa,25785,726,6.2,249,0,1,0,Kredit Berjalan,Pribadi,9.41,204.0,357.0,119.0,1
CUST109675,22,Bekerja,72829,732,3.2,160,0,0,0,Kredit Berjalan,Konsolidasi Hutang,8.87,359.0,687.0,229.0,0
CUST109676,37,Bekerja,86821,662,16.8,822,0,0,0,Kartu Kredit,Pribadi,17.51,258.0,555.0,185.0,1
CUST109677,41,Bekerja,68447,637,9.8,10706,0,0,0,Kartu Kredit,Konsolidasi Hutang,19.53,432.0,593.0,198.0,0
CUST109678,35,Bekerja,79327,599,11.8,2605,0,1,1,Kartu Kredit,Medis,22.29,224.0,465.0,155.0,1
CUST109679,43,Bekerja,62698,650,4.3,1672,0,1,0,Kartu Kredit,Pribadi,17.56,0.18,745.0,248.0,1
CUST109680,20,Wiraswasta,31065,613,1.9,114,0,2,0,Pinjaman Pribadi,Pribadi,13.94,571.0,167.0,56.0,0
CUST109681,42,Bekerja,59339,629,16.8,1175,0,0,0,Kartu Kredit,Pribadi,20.69,353.0,377.0,126.0,1
CUST109682,24,Bekerja,22210,568,0.2,1,1,1,0,Kartu Kredit,Pribadi,21.72,215.0,1.369,456.0,0
CUST109683,18,Bekerja,22687,667,2.0,255,0,1,0,Kartu Kredit,Bisnis,17.56,392.0,419.0,0.14,0
CUST109684,34,Bekerja,50338,633,3.2,7965,0,2,0,Kartu Kredit,Bisnis,19.52,501.0,0.61,203.0,0
CUST109685,18,Bekerja,51928,659,0.2,87,0,1,0,Pinjaman Pribadi,Pribadi,11.71,201.0,913.0,304.0,0
CUST109686,34,Bekerja,34836,576,8.3,297,0,4,1,Kartu Kredit,Pendidikan,22.73,211.0,1.168,389.0,0
CUST109687,30,Bekerja,37590,698,9.3,363,0,0,0,Kartu Kredit,Pendidikan,17.98,338.0,162.0,54.0,1
CUST109688,36,Bekerja,74069,593,10.6,1604,1,1,2,Kredit Berjalan,Pendidikan,14.07,305.0,675.0,225.0,0
CUST109689,30,Bekerja,24675,655,6.5,241,0,0,0,Pinjaman Pribadi,Konsolidasi Hutang,11.19,154.0,677.0,226.0,1
CUST109690,21,Bekerja,41211,537,2.6,114,0,0,0,Pinjaman Pribadi,Bisnis,15.87,237.0,1.349,0.45,0
CUST109691,33,Bekerja,58151,671,10.9,428,0,0,0,Pinjaman Pribadi,Medis,12.27,104.0,1.322,441.0,1
CUST109692,33,Wiraswasta,87980,609,12.5,11237,0,1,0,Kredit Berjalan,Pribadi,12.47,0.36,299.0,0.1,1
CUST109693,37,Bekerja,15608,648,0.3,2,0,0,0,Kartu Kredit,Bisnis,20.66,157.0,0.25,83.0,0
CUST109694,29,Wiraswasta,57327,619,3.6,1237,0,0,0,Pinjaman Pribadi,Renovasi Rumah,13.06,274.0,1.101,367.0,0
CUST109695,30,Bekerja,27752,741,4.3,333,0,0,0,Kartu Kredit,Konsolidasi Hutang,15.86,68.0,144.0,48.0,1
CUST109696,37,Bekerja,15182,672,15.1,731,0,0,0,Pinjaman Pribadi,Renovasi Rumah,11.3,68.0,283.0,94.0,1
CUST109697,32,Bekerja,36446,642,2.8,33,0,0,0,Pinjaman Pribadi,Renovasi Rumah,14.13,0.05,573.0,191.0,0
CUST109698,70,Bekerja,58735,662,29.0,1923,0,0,0,Kartu Kredit,Medis,17.35,151.0,97.0,32.0,1
CUST109699,28,Bekerja,66796,631,0.9,212,0,4,0,Kartu Kredit,Konsolidasi Hutang,20.63,261.0,1.048,349.0,0
CUST109700,20,Bekerja,29578,649,0.3,9,0,3,0,Kartu Kredit,Pribadi,20.61,427.0,636.0,212.0,0
CUST109701,37,Bekerja,116856,742,11.6,643,0,0,1,Kartu Kredit,Pribadi,15.58,458.0,278.0,93.0,1
CUST109702,45,Mahasiswa,26932,552,11.1,192,0,1,0,Kredit Berjalan,Renovasi Rumah,13.94,311.0,453.0,151.0,1
CUST109703,19,Bekerja,23022,712,1.0,455,0,0,0,Kredit Berjalan,Pendidikan,7.99,289.0,391.0,0.13,1
CUST109704,54,Bekerja,25186,741,16.9,889,0,1,0,Kartu Kredit,Medis,16.8,212.0,0.79,263.0,1
CUST109705,43,Wiraswasta,80228,612,15.1,481,0,0,0,Pinjaman Pribadi,Pendidikan,13.93,0.1,1.246,415.0,1
CUST109706,29,Bekerja,67918,564,5.4,160,0,0,1,Pinjaman Pribadi,Pendidikan,16.07,87.0,1.363,454.0,0
CUST109707,46,Wiraswasta,72625,684,18.2,59866,0,0,0,Kartu Kredit,Pribadi,17.83,228.0,964.0,321.0,1
CUST109708,42,Bekerja,51628,683,18.6,19211,0,1,0,Kartu Kredit,Pendidikan,17.53,444.0,1.228,409.0,1
CUST109709,30,Bekerja,50650,599,9.9,1036,0,0,0,Pinjaman Pribadi,Bisnis,16.45,369.0,1.504,501.0,0
CUST109710,50,Bekerja,79820,760,16.8,3509,0,0,0,Kartu Kredit,Medis,14.15,257.0,873.0,291.0,1
CUST109711,23,Wiraswasta,114104,658,2.0,4512,0,1,0,Kartu Kredit,Medis,18.34,444.0,613.0,204.0,0
CUST109712,32,Bekerja,90846,769,3.0,264,0,0,0,Kartu Kredit,Bisnis,14.01,475.0,609.0,203.0,1
CUST109713,40,Bekerja,55301,632,19.2,4764,0,1,0,Pinjaman Pribadi,Konsolidasi Hutang,13.72,0.46,201.0,67.0,0
CUST109714,28,Mahasiswa,76257,591,7.2,289,0,0,0,Kartu Kredit,Pribadi,21.57,33.0,0.1,33.0,1
CUST109715,32,Mahasiswa,15000,675,11.4,147,0,1,0,Kredit Berjalan,Renovasi Rumah,9.24,321.0,447.0,149.0,1
CUST109716,37,Bekerja,88811,796,7.4,10079,0,0,0,Kredit Berjalan,Pribadi,6.92,0.35,563.0,188.0,1
CUST109717,45,Bekerja,33328,615,10.6,7326,0,0,0,Kredit Berjalan,Pendidikan,12.77,344.0,405.0,135.0,1
CUST109718,21,Mahasiswa,16038,646,0.8,96,0,1,0,Kartu Kredit,Medis,20.5,174.0,0.1,33.0,1
CUST109719,35,Bekerja,26606,640,0.7,114,0,0,0,Pinjaman Pribadi,Medis,14.25,355.0,259.0,86.0,1
CUST109720,39,Bekerja,68606,679,16.6,575,0,0,0,Kredit Berjalan,Pendidikan,9.32,0.29,685.0,228.0,1
CUST109721,41,Wiraswasta,243594,702,10.0,120496,0,0,0,Kartu Kredit,Bisnis,17.1,352.0,287.0,96.0,1
CUST109722,35,Bekerja,51842,670,1.3,643,0,0,0,Kredit Berjalan,Pendidikan,10.65,258.0,702.0,234.0,1
CUST109723,33,Bekerja,72416,651,4.4,1906,0,0,0,Pinjaman Pribadi,Bisnis,12.78,409.0,1.381,0.46,0
CUST109724,18,Bekerja,25852,578,1.6,26,0,1,0,Pinjaman Pribadi,Konsolidasi Hutang,15.23,454.0,897.0,299.0,0
CUST109725,35,Bekerja,42876,597,4.9,59,0,1,0,Kredit Berjalan,Bisnis,14.87,18.0,541.0,0.18,0
CUST109726,40,Bekerja,59320,686,19.8,259,0,1,0,Pinjaman Pribadi,Pribadi,11.89,456.0,244.0,81.0,1
CUST109727,31,Bekerja,42084,655,10.8,2617,0,0,1,Kartu Kredit,Renovasi Rumah,17.41,393.0,302.0,101.0,1
CUST109728,21,Bekerja,26265,648,0.2,11,0,1,0,Kredit Berjalan,Pendidikan,12.69,238.0,476.0,159.0,1
CUST109729,18,Bekerja,39269,761,1.9,526,0,1,0,Kartu Kredit,Renovasi Rumah,15.29,308.0,0.7,233.0,1
CUST109730,34,Bekerja,36288,628,6.7,1444,0,0,0,Pinjaman Pribadi,Medis,13.26,64.0,1.687,562.0,0
CUST109731,23,Mahasiswa,15000,607,3.4,36,0,2,0,Kartu Kredit,Medis,20.35,274.0,0.1,33.0,1
CUST109732,18,Bekerja,21205,600,0.6,67,0,0,0,Pinjaman Pribadi,Medis,13.05,145.0,1.047,349.0,0
CUST109733,46,Bekerja,46300,686,21.4,659,0,1,0,Pinjaman Pribadi,Konsolidasi Hutang,11.91,215.0,106.0,35.0,1
CUST109734,42,Bekerja,15070,664,22.6,3804,0,0,0,Pinjaman Pribadi,Konsolidasi Hutang,11.71,0.05,199.0,66.0,1
CUST109735,40,Wiraswasta,53121,567,1.0,66,0,0,1,Kartu Kredit,Konsolidasi Hutang,21.17,263.0,612.0,204.0,0
CUST109736,30,Bekerja,48018,535,11.3,5620,0,0,0,Pinjaman Pribadi,Pendidikan,15.92,197.0,1.012,337.0,1
CUST109737,35,Bekerja,48508,673,16.2,1612,0,2,0,Pinjaman Pribadi,Renovasi Rumah,11.84,0.8,1.464,488.0,0
CUST109738,40,Bekerja,125171,655,0.6,137,0,0,0,Kredit Berjalan,Pendidikan,9.89,174.0,399.0,133.0,1
CUST109739,37,Bekerja,69069,744,4.1,1487,0,0,0,Kartu Kredit,Konsolidasi Hutang,16.15,135.0,644.0,215.0,1
CUST109740,42,Bekerja,55238,721,6.9,1167,0,0,0,Kredit Berjalan,Pendidikan,8.46,133.0,838.0,279.0,1
CUST109741,21,Bekerja,19731,654,2.6,97,0,0,0,Kartu Kredit,Bisnis,18.32,436.0,1.156,385.0,0
CUST109742,31,Bekerja,41189,685,5.6,174,0,0,0,Pinjaman Pribadi,Pribadi,12.87,272.0,1.01,337.0,1
CUST109743,50,Bekerja,56144,748,24.0,1779,0,0,0,Kredit Berjalan,Pribadi,8.79,282.0,354.0,118.0,1
CUST109744,31,Mahasiswa,38878,585,11.0,221,0,1,0,Kartu Kredit,Renovasi Rumah,22.59,342.0,0.1,33.0,1
CUST109745,37,Wiraswasta,37262,593,18.1,852,1,0,1,Kartu Kredit,Pendidikan,21.39,189.0,1.283,428.0,0
CUST109746,24,Bekerja,50669,648,1.9,79,0,0,0,Kartu Kredit,Pendidikan,19.51,387.0,557.0,186.0,1
CUST109747,55,Bekerja,70284,793,24.2,2122,0,2,0,Pinjaman Pribadi,Konsolidasi Hutang,8.48,104.0,1.423,474.0,1
CUST109748,43,Wiraswasta,58653,664,4.9,165,0,1,0,Kartu Kredit,Bisnis,17.13,0.17,718.0,239.0,1
CUST109749,53,Wiraswasta,125501,621,23.5,23505,0,0,0,Kredit Berjalan,Konsolidasi Hutang,12.84,275.0,241.0,0.08,1
CUST109750,51,Bekerja,29474,578,15.9,8596,0,0,0,Kartu Kredit,Renovasi Rumah,21.12,128.0,553.0,184.0,1
CUST109751,48,Wiraswasta,15849,771,21.4,478,0,0,0,Pinjaman Pribadi,Konsolidasi Hutang,8.35,147.0,461.0,154.0,1
CUST109752,18,Bekerja,37416,663,1.4,501,0,0,0,Kartu Kredit,Renovasi Rumah,17.19,395.0,636.0,212.0,0
CUST109753,29,Bekerja,43800,650,6.4,513,0,0,0,Kredit Berjalan,Renovasi Rumah,9.26,281.0,0.68,227.0,1
CUST109754,33,Wiraswasta,97142,651,3.9,157,0,0,0,Kartu Kredit,Pendidikan,17.05,574.0,669.0,223.0,0
CUST109755,21,Bekerja,28892,507,1.7,118,0,1,0,Kartu Kredit,Renovasi Rumah,22.86,217.0,1.256,419.0,0
CUST109756,52,Bekerja,43748,651,5.6,412,0,1,0,Kartu Kredit,Pribadi,17.78,629.0,1.326,442.0,0
CUST109757,37,Bekerja,45420,684,1.2,548,0,0,0,Pinjaman Pribadi,Renovasi Rumah,12.6,153.0,1.506,502.0,0
CUST109758,41,Wiraswasta,28170,551,6.4,160,0,1,1,Kartu Kredit,Renovasi Rumah,21.03,481.0,1.317,439.0,0
CUST109759,23,Bekerja,20164,557,1.4,145,0,0,2,Kartu Kredit,Renovasi Rumah,22.04,0.25,1.111,0.37,0
CUST109760,24,Bekerja,39276,683,5.1,83,0,0,1,Kredit Berjalan,Bisnis,10.14,72.0,387.0,129.0,1
CUST109761,32,Mahasiswa,17430,606,12.6,762,0,0,0,Pinjaman Pribadi,Konsolidasi Hutang,13.47,136.0,0.7,233.0,0
CUST109762,41,Bekerja,73769,575,6.1,2997,0,0,0,Kartu Kredit,Renovasi Rumah,21.93,273.0,949.0,316.0,1
CUST109763,23,Mahasiswa,15000,564,3.4,132,0,1,0,Kartu Kredit,Medis,22.32,488.0,0.1,33.0,0
CUST109764,50,Bekerja,52322,663,29.0,1488,0,0,0,Pinjaman Pribadi,Konsolidasi Hutang,11.11,446.0,1.774,591.0,0
CUST109765,54,Bekerja,71918,680,21.5,1280,0,0,0,Kredit Berjalan,Renovasi Rumah,10.72,317.0,598.0,199.0,1
CUST109766,34,Bekerja,59333,590,13.0,1426,0,3,0,Kartu Kredit,Renovasi Rumah,22.21,554.0,202.0,67.0,0
CUST109767,25,Bekerja,28958,610,6.9,32,0,1,0,Kartu Kredit,Pribadi,19.99,375.0,1.371,457.0,1
CUST109768,44,Bekerja,34704,700,16.6,140,0,0,0,Pinjaman Pribadi,Pendidikan,10.21,334.0,49.0,16.0,1
CUST109769,44,Mahasiswa,46297,736,11.7,671,0,0,0,Kartu Kredit,Pribadi,16.39,301.0,99.0,33.0,1
CUST109770,27,Bekerja,59212,625,6.8,396,0,2,0,Pinjaman Pribadi,Bisnis,13.44,73.0,1.689,563.0,0
CUST109771,41,Bekerja,24737,643,1.5,21,0,1,1,Kartu Kredit,Pendidikan,20.62,418.0,1.253,418.0,1
CUST109772,42,Bekerja,47519,563,3.1,871,0,1,1,Kartu Kredit,Bisnis,21.21,594.0,549.0,183.0,0
CUST109773,53,Bekerja,97118,710,10.6,2297,0,0,0,Kredit Berjalan,Medis,8.3,58.0,206.0,69.0,1
CUST109774,24,Bekerja,18279,568,1.7,0,0,0,1,Kartu Kredit,Pendidikan,21.36,211.0,744.0,248.0,0
CUST109775,37,Wiraswasta,38650,783,4.3,786,0,0,0,Pinjaman Pribadi,Pendidikan,9.32,222.0,1.534,511.0,1
CUST109776,24,Bekerja,26932,710,3.1,415,0,0,0,Kartu Kredit,Pribadi,16.98,134.0,962.0,321.0,1
CUST109777,28,Bekerja,146110,628,3.3,977,0,1,0,Kartu Kredit,Medis,20.49,253.0,232.0,77.0,0
CUST109778,41,Wiraswasta,169049,598,7.6,3536,0,0,1,Pinjaman Pribadi,Konsolidasi Hutang,16.9,303.0,503.0,168.0,0
CUST109779,18,Bekerja,16904,615,0.0,0,0,2,0,Kredit Berjalan,Pribadi,11.29,427.0,361.0,0.12,0
CUST109780,39,Bekerja,49980,645,12.5,7959,0,2,0,Kartu Kredit,Bisnis,19.16,256.0,788.0,263.0,1
CUST109781,18,Bekerja,31251,577,1.0,15,0,2,0,Kredit Berjalan,Bisnis,14.35,228.0,352.0,117.0,0
CUST109782,31,Wiraswasta,36305,592,8.5,1820,0,0,0,Kartu Kredit,Pribadi,21.33,338.0,653.0,218.0,1
CUST109783,43,Wiraswasta,67607,604,22.7,12437,0,2,0,Pinjaman Pribadi,Renovasi Rumah,14.12,353.0,405.0,135.0,1
CUST109784,27,Bekerja,15000,678,6.8,954,0,0,0,Kartu Kredit,Pendidikan,17.87,573.0,0.46,153.0,0
CUST109785,30,Bekerja,36001,650,9.8,644,0,0,0,Pinjaman Pribadi,Pribadi,11.76,0.27,1.453,484.0,1
CUST109786,39,Bekerja,27620,744,20.7,6060,0,0,0,Pinjaman Pribadi,Pribadi,10.07,546.0,0.34,113.0,1
CUST109787,39,Wiraswasta,30692,669,4.7,532,0,0,0,Kartu Kredit,Medis,18.73,234.0,59.0,0.02,1
CUST109788,52,Bekerja,92160,757,23.7,142139,0,0,0,Pinjaman Pribadi,Pribadi,8.37,172.0,846.0,282.0,1
CUST109789,31,Bekerja,25769,630,11.2,2229,0,0,0,Pinjaman Pribadi,Medis,14.39,435.0,924.0,308.0,1
CUST109790,43,Wiraswasta,64265,696,19.6,25831,0,0,0,Pinjaman Pribadi,Bisnis,11.98,303.0,96.0,32.0,1
CUST109791,40,Wiraswasta,102971,594,18.6,8832,0,2,0,Kartu Kredit,Pribadi,21.77,126.0,0.18,0.06,1
CUST109792,41,Bekerja,58836,773,19.5,1803,0,1,0,Kredit Berjalan,Bisnis,7.26,185.0,445.0,148.0,1
CUST109793,20,Bekerja,25555,698,1.7,1070,0,0,0,Pinjaman Pribadi,Bisnis,11.74,462.0,1.87,623.0,0
CUST109794,29,Bekerja,68099,560,3.8,72,0,2,0,Kartu Kredit,Medis,22.82,0.22,975.0,325.0,0
CUST109795,18,Bekerja,29373,539,0.7,25,1,1,0,Kartu Kredit,Pendidikan,21.44,151.0,742.0,247.0,0
CUST109796,39,Bekerja,35905,576,17.2,3450,0,2,1,Kartu Kredit,Bisnis,22.99,194.0,738.0,246.0,0
CUST109797,24,Bekerja,53745,646,0.7,1,0,1,0,Pinjaman Pribadi,Medis,13.36,0.22,95.0,32.0,1
CUST109798,41,Bekerja,224952,653,17.1,42925,0,0,0,Kredit Berjalan,Konsolidasi Hutang,10.68,0.14,222.0,74.0,1
CUST109799,29,Bekerja,56903,598,6.3,301,0,1,1,Kartu Kredit,Konsolidasi Hutang,21.89,332.0,1.209,403.0,0
CUST109800,34,Wiraswasta,63526,541,1.1,157,0,1,1,Kartu Kredit,Bisnis,21.27,644.0,0.53,177.0,0
CUST109801,26,Mahasiswa,30802,603,7.8,448,0,2,0,Kredit Berjalan,Konsolidasi Hutang,11.26,562.0,279.0,93.0,0
CUST109802,35,Mahasiswa,15000,503,0.3,43,0,0,2,Kartu Kredit,Pribadi,21.3,258.0,0.1,33.0,1
CUST109803,30,Bekerja,18543,559,8.3,6833,0,3,0,Kartu Kredit,Pribadi,21.26,441.0,404.0,135.0,0
CUST109804,45,Wiraswasta,57127,732,20.7,2871,0,0,0,Kredit Berjalan,Konsolidasi Hutang,8.53,618.0,341.0,114.0,0
CUST109805,18,Bekerja,29048,646,1.3,82,0,0,0,Kartu Kredit,Medis,20.56,334.0,909.0,303.0,0
CUST109806,25,Bekerja,15510,546,3.2,1416,0,0,0,Kartu Kredit,Medis,21.59,0.41,387.0,129.0,0
CUST109807,32,Bekerja,49272,707,8.0,778,0,1,0,Pinjaman Pribadi,Pendidikan,11.07,19.0,0.72,0.24,1
CUST109808,37,Bekerja,21373,599,17.7,150,0,2,1,Kartu Kredit,Konsolidasi Hutang,21.57,522.0,767.0,256.0,0
CUST109809,50,Wiraswasta,29961,627,6.0,4471,1,0,0,Kredit Berjalan,Pendidikan,11.93,113.0,267.0,89.0,0
CUST109810,44,Wiraswasta,114402,604,1.8,3013,0,1,0,Pinjaman Pribadi,Pendidikan,14.95,333.0,874.0,291.0,0
CUST109811,35,Bekerja,76253,675,8.0,5443,0,0,0,Kartu Kredit,Konsolidasi Hutang,18.7,104.0,918.0,306.0,1
CUST109812,42,Wiraswasta,187849,651,21.7,1528,0,0,0,Kredit Berjalan,Renovasi Rumah,10.58,221.0,141.0,47.0,1
CUST109813,27,Bekerja,28024,547,5.6,786,0,2,0,Kartu Kredit,Pribadi,22.99,609.0,1.395,465.0,0
CUST109814,19,Mahasiswa,25494,631,0.8,8,0,1,0,Kartu Kredit,Pendidikan,19.83,282.0,98.0,33.0,1
CUST109815,38,Bekerja,34845,617,16.9,7100,0,1,0,Pinjaman Pribadi,Pribadi,14.93,197.0,1.458,486.0,1
CUST109816,43,Bekerja,20629,617,8.1,1174,0,0,1,Pinjaman Pribadi,Konsolidasi Hutang,13.72,329.0,1.008,336.0,0
CUST109817,18,Bekerja,15000,716,1.4,36,0,0,0,Pinjaman Pribadi,Medis,9.9,167.0,307.0,102.0,1
CUST109818,36,Bekerja,78583,563,10.8,55134,0,2,0,Pinjaman Pribadi,Medis,15.96,144.0,599.0,0.2,0
CUST109819,18,Bekerja,18743,631,0.7,348,0,2,0,Kartu Kredit,Pendidikan,20.81,366.0,523.0,174.0,1
CUST109820,37,Bekerja,56927,727,9.6,12517,0,0,0,Kartu Kredit,Pribadi,16.65,276.0,1.23,0.41,1
CUST109821,62,Wiraswasta,94227,777,17.9,3116,0,0,0,Pinjaman Pribadi,Pribadi,9.93,285.0,1.061,354.0,1
CUST109822,30,Bekerja,57841,564,6.8,3008,0,0,0,Pinjaman Pribadi,Konsolidasi Hutang,15.44,231.0,842.0,281.0,0
CUST109823,41,Bekerja,67656,605,9.8,331,1,2,0,Kartu Kredit,Pendidikan,20.54,137.0,102.0,34.0,0
CUST109824,40,Bekerja,31129,625,18.9,317,0,1,0,Pinjaman Pribadi,Medis,13.78,0.19,447.0,149.0,0
CUST109825,45,Bekerja,59233,678,7.5,497,0,0,0,Pinjaman Pribadi,Pribadi,11.34,63.0,343.0,114.0,1
CUST109826,34,Bekerja,47417,669,1.5,81,0,0,0,Kartu Kredit,Renovasi Rumah,18.72,434.0,694.0,231.0,1
CUST109827,40,Bekerja,25771,601,14.6,4135,0,1,0,Kartu Kredit,Medis,20.47,275.0,1.176,392.0,0
CUST109828,24,Mahasiswa,15000,591,1.8,129,1,1,0,Pinjaman Pribadi,Konsolidasi Hutang,15.96,0.39,567.0,189.0,0
CUST109829,44,Bekerja,36165,605,18.1,2036,0,0,0,Pinjaman Pribadi,Medis,14.59,401.0,241.0,0.08,1
CUST109830,59,Bekerja,29584,748,28.5,300000,0,0,0,Kartu Kredit,Pribadi,16.04,104.0,1.028,343.0,1
CUST109831,48,Wiraswasta,58410,697,27.7,11643,0,0,0,Pinjaman Pribadi,Pribadi,11.57,174.0,1.104,368.0,1
CUST109832,36,Bekerja,95384,662,10.8,1757,0,1,0,Kartu Kredit,Bisnis,18.54,69.0,734.0,245.0,1
CUST109833,31,Bekerja,62173,643,12.4,4061,0,0,0,Pinjaman Pribadi,Pendidikan,13.05,124.0,1.608,536.0,1
CUST109834,37,Wiraswasta,33412,612,0.9,102,0,2,0,Kartu Kredit,Renovasi Rumah,19.01,242.0,982.0,327.0,1
CUST109835,18,Wiraswasta,92729,570,1.2,589,0,0,0,Pinjaman Pribadi,Pendidikan,15.04,31.0,1.078,359.0,0
CUST109836,37,Wiraswasta,24904,583,16.6,1122,0,1,0,Kartu Kredit,Pribadi,22.04,456.0,956.0,319.0,0
CUST109837,34,Bekerja,58207,643,3.9,1875,0,2,0,Pinjaman Pribadi,Konsolidasi Hutang,14.58,547.0,0.1,33.0,0
CUST109838,33,Wiraswasta,46344,657,4.7,6121,0,0,0,Kredit Berjalan,Pribadi,9.19,138.0,0.24,0.08,1
CUST109839,56,Wiraswasta,172082,726,17.7,4145,0,1,0,Kredit Berjalan,Konsolidasi Hutang,8.43,219.0,0.11,37.0,1
CUST109840,31,Bekerja,25072,598,7.1,295,0,0,0,Pinjaman Pribadi,Bisnis,16.96,281.0,1.922,641.0,0
CUST109841,46,Wiraswasta,94044,645,12.3,4033,0,0,0,Kartu Kredit,Renovasi Rumah,20.46,392.0,744.0,248.0,1
CUST109842,26,Bekerja,35626,565,2.5,8339,0,0,0,Kartu Kredit,Pendidikan,22.34,434.0,654.0,218.0,1
CUST109843,52,Bekerja,79889,721,7.3,241,0,0,0,Kartu Kredit,Medis,16.42,227.0,616.0,205.0,1
CUST109844,41,Bekerja,74323,638,13.2,691,0,0,0,Pinjaman Pribadi,Pendidikan,13.11,97.0,331.0,0.11,1
CUST109845,41,Bekerja,58480,618,3.0,291,0,0,1,Kartu Kredit,Bisnis,19.28,71.0,289.0,96.0,1
CUST109846,19,Bekerja,47950,714,1.2,390,0,0,0,Kartu Kredit,Pribadi,16.96,222.0,444.0,148.0,1
CUST109847,52,Wiraswasta,26529,756,21.3,1508,0,0,0,Kartu Kredit,Medis,14.21,229.0,863.0,288.0,1
CUST109848,27,Bekerja,55333,700,5.7,106,0,0,0,Pinjaman Pribadi,Pribadi,11.12,216.0,1.046,349.0,1
CUST109849,45,Bekerja,48383,619,1.3,35,0,0,0,Kartu Kredit,Pribadi,19.94,0.31,732.0,244.0,1
CUST109850,21,Bekerja,16711,639,1.3,63,0,0,0,Pinjaman Pribadi,Pribadi,14.29,182.0,479.0,0.16,1
CUST109851,21,Mahasiswa,16188,567,0.9,358,0,0,1,Kartu Kredit,Bisnis,21.15,185.0,99.0,33.0,1
CUST109852,24,Bekerja,24515,571,5.5,345,1,2,0,Kartu Kredit,Bisnis,22.55,582.0,184.0,61.0,0
CUST109853,29,Mahasiswa,15000,613,6.9,134,0,0,0,Kredit Berjalan,Pendidikan,12.16,81.0,373.0,124.0,1
CUST109854,51,Mahasiswa,15000,705,0.2,0,0,0,0,Pinjaman Pribadi,Pribadi,10.54,286.0,587.0,196.0,1
CUST109855,34,Mahasiswa,15154,689,15.1,48,0,1,0,Pinjaman Pribadi,Pendidikan,12.35,213.0,1.986,662.0,1
CUST109856,33,Bekerja,49550,699,4.1,184,0,0,0,Kartu Kredit,Pendidikan,17.43,208.0,999.0,333.0,1
CUST109857,39,Bekerja,30295,782,12.6,1568,0,0,0,Kartu Kredit,Pendidikan,14.48,245.0,792.0,264.0,1
CUST109858,18,Bekerja,15000,589,1.2,174,0,0,1,Pinjaman Pribadi,Pendidikan,15.79,0.42,1.867,622.0,0
CUST109859,38,Bekerja,16099,720,15.4,5561,0,0,0,Kredit Berjalan,Renovasi Rumah,8.71,339.0,485.0,162.0,1
CUST109860,37,Bekerja,62585,725,0.9,38,0,0,1,Pinjaman Pribadi,Konsolidasi Hutang,10.03,79.0,0.16,53.0,1
CUST109861,48,Bekerja,64376,628,26.8,4117,0,0,0,Kartu Kredit,Pendidikan,20.69,257.0,202.0,67.0,1
CUST109862,25,Bekerja,22206,615,1.0,2,0,1,0,Pinjaman Pribadi,Renovasi Rumah,13.43,59.0,1.491,497.0,0
CUST109863,33,Bekerja,27210,725,11.3,9630,0,0,0,Kartu Kredit,Konsolidasi Hutang,16.05,134.0,118.0,39.0,1
CUST109864,47,Bekerja,85638,823,26.9,406,0,0,0,Kredit Berjalan,Pribadi,6.35,403.0,0.3,0.1,1
CUST109865,24,Bekerja,17340,647,3.8,275,0,0,0,Pinjaman Pribadi,Konsolidasi Hutang,13.32,362.0,1.448,483.0,0
CUST109866,42,Bekerja,36492,651,13.0,5375,0,1,0,Kartu Kredit,Pribadi,18.87,472.0,0.2,67.0,1
CUST109867,41,Wiraswasta,16521,605,4.4,375,0,2,0,Kredit Berjalan,Pendidikan,12.74,91.0,805.0,268.0,1
CUST109868,29,Bekerja,51384,559,5.6,586,0,0,1,Pinjaman Pribadi,Medis,15.89,305.0,368.0,123.0,0
CUST109869,22,Bekerja,33151,627,0.3,6,0,2,0,Kredit Berjalan,Konsolidasi Hutang,12.82,59.0,296.0,99.0,0
CUST109870,18,Wiraswasta,58710,645,1.3,297,0,1,0,Kredit Berjalan,Renovasi Rumah,11.65,55.0,475.0,158.0,1
CUST109871,18,Bekerja,20791,620,1.3,52,0,2,0,Kartu Kredit,Bisnis,19.13,87.0,1.135,378.0,0
CUST109872,29,Wiraswasta,94544,627,7.1,19788,0,1,0,Kartu Kredit,Renovasi Rumah,19.52,167.0,485.0,162.0,1
CUST109873,41,Bekerja,85406,614,13.0,8768,0,1,0,Kartu Kredit,Pendidikan,20.39,61.0,0.82,273.0,1
CUST109874,26,Bekerja,29545,596,6.1,981,0,1,0,Kredit Berjalan,Pribadi,13.21,603.0,413.0,138.0,0
CUST109875,28,Bekerja,41477,733,2.4,4932,0,0,0,Kartu Kredit,Pribadi,16.39,186.0,407.0,136.0,1
CUST109876,40,Mahasiswa,17388,563,18.7,6708,0,0,1,Kredit Berjalan,Pribadi,14.28,348.0,638.0,213.0,0
CUST109877,31,Wiraswasta,33422,672,7.8,619,0,0,0,Kredit Berjalan,Renovasi Rumah,9.43,105.0,212.0,71.0,1
CUST109878,46,Bekerja,42828,603,15.5,4443,0,0,0,Pinjaman Pribadi,Pribadi,13.21,0.31,829.0,276.0,1
CUST109879,44,Bekerja,58038,582,15.7,2412,0,1,1,Pinjaman Pribadi,Pribadi,15.32,242.0,0.45,0.15,0
CUST109880,39,Bekerja,100005,673,1.9,227,0,0,0,Kartu Kredit,Konsolidasi Hutang,17.25,0.11,0.7,233.0,0
CUST109881,48,Wiraswasta,15000,668,6.3,83,0,0,0,Pinjaman Pribadi,Renovasi Rumah,12.29,254.0,1.307,436.0,1
CUST109882,19,Bekerja,48149,642,0.4,160,0,0,0,Pinjaman Pribadi,Pendidikan,13.7,48.0,158.0,53.0,1
CUST109883,28,Bekerja,32155,663,2.2,172,0,0,0,Kredit Berjalan,Renovasi Rumah,10.34,42.0,647.0,216.0,1
CUST109884,24,Wiraswasta,37243,648,2.2,217,0,1,0,Pinjaman Pribadi,Konsolidasi Hutang,13.74,304.0,1.079,0.36,0
CUST109885,18,Wiraswasta,126232,593,1.9,633,0,1,0,Pinjaman Pribadi,Konsolidasi Hutang,15.9,0.45,792.0,264.0,0
CUST109886,27,Bekerja,18500,663,3.7,49,0,0,0,Kartu Kredit,Pendidikan,17.53,224.0,854.0,285.0,1
CUST109887,31,Bekerja,47013,667,1.8,87,0,0,0,Pinjaman Pribadi,Medis,11.65,293.0,1.327,442.0,0
CUST109888,54,Bekerja,56495,638,20.5,43081,0,0,0,Kredit Berjalan,Pendidikan,12.53,168.0,0.48,0.16,1
CUST109889,26,Wiraswasta,177399,681,4.1,5713,0,0,0,Pinjaman Pribadi,Renovasi Rumah,12.43,0.11,21.0,7.0,1
CUST109890,24,Wiraswasta,142693,604,0.6,68,0,1,0,Pinjaman Pribadi,Pendidikan,13.41,445.0,701.0,234.0,0
CUST109891,42,Wiraswasta,130714,601,7.5,1215,0,1,0,Kartu Kredit,Pribadi,20.23,0.48,536.0,179.0,1
CUST109892,44,Bekerja,42679,692,9.2,991,0,0,0,Kredit Berjalan,Medis,10.92,264.0,281.0,94.0,1
CUST109893,58,Bekerja,107457,629,14.8,8533,0,1,0,Kartu Kredit,Bisnis,20.0,104.0,127.0,42.0,1
CUST109894,45,Bekerja,47804,703,25.7,641,0,1,0,Kredit Berjalan,Pendidikan,8.94,399.0,659.0,0.22,1
CUST109895,33,Bekerja,21114,653,6.7,905,0,0,0,Kartu Kredit,Pendidikan,18.32,349.0,639.0,213.0,1
CUST109896,21,Bekerja,50008,755,1.3,1258,0,0,0,Kartu Kredit,Renovasi Rumah,15.26,225.0,1.102,367.0,1
CUST109897,38,Bekerja,37016,641,2.3,7866,0,0,0,Kredit Berjalan,Pendidikan,12.28,114.0,478.0,159.0,1
CUST109898,49,Bekerja,84784,676,28.9,15255,0,0,0,Pinjaman Pribadi,Pendidikan,12.32,181.0,1.179,393.0,1
CUST109899,18,Bekerja,18467,437,1.1,47,0,1,1,Kartu Kredit,Medis,22.41,672.0,87.0,29.0,0
CUST109900,38,Bekerja,48764,587,2.5,1189,1,3,0,Kartu Kredit,Renovasi Rumah,22.48,175.0,986.0,329.0,0
CUST109901,44,Bekerja,29247,692,23.1,26782,0,1,0,Kredit Berjalan,Pribadi,9.21,192.0,773.0,258.0,1
CUST109902,25,Bekerja,27702,543,0.9,42,1,1,0,Pinjaman Pribadi,Bisnis,16.51,133.0,1.332,444.0,0
CUST109903,29,Wiraswasta,18335,662,3.1,32,0,0,0,Kartu Kredit,Bisnis,18.05,0.17,791.0,264.0,1
CUST109904,23,Wiraswasta,62055,588,1.3,30,0,1,0,Kredit Berjalan,Pribadi,13.69,65.0,409.0,136.0,0
CUST109905,39,Bekerja,61764,775,10.4,16636,0,0,0,Kredit Berjalan,Renovasi Rumah,7.35,196.0,474.0,158.0,1
CUST109906,37,Mahasiswa,60342,603,13.5,1202,0,1,0,Pinjaman Pribadi,Medis,13.76,395.0,376.0,125.0,1
CUST109907,18,Bekerja,29218,552,0.4,90,0,1,0,Kredit Berjalan,Konsolidasi Hutang,13.29,206.0,667.0,222.0,0
CUST109908,37,Mahasiswa,39402,641,8.5,25080,0,0,0,Pinjaman Pribadi,Bisnis,13.95,199.0,1.353,451.0,0
CUST109909,56,Bekerja,47656,669,26.0,3233,0,0,0,Kredit Berjalan,Medis,10.0,502.0,569.0,0.19,0
CUST109910,20,Wiraswasta,33203,486,1.0,98,0,0,0,Kartu Kredit,Bisnis,21.85,0.05,1.313,438.0,0
CUST109911,51,Bekerja,68959,684,9.6,7593,0,2,0,Kartu Kredit,Renovasi Rumah,17.36,412.0,537.0,179.0,1
CUST109912,29,Bekerja,35884,730,6.0,70,0,0,0,Kartu Kredit,Bisnis,15.72,157.0,1.276,425.0,1
CUST109913,19,Wiraswasta,82209,576,0.1,44,0,1,1,Kredit Berjalan,Pribadi,14.65,117.0,471.0,157.0,0
CUST109914,27,Bekerja,42941,646,6.4,537,0,0,0,Kredit Berjalan,Medis,11.05,192.0,417.0,139.0,1
CUST109915,30,Bekerja,30580,597,4.7,1432,1,2,1,Kartu Kredit,Renovasi Rumah,21.1,71.0,167.0,56.0,0
CUST109916,33,Wiraswasta,115136,644,13.3,34002,0,0,0,Pinjaman Pribadi,Renovasi Rumah,13.74,526.0,869.0,0.29,0
CUST109917,54,Bekerja,29718,664,24.4,3590,0,0,0,Pinjaman Pribadi,Renovasi Rumah,11.29,553.0,787.0,262.0,0
CUST109918,21,Bekerja,25472,627,2.8,822,0,0,0,Kartu Kredit,Pendidikan,19.13,96.0,145.0,48.0,1
CUST109919,31,Bekerja,44858,630,5.8,1406,0,0,0,Kartu Kredit,Konsolidasi Hutang,19.12,129.0,1.4,467.0,0
CUST109920,53,Bekerja,41645,664,1.2,419,0,0,0,Kredit Berjalan,Medis,9.73,275.0,0.9,0.3,1
CUST109921,18,Bekerja,21210,697,1.1,124,0,0,0,Pinjaman Pribadi,Pribadi,12.0,461.0,1.24,413.0,0
CUST109922,27,Wiraswasta,58162,649,8.9,205,0,4,0,Pinjaman Pribadi,Pribadi,14.33,47.0,172.0,57.0,0
CUST109923,53,Bekerja,18906,685,9.2,259,0,0,0,Kredit Berjalan,Medis,9.13,278.0,465.0,155.0,1
CUST109924,45,Bekerja,31820,684,7.6,1857,0,0,0,Kartu Kredit,Pribadi,18.54,156.0,952.0,317.0,1
CUST109925,49,Bekerja,76091,707,1.1,156,0,0,0,Pinjaman Pribadi,Pribadi,10.74,296.0,1.314,438.0,1
CUST109926,34,Bekerja,32104,710,15.4,2616,0,0,0,Pinjaman Pribadi,Pribadi,11.29,201.0,1.607,536.0,1
CUST109927,44,Bekerja,36903,623,7.1,193,0,2,0,Pinjaman Pribadi,Renovasi Rumah,13.85,12.0,0.23,77.0,0
CUST109928,31,Bekerja,36556,733,8.9,809,0,0,0,Kartu Kredit,Konsolidasi Hutang,16.42,582.0,922.0,307.0,0
CUST109929,25,Bekerja,22864,625,0.3,4,0,1,0,Kartu Kredit,Renovasi Rumah,20.7,395.0,547.0,182.0,0
CUST109930,32,Bekerja,74644,635,13.1,1654,0,2,0,Kredit Berjalan,Pendidikan,11.87,73.0,351.0,117.0,1
CUST109931,36,Bekerja,30202,582,13.8,1603,0,0,0,Kredit Berjalan,Konsolidasi Hutang,14.19,314.0,199.0,66.0,0
CUST109932,18,Bekerja,19635,541,1.9,200,0,0,0,Pinjaman Pribadi,Medis,16.46,77.0,163.0,54.0,0
CUST109933,29,Bekerja,15273,542,2.3,80,0,1,1,Kartu Kredit,Bisnis,21.05,0.09,615.0,205.0,0
CUST109934,34,Bekerja,23940,598,5.3,1344,0,0,0,Pinjaman Pribadi,Renovasi Rumah,16.12,308.0,434.0,145.0,0
CUST109935,55,Bekerja,42410,786,15.4,3395,0,2,0,Pinjaman Pribadi,Bisnis,8.29,387.0,403.0,134.0,1
CUST109936,27,Mahasiswa,15000,621,8.5,151,0,0,0,Pinjaman Pribadi,Pribadi,14.19,333.0,1.027,342.0,1
CUST109937,27,Bekerja,59560,708,7.2,688,0,0,0,Pinjaman Pribadi,Pendidikan,11.43,268.0,379.0,126.0,1
CUST109938,22,Bekerja,24310,461,2.5,287,0,2,1,Pinjaman Pribadi,Medis,16.61,392.0,1.444,481.0,0
CUST109939,49,Bekerja,26515,712,22.4,1480,0,0,0,Kartu Kredit,Medis,15.96,0.27,664.0,221.0,1
CUST109940,21,Wiraswasta,22186,578,2.2,83,1,2,0,Kredit Berjalan,Pribadi,14.17,377.0,775.0,258.0,0
CUST109941,34,Wiraswasta,45556,680,2.9,164,0,0,0,Pinjaman Pribadi,Konsolidasi Hutang,12.98,417.0,994.0,331.0,0
CUST109942,22,Bekerja,19529,677,3.1,89,0,2,0,Kartu Kredit,Renovasi Rumah,18.79,479.0,1.285,428.0,0
CUST109943,42,Bekerja,78464,622,0.6,208,0,1,0,Pinjaman Pribadi,Pendidikan,14.84,178.0,1.274,425.0,1
CUST109944,20,Wiraswasta,17341,638,1.6,58,0,0,0,Pinjaman Pribadi,Renovasi Rumah,14.66,231.0,1.136,379.0,0
CUST109945,39,Bekerja,58701,665,4.9,21152,0,0,0,Pinjaman Pribadi,Konsolidasi Hutang,12.06,224.0,1.704,568.0,0
CUST109946,29,Bekerja,68154,534,0.1,21,0,1,0,Kartu Kredit,Renovasi Rumah,21.6,384.0,145.0,48.0,0
CUST109947,34,Bekerja,85906,701,11.5,1548,0,0,1,Kredit Berjalan,Pribadi,8.0,95.0,402.0,134.0,1
CUST109948,18,Bekerja,19764,555,0.4,1,0,3,0,Pinjaman Pribadi,Pribadi,16.54,102.0,61.0,0.02,0
CUST109949,40,Bekerja,33705,728,16.6,3858,0,1,0,Kartu Kredit,Pribadi,15.59,439.0,113.0,38.0,1
CUST109950,50,Bekerja,62014,749,21.8,867,0,0,0,Kartu Kredit,Pribadi,16.53,506.0,279.0,93.0,1
CUST109951,51,Wiraswasta,151473,603,12.0,31118,0,1,0,Kartu Kredit,Medis,20.43,214.0,162.0,54.0,1
CUST109952,18,Wiraswasta,118894,615,1.6,342,0,0,0,Pinjaman Pribadi,Medis,14.78,154.0,711.0,237.0,0
CUST109953,26,Bekerja,50225,732,7.0,1292,0,0,0,Pinjaman Pribadi,Bisnis,10.5,161.0,749.0,0.25,1
CUST109954,46,Wiraswasta,50532,712,16.5,794,0,0,0,Pinjaman Pribadi,Konsolidasi Hutang,11.07,226.0,1.32,0.44,1
CUST109955,42,Mahasiswa,20434,684,5.3,409,0,1,0,Kartu Kredit,Pendidikan,17.87,47.0,98.0,33.0,1
CUST109956,18,Bekerja,31478,636,0.9,1753,0,1,1,Pinjaman Pribadi,Medis,13.78,629.0,642.0,214.0,0
CUST109957,46,Bekerja,64489,757,17.8,2630,0,0,0,Kartu Kredit,Pendidikan,15.99,355.0,1.085,362.0,1
CUST109958,46,Bekerja,58151,567,0.7,187,0,0,1,Pinjaman Pribadi,Pribadi,16.52,194.0,1.72,573.0,0
CUST109959,33,Wiraswasta,27244,654,14.4,226,0,0,0,Pinjaman Pribadi,Pribadi,11.6,361.0,55.0,18.0,1
CUST109960,50,Mahasiswa,35013,690,26.0,178,0,0,0,Kartu Kredit,Medis,17.96,434.0,0.1,33.0,1
CUST109961,38,Bekerja,44157,663,19.2,322,0,0,0,Pinjaman Pribadi,Pendidikan,12.37,315.0,741.0,247.0,1
CUST109962,42,Wiraswasta,104735,620,17.2,3587,0,1,0,Pinjaman Pribadi,Pribadi,13.83,212.0,955.0,318.0,1
CUST109963,29,Bekerja,43568,680,10.7,1193,0,1,0,Kartu Kredit,Bisnis,18.79,293.0,617.0,206.0,1
CUST109964,50,Bekerja,56639,638,8.1,2891,1,2,0,Kartu Kredit,Pribadi,20.53,318.0,62.0,21.0,0
CUST109965,50,Bekerja,46387,698,14.7,97,0,1,0,Pinjaman Pribadi,Pribadi,11.28,402.0,1.334,445.0,1
CUST109966,31,Mahasiswa,15000,636,9.6,372,0,0,0,Kredit Berjalan,Konsolidasi Hutang,12.37,99.0,447.0,149.0,0
CUST109967,38,Wiraswasta,66269,621,16.3,2862,0,2,0,Kartu Kredit,Bisnis,20.31,194.0,566.0,189.0,0
CUST109968,35,Mahasiswa,17355,636,7.8,583,0,0,0,Pinjaman Pribadi,Renovasi Rumah,14.85,44.0,58.0,19.0,1
CUST109969,32,Bekerja,74709,699,9.9,10357,0,0,0,Kredit Berjalan,Pribadi,10.58,133.0,593.0,198.0,0
CUST109970,18,Bekerja,24081,473,1.0,621,0,2,0,Kartu Kredit,Bisnis,21.03,405.0,702.0,234.0,0
CUST109971,26,Wiraswasta,72382,634,1.6,1549,0,1,0,Pinjaman Pribadi,Medis,14.25,197.0,1.245,415.0,0
CUST109972,46,Bekerja,50396,696,6.4,554,0,1,0,Pinjaman Pribadi,Bisnis,12.53,327.0,141.0,47.0,1
CUST109973,18,Wiraswasta,47265,527,2.0,627,1,0,0,Kredit Berjalan,Pribadi,13.12,524.0,766.0,255.0,0
CUST109974,40,Bekerja,28086,575,5.8,2372,0,1,1,Kartu Kredit,Renovasi Rumah,22.23,381.0,32.0,11.0,0
CUST109975,32,Bekerja,130975,638,7.5,491,0,0,0,Kartu Kredit,Bisnis,20.29,189.0,324.0,108.0,1
CUST109976,39,Wiraswasta,45964,704,5.8,106,0,0,0,Pinjaman Pribadi,Pendidikan,11.45,124.0,1.312,437.0,1
CUST109977,23,Wiraswasta,125822,617,0.9,61,0,1,0,Pinjaman Pribadi,Bisnis,13.41,215.0,756.0,252.0,0
CUST109978,19,Bekerja,33855,626,1.5,124,0,0,0,Kartu Kredit,Pendidikan,20.67,378.0,733.0,244.0,1
CUST109979,34,Bekerja,58191,560,2.4,1187,0,0,0,Pinjaman Pribadi,Bisnis,15.57,459.0,1.074,358.0,0
CUST109980,28,Bekerja,16382,593,9.5,80,0,1,2,Kartu Kredit,Bisnis,22.58,0.14,952.0,317.0,0
CUST109981,30,Bekerja,31257,595,5.9,198,0,1,0,Kartu Kredit,Bisnis,22.56,143.0,243.0,81.0,0
CUST109982,28,Bekerja,41484,657,8.8,343,0,1,0,Kredit Berjalan,Renovasi Rumah,9.81,26.0,448.0,149.0,1
CUST109983,67,Mahasiswa,21542,616,23.4,7051,0,2,0,Pinjaman Pribadi,Pribadi,14.71,0.13,548.0,183.0,0
CUST109984,42,Bekerja,34795,584,6.4,365,0,1,1,Kartu Kredit,Konsolidasi Hutang,21.5,305.0,1.256,419.0,0
CUST109985,37,Bekerja,15351,636,14.4,2375,0,0,0,Kredit Berjalan,Medis,11.78,148.0,378.0,126.0,1
CUST109986,23,Bekerja,44186,592,0.7,96,0,0,0,Pinjaman Pribadi,Pendidikan,16.06,241.0,1.166,389.0,0
CUST109987,34,Bekerja,42391,527,2.4,500,1,0,0,Kredit Berjalan,Bisnis,14.37,596.0,507.0,169.0,0
CUST109988,31,Bekerja,92822,672,10.5,988,0,1,0,Pinjaman Pribadi,Pribadi,12.38,619.0,595.0,198.0,0
CUST109989,52,Wiraswasta,45738,685,1.5,48,0,0,0,Kredit Berjalan,Pendidikan,9.74,585.0,488.0,163.0,0
CUST109990,32,Bekerja,29963,564,7.4,2023,0,0,0,Kartu Kredit,Bisnis,22.37,295.0,1.005,335.0,0
CUST109991,35,Bekerja,18794,642,16.6,606,0,1,0,Pinjaman Pribadi,Pribadi,13.76,422.0,1.399,466.0,0
CUST109992,49,Bekerja,57272,519,7.8,372,0,0,0,Pinjaman Pribadi,Bisnis,15.38,32.0,403.0,134.0,1
CUST109993,18,Bekerja,44407,654,1.7,502,0,0,0,Kredit Berjalan,Pribadi,9.37,233.0,529.0,176.0,1
CUST109994,21,Mahasiswa,33895,547,1.3,2069,0,2,0,Kartu Kredit,Pribadi,22.31,131.0,0.1,33.0,1
CUST109995,62,Bekerja,47156,603,8.7,2404,0,2,0,Kartu Kredit,Pribadi,19.43,79.0,129.0,43.0,1
CUST109996,26,Bekerja,49156,623,6.8,387,0,2,0,Kartu Kredit,Pribadi,19.34,278.0,1.233,411.0,1
CUST109997,65,Bekerja,67743,777,19.5,29299,0,0,0,Kartu Kredit,Medis,14.79,105.0,117.0,39.0,1
CUST109998,39,Bekerja,20193,677,1.1,366,0,1,0,Pinjaman Pribadi,Pendidikan,11.88,9.0,1.709,0.57,1
CUST109999,40,Wiraswasta,77397,723,7.0,5194,0,0,0,Kartu Kredit,Bisnis,17.2,145.0,904.0,301.0,1
